solid auto-kdk-case
facet normal 0 1 0
outer loop
vertex -60.26227951049805 23.468971252441406 0
vertex -64.8122787475586 23.468971252441406 3.549999952316284
vertex -60.26227951049805 23.468971252441406 5
endloop
endfacet
facet normal 0 1 0
outer loop
vertex -3.262279987335205 -21.656028747558594 5
vertex -7.812280178070068 -21.656028747558594 3.549999952316284
vertex -12.81227970123291 -21.656028747558594 3.549999952316284
endloop
endfacet
facet normal -0.5000000091633081 0.8660253984909029 -0.000002316151231200592
outer loop
vertex 73.38043975830078 46.46349334716797 5
vertex 65.10990142822266 41.68849182128906 3.549999952316284
vertex 61.16948318481445 39.41349411010742 5
endloop
endfacet
facet normal 1 0 0
outer loop
vertex -74.3622817993164 23.468971252441406 0
vertex -74.3622817993164 37.568973541259766 0
vertex -74.3622817993164 23.468971252441406 5
endloop
endfacet
facet normal 0.5000001263144989 -0.8660253308567095 -1.0980240384495261e-7
outer loop
vertex 54.119483947753906 51.62445068359375 5
vertex 62.3900260925293 56.399452209472656 3.549999952316284
vertex 66.33043670654297 58.6744499206543 5
endloop
endfacet
facet normal 0 -1 0
outer loop
vertex -17.362279891967773 -26.556028366088867 5
vertex -12.81227970123291 -26.556028366088867 3.549999952316284
vertex -7.812280178070068 -26.556028366088867 3.549999952316284
endloop
endfacet
facet normal 0.30901699284783135 -0.951056516791143 6.176104528458116e-7
outer loop
vertex 48.32633972167969 48.427490234375 5
vertex 34.91644287109375 44.070350646972656 5
vertex 43.99903106689453 47.021461486816406 3.549999952316284
endloop
endfacet
facet normal 0 -1 0
outer loop
vertex -36.362281799316406 -5.181027889251709 5
vertex -26.812280654907227 -5.181027889251709 3.549999952316284
vertex -22.262279510498047 -5.181027889251709 5
endloop
endfacet
facet normal -0.30901665216531427 0.9510566274841408 -0.000001741662789541448
outer loop
vertex 52.68347930908203 35.01759338378906 5
vertex 48.356170654296875 33.61156463623047 3.549999952316284
vertex 43.60089111328125 32.06648254394531 3.549999952316284
endloop
endfacet
facet normal 0 1 0
outer loop
vertex -22.262279510498047 -19.281028747558594 5
vertex -31.812280654907227 -19.281028747558594 3.549999952316284
vertex -36.362281799316406 -19.281028747558594 5
endloop
endfacet
facet normal 0.5000000960105276 -0.8660253483527276 0
outer loop
vertex 62.3900260925293 56.399452209472656 3.549999952316284
vertex 66.33043670654297 58.6744499206543 0
vertex 66.33043670654297 58.6744499206543 5
endloop
endfacet
facet normal 0 -1 0
outer loop
vertex -55.362281799316406 18.568971633911133 5
vertex -55.362281799316406 18.568971633911133 0
vertex -50.812278747558594 18.568971633911133 3.549999952316284
endloop
endfacet
facet normal -0.5000003617709581 0.8660251949157778 0
outer loop
vertex 73.38043975830078 46.46349334716797 0
vertex 69.44002532958984 44.18849182128906 3.549999952316284
vertex 73.38043975830078 46.46349334716797 5
endloop
endfacet
facet normal 0 1 0
outer loop
vertex -50.812278747558594 23.468971252441406 3.549999952316284
vertex -55.362281799316406 23.468971252441406 0
vertex -55.362281799316406 23.468971252441406 5
endloop
endfacet
facet normal 0.5000003617709581 -0.8660251949157778 0
outer loop
vertex 54.119483947753906 51.62445068359375 5
vertex 54.119483947753906 51.62445068359375 0
vertex 58.059898376464844 53.899452209472656 3.549999952316284
endloop
endfacet
facet normal 0 -1 0
outer loop
vertex -45.812278747558594 18.568971633911133 3.549999952316284
vertex -41.26227951049805 18.568971633911133 0
vertex -41.26227951049805 18.568971633911133 5
endloop
endfacet
facet normal -0.9510565167913244 -0.3090169928478903 0
outer loop
vertex 48.32633972167969 48.427490234375 5
vertex 52.68347930908203 35.01759338378906 0
vertex 52.68347930908203 35.01759338378906 5
endloop
endfacet
facet normal 0 1 0
outer loop
vertex -41.26227951049805 23.468971252441406 0
vertex -45.812278747558594 23.468971252441406 3.549999952316284
vertex -41.26227951049805 23.468971252441406 5
endloop
endfacet
facet normal 1 0 0
outer loop
vertex -55.362281799316406 4.468972206115723 0
vertex -55.362281799316406 18.568971633911133 0
vertex -55.362281799316406 4.468972206115723 5
endloop
endfacet
facet normal 0 1 0
outer loop
vertex -22.262279510498047 -19.281028747558594 5
vertex -26.812280654907227 -19.281028747558594 3.549999952316284
vertex -31.812280654907227 -19.281028747558594 3.549999952316284
endloop
endfacet
facet normal -1 0 0
outer loop
vertex -41.26227951049805 37.568973541259766 0
vertex -41.26227951049805 23.468971252441406 0
vertex -41.26227951049805 37.568973541259766 5
endloop
endfacet
facet normal 1 0 0
outer loop
vertex -55.362281799316406 23.468971252441406 5
vertex -55.362281799316406 37.568973541259766 0
vertex -55.362281799316406 37.568973541259766 5
endloop
endfacet
facet normal 0 1 0
outer loop
vertex -22.262279510498047 -19.281028747558594 0
vertex -26.812280654907227 -19.281028747558594 0
vertex -26.812280654907227 -19.281028747558594 3.549999952316284
endloop
endfacet
facet normal 0 -1 0
outer loop
vertex -64.8122787475586 -0.4310277998447418 3.549999952316284
vertex -60.26227951049805 -0.4310277998447418 0
vertex -60.26227951049805 -0.4310277998447418 5
endloop
endfacet
facet normal -1 0 0
outer loop
vertex 53.73772048950195 23.318971633911133 0
vertex 53.73772048950195 9.218972206115723 0
vertex 53.73772048950195 23.318971633911133 5
endloop
endfacet
facet normal 0 -1 0
outer loop
vertex 30.187719345092773 -2.806027889251709 3.549999952316284
vertex 34.73772048950195 -2.806027889251709 0
vertex 34.73772048950195 -2.806027889251709 5
endloop
endfacet
facet normal 0 1 0
outer loop
vertex -31.812280654907227 18.718971252441406 0
vertex -36.362281799316406 18.718971252441406 0
vertex -31.812280654907227 18.718971252441406 3.549999952316284
endloop
endfacet
facet normal 1 0 0
outer loop
vertex -36.362281799316406 13.81897258758545 0
vertex -36.362281799316406 -0.28102779388427734 5
vertex -36.362281799316406 -0.28102779388427734 0
endloop
endfacet
facet normal 0 1 0
outer loop
vertex -41.26227951049805 -14.531027793884277 0
vertex -45.812278747558594 -14.531027793884277 0
vertex -45.812278747558594 -14.531027793884277 3.549999952316284
endloop
endfacet
facet normal 0 -1 0
outer loop
vertex -55.362281799316406 -19.431028366088867 5
vertex -55.362281799316406 -19.431028366088867 0
vertex -50.812278747558594 -19.431028366088867 3.549999952316284
endloop
endfacet
facet normal 0 -1 0
outer loop
vertex -17.362279891967773 -7.556027889251709 0
vertex -12.81227970123291 -7.556027889251709 3.549999952316284
vertex -17.362279891967773 -7.556027889251709 5
endloop
endfacet
facet normal 0 1 0
outer loop
vertex 44.187721252441406 -47.781028747558594 0
vertex 39.637718200683594 -47.781028747558594 0
vertex 44.187721252441406 -47.781028747558594 3.549999952316284
endloop
endfacet
facet normal -1 0 0
outer loop
vertex -3.262279987335205 -45.556026458740234 0
vertex -3.262279987335205 -59.656028747558594 0
vertex -3.262279987335205 -45.556026458740234 5
endloop
endfacet
facet normal 0 -1 0
outer loop
vertex 20.637720108032227 -21.806028366088867 5
vertex 30.187719345092773 -21.806028366088867 3.549999952316284
vertex 34.73772048950195 -21.806028366088867 5
endloop
endfacet
facet normal -1 0 0
outer loop
vertex 53.73772048950195 4.318972110748291 0
vertex 53.73772048950195 -9.781027793884277 0
vertex 53.73772048950195 4.318972110748291 5
endloop
endfacet
facet normal -0.30901718003562595 0.9510564559703222 0
outer loop
vertex 43.60089111328125 32.06648254394531 0
vertex 39.273582458496094 30.66045379638672 0
vertex 43.60089111328125 32.06648254394531 3.549999952316284
endloop
endfacet
facet normal 0.30901718003562595 -0.9510564559703222 0
outer loop
vertex 39.243751525878906 45.47637939453125 0
vertex 39.243751525878906 45.47637939453125 3.549999952316284
vertex 34.91644287109375 44.070350646972656 0
endloop
endfacet
facet normal 0 -1 0
outer loop
vertex -74.3622817993164 -19.431028366088867 5
vertex -64.8122787475586 -19.431028366088867 3.549999952316284
vertex -60.26227951049805 -19.431028366088867 5
endloop
endfacet
facet normal 0 1 0
outer loop
vertex 34.73772048950195 -16.906028747558594 5
vertex 25.187719345092773 -16.906028747558594 3.549999952316284
vertex 20.637720108032227 -16.906028747558594 5
endloop
endfacet
facet normal 1 0 0
outer loop
vertex -74.3622817993164 -52.531028747558594 5
vertex -74.3622817993164 -38.431026458740234 0
vertex -74.3622817993164 -38.431026458740234 5
endloop
endfacet
facet normal 1 0 0
outer loop
vertex 1.6377201080322266 -38.281028747558594 5
vertex 1.6377201080322266 -24.181028366088867 0
vertex 1.6377201080322266 -24.181028366088867 5
endloop
endfacet
facet normal 1 0 0
outer loop
vertex -36.362281799316406 -24.181028366088867 0
vertex -36.362281799316406 -38.281028747558594 5
vertex -36.362281799316406 -38.281028747558594 0
endloop
endfacet
facet normal 1 0 0
outer loop
vertex 20.637720108032227 -16.906028747558594 0
vertex 20.637720108032227 -2.806027889251709 0
vertex 20.637720108032227 -16.906028747558594 5
endloop
endfacet
facet normal 0 -1 0
outer loop
vertex -36.362281799316406 -5.181027889251709 5
vertex -31.812280654907227 -5.181027889251709 3.549999952316284
vertex -26.812280654907227 -5.181027889251709 3.549999952316284
endloop
endfacet
facet normal -0.5000003617709581 0.8660251949157779 0
outer loop
vertex 73.38043975830078 46.46349334716797 0
vertex 69.44002532958984 44.18849182128906 0
vertex 69.44002532958984 44.18849182128906 3.549999952316284
endloop
endfacet
facet normal 0 -1 0
outer loop
vertex 15.737720489501953 -43.181026458740234 0
vertex 11.18772029876709 -43.181026458740234 3.549999952316284
vertex 11.18772029876709 -43.181026458740234 0
endloop
endfacet
facet normal 0 -1 0
outer loop
vertex -31.812280654907227 -43.181026458740234 0
vertex -31.812280654907227 -43.181026458740234 3.549999952316284
vertex -36.362281799316406 -43.181026458740234 0
endloop
endfacet
facet normal 0.30901718003562595 -0.9510564559703222 0
outer loop
vertex 48.32633972167969 48.427490234375 0
vertex 43.99903106689453 47.021461486816406 3.549999952316284
vertex 43.99903106689453 47.021461486816406 0
endloop
endfacet
facet normal 1 0 0
outer loop
vertex 20.637720108032227 -35.906028747558594 0
vertex 20.637720108032227 -21.806028366088867 0
vertex 20.637720108032227 -35.906028747558594 5
endloop
endfacet
facet normal 0 1 0
outer loop
vertex -60.26227951049805 -52.531028747558594 0
vertex -64.8122787475586 -52.531028747558594 3.549999952316284
vertex -60.26227951049805 -52.531028747558594 5
endloop
endfacet
facet normal 0 -1 0
outer loop
vertex 11.18772029876709 -5.181027889251709 0
vertex 15.737720489501953 -5.181027889251709 0
vertex 11.18772029876709 -5.181027889251709 3.549999952316284
endloop
endfacet
facet normal -0.30901718003562595 0.9510564559703222 0
outer loop
vertex 52.68347930908203 35.01759338378906 0
vertex 48.356170654296875 33.61156463623047 3.549999952316284
vertex 52.68347930908203 35.01759338378906 5
endloop
endfacet
facet normal 0 1 0
outer loop
vertex -3.262279987335205 -40.656028747558594 5
vertex -7.812280178070068 -40.656028747558594 3.549999952316284
vertex -12.81227970123291 -40.656028747558594 3.549999952316284
endloop
endfacet
facet normal 0.30901665216531427 -0.9510566274841408 -0.000001741662789541448
outer loop
vertex 34.91644287109375 44.070350646972656 5
vertex 39.243751525878906 45.47637939453125 3.549999952316284
vertex 43.99903106689453 47.021461486816406 3.549999952316284
endloop
endfacet
facet normal 0 1 0
outer loop
vertex -31.812280654907227 -0.28102779388427734 0
vertex -36.362281799316406 -0.28102779388427734 0
vertex -31.812280654907227 -0.28102779388427734 3.549999952316284
endloop
endfacet
facet normal 0 1 0
outer loop
vertex 34.73772048950195 2.0939722061157227 0
vertex 30.187719345092773 2.0939722061157227 3.549999952316284
vertex 34.73772048950195 2.0939722061157227 5
endloop
endfacet
facet normal 0 1 0
outer loop
vertex -3.262279987335205 -40.656028747558594 0
vertex -7.812280178070068 -40.656028747558594 3.549999952316284
vertex -3.262279987335205 -40.656028747558594 5
endloop
endfacet
facet normal 0 1 0
outer loop
vertex 25.187719345092773 -35.906028747558594 3.549999952316284
vertex 20.637720108032227 -35.906028747558594 0
vertex 20.637720108032227 -35.906028747558594 5
endloop
endfacet
facet normal -1 0 0
outer loop
vertex 34.73772048950195 16.193971633911133 0
vertex 34.73772048950195 2.0939722061157227 0
vertex 34.73772048950195 16.193971633911133 5
endloop
endfacet
facet normal 0 -1 0
outer loop
vertex -3.262279987335205 -7.556027889251709 0
vertex -7.812280178070068 -7.556027889251709 3.549999952316284
vertex -7.812280178070068 -7.556027889251709 0
endloop
endfacet
facet normal 0 -1 0
outer loop
vertex -45.812278747558594 -19.431028366088867 3.549999952316284
vertex -41.26227951049805 -19.431028366088867 0
vertex -41.26227951049805 -19.431028366088867 5
endloop
endfacet
facet normal 0 -1 0
outer loop
vertex -55.362281799316406 -0.4310277998447418 0
vertex -50.812278747558594 -0.4310277998447418 0
vertex -50.812278747558594 -0.4310277998447418 3.549999952316284
endloop
endfacet
facet normal 0 1 0
outer loop
vertex -31.812280654907227 -19.281028747558594 0
vertex -36.362281799316406 -19.281028747558594 0
vertex -31.812280654907227 -19.281028747558594 3.549999952316284
endloop
endfacet
facet normal 1 0 0
outer loop
vertex -55.362281799316406 -14.531027793884277 5
vertex -55.362281799316406 -0.4310277998447418 0
vertex -55.362281799316406 -0.4310277998447418 5
endloop
endfacet
facet normal 0 1 0
outer loop
vertex 34.73772048950195 -54.906028747558594 5
vertex 25.187719345092773 -54.906028747558594 3.549999952316284
vertex 20.637720108032227 -54.906028747558594 5
endloop
endfacet
facet normal 0 1 0
outer loop
vertex 44.187721252441406 -47.781028747558594 3.549999952316284
vertex 39.637718200683594 -47.781028747558594 0
vertex 39.637718200683594 -47.781028747558594 5
endloop
endfacet
facet normal 0 -1 0
outer loop
vertex 20.637720108032227 16.193971633911133 5
vertex 25.187719345092773 16.193971633911133 3.549999952316284
vertex 30.187719345092773 16.193971633911133 3.549999952316284
endloop
endfacet
facet normal 0 1 0
outer loop
vertex 34.73772048950195 -16.906028747558594 0
vertex 30.187719345092773 -16.906028747558594 3.549999952316284
vertex 34.73772048950195 -16.906028747558594 5
endloop
endfacet
facet normal 0 -1 0
outer loop
vertex 1.6377201080322266 -43.181026458740234 5
vertex 11.18772029876709 -43.181026458740234 3.549999952316284
vertex 15.737720489501953 -43.181026458740234 5
endloop
endfacet
facet normal 1 0 0
outer loop
vertex 1.6377201080322266 -24.181028366088867 0
vertex 1.6377201080322266 -38.281028747558594 5
vertex 1.6377201080322266 -38.281028747558594 0
endloop
endfacet
facet normal -0.30901699284783135 0.951056516791143 6.176104528458116e-7
outer loop
vertex 43.60089111328125 32.06648254394531 3.549999952316284
vertex 39.273582458496094 30.66045379638672 5
vertex 52.68347930908203 35.01759338378906 5
endloop
endfacet
facet normal -0.9510565167913244 -0.3090169928478903 0
outer loop
vertex 48.32633972167969 48.427490234375 0
vertex 52.68347930908203 35.01759338378906 0
vertex 48.32633972167969 48.427490234375 5
endloop
endfacet
facet normal 0 -1 0
outer loop
vertex -17.362279891967773 -7.556027889251709 5
vertex -7.812280178070068 -7.556027889251709 3.549999952316284
vertex -3.262279987335205 -7.556027889251709 5
endloop
endfacet
facet normal -1 0 0
outer loop
vertex -22.262279510498047 -43.181026458740234 5
vertex -22.262279510498047 -57.281028747558594 0
vertex -22.262279510498047 -57.281028747558594 5
endloop
endfacet
facet normal 0 1 0
outer loop
vertex -12.81227970123291 -59.656028747558594 0
vertex -17.362279891967773 -59.656028747558594 0
vertex -12.81227970123291 -59.656028747558594 3.549999952316284
endloop
endfacet
facet normal 0 -1 0
outer loop
vertex 20.637720108032227 -40.806026458740234 5
vertex 25.187719345092773 -40.806026458740234 3.549999952316284
vertex 30.187719345092773 -40.806026458740234 3.549999952316284
endloop
endfacet
facet normal 0 1 0
outer loop
vertex -22.262279510498047 -19.281028747558594 0
vertex -26.812280654907227 -19.281028747558594 3.549999952316284
vertex -22.262279510498047 -19.281028747558594 5
endloop
endfacet
facet normal 0 1 0
outer loop
vertex 44.187721252441406 -9.781027793884277 0
vertex 39.637718200683594 -9.781027793884277 0
vertex 44.187721252441406 -9.781027793884277 3.549999952316284
endloop
endfacet
facet normal 0 1 0
outer loop
vertex 34.73772048950195 -54.906028747558594 0
vertex 30.187719345092773 -54.906028747558594 3.549999952316284
vertex 34.73772048950195 -54.906028747558594 5
endloop
endfacet
facet normal 0 1 0
outer loop
vertex 15.737720489501953 -19.281028747558594 0
vertex 11.18772029876709 -19.281028747558594 3.549999952316284
vertex 15.737720489501953 -19.281028747558594 5
endloop
endfacet
facet normal 0 -1 0
outer loop
vertex 1.6377201080322266 -5.181027889251709 0
vertex 6.187719821929932 -5.181027889251709 3.549999952316284
vertex 1.6377201080322266 -5.181027889251709 5
endloop
endfacet
facet normal 0 -1 0
outer loop
vertex 1.6377201080322266 13.81897258758545 5
vertex 6.187719821929932 13.81897258758545 3.549999952316284
vertex 11.18772029876709 13.81897258758545 3.549999952316284
endloop
endfacet
facet normal 1 0 0
outer loop
vertex 39.637718200683594 9.218972206115723 5
vertex 39.637718200683594 23.318971633911133 0
vertex 39.637718200683594 23.318971633911133 5
endloop
endfacet
facet normal 0 1 0
outer loop
vertex -50.812278747558594 4.468972206115723 0
vertex -55.362281799316406 4.468972206115723 0
vertex -50.812278747558594 4.468972206115723 3.549999952316284
endloop
endfacet
facet normal 0 1 0
outer loop
vertex -22.262279510498047 18.718971252441406 5
vertex -31.812280654907227 18.718971252441406 3.549999952316284
vertex -36.362281799316406 18.718971252441406 5
endloop
endfacet
facet normal 0 -1 0
outer loop
vertex 39.637718200683594 -33.681026458740234 5
vertex 39.637718200683594 -33.681026458740234 0
vertex 44.187721252441406 -33.681026458740234 3.549999952316284
endloop
endfacet
facet normal 0 1 0
outer loop
vertex 25.187719345092773 -54.906028747558594 0
vertex 20.637720108032227 -54.906028747558594 0
vertex 25.187719345092773 -54.906028747558594 3.549999952316284
endloop
endfacet
facet normal 0 1 0
outer loop
vertex 6.187719821929932 -19.281028747558594 0
vertex 1.6377201080322266 -19.281028747558594 0
vertex 6.187719821929932 -19.281028747558594 3.549999952316284
endloop
endfacet
facet normal -1 0 0
outer loop
vertex -22.262279510498047 -43.181026458740234 0
vertex -22.262279510498047 -57.281028747558594 0
vertex -22.262279510498047 -43.181026458740234 5
endloop
endfacet
facet normal 0 1 0
outer loop
vertex -64.8122787475586 4.468972206115723 3.549999952316284
vertex -69.8122787475586 4.468972206115723 3.549999952316284
vertex -60.26227951049805 4.468972206115723 5
endloop
endfacet
facet normal 0 -1 0
outer loop
vertex 1.6377201080322266 -24.181028366088867 5
vertex 11.18772029876709 -24.181028366088867 3.549999952316284
vertex 15.737720489501953 -24.181028366088867 5
endloop
endfacet
facet normal 0 1 0
outer loop
vertex -41.26227951049805 23.468971252441406 5
vertex -45.812278747558594 23.468971252441406 3.549999952316284
vertex -50.812278747558594 23.468971252441406 3.549999952316284
endloop
endfacet
facet normal 0 -1 0
outer loop
vertex 39.637718200683594 23.318971633911133 5
vertex 49.187721252441406 23.318971633911133 3.549999952316284
vertex 53.73772048950195 23.318971633911133 5
endloop
endfacet
facet normal 0 -1 0
outer loop
vertex -26.812280654907227 13.81897258758545 3.549999952316284
vertex -22.262279510498047 13.81897258758545 0
vertex -22.262279510498047 13.81897258758545 5
endloop
endfacet
facet normal 0 1 0
outer loop
vertex -3.262279987335205 -40.656028747558594 0
vertex -7.812280178070068 -40.656028747558594 0
vertex -7.812280178070068 -40.656028747558594 3.549999952316284
endloop
endfacet
facet normal 0 -1 0
outer loop
vertex -36.362281799316406 -43.181026458740234 5
vertex -26.812280654907227 -43.181026458740234 3.549999952316284
vertex -22.262279510498047 -43.181026458740234 5
endloop
endfacet
facet normal 0 -1 0
outer loop
vertex -45.812278747558594 18.568971633911133 0
vertex -41.26227951049805 18.568971633911133 0
vertex -45.812278747558594 18.568971633911133 3.549999952316284
endloop
endfacet
facet normal 0 -1 0
outer loop
vertex -17.362279891967773 11.44397258758545 5
vertex -12.81227970123291 11.44397258758545 3.549999952316284
vertex -7.812280178070068 11.44397258758545 3.549999952316284
endloop
endfacet
facet normal -1 0 0
outer loop
vertex 15.737720489501953 -24.181028366088867 5
vertex 15.737720489501953 -38.281028747558594 0
vertex 15.737720489501953 -38.281028747558594 5
endloop
endfacet
facet normal 0 -1 0
outer loop
vertex -36.362281799316406 32.818973541259766 5
vertex -31.812280654907227 32.818973541259766 3.549999952316284
vertex -26.812280654907227 32.818973541259766 3.549999952316284
endloop
endfacet
facet normal 0 -1 0
outer loop
vertex -26.812280654907227 32.818973541259766 3.549999952316284
vertex -22.262279510498047 32.818973541259766 0
vertex -22.262279510498047 32.818973541259766 5
endloop
endfacet
facet normal 0 -1 0
outer loop
vertex -64.8122787475586 18.568971633911133 0
vertex -60.26227951049805 18.568971633911133 0
vertex -64.8122787475586 18.568971633911133 3.549999952316284
endloop
endfacet
facet normal 0 1 0
outer loop
vertex 25.187719345092773 -16.906028747558594 3.549999952316284
vertex 20.637720108032227 -16.906028747558594 0
vertex 20.637720108032227 -16.906028747558594 5
endloop
endfacet
facet normal 0 1 0
outer loop
vertex -41.26227951049805 -14.531027793884277 5
vertex -50.812278747558594 -14.531027793884277 3.549999952316284
vertex -55.362281799316406 -14.531027793884277 5
endloop
endfacet
facet normal 0 1 0
outer loop
vertex -31.812280654907227 -57.281028747558594 3.549999952316284
vertex -36.362281799316406 -57.281028747558594 0
vertex -36.362281799316406 -57.281028747558594 5
endloop
endfacet
facet normal 0 1 0
outer loop
vertex -64.8122787475586 -33.531028747558594 3.549999952316284
vertex -69.8122787475586 -33.531028747558594 3.549999952316284
vertex -60.26227951049805 -33.531028747558594 5
endloop
endfacet
facet normal -1 0 0
outer loop
vertex -22.262279510498047 32.818973541259766 0
vertex -22.262279510498047 18.718971252441406 0
vertex -22.262279510498047 32.818973541259766 5
endloop
endfacet
facet normal 1 0 0
outer loop
vertex -55.362281799316406 -33.531028747558594 5
vertex -55.362281799316406 -19.431028366088867 0
vertex -55.362281799316406 -19.431028366088867 5
endloop
endfacet
facet normal 0 1 0
outer loop
vertex 34.73772048950195 -16.906028747558594 0
vertex 30.187719345092773 -16.906028747558594 0
vertex 30.187719345092773 -16.906028747558594 3.549999952316284
endloop
endfacet
facet normal 0 -1 0
outer loop
vertex -55.362281799316406 -38.431026458740234 5
vertex -45.812278747558594 -38.431026458740234 3.549999952316284
vertex -41.26227951049805 -38.431026458740234 5
endloop
endfacet
facet normal -1 0 0
outer loop
vertex -60.26227951049805 -38.431026458740234 5
vertex -60.26227951049805 -52.531028747558594 0
vertex -60.26227951049805 -52.531028747558594 5
endloop
endfacet
facet normal 0 -1 0
outer loop
vertex -55.362281799316406 -38.431026458740234 0
vertex -50.812278747558594 -38.431026458740234 3.549999952316284
vertex -55.362281799316406 -38.431026458740234 5
endloop
endfacet
facet normal 0 -1 0
outer loop
vertex -36.362281799316406 13.81897258758545 5
vertex -26.812280654907227 13.81897258758545 3.549999952316284
vertex -22.262279510498047 13.81897258758545 5
endloop
endfacet
facet normal 0 -1 0
outer loop
vertex 11.18772029876709 -24.181028366088867 3.549999952316284
vertex 15.737720489501953 -24.181028366088867 0
vertex 15.737720489501953 -24.181028366088867 5
endloop
endfacet
facet normal 1 0 0
outer loop
vertex 1.6377201080322266 -57.281028747558594 5
vertex 1.6377201080322266 -52.005653381347656 0
vertex 1.6377201080322266 -43.181026458740234 0
endloop
endfacet
facet normal -1 0 0
outer loop
vertex -22.262279510498047 -5.181027889251709 0
vertex -22.262279510498047 -19.281028747558594 0
vertex -22.262279510498047 -5.181027889251709 5
endloop
endfacet
facet normal 0 1 0
outer loop
vertex -50.812278747558594 4.468972206115723 3.549999952316284
vertex -55.362281799316406 4.468972206115723 0
vertex -55.362281799316406 4.468972206115723 5
endloop
endfacet
facet normal 0 1 0
outer loop
vertex 6.187719821929932 -38.281028747558594 3.549999952316284
vertex 1.6377201080322266 -38.281028747558594 0
vertex 1.6377201080322266 -38.281028747558594 5
endloop
endfacet
facet normal 1 0 0
outer loop
vertex -74.3622817993164 -33.531028747558594 0
vertex -74.3622817993164 -19.431028366088867 0
vertex -74.3622817993164 -33.531028747558594 5
endloop
endfacet
facet normal 0 -1 0
outer loop
vertex -7.812280178070068 -26.556028366088867 0
vertex -3.262279987335205 -26.556028366088867 0
vertex -7.812280178070068 -26.556028366088867 3.549999952316284
endloop
endfacet
facet normal 1 0 0
outer loop
vertex -55.362281799316406 -33.531028747558594 0
vertex -55.362281799316406 -19.431028366088867 0
vertex -55.362281799316406 -33.531028747558594 5
endloop
endfacet
facet normal -1 0 0
outer loop
vertex -3.262279987335205 -45.556026458740234 5
vertex -3.262279987335205 -59.656028747558594 0
vertex -3.262279987335205 -59.656028747558594 5
endloop
endfacet
facet normal 0 -1 0
outer loop
vertex -31.812280654907227 -24.181028366088867 0
vertex -31.812280654907227 -24.181028366088867 3.549999952316284
vertex -36.362281799316406 -24.181028366088867 0
endloop
endfacet
facet normal 0 -1 0
outer loop
vertex 34.73772048950195 -40.806026458740234 0
vertex 30.187719345092773 -40.806026458740234 3.549999952316284
vertex 30.187719345092773 -40.806026458740234 0
endloop
endfacet
facet normal 0 1 0
outer loop
vertex 15.737720489501953 -0.28102779388427734 5
vertex 6.187719821929932 -0.28102779388427734 3.549999952316284
vertex 1.6377201080322266 -0.28102779388427734 5
endloop
endfacet
facet normal 0 1 0
outer loop
vertex -41.26227951049805 -52.531028747558594 0
vertex -45.812278747558594 -52.531028747558594 0
vertex -45.812278747558594 -52.531028747558594 3.549999952316284
endloop
endfacet
facet normal 1 0 0
outer loop
vertex 1.6377201080322266 -19.281028747558594 5
vertex 1.6377201080322266 -5.181027889251709 0
vertex 1.6377201080322266 -5.181027889251709 5
endloop
endfacet
facet normal 0.8660253984932259 0.5000000091646493 0
outer loop
vertex 61.16948318481445 39.41349411010742 5
vertex 54.119483947753906 51.62445068359375 0
vertex 54.119483947753906 51.62445068359375 5
endloop
endfacet
facet normal 1 0 0
outer loop
vertex -17.362279891967773 -45.556026458740234 0
vertex -17.362279891967773 -59.656028747558594 5
vertex -17.362279891967773 -59.656028747558594 0
endloop
endfacet
facet normal 0 -1 0
outer loop
vertex 25.187719345092773 16.193971633911133 0
vertex 25.187719345092773 16.193971633911133 3.549999952316284
vertex 20.637720108032227 16.193971633911133 0
endloop
endfacet
facet normal 0 1 0
outer loop
vertex 15.737720489501953 -57.281028747558594 5
vertex 11.18772029876709 -57.281028747558594 3.549999952316284
vertex 6.187719821929932 -57.281028747558594 3.549999952316284
endloop
endfacet
facet normal 1 0 0
outer loop
vertex -17.362279891967773 -21.656028747558594 5
vertex -17.362279891967773 -7.556027889251709 0
vertex -17.362279891967773 -7.556027889251709 5
endloop
endfacet
facet normal 0 1 0
outer loop
vertex -31.812280654907227 18.718971252441406 3.549999952316284
vertex -36.362281799316406 18.718971252441406 0
vertex -36.362281799316406 18.718971252441406 5
endloop
endfacet
facet normal 0 -1 0
outer loop
vertex 15.737720489501953 13.81897258758545 0
vertex 11.18772029876709 13.81897258758545 3.549999952316284
vertex 11.18772029876709 13.81897258758545 0
endloop
endfacet
facet normal 0 -1 0
outer loop
vertex 1.6377201080322266 -24.181028366088867 5
vertex 6.187719821929932 -24.181028366088867 3.549999952316284
vertex 11.18772029876709 -24.181028366088867 3.549999952316284
endloop
endfacet
facet normal 0 1 0
outer loop
vertex -3.262279987335205 -59.656028747558594 0
vertex -7.812280178070068 -59.656028747558594 0
vertex -7.812280178070068 -59.656028747558594 3.549999952316284
endloop
endfacet
facet normal 0 -1 0
outer loop
vertex -26.812280654907227 -43.181026458740234 3.549999952316284
vertex -22.262279510498047 -43.181026458740234 0
vertex -22.262279510498047 -43.181026458740234 5
endloop
endfacet
facet normal -1 0 0
outer loop
vertex -22.262279510498047 -5.181027889251709 5
vertex -22.262279510498047 -19.281028747558594 0
vertex -22.262279510498047 -19.281028747558594 5
endloop
endfacet
facet normal 0 1 0
outer loop
vertex -60.26227951049805 -33.531028747558594 0
vertex -64.8122787475586 -33.531028747558594 0
vertex -64.8122787475586 -33.531028747558594 3.549999952316284
endloop
endfacet
facet normal 0 -1 0
outer loop
vertex -74.3622817993164 -0.4310277998447418 5
vertex -74.3622817993164 -0.4310277998447418 0
vertex -69.8122787475586 -0.4310277998447418 3.549999952316284
endloop
endfacet
facet normal 0 1 0
outer loop
vertex 53.73772048950195 -9.781027793884277 0
vertex 49.187721252441406 -9.781027793884277 0
vertex 49.187721252441406 -9.781027793884277 3.549999952316284
endloop
endfacet
facet normal 0 -1 0
outer loop
vertex 39.637718200683594 -14.68102741241455 5
vertex 44.187721252441406 -14.68102741241455 3.549999952316284
vertex 49.187721252441406 -14.68102741241455 3.549999952316284
endloop
endfacet
facet normal 0 -1 0
outer loop
vertex 39.637718200683594 -33.681026458740234 5
vertex 49.187721252441406 -33.681026458740234 3.549999952316284
vertex 53.73772048950195 -33.681026458740234 5
endloop
endfacet
facet normal 0 -1 0
outer loop
vertex -36.362281799316406 -24.181028366088867 0
vertex -31.812280654907227 -24.181028366088867 3.549999952316284
vertex -36.362281799316406 -24.181028366088867 5
endloop
endfacet
facet normal 0 1 0
outer loop
vertex -31.812280654907227 -38.281028747558594 0
vertex -36.362281799316406 -38.281028747558594 0
vertex -31.812280654907227 -38.281028747558594 3.549999952316284
endloop
endfacet
facet normal 0 1 0
outer loop
vertex -69.8122787475586 -14.531027793884277 0
vertex -74.3622817993164 -14.531027793884277 0
vertex -69.8122787475586 -14.531027793884277 3.549999952316284
endloop
endfacet
facet normal 0 1 0
outer loop
vertex 53.73772048950195 -47.781028747558594 0
vertex 49.187721252441406 -47.781028747558594 0
vertex 49.187721252441406 -47.781028747558594 3.549999952316284
endloop
endfacet
facet normal -1 0 0
outer loop
vertex -41.26227951049805 -19.431028366088867 5
vertex -41.26227951049805 -33.531028747558594 0
vertex -41.26227951049805 -33.531028747558594 5
endloop
endfacet
facet normal 0 -1 0
outer loop
vertex 39.637718200683594 -33.681026458740234 5
vertex 44.187721252441406 -33.681026458740234 3.549999952316284
vertex 49.187721252441406 -33.681026458740234 3.549999952316284
endloop
endfacet
facet normal -1 0 0
outer loop
vertex 15.737720489501953 -43.181026458740234 5
vertex 15.737720489501953 -57.281028747558594 0
vertex 15.737720489501953 -57.281028747558594 5
endloop
endfacet
facet normal 0 -1 0
outer loop
vertex -12.81227970123291 -26.556028366088867 0
vertex -12.81227970123291 -26.556028366088867 3.549999952316284
vertex -17.362279891967773 -26.556028366088867 0
endloop
endfacet
facet normal 1 0 0
outer loop
vertex 39.637718200683594 9.218972206115723 0
vertex 39.637718200683594 23.318971633911133 0
vertex 39.637718200683594 9.218972206115723 5
endloop
endfacet
facet normal 0 1 0
outer loop
vertex 44.187721252441406 -9.781027793884277 3.549999952316284
vertex 39.637718200683594 -9.781027793884277 0
vertex 39.637718200683594 -9.781027793884277 5
endloop
endfacet
facet normal -1 0 0
outer loop
vertex -41.26227951049805 -0.4310277998447418 0
vertex -41.26227951049805 -14.531027793884277 0
vertex -41.26227951049805 -0.4310277998447418 5
endloop
endfacet
facet normal -1 0 0
outer loop
vertex 15.737720489501953 -24.181028366088867 0
vertex 15.737720489501953 -38.281028747558594 0
vertex 15.737720489501953 -24.181028366088867 5
endloop
endfacet
facet normal 0 -1 0
outer loop
vertex -31.812280654907227 32.818973541259766 0
vertex -31.812280654907227 32.818973541259766 3.549999952316284
vertex -36.362281799316406 32.818973541259766 0
endloop
endfacet
facet normal 0 -1 0
outer loop
vertex 49.187721252441406 -33.681026458740234 3.549999952316284
vertex 53.73772048950195 -33.681026458740234 0
vertex 53.73772048950195 -33.681026458740234 5
endloop
endfacet
facet normal 0 -1 0
outer loop
vertex -12.81227970123291 -45.556026458740234 0
vertex -12.81227970123291 -45.556026458740234 3.549999952316284
vertex -17.362279891967773 -45.556026458740234 0
endloop
endfacet
facet normal 0 1 0
outer loop
vertex 53.73772048950195 -47.781028747558594 5
vertex 49.187721252441406 -47.781028747558594 3.549999952316284
vertex 44.187721252441406 -47.781028747558594 3.549999952316284
endloop
endfacet
facet normal -1 0 0
outer loop
vertex -60.26227951049805 37.568973541259766 0
vertex -60.26227951049805 23.468971252441406 0
vertex -60.26227951049805 37.568973541259766 5
endloop
endfacet
facet normal 0 1 0
outer loop
vertex 53.73772048950195 -47.781028747558594 0
vertex 49.187721252441406 -47.781028747558594 3.549999952316284
vertex 53.73772048950195 -47.781028747558594 5
endloop
endfacet
facet normal 0 -1 0
outer loop
vertex 20.637720108032227 -2.806027889251709 5
vertex 30.187719345092773 -2.806027889251709 3.549999952316284
vertex 34.73772048950195 -2.806027889251709 5
endloop
endfacet
facet normal 0 -1 0
outer loop
vertex 20.637720108032227 -2.806027889251709 5
vertex 25.187719345092773 -2.806027889251709 3.549999952316284
vertex 30.187719345092773 -2.806027889251709 3.549999952316284
endloop
endfacet
facet normal 0 -1 0
outer loop
vertex -41.26227951049805 37.568973541259766 0
vertex -45.812278747558594 37.568973541259766 3.549999952316284
vertex -45.812278747558594 37.568973541259766 0
endloop
endfacet
facet normal 1 0 0
outer loop
vertex -36.362281799316406 -38.281028747558594 5
vertex -36.362281799316406 -24.181028366088867 0
vertex -36.362281799316406 -24.181028366088867 5
endloop
endfacet
facet normal 0 -1 0
outer loop
vertex 1.6377201080322266 -5.181027889251709 5
vertex 11.18772029876709 -5.181027889251709 3.549999952316284
vertex 15.737720489501953 -5.181027889251709 5
endloop
endfacet
facet normal 0 -1 0
outer loop
vertex -74.3622817993164 18.568971633911133 5
vertex -69.8122787475586 18.568971633911133 3.549999952316284
vertex -64.8122787475586 18.568971633911133 3.549999952316284
endloop
endfacet
facet normal 0 -1 0
outer loop
vertex -64.8122787475586 -19.431028366088867 0
vertex -60.26227951049805 -19.431028366088867 0
vertex -64.8122787475586 -19.431028366088867 3.549999952316284
endloop
endfacet
facet normal 0 1 0
outer loop
vertex -41.26227951049805 4.468972206115723 5
vertex -45.812278747558594 4.468972206115723 3.549999952316284
vertex -50.812278747558594 4.468972206115723 3.549999952316284
endloop
endfacet
facet normal 0 1 0
outer loop
vertex -60.26227951049805 -14.531027793884277 0
vertex -64.8122787475586 -14.531027793884277 0
vertex -64.8122787475586 -14.531027793884277 3.549999952316284
endloop
endfacet
facet normal 1 0 0
outer loop
vertex -74.3622817993164 23.468971252441406 5
vertex -74.3622817993164 37.568973541259766 0
vertex -74.3622817993164 37.568973541259766 5
endloop
endfacet
facet normal 0 -1 0
outer loop
vertex 39.637718200683594 -14.68102741241455 0
vertex 44.187721252441406 -14.68102741241455 0
vertex 44.187721252441406 -14.68102741241455 3.549999952316284
endloop
endfacet
facet normal 0 -1 0
outer loop
vertex -55.362281799316406 37.568973541259766 5
vertex -45.812278747558594 37.568973541259766 3.549999952316284
vertex -41.26227951049805 37.568973541259766 5
endloop
endfacet
facet normal -1 0 0
outer loop
vertex 34.73772048950195 -21.806028366088867 5
vertex 34.73772048950195 -35.906028747558594 0
vertex 34.73772048950195 -35.906028747558594 5
endloop
endfacet
facet normal 0 1 0
outer loop
vertex -3.262279987335205 -59.656028747558594 5
vertex -12.81227970123291 -59.656028747558594 3.549999952316284
vertex -17.362279891967773 -59.656028747558594 5
endloop
endfacet
facet normal 0 1 0
outer loop
vertex -22.262279510498047 -0.28102779388427734 0
vertex -26.812280654907227 -0.28102779388427734 0
vertex -26.812280654907227 -0.28102779388427734 3.549999952316284
endloop
endfacet
facet normal 1 0 0
outer loop
vertex -36.362281799316406 18.718971252441406 5
vertex -36.362281799316406 32.818973541259766 0
vertex -36.362281799316406 32.818973541259766 5
endloop
endfacet
facet normal 0 -1 0
outer loop
vertex 20.637720108032227 -21.806028366088867 0
vertex 25.187719345092773 -21.806028366088867 3.549999952316284
vertex 20.637720108032227 -21.806028366088867 5
endloop
endfacet
facet normal 0 1 0
outer loop
vertex -22.262279510498047 -38.281028747558594 5
vertex -26.812280654907227 -38.281028747558594 3.549999952316284
vertex -31.812280654907227 -38.281028747558594 3.549999952316284
endloop
endfacet
facet normal 1 0 0
outer loop
vertex -74.3622817993164 4.468972206115723 0
vertex -74.3622817993164 18.568971633911133 0
vertex -74.3622817993164 4.468972206115723 5
endloop
endfacet
facet normal 0 1 0
outer loop
vertex -22.262279510498047 -0.28102779388427734 5
vertex -31.812280654907227 -0.28102779388427734 3.549999952316284
vertex -36.362281799316406 -0.28102779388427734 5
endloop
endfacet
facet normal 0 -1 0
outer loop
vertex 11.18772029876709 -5.181027889251709 3.549999952316284
vertex 15.737720489501953 -5.181027889251709 0
vertex 15.737720489501953 -5.181027889251709 5
endloop
endfacet
facet normal 0 -1 0
outer loop
vertex 39.637718200683594 4.318972110748291 0
vertex 44.187721252441406 4.318972110748291 0
vertex 44.187721252441406 4.318972110748291 3.549999952316284
endloop
endfacet
facet normal 0 -1 0
outer loop
vertex -55.362281799316406 37.568973541259766 5
vertex -50.812278747558594 37.568973541259766 3.549999952316284
vertex -45.812278747558594 37.568973541259766 3.549999952316284
endloop
endfacet
facet normal 0 -1 0
outer loop
vertex -36.362281799316406 13.81897258758545 5
vertex -31.812280654907227 13.81897258758545 3.549999952316284
vertex -26.812280654907227 13.81897258758545 3.549999952316284
endloop
endfacet
facet normal 1 0 0
outer loop
vertex -55.362281799316406 4.468972206115723 5
vertex -55.362281799316406 18.568971633911133 0
vertex -55.362281799316406 18.568971633911133 5
endloop
endfacet
facet normal 0 1 0
outer loop
vertex -12.81227970123291 -59.656028747558594 3.549999952316284
vertex -17.362279891967773 -59.656028747558594 0
vertex -17.362279891967773 -59.656028747558594 5
endloop
endfacet
facet normal 0 -1 0
outer loop
vertex 30.187719345092773 16.193971633911133 0
vertex 34.73772048950195 16.193971633911133 0
vertex 30.187719345092773 16.193971633911133 3.549999952316284
endloop
endfacet
facet normal 0 1 0
outer loop
vertex -22.262279510498047 -38.281028747558594 0
vertex -26.812280654907227 -38.281028747558594 3.549999952316284
vertex -22.262279510498047 -38.281028747558594 5
endloop
endfacet
facet normal 0 -1 0
outer loop
vertex -55.362281799316406 -19.431028366088867 5
vertex -45.812278747558594 -19.431028366088867 3.549999952316284
vertex -41.26227951049805 -19.431028366088867 5
endloop
endfacet
facet normal 0 -1 0
outer loop
vertex -3.262279987335205 11.44397258758545 0
vertex -7.812280178070068 11.44397258758545 3.549999952316284
vertex -7.812280178070068 11.44397258758545 0
endloop
endfacet
facet normal 0 -1 0
outer loop
vertex 49.187721252441406 4.318972110748291 3.549999952316284
vertex 53.73772048950195 4.318972110748291 0
vertex 53.73772048950195 4.318972110748291 5
endloop
endfacet
facet normal 0 1 0
outer loop
vertex 25.187719345092773 2.0939722061157227 3.549999952316284
vertex 20.637720108032227 2.0939722061157227 0
vertex 20.637720108032227 2.0939722061157227 5
endloop
endfacet
facet normal 0 1 0
outer loop
vertex 25.187719345092773 -54.906028747558594 3.549999952316284
vertex 20.637720108032227 -54.906028747558594 0
vertex 20.637720108032227 -54.906028747558594 5
endloop
endfacet
facet normal 0 1 0
outer loop
vertex -41.26227951049805 -33.531028747558594 5
vertex -50.812278747558594 -33.531028747558594 3.549999952316284
vertex -55.362281799316406 -33.531028747558594 5
endloop
endfacet
facet normal 0 1 0
outer loop
vertex 15.737720489501953 -0.28102779388427734 5
vertex 11.18772029876709 -0.28102779388427734 3.549999952316284
vertex 6.187719821929932 -0.28102779388427734 3.549999952316284
endloop
endfacet
facet normal 0 1 0
outer loop
vertex 15.737720489501953 -57.281028747558594 0
vertex 11.18772029876709 -57.281028747558594 0
vertex 11.18772029876709 -57.281028747558594 3.549999952316284
endloop
endfacet
facet normal 0 -1 0
outer loop
vertex 20.637720108032227 16.193971633911133 5
vertex 30.187719345092773 16.193971633911133 3.549999952316284
vertex 34.73772048950195 16.193971633911133 5
endloop
endfacet
facet normal 0 -1 0
outer loop
vertex -31.812280654907227 13.81897258758545 0
vertex -31.812280654907227 13.81897258758545 3.549999952316284
vertex -36.362281799316406 13.81897258758545 0
endloop
endfacet
facet normal 0 1 0
outer loop
vertex 34.73772048950195 -16.906028747558594 5
vertex 30.187719345092773 -16.906028747558594 3.549999952316284
vertex 25.187719345092773 -16.906028747558594 3.549999952316284
endloop
endfacet
facet normal 0 1 0
outer loop
vertex -60.26227951049805 -14.531027793884277 0
vertex -64.8122787475586 -14.531027793884277 3.549999952316284
vertex -60.26227951049805 -14.531027793884277 5
endloop
endfacet
facet normal 0 1 0
outer loop
vertex -3.262279987335205 -2.6560277938842773 5
vertex -12.81227970123291 -2.6560277938842773 3.549999952316284
vertex -17.362279891967773 -2.6560277938842773 5
endloop
endfacet
facet normal 0 1 0
outer loop
vertex -60.26227951049805 -33.531028747558594 0
vertex -64.8122787475586 -33.531028747558594 3.549999952316284
vertex -60.26227951049805 -33.531028747558594 5
endloop
endfacet
facet normal 0 -1 0
outer loop
vertex 53.73772048950195 -14.68102741241455 0
vertex 49.187721252441406 -14.68102741241455 3.549999952316284
vertex 49.187721252441406 -14.68102741241455 0
endloop
endfacet
facet normal 0 1 0
outer loop
vertex -69.8122787475586 4.468972206115723 3.549999952316284
vertex -74.3622817993164 4.468972206115723 0
vertex -74.3622817993164 4.468972206115723 5
endloop
endfacet
facet normal -1 0 0
outer loop
vertex -22.262279510498047 13.81897258758545 0
vertex -22.262279510498047 -0.28102779388427734 0
vertex -22.262279510498047 13.81897258758545 5
endloop
endfacet
facet normal 0 -1 0
outer loop
vertex -74.3622817993164 -38.431026458740234 5
vertex -64.8122787475586 -38.431026458740234 3.549999952316284
vertex -60.26227951049805 -38.431026458740234 5
endloop
endfacet
facet normal 0 1 0
outer loop
vertex 25.187719345092773 -35.906028747558594 0
vertex 20.637720108032227 -35.906028747558594 0
vertex 25.187719345092773 -35.906028747558594 3.549999952316284
endloop
endfacet
facet normal 1 0 0
outer loop
vertex -55.362281799316406 -52.531028747558594 5
vertex -55.362281799316406 -38.431026458740234 0
vertex -55.362281799316406 -38.431026458740234 5
endloop
endfacet
facet normal 0 -1 0
outer loop
vertex -45.812278747558594 37.568973541259766 3.549999952316284
vertex -41.26227951049805 37.568973541259766 0
vertex -41.26227951049805 37.568973541259766 5
endloop
endfacet
facet normal 0 -1 0
outer loop
vertex 1.6377201080322266 -43.181026458740234 5
vertex 6.187719821929932 -43.181026458740234 3.549999952316284
vertex 11.18772029876709 -43.181026458740234 3.549999952316284
endloop
endfacet
facet normal 0 1 0
outer loop
vertex 44.187721252441406 -28.781028747558594 3.549999952316284
vertex 39.637718200683594 -28.781028747558594 0
vertex 39.637718200683594 -28.781028747558594 5
endloop
endfacet
facet normal -1 0 0
outer loop
vertex 34.73772048950195 -40.806026458740234 5
vertex 34.73772048950195 -54.906028747558594 0
vertex 34.73772048950195 -54.906028747558594 5
endloop
endfacet
facet normal 0 1 0
outer loop
vertex 34.73772048950195 2.0939722061157227 5
vertex 25.187719345092773 2.0939722061157227 3.549999952316284
vertex 20.637720108032227 2.0939722061157227 5
endloop
endfacet
facet normal 0 -1 0
outer loop
vertex -22.262279510498047 32.818973541259766 0
vertex -26.812280654907227 32.818973541259766 3.549999952316284
vertex -26.812280654907227 32.818973541259766 0
endloop
endfacet
facet normal 0 1 0
outer loop
vertex 34.73772048950195 -35.906028747558594 0
vertex 30.187719345092773 -35.906028747558594 0
vertex 30.187719345092773 -35.906028747558594 3.549999952316284
endloop
endfacet
facet normal 0 -1 0
outer loop
vertex -17.362279891967773 11.44397258758545 0
vertex -12.81227970123291 11.44397258758545 3.549999952316284
vertex -17.362279891967773 11.44397258758545 5
endloop
endfacet
facet normal 1 0 0
outer loop
vertex -17.362279891967773 -59.656028747558594 5
vertex -17.362279891967773 -45.556026458740234 0
vertex -17.362279891967773 -45.556026458740234 5
endloop
endfacet
facet normal 0 1 0
outer loop
vertex -64.8122787475586 -52.531028747558594 3.549999952316284
vertex -69.8122787475586 -52.531028747558594 3.549999952316284
vertex -60.26227951049805 -52.531028747558594 5
endloop
endfacet
facet normal 0 1 0
outer loop
vertex 53.73772048950195 -9.781027793884277 0
vertex 49.187721252441406 -9.781027793884277 3.549999952316284
vertex 53.73772048950195 -9.781027793884277 5
endloop
endfacet
facet normal 0 1 0
outer loop
vertex 15.737720489501953 -38.281028747558594 0
vertex 11.18772029876709 -38.281028747558594 3.549999952316284
vertex 15.737720489501953 -38.281028747558594 5
endloop
endfacet
facet normal 0 -1 0
outer loop
vertex -55.362281799316406 -19.431028366088867 0
vertex -50.812278747558594 -19.431028366088867 0
vertex -50.812278747558594 -19.431028366088867 3.549999952316284
endloop
endfacet
facet normal 0 -1 0
outer loop
vertex 11.18772029876709 13.81897258758545 3.549999952316284
vertex 15.737720489501953 13.81897258758545 0
vertex 15.737720489501953 13.81897258758545 5
endloop
endfacet
facet normal 0.49999993962513045 -0.8660254386405323 -0.0000015295887071284995
outer loop
vertex 54.119483947753906 51.62445068359375 5
vertex 58.059898376464844 53.899452209472656 3.549999952316284
vertex 62.3900260925293 56.399452209472656 3.549999952316284
endloop
endfacet
facet normal 1 0 0
outer loop
vertex -55.362281799316406 -14.531027793884277 0
vertex -55.362281799316406 -0.4310277998447418 0
vertex -55.362281799316406 -14.531027793884277 5
endloop
endfacet
facet normal 0 1 0
outer loop
vertex -69.8122787475586 4.468972206115723 0
vertex -74.3622817993164 4.468972206115723 0
vertex -69.8122787475586 4.468972206115723 3.549999952316284
endloop
endfacet
facet normal 1 0 0
outer loop
vertex 39.637718200683594 -47.781028747558594 5
vertex 39.637718200683594 -33.681026458740234 0
vertex 39.637718200683594 -33.681026458740234 5
endloop
endfacet
facet normal 0 1 0
outer loop
vertex -60.26227951049805 -52.531028747558594 5
vertex -69.8122787475586 -52.531028747558594 3.549999952316284
vertex -74.3622817993164 -52.531028747558594 5
endloop
endfacet
facet normal 0 1 0
outer loop
vertex -22.262279510498047 -38.281028747558594 5
vertex -31.812280654907227 -38.281028747558594 3.549999952316284
vertex -36.362281799316406 -38.281028747558594 5
endloop
endfacet
facet normal 0 -1 0
outer loop
vertex -55.362281799316406 18.568971633911133 5
vertex -50.812278747558594 18.568971633911133 3.549999952316284
vertex -45.812278747558594 18.568971633911133 3.549999952316284
endloop
endfacet
facet normal 1 0 0
outer loop
vertex -74.3622817993164 4.468972206115723 5
vertex -74.3622817993164 18.568971633911133 0
vertex -74.3622817993164 18.568971633911133 5
endloop
endfacet
facet normal 1 0 0
outer loop
vertex -17.362279891967773 -26.556028366088867 0
vertex -17.362279891967773 -40.656028747558594 5
vertex -17.362279891967773 -40.656028747558594 0
endloop
endfacet
facet normal 0 -1 0
outer loop
vertex 25.187719345092773 -40.806026458740234 0
vertex 25.187719345092773 -40.806026458740234 3.549999952316284
vertex 20.637720108032227 -40.806026458740234 0
endloop
endfacet
facet normal 0 1 0
outer loop
vertex 44.187721252441406 9.218972206115723 3.549999952316284
vertex 39.637718200683594 9.218972206115723 0
vertex 39.637718200683594 9.218972206115723 5
endloop
endfacet
facet normal 1 0 0
outer loop
vertex 20.637720108032227 -16.906028747558594 5
vertex 20.637720108032227 -2.806027889251709 0
vertex 20.637720108032227 -2.806027889251709 5
endloop
endfacet
facet normal 0 -1 0
outer loop
vertex 39.637718200683594 -14.68102741241455 5
vertex 49.187721252441406 -14.68102741241455 3.549999952316284
vertex 53.73772048950195 -14.68102741241455 5
endloop
endfacet
facet normal 0 -1 0
outer loop
vertex -22.262279510498047 -24.181028366088867 0
vertex -26.812280654907227 -24.181028366088867 3.549999952316284
vertex -26.812280654907227 -24.181028366088867 0
endloop
endfacet
facet normal -1 0 0
outer loop
vertex -60.26227951049805 -38.431026458740234 0
vertex -60.26227951049805 -52.531028747558594 0
vertex -60.26227951049805 -38.431026458740234 5
endloop
endfacet
facet normal -1 0 0
outer loop
vertex 15.737720489501953 13.81897258758545 0
vertex 15.737720489501953 -0.28102779388427734 0
vertex 15.737720489501953 13.81897258758545 5
endloop
endfacet
facet normal -1 0 0
outer loop
vertex -22.262279510498047 13.81897258758545 5
vertex -22.262279510498047 -0.28102779388427734 0
vertex -22.262279510498047 -0.28102779388427734 5
endloop
endfacet
facet normal -1 0 0
outer loop
vertex -41.26227951049805 -38.431026458740234 0
vertex -41.26227951049805 -52.531028747558594 0
vertex -41.26227951049805 -38.431026458740234 5
endloop
endfacet
facet normal -1 0 0
outer loop
vertex 34.73772048950195 -21.806028366088867 0
vertex 34.73772048950195 -35.906028747558594 0
vertex 34.73772048950195 -21.806028366088867 5
endloop
endfacet
facet normal -1 0 0
outer loop
vertex -41.26227951049805 37.568973541259766 5
vertex -41.26227951049805 23.468971252441406 0
vertex -41.26227951049805 23.468971252441406 5
endloop
endfacet
facet normal -1 0 0
outer loop
vertex -60.26227951049805 18.568971633911133 0
vertex -60.26227951049805 4.468972206115723 0
vertex -60.26227951049805 18.568971633911133 5
endloop
endfacet
facet normal 0 -1 0
outer loop
vertex -36.362281799316406 -24.181028366088867 5
vertex -26.812280654907227 -24.181028366088867 3.549999952316284
vertex -22.262279510498047 -24.181028366088867 5
endloop
endfacet
facet normal 0 -1 0
outer loop
vertex 49.187721252441406 23.318971633911133 3.549999952316284
vertex 53.73772048950195 23.318971633911133 0
vertex 53.73772048950195 23.318971633911133 5
endloop
endfacet
facet normal 0 -1 0
outer loop
vertex -36.362281799316406 -24.181028366088867 5
vertex -31.812280654907227 -24.181028366088867 3.549999952316284
vertex -26.812280654907227 -24.181028366088867 3.549999952316284
endloop
endfacet
facet normal 0 -1 0
outer loop
vertex 39.637718200683594 4.318972110748291 5
vertex 44.187721252441406 4.318972110748291 3.549999952316284
vertex 49.187721252441406 4.318972110748291 3.549999952316284
endloop
endfacet
facet normal 0.5000000960105276 -0.8660253483527275 0
outer loop
vertex 66.33043670654297 58.6744499206543 0
vertex 62.3900260925293 56.399452209472656 3.549999952316284
vertex 62.3900260925293 56.399452209472656 0
endloop
endfacet
facet normal 1 0 0
outer loop
vertex -55.362281799316406 23.468971252441406 0
vertex -55.362281799316406 37.568973541259766 0
vertex -55.362281799316406 23.468971252441406 5
endloop
endfacet
facet normal 0 -1 0
outer loop
vertex -7.812280178070068 -7.556027889251709 3.549999952316284
vertex -3.262279987335205 -7.556027889251709 0
vertex -3.262279987335205 -7.556027889251709 5
endloop
endfacet
facet normal 0 -1 0
outer loop
vertex -55.362281799316406 -0.4310277998447418 5
vertex -55.362281799316406 -0.4310277998447418 0
vertex -50.812278747558594 -0.4310277998447418 3.549999952316284
endloop
endfacet
facet normal 0 1 0
outer loop
vertex 34.73772048950195 2.0939722061157227 5
vertex 30.187719345092773 2.0939722061157227 3.549999952316284
vertex 25.187719345092773 2.0939722061157227 3.549999952316284
endloop
endfacet
facet normal 1 0 0
outer loop
vertex 20.637720108032227 16.193971633911133 0
vertex 20.637720108032227 2.0939722061157227 5
vertex 20.637720108032227 2.0939722061157227 0
endloop
endfacet
facet normal 1 0 0
outer loop
vertex -17.362279891967773 -40.656028747558594 5
vertex -17.362279891967773 -26.556028366088867 0
vertex -17.362279891967773 -26.556028366088867 5
endloop
endfacet
facet normal 0 1 0
outer loop
vertex -41.26227951049805 4.468972206115723 0
vertex -45.812278747558594 4.468972206115723 0
vertex -45.812278747558594 4.468972206115723 3.549999952316284
endloop
endfacet
facet normal -1 0 0
outer loop
vertex -41.26227951049805 18.568971633911133 0
vertex -41.26227951049805 4.468972206115723 0
vertex -41.26227951049805 18.568971633911133 5
endloop
endfacet
facet normal 0 -1 0
outer loop
vertex 1.6377201080322266 13.81897258758545 0
vertex 6.187719821929932 13.81897258758545 3.549999952316284
vertex 1.6377201080322266 13.81897258758545 5
endloop
endfacet
facet normal 0 1 0
outer loop
vertex -12.81227970123291 -21.656028747558594 3.549999952316284
vertex -17.362279891967773 -21.656028747558594 0
vertex -17.362279891967773 -21.656028747558594 5
endloop
endfacet
facet normal 0 -1 0
outer loop
vertex -22.262279510498047 -43.181026458740234 0
vertex -26.812280654907227 -43.181026458740234 3.549999952316284
vertex -26.812280654907227 -43.181026458740234 0
endloop
endfacet
facet normal 0 1 0
outer loop
vertex 15.737720489501953 -0.28102779388427734 0
vertex 11.18772029876709 -0.28102779388427734 0
vertex 11.18772029876709 -0.28102779388427734 3.549999952316284
endloop
endfacet
facet normal 0 -1 0
outer loop
vertex -64.8122787475586 -0.4310277998447418 0
vertex -60.26227951049805 -0.4310277998447418 0
vertex -64.8122787475586 -0.4310277998447418 3.549999952316284
endloop
endfacet
facet normal -1 0 0
outer loop
vertex -41.26227951049805 -0.4310277998447418 5
vertex -41.26227951049805 -14.531027793884277 0
vertex -41.26227951049805 -14.531027793884277 5
endloop
endfacet
facet normal -1 0 0
outer loop
vertex -41.26227951049805 -38.431026458740234 5
vertex -41.26227951049805 -52.531028747558594 0
vertex -41.26227951049805 -52.531028747558594 5
endloop
endfacet
facet normal 0 1 0
outer loop
vertex -31.812280654907227 -19.281028747558594 3.549999952316284
vertex -36.362281799316406 -19.281028747558594 0
vertex -36.362281799316406 -19.281028747558594 5
endloop
endfacet
facet normal 0 1 0
outer loop
vertex 53.73772048950195 9.218972206115723 0
vertex 49.187721252441406 9.218972206115723 0
vertex 49.187721252441406 9.218972206115723 3.549999952316284
endloop
endfacet
facet normal 0 -1 0
outer loop
vertex -69.8122787475586 -38.431026458740234 0
vertex -69.8122787475586 -38.431026458740234 3.549999952316284
vertex -74.3622817993164 -38.431026458740234 0
endloop
endfacet
facet normal 0 1 0
outer loop
vertex 44.187721252441406 -9.781027793884277 3.549999952316284
vertex 39.637718200683594 -9.781027793884277 5
vertex 53.73772048950195 -9.781027793884277 5
endloop
endfacet
facet normal 0 1 0
outer loop
vertex 53.73772048950195 9.218972206115723 0
vertex 49.187721252441406 9.218972206115723 3.549999952316284
vertex 53.73772048950195 9.218972206115723 5
endloop
endfacet
facet normal 0 1 0
outer loop
vertex 53.73772048950195 -9.781027793884277 5
vertex 49.187721252441406 -9.781027793884277 3.549999952316284
vertex 44.187721252441406 -9.781027793884277 3.549999952316284
endloop
endfacet
facet normal 1 0 0
outer loop
vertex 20.637720108032227 -54.906028747558594 5
vertex 20.637720108032227 -40.806026458740234 0
vertex 20.637720108032227 -40.806026458740234 5
endloop
endfacet
facet normal 0 1 0
outer loop
vertex 44.187721252441406 -28.781028747558594 3.549999952316284
vertex 39.637718200683594 -28.781028747558594 5
vertex 53.73772048950195 -28.781028747558594 5
endloop
endfacet
facet normal 0 1 0
outer loop
vertex -12.81227970123291 -2.6560277938842773 0
vertex -17.362279891967773 -2.6560277938842773 0
vertex -12.81227970123291 -2.6560277938842773 3.549999952316284
endloop
endfacet
facet normal 0 1 0
outer loop
vertex 53.73772048950195 -28.781028747558594 0
vertex 49.187721252441406 -28.781028747558594 0
vertex 49.187721252441406 -28.781028747558594 3.549999952316284
endloop
endfacet
facet normal 0 1 0
outer loop
vertex 34.73772048950195 -35.906028747558594 5
vertex 30.187719345092773 -35.906028747558594 3.549999952316284
vertex 25.187719345092773 -35.906028747558594 3.549999952316284
endloop
endfacet
facet normal 0 -1 0
outer loop
vertex 53.73772048950195 -33.681026458740234 0
vertex 49.187721252441406 -33.681026458740234 3.549999952316284
vertex 49.187721252441406 -33.681026458740234 0
endloop
endfacet
facet normal -0.8660252813433882 -0.5000002120740603 0
outer loop
vertex 66.33043670654297 58.6744499206543 0
vertex 73.38043975830078 46.46349334716797 0
vertex 66.33043670654297 58.6744499206543 5
endloop
endfacet
facet normal 0 1 0
outer loop
vertex -41.26227951049805 -33.531028747558594 5
vertex -45.812278747558594 -33.531028747558594 3.549999952316284
vertex -50.812278747558594 -33.531028747558594 3.549999952316284
endloop
endfacet
facet normal 0 -1 0
outer loop
vertex 39.637718200683594 4.318972110748291 5
vertex 39.637718200683594 4.318972110748291 0
vertex 44.187721252441406 4.318972110748291 3.549999952316284
endloop
endfacet
facet normal 0 1 0
outer loop
vertex -3.262279987335205 -40.656028747558594 5
vertex -12.81227970123291 -40.656028747558594 3.549999952316284
vertex -17.362279891967773 -40.656028747558594 5
endloop
endfacet
facet normal 0 -1 0
outer loop
vertex -55.362281799316406 -19.431028366088867 5
vertex -50.812278747558594 -19.431028366088867 3.549999952316284
vertex -45.812278747558594 -19.431028366088867 3.549999952316284
endloop
endfacet
facet normal 0 -1 0
outer loop
vertex 20.637720108032227 -40.806026458740234 0
vertex 25.187719345092773 -40.806026458740234 3.549999952316284
vertex 20.637720108032227 -40.806026458740234 5
endloop
endfacet
facet normal -1 0 0
outer loop
vertex -60.26227951049805 -19.431028366088867 0
vertex -60.26227951049805 -33.531028747558594 0
vertex -60.26227951049805 -19.431028366088867 5
endloop
endfacet
facet normal 0 1 0
outer loop
vertex -22.262279510498047 -38.281028747558594 0
vertex -26.812280654907227 -38.281028747558594 0
vertex -26.812280654907227 -38.281028747558594 3.549999952316284
endloop
endfacet
facet normal 1 0 0
outer loop
vertex -17.362279891967773 -7.556027889251709 0
vertex -17.362279891967773 -21.656028747558594 5
vertex -17.362279891967773 -21.656028747558594 0
endloop
endfacet
facet normal -1 0 0
outer loop
vertex 34.73772048950195 -2.806027889251709 0
vertex 34.73772048950195 -16.906028747558594 0
vertex 34.73772048950195 -2.806027889251709 5
endloop
endfacet
facet normal 0 1 0
outer loop
vertex -41.26227951049805 -33.531028747558594 0
vertex -45.812278747558594 -33.531028747558594 0
vertex -45.812278747558594 -33.531028747558594 3.549999952316284
endloop
endfacet
facet normal 0 -1 0
outer loop
vertex -41.26227951049805 -0.4310277998447418 0
vertex -45.812278747558594 -0.4310277998447418 3.549999952316284
vertex -45.812278747558594 -0.4310277998447418 0
endloop
endfacet
facet normal -1 0 0
outer loop
vertex 15.737720489501953 -43.181026458740234 0
vertex 15.737720489501953 -57.281028747558594 0
vertex 15.737720489501953 -43.181026458740234 5
endloop
endfacet
facet normal 1 0 0
outer loop
vertex 39.637718200683594 -14.68102741241455 0
vertex 39.637718200683594 -28.781028747558594 5
vertex 39.637718200683594 -28.781028747558594 0
endloop
endfacet
facet normal 0 1 0
outer loop
vertex 15.737720489501953 -57.281028747558594 5
vertex 6.187719821929932 -57.281028747558594 3.549999952316284
vertex 1.6377201080322266 -57.281028747558594 5
endloop
endfacet
facet normal 0 -1 0
outer loop
vertex 49.187721252441406 -14.68102741241455 3.549999952316284
vertex 53.73772048950195 -14.68102741241455 0
vertex 53.73772048950195 -14.68102741241455 5
endloop
endfacet
facet normal 0 1 0
outer loop
vertex 15.737720489501953 -0.28102779388427734 0
vertex 11.18772029876709 -0.28102779388427734 3.549999952316284
vertex 15.737720489501953 -0.28102779388427734 5
endloop
endfacet
facet normal -1 0 0
outer loop
vertex 15.737720489501953 -5.181027889251709 0
vertex 15.737720489501953 -19.281028747558594 0
vertex 15.737720489501953 -5.181027889251709 5
endloop
endfacet
facet normal 0.8660253984932259 0.5000000091646493 0
outer loop
vertex 61.16948318481445 39.41349411010742 0
vertex 54.119483947753906 51.62445068359375 0
vertex 61.16948318481445 39.41349411010742 5
endloop
endfacet
facet normal 0 1 0
outer loop
vertex -3.262279987335205 -21.656028747558594 0
vertex -7.812280178070068 -21.656028747558594 0
vertex -7.812280178070068 -21.656028747558594 3.549999952316284
endloop
endfacet
facet normal 0 -1 0
outer loop
vertex -36.362281799316406 -43.181026458740234 5
vertex -31.812280654907227 -43.181026458740234 3.549999952316284
vertex -26.812280654907227 -43.181026458740234 3.549999952316284
endloop
endfacet
facet normal 0 -1 0
outer loop
vertex 30.187719345092773 -2.806027889251709 0
vertex 34.73772048950195 -2.806027889251709 0
vertex 30.187719345092773 -2.806027889251709 3.549999952316284
endloop
endfacet
facet normal 0.5000003617709581 -0.8660251949157779 0
outer loop
vertex 58.059898376464844 53.899452209472656 0
vertex 58.059898376464844 53.899452209472656 3.549999952316284
vertex 54.119483947753906 51.62445068359375 0
endloop
endfacet
facet normal 0 1 0
outer loop
vertex 53.73772048950195 -28.781028747558594 0
vertex 49.187721252441406 -28.781028747558594 3.549999952316284
vertex 53.73772048950195 -28.781028747558594 5
endloop
endfacet
facet normal -0.5000002699882772 0.8660252479065143 -3.3256261420606704e-7
outer loop
vertex 73.38043975830078 46.46349334716797 5
vertex 69.44002532958984 44.18849182128906 3.549999952316284
vertex 65.10990142822266 41.68849182128906 3.549999952316284
endloop
endfacet
facet normal 0 -1 0
outer loop
vertex 30.187719345092773 -21.806028366088867 0
vertex 34.73772048950195 -21.806028366088867 0
vertex 30.187719345092773 -21.806028366088867 3.549999952316284
endloop
endfacet
facet normal 0 1 0
outer loop
vertex 44.187721252441406 9.218972206115723 0
vertex 39.637718200683594 9.218972206115723 0
vertex 44.187721252441406 9.218972206115723 3.549999952316284
endloop
endfacet
facet normal 0 1 0
outer loop
vertex 44.187721252441406 -47.781028747558594 3.549999952316284
vertex 39.637718200683594 -47.781028747558594 5
vertex 53.73772048950195 -47.781028747558594 5
endloop
endfacet
facet normal 0 -1 0
outer loop
vertex -64.8122787475586 -19.431028366088867 3.549999952316284
vertex -60.26227951049805 -19.431028366088867 0
vertex -60.26227951049805 -19.431028366088867 5
endloop
endfacet
facet normal -1 0 0
outer loop
vertex 53.73772048950195 -33.681026458740234 5
vertex 53.73772048950195 -47.781028747558594 0
vertex 53.73772048950195 -47.781028747558594 5
endloop
endfacet
facet normal 0 1 0
outer loop
vertex 34.73772048950195 -35.906028747558594 5
vertex 25.187719345092773 -35.906028747558594 3.549999952316284
vertex 20.637720108032227 -35.906028747558594 5
endloop
endfacet
facet normal 0 1 0
outer loop
vertex 15.737720489501953 -19.281028747558594 0
vertex 11.18772029876709 -19.281028747558594 0
vertex 11.18772029876709 -19.281028747558594 3.549999952316284
endloop
endfacet
facet normal 0 -1 0
outer loop
vertex -64.8122787475586 -38.431026458740234 3.549999952316284
vertex -60.26227951049805 -38.431026458740234 0
vertex -60.26227951049805 -38.431026458740234 5
endloop
endfacet
facet normal 0 -1 0
outer loop
vertex 1.6377201080322266 -5.181027889251709 0
vertex 6.187719821929932 -5.181027889251709 0
vertex 6.187719821929932 -5.181027889251709 3.549999952316284
endloop
endfacet
facet normal 0 1 0
outer loop
vertex -12.81227970123291 -40.656028747558594 0
vertex -17.362279891967773 -40.656028747558594 0
vertex -12.81227970123291 -40.656028747558594 3.549999952316284
endloop
endfacet
facet normal 0 -1 0
outer loop
vertex 20.637720108032227 16.193971633911133 5
vertex 20.637720108032227 16.193971633911133 0
vertex 25.187719345092773 16.193971633911133 3.549999952316284
endloop
endfacet
facet normal 1 0 0
outer loop
vertex 1.6377201080322266 13.81897258758545 5
vertex 1.6377201080322266 -0.28102779388427734 5
vertex 1.6377201080322266 13.81897258758545 0
endloop
endfacet
facet normal 0 -1 0
outer loop
vertex 6.187719821929932 -24.181028366088867 0
vertex 6.187719821929932 -24.181028366088867 3.549999952316284
vertex 1.6377201080322266 -24.181028366088867 0
endloop
endfacet
facet normal 0 -1 0
outer loop
vertex -17.362279891967773 11.44397258758545 5
vertex -7.812280178070068 11.44397258758545 3.549999952316284
vertex -3.262279987335205 11.44397258758545 5
endloop
endfacet
facet normal 1 0 0
outer loop
vertex 39.637718200683594 -33.681026458740234 0
vertex 39.637718200683594 -47.781028747558594 5
vertex 39.637718200683594 -47.781028747558594 0
endloop
endfacet
facet normal 0 -1 0
outer loop
vertex 20.637720108032227 -21.806028366088867 5
vertex 25.187719345092773 -21.806028366088867 3.549999952316284
vertex 30.187719345092773 -21.806028366088867 3.549999952316284
endloop
endfacet
facet normal 0 -1 0
outer loop
vertex -26.812280654907227 -24.181028366088867 3.549999952316284
vertex -22.262279510498047 -24.181028366088867 0
vertex -22.262279510498047 -24.181028366088867 5
endloop
endfacet
facet normal 1 0 0
outer loop
vertex -74.3622817993164 -38.431026458740234 0
vertex -74.3622817993164 -52.531028747558594 5
vertex -74.3622817993164 -52.531028747558594 0
endloop
endfacet
facet normal 0 1 0
outer loop
vertex -60.26227951049805 4.468972206115723 5
vertex -69.8122787475586 4.468972206115723 3.549999952316284
vertex -74.3622817993164 4.468972206115723 5
endloop
endfacet
facet normal 0 1 0
outer loop
vertex 15.737720489501953 -19.281028747558594 5
vertex 11.18772029876709 -19.281028747558594 3.549999952316284
vertex 6.187719821929932 -19.281028747558594 3.549999952316284
endloop
endfacet
facet normal 0 1 0
outer loop
vertex -64.8122787475586 23.468971252441406 3.549999952316284
vertex -69.8122787475586 23.468971252441406 3.549999952316284
vertex -60.26227951049805 23.468971252441406 5
endloop
endfacet
facet normal 0 -1 0
outer loop
vertex 39.637718200683594 23.318971633911133 5
vertex 39.637718200683594 23.318971633911133 0
vertex 44.187721252441406 23.318971633911133 3.549999952316284
endloop
endfacet
facet normal 0 -1 0
outer loop
vertex -74.3622817993164 18.568971633911133 5
vertex -64.8122787475586 18.568971633911133 3.549999952316284
vertex -60.26227951049805 18.568971633911133 5
endloop
endfacet
facet normal 1 0 0
outer loop
vertex 39.637718200683594 -28.781028747558594 5
vertex 39.637718200683594 -14.68102741241455 0
vertex 39.637718200683594 -14.68102741241455 5
endloop
endfacet
facet normal 0 1 0
outer loop
vertex -41.26227951049805 4.468972206115723 5
vertex -50.812278747558594 4.468972206115723 3.549999952316284
vertex -55.362281799316406 4.468972206115723 5
endloop
endfacet
facet normal 0 -1 0
outer loop
vertex 39.637718200683594 23.318971633911133 5
vertex 44.187721252441406 23.318971633911133 3.549999952316284
vertex 49.187721252441406 23.318971633911133 3.549999952316284
endloop
endfacet
facet normal 0 1 0
outer loop
vertex -41.26227951049805 23.468971252441406 5
vertex -50.812278747558594 23.468971252441406 3.549999952316284
vertex -55.362281799316406 23.468971252441406 5
endloop
endfacet
facet normal 0 -1 0
outer loop
vertex 39.637718200683594 4.318972110748291 5
vertex 49.187721252441406 4.318972110748291 3.549999952316284
vertex 53.73772048950195 4.318972110748291 5
endloop
endfacet
facet normal 0 -1 0
outer loop
vertex -55.362281799316406 37.568973541259766 0
vertex -50.812278747558594 37.568973541259766 3.549999952316284
vertex -55.362281799316406 37.568973541259766 5
endloop
endfacet
facet normal -1 0 0
outer loop
vertex -3.262279987335205 11.44397258758545 0
vertex -3.262279987335205 -2.6560277938842773 0
vertex -3.262279987335205 11.44397258758545 5
endloop
endfacet
facet normal 0 -1 0
outer loop
vertex -74.3622817993164 37.568973541259766 5
vertex -64.8122787475586 37.568973541259766 3.549999952316284
vertex -60.26227951049805 37.568973541259766 5
endloop
endfacet
facet normal 0 -1 0
outer loop
vertex 20.637720108032227 -2.806027889251709 0
vertex 25.187719345092773 -2.806027889251709 3.549999952316284
vertex 20.637720108032227 -2.806027889251709 5
endloop
endfacet
facet normal 0 -1 0
outer loop
vertex -36.362281799316406 13.81897258758545 0
vertex -31.812280654907227 13.81897258758545 3.549999952316284
vertex -36.362281799316406 13.81897258758545 5
endloop
endfacet
facet normal 1 0 0
outer loop
vertex -36.362281799316406 -43.181026458740234 0
vertex -36.362281799316406 -57.281028747558594 5
vertex -36.362281799316406 -57.281028747558594 0
endloop
endfacet
facet normal 1 0 0
outer loop
vertex -36.362281799316406 -0.28102779388427734 5
vertex -36.362281799316406 13.81897258758545 0
vertex -36.362281799316406 13.81897258758545 5
endloop
endfacet
facet normal -0.49999936993907207 0.8660257675499794 0
outer loop
vertex 65.10990142822266 41.68849182128906 3.549999952316284
vertex 61.16948318481445 39.41349411010742 0
vertex 61.16948318481445 39.41349411010742 5
endloop
endfacet
facet normal 1 0 0
outer loop
vertex 20.637720108032227 -35.906028747558594 5
vertex 20.637720108032227 -21.806028366088867 0
vertex 20.637720108032227 -21.806028366088867 5
endloop
endfacet
facet normal 0 1 0
outer loop
vertex -22.262279510498047 -57.281028747558594 5
vertex -31.812280654907227 -57.281028747558594 3.549999952316284
vertex -36.362281799316406 -57.281028747558594 5
endloop
endfacet
facet normal 0 1 0
outer loop
vertex -22.262279510498047 18.718971252441406 0
vertex -26.812280654907227 18.718971252441406 3.549999952316284
vertex -22.262279510498047 18.718971252441406 5
endloop
endfacet
facet normal 0 -1 0
outer loop
vertex 30.187719345092773 -21.806028366088867 3.549999952316284
vertex 34.73772048950195 -21.806028366088867 0
vertex 34.73772048950195 -21.806028366088867 5
endloop
endfacet
facet normal 0 1 0
outer loop
vertex -3.262279987335205 -59.656028747558594 5
vertex -7.812280178070068 -59.656028747558594 3.549999952316284
vertex -12.81227970123291 -59.656028747558594 3.549999952316284
endloop
endfacet
facet normal 0 1 0
outer loop
vertex -60.26227951049805 23.468971252441406 0
vertex -64.8122787475586 23.468971252441406 0
vertex -64.8122787475586 23.468971252441406 3.549999952316284
endloop
endfacet
facet normal 0 -1 0
outer loop
vertex -7.812280178070068 11.44397258758545 3.549999952316284
vertex -3.262279987335205 11.44397258758545 0
vertex -3.262279987335205 11.44397258758545 5
endloop
endfacet
facet normal -1 0 0
outer loop
vertex 15.737720489501953 -5.181027889251709 5
vertex 15.737720489501953 -19.281028747558594 0
vertex 15.737720489501953 -19.281028747558594 5
endloop
endfacet
facet normal 0 -1 0
outer loop
vertex 53.73772048950195 4.318972110748291 0
vertex 49.187721252441406 4.318972110748291 3.549999952316284
vertex 49.187721252441406 4.318972110748291 0
endloop
endfacet
facet normal 0 1 0
outer loop
vertex -50.812278747558594 -33.531028747558594 3.549999952316284
vertex -55.362281799316406 -33.531028747558594 0
vertex -55.362281799316406 -33.531028747558594 5
endloop
endfacet
facet normal 0 1 0
outer loop
vertex -22.262279510498047 -0.28102779388427734 5
vertex -26.812280654907227 -0.28102779388427734 3.549999952316284
vertex -31.812280654907227 -0.28102779388427734 3.549999952316284
endloop
endfacet
facet normal 0 1 0
outer loop
vertex -60.26227951049805 -52.531028747558594 0
vertex -64.8122787475586 -52.531028747558594 0
vertex -64.8122787475586 -52.531028747558594 3.549999952316284
endloop
endfacet
facet normal 0 1 0
outer loop
vertex -22.262279510498047 18.718971252441406 5
vertex -26.812280654907227 18.718971252441406 3.549999952316284
vertex -31.812280654907227 18.718971252441406 3.549999952316284
endloop
endfacet
facet normal 0 -1 0
outer loop
vertex 30.187719345092773 16.193971633911133 3.549999952316284
vertex 34.73772048950195 16.193971633911133 0
vertex 34.73772048950195 16.193971633911133 5
endloop
endfacet
facet normal 0 1 0
outer loop
vertex -22.262279510498047 -57.281028747558594 5
vertex -26.812280654907227 -57.281028747558594 3.549999952316284
vertex -31.812280654907227 -57.281028747558594 3.549999952316284
endloop
endfacet
facet normal 1 0 0
outer loop
vertex 39.637718200683594 4.318972110748291 5
vertex 39.637718200683594 -9.781027793884277 5
vertex 39.637718200683594 4.318972110748291 0
endloop
endfacet
facet normal 1 0 0
outer loop
vertex -17.362279891967773 -2.6560277938842773 5
vertex -17.362279891967773 11.44397258758545 0
vertex -17.362279891967773 11.44397258758545 5
endloop
endfacet
facet normal 0 1 0
outer loop
vertex 44.187721252441406 -28.781028747558594 0
vertex 39.637718200683594 -28.781028747558594 0
vertex 44.187721252441406 -28.781028747558594 3.549999952316284
endloop
endfacet
facet normal 0 1 0
outer loop
vertex -12.81227970123291 -40.656028747558594 3.549999952316284
vertex -17.362279891967773 -40.656028747558594 0
vertex -17.362279891967773 -40.656028747558594 5
endloop
endfacet
facet normal 0 -1 0
outer loop
vertex -45.812278747558594 -0.4310277998447418 3.549999952316284
vertex -41.26227951049805 -0.4310277998447418 0
vertex -41.26227951049805 -0.4310277998447418 5
endloop
endfacet
facet normal 0 -1 0
outer loop
vertex -36.362281799316406 32.818973541259766 5
vertex -36.362281799316406 32.818973541259766 0
vertex -31.812280654907227 32.818973541259766 3.549999952316284
endloop
endfacet
facet normal 0 -1 0
outer loop
vertex -64.8122787475586 37.568973541259766 3.549999952316284
vertex -60.26227951049805 37.568973541259766 0
vertex -60.26227951049805 37.568973541259766 5
endloop
endfacet
facet normal 0.9510565167913244 0.3090169928478903 0
outer loop
vertex 39.273582458496094 30.66045379638672 0
vertex 34.91644287109375 44.070350646972656 0
vertex 39.273582458496094 30.66045379638672 5
endloop
endfacet
facet normal 0 -1 0
outer loop
vertex -55.362281799316406 -38.431026458740234 0
vertex -50.812278747558594 -38.431026458740234 0
vertex -50.812278747558594 -38.431026458740234 3.549999952316284
endloop
endfacet
facet normal 0 -1 0
outer loop
vertex -26.812280654907227 13.81897258758545 0
vertex -22.262279510498047 13.81897258758545 0
vertex -26.812280654907227 13.81897258758545 3.549999952316284
endloop
endfacet
facet normal 0 -1 0
outer loop
vertex 39.637718200683594 -33.681026458740234 0
vertex 44.187721252441406 -33.681026458740234 0
vertex 44.187721252441406 -33.681026458740234 3.549999952316284
endloop
endfacet
facet normal 1 0 0
outer loop
vertex -36.362281799316406 -57.281028747558594 5
vertex -36.362281799316406 -43.181026458740234 0
vertex -36.362281799316406 -43.181026458740234 5
endloop
endfacet
facet normal 0 -1 0
outer loop
vertex -12.81227970123291 11.44397258758545 0
vertex -12.81227970123291 11.44397258758545 3.549999952316284
vertex -17.362279891967773 11.44397258758545 0
endloop
endfacet
facet normal 0 1 0
outer loop
vertex -31.812280654907227 -38.281028747558594 3.549999952316284
vertex -36.362281799316406 -38.281028747558594 0
vertex -36.362281799316406 -38.281028747558594 5
endloop
endfacet
facet normal -1 0 0
outer loop
vertex 53.73772048950195 -14.68102741241455 5
vertex 53.73772048950195 -28.781028747558594 0
vertex 53.73772048950195 -28.781028747558594 5
endloop
endfacet
facet normal -1 0 0
outer loop
vertex 34.73772048950195 -40.806026458740234 0
vertex 34.73772048950195 -54.906028747558594 0
vertex 34.73772048950195 -40.806026458740234 5
endloop
endfacet
facet normal 0 1 0
outer loop
vertex -31.812280654907227 -0.28102779388427734 3.549999952316284
vertex -36.362281799316406 -0.28102779388427734 0
vertex -36.362281799316406 -0.28102779388427734 5
endloop
endfacet
facet normal 0 -1 0
outer loop
vertex -17.362279891967773 -7.556027889251709 5
vertex -12.81227970123291 -7.556027889251709 3.549999952316284
vertex -7.812280178070068 -7.556027889251709 3.549999952316284
endloop
endfacet
facet normal -1 0 0
outer loop
vertex 53.73772048950195 -33.681026458740234 0
vertex 53.73772048950195 -47.781028747558594 0
vertex 53.73772048950195 -33.681026458740234 5
endloop
endfacet
facet normal 0 -1 0
outer loop
vertex -36.362281799316406 32.818973541259766 5
vertex -26.812280654907227 32.818973541259766 3.549999952316284
vertex -22.262279510498047 32.818973541259766 5
endloop
endfacet
facet normal 0 1 0
outer loop
vertex -69.8122787475586 23.468971252441406 0
vertex -74.3622817993164 23.468971252441406 0
vertex -69.8122787475586 23.468971252441406 3.549999952316284
endloop
endfacet
facet normal 0 1 0
outer loop
vertex -22.262279510498047 -57.281028747558594 0
vertex -26.812280654907227 -57.281028747558594 3.549999952316284
vertex -22.262279510498047 -57.281028747558594 5
endloop
endfacet
facet normal 0 1 0
outer loop
vertex 6.187719821929932 -19.281028747558594 3.549999952316284
vertex 1.6377201080322266 -19.281028747558594 0
vertex 1.6377201080322266 -19.281028747558594 5
endloop
endfacet
facet normal 0 1 0
outer loop
vertex -41.26227951049805 -14.531027793884277 5
vertex -45.812278747558594 -14.531027793884277 3.549999952316284
vertex -50.812278747558594 -14.531027793884277 3.549999952316284
endloop
endfacet
facet normal 0 1 0
outer loop
vertex -22.262279510498047 -0.28102779388427734 0
vertex -26.812280654907227 -0.28102779388427734 3.549999952316284
vertex -22.262279510498047 -0.28102779388427734 5
endloop
endfacet
facet normal 0.30901718003562595 -0.9510564559703222 0
outer loop
vertex 34.91644287109375 44.070350646972656 0
vertex 39.243751525878906 45.47637939453125 3.549999952316284
vertex 34.91644287109375 44.070350646972656 5
endloop
endfacet
facet normal 0 1 0
outer loop
vertex 15.737720489501953 -38.281028747558594 5
vertex 6.187719821929932 -38.281028747558594 3.549999952316284
vertex 1.6377201080322266 -38.281028747558594 5
endloop
endfacet
facet normal 0 -1 0
outer loop
vertex -41.26227951049805 -19.431028366088867 0
vertex -45.812278747558594 -19.431028366088867 3.549999952316284
vertex -45.812278747558594 -19.431028366088867 0
endloop
endfacet
facet normal 0 -1 0
outer loop
vertex -64.8122787475586 18.568971633911133 3.549999952316284
vertex -60.26227951049805 18.568971633911133 0
vertex -60.26227951049805 18.568971633911133 5
endloop
endfacet
facet normal 0 -1 0
outer loop
vertex -74.3622817993164 -19.431028366088867 5
vertex -69.8122787475586 -19.431028366088867 3.549999952316284
vertex -64.8122787475586 -19.431028366088867 3.549999952316284
endloop
endfacet
facet normal 0 -1 0
outer loop
vertex -17.362279891967773 -26.556028366088867 5
vertex -7.812280178070068 -26.556028366088867 3.549999952316284
vertex -3.262279987335205 -26.556028366088867 5
endloop
endfacet
facet normal 0 -1 0
outer loop
vertex -69.8122787475586 -0.4310277998447418 0
vertex -69.8122787475586 -0.4310277998447418 3.549999952316284
vertex -74.3622817993164 -0.4310277998447418 0
endloop
endfacet
facet normal -1 0 0
outer loop
vertex 15.737720489501953 13.81897258758545 5
vertex 15.737720489501953 -0.28102779388427734 0
vertex 15.737720489501953 -0.28102779388427734 5
endloop
endfacet
facet normal -1 0 0
outer loop
vertex -60.26227951049805 -0.4310277998447418 5
vertex -60.26227951049805 -14.531027793884277 0
vertex -60.26227951049805 -14.531027793884277 5
endloop
endfacet
facet normal 0 1 0
outer loop
vertex -41.26227951049805 4.468972206115723 0
vertex -45.812278747558594 4.468972206115723 3.549999952316284
vertex -41.26227951049805 4.468972206115723 5
endloop
endfacet
facet normal 0 1 0
outer loop
vertex -50.812278747558594 -14.531027793884277 3.549999952316284
vertex -55.362281799316406 -14.531027793884277 0
vertex -55.362281799316406 -14.531027793884277 5
endloop
endfacet
facet normal 0 1 0
outer loop
vertex -3.262279987335205 -59.656028747558594 0
vertex -7.812280178070068 -59.656028747558594 3.549999952316284
vertex -3.262279987335205 -59.656028747558594 5
endloop
endfacet
facet normal 1 0 0
outer loop
vertex -17.362279891967773 -2.6560277938842773 5
vertex -17.362279891967773 -2.6560277938842773 0
vertex -17.362279891967773 11.44397258758545 0
endloop
endfacet
facet normal 0 -1 0
outer loop
vertex 39.637718200683594 23.318971633911133 0
vertex 44.187721252441406 23.318971633911133 0
vertex 44.187721252441406 23.318971633911133 3.549999952316284
endloop
endfacet
facet normal 0 1 0
outer loop
vertex -41.26227951049805 -33.531028747558594 0
vertex -45.812278747558594 -33.531028747558594 3.549999952316284
vertex -41.26227951049805 -33.531028747558594 5
endloop
endfacet
facet normal 0 1 0
outer loop
vertex -41.26227951049805 23.468971252441406 0
vertex -45.812278747558594 23.468971252441406 0
vertex -45.812278747558594 23.468971252441406 3.549999952316284
endloop
endfacet
facet normal 0 -1 0
outer loop
vertex -31.812280654907227 -5.181027889251709 0
vertex -31.812280654907227 -5.181027889251709 3.549999952316284
vertex -36.362281799316406 -5.181027889251709 0
endloop
endfacet
facet normal 0 1 0
outer loop
vertex -69.8122787475586 23.468971252441406 3.549999952316284
vertex -74.3622817993164 23.468971252441406 0
vertex -74.3622817993164 23.468971252441406 5
endloop
endfacet
facet normal 0 1 0
outer loop
vertex -69.8122787475586 -14.531027793884277 3.549999952316284
vertex -74.3622817993164 -14.531027793884277 0
vertex -74.3622817993164 -14.531027793884277 5
endloop
endfacet
facet normal 0 -1 0
outer loop
vertex -22.262279510498047 -5.181027889251709 0
vertex -26.812280654907227 -5.181027889251709 3.549999952316284
vertex -26.812280654907227 -5.181027889251709 0
endloop
endfacet
facet normal 1 0 0
outer loop
vertex -74.3622817993164 -33.531028747558594 5
vertex -74.3622817993164 -19.431028366088867 0
vertex -74.3622817993164 -19.431028366088867 5
endloop
endfacet
facet normal 0 1 0
outer loop
vertex -60.26227951049805 23.468971252441406 5
vertex -69.8122787475586 23.468971252441406 3.549999952316284
vertex -74.3622817993164 23.468971252441406 5
endloop
endfacet
facet normal 0 -1 0
outer loop
vertex -55.362281799316406 -38.431026458740234 5
vertex -50.812278747558594 -38.431026458740234 3.549999952316284
vertex -45.812278747558594 -38.431026458740234 3.549999952316284
endloop
endfacet
facet normal 0 -1 0
outer loop
vertex 1.6377201080322266 -24.181028366088867 0
vertex 6.187719821929932 -24.181028366088867 3.549999952316284
vertex 1.6377201080322266 -24.181028366088867 5
endloop
endfacet
facet normal 0 -1 0
outer loop
vertex -74.3622817993164 -38.431026458740234 5
vertex -69.8122787475586 -38.431026458740234 3.549999952316284
vertex -64.8122787475586 -38.431026458740234 3.549999952316284
endloop
endfacet
facet normal 0 1 0
outer loop
vertex 15.737720489501953 -38.281028747558594 5
vertex 11.18772029876709 -38.281028747558594 3.549999952316284
vertex 6.187719821929932 -38.281028747558594 3.549999952316284
endloop
endfacet
facet normal 0 -1 0
outer loop
vertex -55.362281799316406 -0.4310277998447418 5
vertex -45.812278747558594 -0.4310277998447418 3.549999952316284
vertex -41.26227951049805 -0.4310277998447418 5
endloop
endfacet
facet normal 0 1 0
outer loop
vertex 34.73772048950195 -54.906028747558594 5
vertex 30.187719345092773 -54.906028747558594 3.549999952316284
vertex 25.187719345092773 -54.906028747558594 3.549999952316284
endloop
endfacet
facet normal 0 -1 0
outer loop
vertex -45.812278747558594 -38.431026458740234 3.549999952316284
vertex -41.26227951049805 -38.431026458740234 0
vertex -41.26227951049805 -38.431026458740234 5
endloop
endfacet
facet normal 0 -1 0
outer loop
vertex 20.637720108032227 -21.806028366088867 0
vertex 25.187719345092773 -21.806028366088867 0
vertex 25.187719345092773 -21.806028366088867 3.549999952316284
endloop
endfacet
facet normal 0 1 0
outer loop
vertex -50.812278747558594 -52.531028747558594 3.549999952316284
vertex -55.362281799316406 -52.531028747558594 0
vertex -55.362281799316406 -52.531028747558594 5
endloop
endfacet
facet normal 1 0 0
outer loop
vertex 20.637720108032227 -54.906028747558594 0
vertex 20.637720108032227 -40.806026458740234 0
vertex 20.637720108032227 -54.906028747558594 5
endloop
endfacet
facet normal -1 0 0
outer loop
vertex -22.262279510498047 -24.181028366088867 0
vertex -22.262279510498047 -38.281028747558594 0
vertex -22.262279510498047 -24.181028366088867 5
endloop
endfacet
facet normal 0 -1 0
outer loop
vertex 20.637720108032227 -2.806027889251709 0
vertex 25.187719345092773 -2.806027889251709 0
vertex 25.187719345092773 -2.806027889251709 3.549999952316284
endloop
endfacet
facet normal 0 1 0
outer loop
vertex -69.8122787475586 -52.531028747558594 3.549999952316284
vertex -74.3622817993164 -52.531028747558594 0
vertex -74.3622817993164 -52.531028747558594 5
endloop
endfacet
facet normal 0 -1 0
outer loop
vertex -55.362281799316406 18.568971633911133 0
vertex -50.812278747558594 18.568971633911133 0
vertex -50.812278747558594 18.568971633911133 3.549999952316284
endloop
endfacet
facet normal 0 1 0
outer loop
vertex -41.26227951049805 -52.531028747558594 5
vertex -45.812278747558594 -52.531028747558594 3.549999952316284
vertex -50.812278747558594 -52.531028747558594 3.549999952316284
endloop
endfacet
facet normal 0 1 0
outer loop
vertex -50.812278747558594 -14.531027793884277 0
vertex -55.362281799316406 -14.531027793884277 0
vertex -50.812278747558594 -14.531027793884277 3.549999952316284
endloop
endfacet
facet normal 1 0 0
outer loop
vertex -36.362281799316406 18.718971252441406 0
vertex -36.362281799316406 32.818973541259766 0
vertex -36.362281799316406 18.718971252441406 5
endloop
endfacet
facet normal 0 1 0
outer loop
vertex -50.812278747558594 -33.531028747558594 0
vertex -55.362281799316406 -33.531028747558594 0
vertex -50.812278747558594 -33.531028747558594 3.549999952316284
endloop
endfacet
facet normal 1 0 0
outer loop
vertex -74.3622817993164 -14.531027793884277 0
vertex -74.3622817993164 -0.4310277998447418 0
vertex -74.3622817993164 -14.531027793884277 5
endloop
endfacet
facet normal 0 1 0
outer loop
vertex 25.187719345092773 -16.906028747558594 0
vertex 20.637720108032227 -16.906028747558594 0
vertex 25.187719345092773 -16.906028747558594 3.549999952316284
endloop
endfacet
facet normal 0 1 0
outer loop
vertex -69.8122787475586 -52.531028747558594 0
vertex -74.3622817993164 -52.531028747558594 0
vertex -69.8122787475586 -52.531028747558594 3.549999952316284
endloop
endfacet
facet normal -1 0 0
outer loop
vertex -22.262279510498047 32.818973541259766 5
vertex -22.262279510498047 18.718971252441406 0
vertex -22.262279510498047 18.718971252441406 5
endloop
endfacet
facet normal 0 1 0
outer loop
vertex 6.187719821929932 -0.28102779388427734 3.549999952316284
vertex 1.6377201080322266 -0.28102779388427734 0
vertex 1.6377201080322266 -0.28102779388427734 5
endloop
endfacet
facet normal 0 1 0
outer loop
vertex -60.26227951049805 4.468972206115723 0
vertex -64.8122787475586 4.468972206115723 3.549999952316284
vertex -60.26227951049805 4.468972206115723 5
endloop
endfacet
facet normal 0 -1 0
outer loop
vertex -17.362279891967773 -45.556026458740234 0
vertex -12.81227970123291 -45.556026458740234 3.549999952316284
vertex -17.362279891967773 -45.556026458740234 5
endloop
endfacet
facet normal 0 -1 0
outer loop
vertex -36.362281799316406 -43.181026458740234 0
vertex -31.812280654907227 -43.181026458740234 3.549999952316284
vertex -36.362281799316406 -43.181026458740234 5
endloop
endfacet
facet normal 0 1 0
outer loop
vertex 34.73772048950195 -54.906028747558594 0
vertex 30.187719345092773 -54.906028747558594 0
vertex 30.187719345092773 -54.906028747558594 3.549999952316284
endloop
endfacet
facet normal -1 0 0
outer loop
vertex -41.26227951049805 -19.431028366088867 0
vertex -41.26227951049805 -33.531028747558594 0
vertex -41.26227951049805 -19.431028366088867 5
endloop
endfacet
facet normal 0 1 0
outer loop
vertex -3.262279987335205 -2.6560277938842773 0
vertex -7.812280178070068 -2.6560277938842773 0
vertex -7.812280178070068 -2.6560277938842773 3.549999952316284
endloop
endfacet
facet normal 0 1 0
outer loop
vertex -69.8122787475586 -33.531028747558594 3.549999952316284
vertex -74.3622817993164 -33.531028747558594 0
vertex -74.3622817993164 -33.531028747558594 5
endloop
endfacet
facet normal 0 1 0
outer loop
vertex -50.812278747558594 -52.531028747558594 0
vertex -55.362281799316406 -52.531028747558594 0
vertex -50.812278747558594 -52.531028747558594 3.549999952316284
endloop
endfacet
facet normal 0 -1 0
outer loop
vertex -74.3622817993164 37.568973541259766 0
vertex -69.8122787475586 37.568973541259766 3.549999952316284
vertex -74.3622817993164 37.568973541259766 5
endloop
endfacet
facet normal -1 0 0
outer loop
vertex -3.262279987335205 -7.556027889251709 0
vertex -3.262279987335205 -21.656028747558594 0
vertex -3.262279987335205 -7.556027889251709 5
endloop
endfacet
facet normal 0 1 0
outer loop
vertex -60.26227951049805 4.468972206115723 0
vertex -64.8122787475586 4.468972206115723 0
vertex -64.8122787475586 4.468972206115723 3.549999952316284
endloop
endfacet
facet normal 1 0 0
outer loop
vertex 1.6377201080322266 -57.281028747558594 5
vertex 1.6377201080322266 -43.181026458740234 0
vertex 1.6377201080322266 -43.181026458740234 5
endloop
endfacet
facet normal 0 -1 0
outer loop
vertex 11.18772029876709 -43.181026458740234 3.549999952316284
vertex 15.737720489501953 -43.181026458740234 0
vertex 15.737720489501953 -43.181026458740234 5
endloop
endfacet
facet normal 0 1 0
outer loop
vertex 6.187719821929932 -57.281028747558594 3.549999952316284
vertex 1.6377201080322266 -57.281028747558594 0
vertex 1.6377201080322266 -57.281028747558594 5
endloop
endfacet
facet normal 0 -1 0
outer loop
vertex -74.3622817993164 37.568973541259766 5
vertex -69.8122787475586 37.568973541259766 3.549999952316284
vertex -64.8122787475586 37.568973541259766 3.549999952316284
endloop
endfacet
facet normal -1 0 0
outer loop
vertex -60.26227951049805 18.568971633911133 5
vertex -60.26227951049805 4.468972206115723 0
vertex -60.26227951049805 4.468972206115723 5
endloop
endfacet
facet normal 0 1 0
outer loop
vertex -64.8122787475586 -14.531027793884277 3.549999952316284
vertex -69.8122787475586 -14.531027793884277 3.549999952316284
vertex -60.26227951049805 -14.531027793884277 5
endloop
endfacet
facet normal 0 1 0
outer loop
vertex -12.81227970123291 -21.656028747558594 0
vertex -17.362279891967773 -21.656028747558594 0
vertex -12.81227970123291 -21.656028747558594 3.549999952316284
endloop
endfacet
facet normal 0 1 0
outer loop
vertex -60.26227951049805 -33.531028747558594 5
vertex -69.8122787475586 -33.531028747558594 3.549999952316284
vertex -74.3622817993164 -33.531028747558594 5
endloop
endfacet
facet normal 0 1 0
outer loop
vertex -41.26227951049805 -52.531028747558594 5
vertex -50.812278747558594 -52.531028747558594 3.549999952316284
vertex -55.362281799316406 -52.531028747558594 5
endloop
endfacet
facet normal 0 1 0
outer loop
vertex 53.73772048950195 -28.781028747558594 5
vertex 49.187721252441406 -28.781028747558594 3.549999952316284
vertex 44.187721252441406 -28.781028747558594 3.549999952316284
endloop
endfacet
facet normal 0 1 0
outer loop
vertex 34.73772048950195 -35.906028747558594 0
vertex 30.187719345092773 -35.906028747558594 3.549999952316284
vertex 34.73772048950195 -35.906028747558594 5
endloop
endfacet
facet normal -1 0 0
outer loop
vertex -22.262279510498047 -24.181028366088867 5
vertex -22.262279510498047 -38.281028747558594 0
vertex -22.262279510498047 -38.281028747558594 5
endloop
endfacet
facet normal 1 0 0
outer loop
vertex -55.362281799316406 -38.431026458740234 0
vertex -55.362281799316406 -52.531028747558594 5
vertex -55.362281799316406 -52.531028747558594 0
endloop
endfacet
facet normal -1 0 0
outer loop
vertex 34.73772048950195 -2.806027889251709 5
vertex 34.73772048950195 -16.906028747558594 0
vertex 34.73772048950195 -16.906028747558594 5
endloop
endfacet
facet normal -1 0 0
outer loop
vertex -3.262279987335205 -26.556028366088867 0
vertex -3.262279987335205 -40.656028747558594 0
vertex -3.262279987335205 -26.556028366088867 5
endloop
endfacet
facet normal 0 1 0
outer loop
vertex 53.73772048950195 9.218972206115723 5
vertex 49.187721252441406 9.218972206115723 3.549999952316284
vertex 44.187721252441406 9.218972206115723 3.549999952316284
endloop
endfacet
facet normal 0 1 0
outer loop
vertex 15.737720489501953 -38.281028747558594 0
vertex 11.18772029876709 -38.281028747558594 0
vertex 11.18772029876709 -38.281028747558594 3.549999952316284
endloop
endfacet
facet normal 0 1 0
outer loop
vertex -3.262279987335205 -2.6560277938842773 5
vertex -7.812280178070068 -2.6560277938842773 3.549999952316284
vertex -12.81227970123291 -2.6560277938842773 3.549999952316284
endloop
endfacet
facet normal 0 -1 0
outer loop
vertex 11.18772029876709 -24.181028366088867 0
vertex 15.737720489501953 -24.181028366088867 0
vertex 11.18772029876709 -24.181028366088867 3.549999952316284
endloop
endfacet
facet normal -0.30901718003562595 0.9510564559703222 0
outer loop
vertex 52.68347930908203 35.01759338378906 0
vertex 48.356170654296875 33.61156463623047 0
vertex 48.356170654296875 33.61156463623047 3.549999952316284
endloop
endfacet
facet normal 0 -1 0
outer loop
vertex 39.637718200683594 -14.68102741241455 5
vertex 39.637718200683594 -14.68102741241455 0
vertex 44.187721252441406 -14.68102741241455 3.549999952316284
endloop
endfacet
facet normal 0 -1 0
outer loop
vertex 1.6377201080322266 -5.181027889251709 5
vertex 6.187719821929932 -5.181027889251709 3.549999952316284
vertex 11.18772029876709 -5.181027889251709 3.549999952316284
endloop
endfacet
facet normal 0 -1 0
outer loop
vertex -55.362281799316406 18.568971633911133 5
vertex -45.812278747558594 18.568971633911133 3.549999952316284
vertex -41.26227951049805 18.568971633911133 5
endloop
endfacet
facet normal 0 -1 0
outer loop
vertex -74.3622817993164 -0.4310277998447418 5
vertex -64.8122787475586 -0.4310277998447418 3.549999952316284
vertex -60.26227951049805 -0.4310277998447418 5
endloop
endfacet
facet normal 0 -1 0
outer loop
vertex -12.81227970123291 -7.556027889251709 0
vertex -12.81227970123291 -7.556027889251709 3.549999952316284
vertex -17.362279891967773 -7.556027889251709 0
endloop
endfacet
facet normal -0.4999993699390721 0.8660257675499795 0
outer loop
vertex 65.10990142822266 41.68849182128906 0
vertex 61.16948318481445 39.41349411010742 0
vertex 65.10990142822266 41.68849182128906 3.549999952316284
endloop
endfacet
facet normal 1 0 0
outer loop
vertex 39.637718200683594 -9.781027793884277 0
vertex 39.637718200683594 4.318972110748291 0
vertex 39.637718200683594 -9.781027793884277 5
endloop
endfacet
facet normal 0 -1 0
outer loop
vertex -7.812280178070068 -45.556026458740234 0
vertex -3.262279987335205 -45.556026458740234 0
vertex -7.812280178070068 -45.556026458740234 3.549999952316284
endloop
endfacet
facet normal 0.9510565167913244 0.3090169928478903 0
outer loop
vertex 39.273582458496094 30.66045379638672 5
vertex 34.91644287109375 44.070350646972656 0
vertex 34.91644287109375 44.070350646972656 5
endloop
endfacet
facet normal 0 -1 0
outer loop
vertex 20.637720108032227 -40.806026458740234 5
vertex 30.187719345092773 -40.806026458740234 3.549999952316284
vertex 34.73772048950195 -40.806026458740234 5
endloop
endfacet
facet normal 0 1 0
outer loop
vertex 15.737720489501953 -57.281028747558594 0
vertex 11.18772029876709 -57.281028747558594 3.549999952316284
vertex 15.737720489501953 -57.281028747558594 5
endloop
endfacet
facet normal -1 0 0
outer loop
vertex 34.73772048950195 16.193971633911133 5
vertex 34.73772048950195 2.0939722061157227 0
vertex 34.73772048950195 2.0939722061157227 5
endloop
endfacet
facet normal -1 0 0
outer loop
vertex -60.26227951049805 -0.4310277998447418 0
vertex -60.26227951049805 -14.531027793884277 0
vertex -60.26227951049805 -0.4310277998447418 5
endloop
endfacet
facet normal 0 -1 0
outer loop
vertex -64.8122787475586 37.568973541259766 0
vertex -60.26227951049805 37.568973541259766 0
vertex -64.8122787475586 37.568973541259766 3.549999952316284
endloop
endfacet
facet normal 1 0 0
outer loop
vertex 20.637720108032227 2.0939722061157227 5
vertex 20.637720108032227 16.193971633911133 0
vertex 20.637720108032227 16.193971633911133 5
endloop
endfacet
facet normal 0 -1 0
outer loop
vertex -69.8122787475586 -19.431028366088867 0
vertex -69.8122787475586 -19.431028366088867 3.549999952316284
vertex -74.3622817993164 -19.431028366088867 0
endloop
endfacet
facet normal 0 1 0
outer loop
vertex -41.26227951049805 -52.531028747558594 0
vertex -45.812278747558594 -52.531028747558594 3.549999952316284
vertex -41.26227951049805 -52.531028747558594 5
endloop
endfacet
facet normal 0 1 0
outer loop
vertex -41.26227951049805 -14.531027793884277 0
vertex -45.812278747558594 -14.531027793884277 3.549999952316284
vertex -41.26227951049805 -14.531027793884277 5
endloop
endfacet
facet normal 0 -1 0
outer loop
vertex -55.362281799316406 -0.4310277998447418 5
vertex -50.812278747558594 -0.4310277998447418 3.549999952316284
vertex -45.812278747558594 -0.4310277998447418 3.549999952316284
endloop
endfacet
facet normal -1 0 0
outer loop
vertex 53.73772048950195 -9.781027793884277 0
vertex 53.73772048950195 -9.781027793884277 5
vertex 53.73772048950195 4.318972110748291 5
endloop
endfacet
facet normal 0.30901718003562595 -0.9510564559703222 0
outer loop
vertex 43.99903106689453 47.021461486816406 3.549999952316284
vertex 48.32633972167969 48.427490234375 0
vertex 48.32633972167969 48.427490234375 5
endloop
endfacet
facet normal 0 -1 0
outer loop
vertex -55.362281799316406 37.568973541259766 0
vertex -50.812278747558594 37.568973541259766 0
vertex -50.812278747558594 37.568973541259766 3.549999952316284
endloop
endfacet
facet normal -1 0 0
outer loop
vertex -60.26227951049805 37.568973541259766 5
vertex -60.26227951049805 23.468971252441406 0
vertex -60.26227951049805 23.468971252441406 5
endloop
endfacet
facet normal -0.8660252813433882 -0.5000002120740603 0
outer loop
vertex 66.33043670654297 58.6744499206543 5
vertex 73.38043975830078 46.46349334716797 0
vertex 73.38043975830078 46.46349334716797 5
endloop
endfacet
facet normal 0 1 0
outer loop
vertex 44.187721252441406 9.218972206115723 3.549999952316284
vertex 39.637718200683594 9.218972206115723 5
vertex 53.73772048950195 9.218972206115723 5
endloop
endfacet
facet normal 0 -1 0
outer loop
vertex -69.8122787475586 18.568971633911133 0
vertex -69.8122787475586 18.568971633911133 3.549999952316284
vertex -74.3622817993164 18.568971633911133 0
endloop
endfacet
facet normal 0 -1 0
outer loop
vertex -74.3622817993164 -0.4310277998447418 5
vertex -69.8122787475586 -0.4310277998447418 3.549999952316284
vertex -64.8122787475586 -0.4310277998447418 3.549999952316284
endloop
endfacet
facet normal 0 -1 0
outer loop
vertex -41.26227951049805 -38.431026458740234 0
vertex -45.812278747558594 -38.431026458740234 3.549999952316284
vertex -45.812278747558594 -38.431026458740234 0
endloop
endfacet
facet normal 0 1 0
outer loop
vertex 34.73772048950195 2.0939722061157227 0
vertex 30.187719345092773 2.0939722061157227 0
vertex 30.187719345092773 2.0939722061157227 3.549999952316284
endloop
endfacet
facet normal 0 1 0
outer loop
vertex -3.262279987335205 -21.656028747558594 5
vertex -12.81227970123291 -21.656028747558594 3.549999952316284
vertex -17.362279891967773 -21.656028747558594 5
endloop
endfacet
facet normal -1 0 0
outer loop
vertex -3.262279987335205 -7.556027889251709 5
vertex -3.262279987335205 -21.656028747558594 0
vertex -3.262279987335205 -21.656028747558594 5
endloop
endfacet
facet normal 0 -1 0
outer loop
vertex -74.3622817993164 -38.431026458740234 0
vertex -69.8122787475586 -38.431026458740234 3.549999952316284
vertex -74.3622817993164 -38.431026458740234 5
endloop
endfacet
facet normal 1 0 0
outer loop
vertex 1.6377201080322266 -57.281028747558594 0
vertex 1.6377201080322266 -52.005653381347656 0
vertex 1.6377201080322266 -57.281028747558594 5
endloop
endfacet
facet normal -1 0 0
outer loop
vertex -60.26227951049805 -19.431028366088867 5
vertex -60.26227951049805 -33.531028747558594 0
vertex -60.26227951049805 -33.531028747558594 5
endloop
endfacet
facet normal 0 1 0
outer loop
vertex -3.262279987335205 -2.6560277938842773 0
vertex -7.812280178070068 -2.6560277938842773 3.549999952316284
vertex -3.262279987335205 -2.6560277938842773 5
endloop
endfacet
facet normal 0 1 0
outer loop
vertex 6.187719821929932 -38.281028747558594 0
vertex 1.6377201080322266 -38.281028747558594 0
vertex 6.187719821929932 -38.281028747558594 3.549999952316284
endloop
endfacet
facet normal 0 1 0
outer loop
vertex -12.81227970123291 -2.6560277938842773 3.549999952316284
vertex -17.362279891967773 -2.6560277938842773 0
vertex -17.362279891967773 -2.6560277938842773 5
endloop
endfacet
facet normal 1 0 0
outer loop
vertex -36.362281799316406 -5.181027889251709 0
vertex -36.362281799316406 -19.281028747558594 5
vertex -36.362281799316406 -19.281028747558594 0
endloop
endfacet
facet normal 0 1 0
outer loop
vertex 25.187719345092773 2.0939722061157227 0
vertex 20.637720108032227 2.0939722061157227 0
vertex 25.187719345092773 2.0939722061157227 3.549999952316284
endloop
endfacet
facet normal 1 0 0
outer loop
vertex -74.3622817993164 -14.531027793884277 5
vertex -74.3622817993164 -0.4310277998447418 0
vertex -74.3622817993164 -0.4310277998447418 5
endloop
endfacet
facet normal -1 0 0
outer loop
vertex -3.262279987335205 -26.556028366088867 5
vertex -3.262279987335205 -40.656028747558594 0
vertex -3.262279987335205 -40.656028747558594 5
endloop
endfacet
facet normal 0 -1 0
outer loop
vertex 49.187721252441406 23.318971633911133 0
vertex 53.73772048950195 23.318971633911133 0
vertex 49.187721252441406 23.318971633911133 3.549999952316284
endloop
endfacet
facet normal 0 -1 0
outer loop
vertex -64.8122787475586 -38.431026458740234 0
vertex -60.26227951049805 -38.431026458740234 0
vertex -64.8122787475586 -38.431026458740234 3.549999952316284
endloop
endfacet
facet normal 0 1 0
outer loop
vertex -31.812280654907227 -57.281028747558594 0
vertex -36.362281799316406 -57.281028747558594 0
vertex -31.812280654907227 -57.281028747558594 3.549999952316284
endloop
endfacet
facet normal 0 1 0
outer loop
vertex -3.262279987335205 -21.656028747558594 0
vertex -7.812280178070068 -21.656028747558594 3.549999952316284
vertex -3.262279987335205 -21.656028747558594 5
endloop
endfacet
facet normal -0.30901718003562595 0.9510564559703222 0
outer loop
vertex 43.60089111328125 32.06648254394531 3.549999952316284
vertex 39.273582458496094 30.66045379638672 0
vertex 39.273582458496094 30.66045379638672 5
endloop
endfacet
facet normal 0 -1 0
outer loop
vertex -69.8122787475586 37.568973541259766 0
vertex -69.8122787475586 37.568973541259766 3.549999952316284
vertex -74.3622817993164 37.568973541259766 0
endloop
endfacet
facet normal 0 -1 0
outer loop
vertex 1.6377201080322266 -43.181026458740234 0
vertex 6.187719821929932 -43.181026458740234 0
vertex 6.187719821929932 -43.181026458740234 3.549999952316284
endloop
endfacet
facet normal 0 -1 0
outer loop
vertex 1.6377201080322266 -43.181026458740234 0
vertex 6.187719821929932 -43.181026458740234 3.549999952316284
vertex 1.6377201080322266 -43.181026458740234 5
endloop
endfacet
facet normal 0 -1 0
outer loop
vertex -17.362279891967773 -45.556026458740234 5
vertex -12.81227970123291 -45.556026458740234 3.549999952316284
vertex -7.812280178070068 -45.556026458740234 3.549999952316284
endloop
endfacet
facet normal 0 -1 0
outer loop
vertex -7.812280178070068 -26.556028366088867 3.549999952316284
vertex -3.262279987335205 -26.556028366088867 0
vertex -3.262279987335205 -26.556028366088867 5
endloop
endfacet
facet normal 0 1 0
outer loop
vertex -22.262279510498047 -57.281028747558594 0
vertex -26.812280654907227 -57.281028747558594 0
vertex -26.812280654907227 -57.281028747558594 3.549999952316284
endloop
endfacet
facet normal 0 -1 0
outer loop
vertex -17.362279891967773 -26.556028366088867 0
vertex -12.81227970123291 -26.556028366088867 3.549999952316284
vertex -17.362279891967773 -26.556028366088867 5
endloop
endfacet
facet normal 0 1 0
outer loop
vertex 6.187719821929932 -57.281028747558594 0
vertex 1.6377201080322266 -57.281028747558594 0
vertex 6.187719821929932 -57.281028747558594 3.549999952316284
endloop
endfacet
facet normal 0 1 0
outer loop
vertex -69.8122787475586 -33.531028747558594 0
vertex -74.3622817993164 -33.531028747558594 0
vertex -69.8122787475586 -33.531028747558594 3.549999952316284
endloop
endfacet
facet normal 0 -1 0
outer loop
vertex -74.3622817993164 -19.431028366088867 5
vertex -74.3622817993164 -19.431028366088867 0
vertex -69.8122787475586 -19.431028366088867 3.549999952316284
endloop
endfacet
facet normal 0 1 0
outer loop
vertex -50.812278747558594 23.468971252441406 0
vertex -55.362281799316406 23.468971252441406 0
vertex -50.812278747558594 23.468971252441406 3.549999952316284
endloop
endfacet
facet normal 1 0 0
outer loop
vertex 1.6377201080322266 -0.28102779388427734 0
vertex 1.6377201080322266 13.81897258758545 0
vertex 1.6377201080322266 -0.28102779388427734 5
endloop
endfacet
facet normal 1 0 0
outer loop
vertex -36.362281799316406 -19.281028747558594 5
vertex -36.362281799316406 -5.181027889251709 0
vertex -36.362281799316406 -5.181027889251709 5
endloop
endfacet
facet normal 0 -1 0
outer loop
vertex 1.6377201080322266 13.81897258758545 5
vertex 11.18772029876709 13.81897258758545 3.549999952316284
vertex 15.737720489501953 13.81897258758545 5
endloop
endfacet
facet normal 0 -1 0
outer loop
vertex -26.812280654907227 -5.181027889251709 3.549999952316284
vertex -22.262279510498047 -5.181027889251709 0
vertex -22.262279510498047 -5.181027889251709 5
endloop
endfacet
facet normal 0 -1 0
outer loop
vertex -7.812280178070068 -45.556026458740234 3.549999952316284
vertex -3.262279987335205 -45.556026458740234 0
vertex -3.262279987335205 -45.556026458740234 5
endloop
endfacet
facet normal 0 -1 0
outer loop
vertex -36.362281799316406 -5.181027889251709 0
vertex -31.812280654907227 -5.181027889251709 3.549999952316284
vertex -36.362281799316406 -5.181027889251709 5
endloop
endfacet
facet normal 0 1 0
outer loop
vertex -60.26227951049805 -14.531027793884277 5
vertex -69.8122787475586 -14.531027793884277 3.549999952316284
vertex -74.3622817993164 -14.531027793884277 5
endloop
endfacet
facet normal 0 -1 0
outer loop
vertex 1.6377201080322266 13.81897258758545 0
vertex 6.187719821929932 13.81897258758545 0
vertex 6.187719821929932 13.81897258758545 3.549999952316284
endloop
endfacet
facet normal 0 1 0
outer loop
vertex -22.262279510498047 18.718971252441406 0
vertex -26.812280654907227 18.718971252441406 0
vertex -26.812280654907227 18.718971252441406 3.549999952316284
endloop
endfacet
facet normal -1 0 0
outer loop
vertex 53.73772048950195 -14.68102741241455 0
vertex 53.73772048950195 -28.781028747558594 0
vertex 53.73772048950195 -14.68102741241455 5
endloop
endfacet
facet normal 0 -1 0
outer loop
vertex -74.3622817993164 18.568971633911133 5
vertex -74.3622817993164 18.568971633911133 0
vertex -69.8122787475586 18.568971633911133 3.549999952316284
endloop
endfacet
facet normal 0 -1 0
outer loop
vertex -17.362279891967773 -45.556026458740234 5
vertex -7.812280178070068 -45.556026458740234 3.549999952316284
vertex -3.262279987335205 -45.556026458740234 5
endloop
endfacet
facet normal 0 1 0
outer loop
vertex 15.737720489501953 -19.281028747558594 5
vertex 6.187719821929932 -19.281028747558594 3.549999952316284
vertex 1.6377201080322266 -19.281028747558594 5
endloop
endfacet
facet normal 1 0 0
outer loop
vertex 1.6377201080322266 -19.281028747558594 0
vertex 1.6377201080322266 -5.181027889251709 0
vertex 1.6377201080322266 -19.281028747558594 5
endloop
endfacet
facet normal -1 0 0
outer loop
vertex -41.26227951049805 18.568971633911133 5
vertex -41.26227951049805 4.468972206115723 0
vertex -41.26227951049805 4.468972206115723 5
endloop
endfacet
facet normal -1 0 0
outer loop
vertex 53.73772048950195 23.318971633911133 5
vertex 53.73772048950195 9.218972206115723 0
vertex 53.73772048950195 9.218972206115723 5
endloop
endfacet
facet normal -1 0 0
outer loop
vertex -3.262279987335205 11.44397258758545 5
vertex -3.262279987335205 -2.6560277938842773 0
vertex -3.262279987335205 -2.6560277938842773 5
endloop
endfacet
facet normal 0 -1 0
outer loop
vertex 30.187719345092773 -40.806026458740234 3.549999952316284
vertex 34.73772048950195 -40.806026458740234 0
vertex 34.73772048950195 -40.806026458740234 5
endloop
endfacet
facet normal 0 1 0
outer loop
vertex 6.187719821929932 -0.28102779388427734 0
vertex 1.6377201080322266 -0.28102779388427734 0
vertex 6.187719821929932 -0.28102779388427734 3.549999952316284
endloop
endfacet
facet normal 0 1 0
outer loop
vertex -7.812280178070068 -60.35602951049805 0
vertex -12.81227970123291 -60.35602951049805 3.549999952316284
vertex -7.812280178070068 -60.35602951049805 3.549999952316284
endloop
endfacet
facet normal -1 0 0
outer loop
vertex -7.812280178070068 -59.656028747558594 0
vertex -7.812280178070068 -60.35602951049805 0
vertex -7.812280178070068 -59.656028747558594 3.549999952316284
endloop
endfacet
facet normal 0 1 0
outer loop
vertex -7.812280178070068 -60.35602951049805 0
vertex -12.81227970123291 -60.35602951049805 0
vertex -12.81227970123291 -60.35602951049805 3.549999952316284
endloop
endfacet
facet normal 1 0 0
outer loop
vertex -12.81227970123291 -59.656028747558594 0
vertex -12.81227970123291 -60.35602951049805 3.549999952316284
vertex -12.81227970123291 -60.35602951049805 0
endloop
endfacet
facet normal -1 0 0
outer loop
vertex -7.812280178070068 -44.85602951049805 0
vertex -7.812280178070068 -45.556026458740234 0
vertex -7.812280178070068 -44.85602951049805 3.549999952316284
endloop
endfacet
facet normal 0 -1 0
outer loop
vertex -12.81227970123291 -44.85602951049805 0
vertex -7.812280178070068 -44.85602951049805 0
vertex -7.812280178070068 -44.85602951049805 3.549999952316284
endloop
endfacet
facet normal 1 0 0
outer loop
vertex -12.81227970123291 -45.556026458740234 3.549999952316284
vertex -12.81227970123291 -45.556026458740234 0
vertex -12.81227970123291 -44.85602951049805 0
endloop
endfacet
facet normal 1 0 0
outer loop
vertex -12.81227970123291 -60.35602951049805 3.549999952316284
vertex -12.81227970123291 -59.656028747558594 0
vertex -12.81227970123291 -59.656028747558594 3.549999952316284
endloop
endfacet
facet normal -1 0 0
outer loop
vertex -7.812280178070068 -59.656028747558594 3.549999952316284
vertex -7.812280178070068 -60.35602951049805 0
vertex -7.812280178070068 -60.35602951049805 3.549999952316284
endloop
endfacet
facet normal 1 0 0
outer loop
vertex -12.81227970123291 -45.556026458740234 3.549999952316284
vertex -12.81227970123291 -44.85602951049805 0
vertex -12.81227970123291 -44.85602951049805 3.549999952316284
endloop
endfacet
facet normal 0 -1 0
outer loop
vertex -12.81227970123291 -44.85602951049805 3.549999952316284
vertex -12.81227970123291 -44.85602951049805 0
vertex -7.812280178070068 -44.85602951049805 3.549999952316284
endloop
endfacet
facet normal -1 0 0
outer loop
vertex -7.812280178070068 -44.85602951049805 3.549999952316284
vertex -7.812280178070068 -45.556026458740234 0
vertex -7.812280178070068 -45.556026458740234 3.549999952316284
endloop
endfacet
facet normal 0 0 -1
outer loop
vertex -7.812280178070068 -60.35602951049805 3.549999952316284
vertex -12.81227970123291 -60.35602951049805 3.549999952316284
vertex -12.81227970123291 -59.656028747558594 3.549999952316284
endloop
endfacet
facet normal 0 0 -1
outer loop
vertex -7.812280178070068 -59.656028747558594 3.549999952316284
vertex -7.812280178070068 -60.35602951049805 3.549999952316284
vertex -12.81227970123291 -59.656028747558594 3.549999952316284
endloop
endfacet
facet normal 0 0 -1
outer loop
vertex -12.81227970123291 -44.85602951049805 3.549999952316284
vertex -7.812280178070068 -45.556026458740234 3.549999952316284
vertex -12.81227970123291 -45.556026458740234 3.549999952316284
endloop
endfacet
facet normal 0 0 -1
outer loop
vertex -7.812280178070068 -44.85602951049805 3.549999952316284
vertex -7.812280178070068 -45.556026458740234 3.549999952316284
vertex -12.81227970123291 -44.85602951049805 3.549999952316284
endloop
endfacet
facet normal 1 0 0
outer loop
vertex 6.187719821929932 -43.181026458740234 3.549999952316284
vertex 6.187719821929932 -43.181026458740234 0
vertex 6.187719821929932 -42.48102951049805 0
endloop
endfacet
facet normal 0 1 0
outer loop
vertex 11.18772029876709 -57.98102951049805 0
vertex 6.187719821929932 -57.98102951049805 3.549999952316284
vertex 11.18772029876709 -57.98102951049805 3.549999952316284
endloop
endfacet
facet normal 1 0 0
outer loop
vertex 6.187719821929932 -57.98102951049805 3.549999952316284
vertex 6.187719821929932 -57.281028747558594 0
vertex 6.187719821929932 -57.281028747558594 3.549999952316284
endloop
endfacet
facet normal -1 0 0
outer loop
vertex 11.18772029876709 -42.48102951049805 0
vertex 11.18772029876709 -43.181026458740234 0
vertex 11.18772029876709 -42.48102951049805 3.549999952316284
endloop
endfacet
facet normal 0 -1 0
outer loop
vertex 6.187719821929932 -42.48102951049805 0
vertex 11.18772029876709 -42.48102951049805 0
vertex 11.18772029876709 -42.48102951049805 3.549999952316284
endloop
endfacet
facet normal 0 0 -1
outer loop
vertex 6.187719821929932 -42.48102951049805 3.549999952316284
vertex 11.18772029876709 -43.181026458740234 3.549999952316284
vertex 6.187719821929932 -43.181026458740234 3.549999952316284
endloop
endfacet
facet normal -1 0 0
outer loop
vertex 11.18772029876709 -57.281028747558594 0
vertex 11.18772029876709 -57.98102951049805 0
vertex 11.18772029876709 -57.281028747558594 3.549999952316284
endloop
endfacet
facet normal 0 1 0
outer loop
vertex 11.18772029876709 -57.98102951049805 0
vertex 6.187719821929932 -57.98102951049805 0
vertex 6.187719821929932 -57.98102951049805 3.549999952316284
endloop
endfacet
facet normal 1 0 0
outer loop
vertex 6.187719821929932 -57.98102951049805 0
vertex 6.187719821929932 -57.281028747558594 0
vertex 6.187719821929932 -57.98102951049805 3.549999952316284
endloop
endfacet
facet normal 1 0 0
outer loop
vertex 6.187719821929932 -43.181026458740234 3.549999952316284
vertex 6.187719821929932 -42.48102951049805 0
vertex 6.187719821929932 -42.48102951049805 3.549999952316284
endloop
endfacet
facet normal 0 -1 0
outer loop
vertex 6.187719821929932 -42.48102951049805 3.549999952316284
vertex 6.187719821929932 -42.48102951049805 0
vertex 11.18772029876709 -42.48102951049805 3.549999952316284
endloop
endfacet
facet normal -1 0 0
outer loop
vertex 11.18772029876709 -42.48102951049805 3.549999952316284
vertex 11.18772029876709 -43.181026458740234 0
vertex 11.18772029876709 -43.181026458740234 3.549999952316284
endloop
endfacet
facet normal -1 0 0
outer loop
vertex 11.18772029876709 -57.281028747558594 3.549999952316284
vertex 11.18772029876709 -57.98102951049805 0
vertex 11.18772029876709 -57.98102951049805 3.549999952316284
endloop
endfacet
facet normal 0 0 -1
outer loop
vertex 11.18772029876709 -57.281028747558594 3.549999952316284
vertex 11.18772029876709 -57.98102951049805 3.549999952316284
vertex 6.187719821929932 -57.281028747558594 3.549999952316284
endloop
endfacet
facet normal 0 0 -1
outer loop
vertex 11.18772029876709 -57.98102951049805 3.549999952316284
vertex 6.187719821929932 -57.98102951049805 3.549999952316284
vertex 6.187719821929932 -57.281028747558594 3.549999952316284
endloop
endfacet
facet normal 0 0 -1
outer loop
vertex 11.18772029876709 -42.48102951049805 3.549999952316284
vertex 11.18772029876709 -43.181026458740234 3.549999952316284
vertex 6.187719821929932 -42.48102951049805 3.549999952316284
endloop
endfacet
facet normal -1 0 0
outer loop
vertex -26.812280654907227 -57.281028747558594 0
vertex -26.812280654907227 -57.98102951049805 0
vertex -26.812280654907227 -57.281028747558594 3.549999952316284
endloop
endfacet
facet normal 0 1 0
outer loop
vertex -26.812280654907227 -57.98102951049805 0
vertex -31.812280654907227 -57.98102951049805 0
vertex -31.812280654907227 -57.98102951049805 3.549999952316284
endloop
endfacet
facet normal 1 0 0
outer loop
vertex -31.812280654907227 -57.281028747558594 0
vertex -31.812280654907227 -57.98102951049805 3.549999952316284
vertex -31.812280654907227 -57.98102951049805 0
endloop
endfacet
facet normal 1 0 0
outer loop
vertex -31.812280654907227 -57.98102951049805 3.549999952316284
vertex -31.812280654907227 -57.281028747558594 0
vertex -31.812280654907227 -57.281028747558594 3.549999952316284
endloop
endfacet
facet normal 0 1 0
outer loop
vertex -26.812280654907227 -57.98102951049805 0
vertex -31.812280654907227 -57.98102951049805 3.549999952316284
vertex -26.812280654907227 -57.98102951049805 3.549999952316284
endloop
endfacet
facet normal -1 0 0
outer loop
vertex -26.812280654907227 -57.281028747558594 3.549999952316284
vertex -26.812280654907227 -57.98102951049805 0
vertex -26.812280654907227 -57.98102951049805 3.549999952316284
endloop
endfacet
facet normal 1 0 0
outer loop
vertex -31.812280654907227 -43.181026458740234 3.549999952316284
vertex -31.812280654907227 -42.48102951049805 0
vertex -31.812280654907227 -42.48102951049805 3.549999952316284
endloop
endfacet
facet normal -1 0 0
outer loop
vertex -26.812280654907227 -42.48102951049805 3.549999952316284
vertex -26.812280654907227 -43.181026458740234 0
vertex -26.812280654907227 -43.181026458740234 3.549999952316284
endloop
endfacet
facet normal 0 -1 0
outer loop
vertex -31.812280654907227 -42.48102951049805 3.549999952316284
vertex -31.812280654907227 -42.48102951049805 0
vertex -26.812280654907227 -42.48102951049805 3.549999952316284
endloop
endfacet
facet normal 0 0 -1
outer loop
vertex -26.812280654907227 -57.98102951049805 3.549999952316284
vertex -31.812280654907227 -57.98102951049805 3.549999952316284
vertex -31.812280654907227 -57.281028747558594 3.549999952316284
endloop
endfacet
facet normal 0 0 -1
outer loop
vertex -26.812280654907227 -57.281028747558594 3.549999952316284
vertex -26.812280654907227 -57.98102951049805 3.549999952316284
vertex -31.812280654907227 -57.281028747558594 3.549999952316284
endloop
endfacet
facet normal 0 0 -1
outer loop
vertex -31.812280654907227 -42.48102951049805 3.549999952316284
vertex -26.812280654907227 -43.181026458740234 3.549999952316284
vertex -31.812280654907227 -43.181026458740234 3.549999952316284
endloop
endfacet
facet normal 0 0 -1
outer loop
vertex -26.812280654907227 -42.48102951049805 3.549999952316284
vertex -26.812280654907227 -43.181026458740234 3.549999952316284
vertex -31.812280654907227 -42.48102951049805 3.549999952316284
endloop
endfacet
facet normal -1 0 0
outer loop
vertex -26.812280654907227 -42.48102951049805 0
vertex -26.812280654907227 -43.181026458740234 0
vertex -26.812280654907227 -42.48102951049805 3.549999952316284
endloop
endfacet
facet normal 0 -1 0
outer loop
vertex -26.812280654907227 -42.48102951049805 0
vertex -26.812280654907227 -42.48102951049805 3.549999952316284
vertex -31.812280654907227 -42.48102951049805 0
endloop
endfacet
facet normal 1 0 0
outer loop
vertex -31.812280654907227 -43.181026458740234 3.549999952316284
vertex -31.812280654907227 -43.181026458740234 0
vertex -31.812280654907227 -42.48102951049805 0
endloop
endfacet
facet normal 0 -1 0
outer loop
vertex 30.187719345092773 -40.10602951049805 0
vertex 30.187719345092773 -40.10602951049805 3.549999952316284
vertex 25.187719345092773 -40.10602951049805 0
endloop
endfacet
facet normal 1 0 0
outer loop
vertex 25.187719345092773 -40.806026458740234 3.549999952316284
vertex 25.187719345092773 -40.806026458740234 0
vertex 25.187719345092773 -40.10602951049805 0
endloop
endfacet
facet normal -1 0 0
outer loop
vertex 30.187719345092773 -54.906028747558594 0
vertex 30.187719345092773 -55.60602951049805 0
vertex 30.187719345092773 -54.906028747558594 3.549999952316284
endloop
endfacet
facet normal 0 1 0
outer loop
vertex 30.187719345092773 -55.60602951049805 0
vertex 25.187719345092773 -55.60602951049805 0
vertex 25.187719345092773 -55.60602951049805 3.549999952316284
endloop
endfacet
facet normal 1 0 0
outer loop
vertex 25.187719345092773 -54.906028747558594 0
vertex 25.187719345092773 -55.60602951049805 3.549999952316284
vertex 25.187719345092773 -55.60602951049805 0
endloop
endfacet
facet normal 0 0 -1
outer loop
vertex 30.187719345092773 -54.906028747558594 3.549999952316284
vertex 30.187719345092773 -55.60602951049805 3.549999952316284
vertex 25.187719345092773 -54.906028747558594 3.549999952316284
endloop
endfacet
facet normal 0 0 -1
outer loop
vertex 30.187719345092773 -55.60602951049805 3.549999952316284
vertex 25.187719345092773 -55.60602951049805 3.549999952316284
vertex 25.187719345092773 -54.906028747558594 3.549999952316284
endloop
endfacet
facet normal 0 0 -1
outer loop
vertex 30.187719345092773 -40.10602951049805 3.549999952316284
vertex 30.187719345092773 -40.806026458740234 3.549999952316284
vertex 25.187719345092773 -40.10602951049805 3.549999952316284
endloop
endfacet
facet normal 0 0 -1
outer loop
vertex 25.187719345092773 -40.10602951049805 3.549999952316284
vertex 30.187719345092773 -40.806026458740234 3.549999952316284
vertex 25.187719345092773 -40.806026458740234 3.549999952316284
endloop
endfacet
facet normal 1 0 0
outer loop
vertex 25.187719345092773 -55.60602951049805 3.549999952316284
vertex 25.187719345092773 -54.906028747558594 0
vertex 25.187719345092773 -54.906028747558594 3.549999952316284
endloop
endfacet
facet normal 0 1 0
outer loop
vertex 30.187719345092773 -55.60602951049805 0
vertex 25.187719345092773 -55.60602951049805 3.549999952316284
vertex 30.187719345092773 -55.60602951049805 3.549999952316284
endloop
endfacet
facet normal -1 0 0
outer loop
vertex 30.187719345092773 -54.906028747558594 3.549999952316284
vertex 30.187719345092773 -55.60602951049805 0
vertex 30.187719345092773 -55.60602951049805 3.549999952316284
endloop
endfacet
facet normal -1 0 0
outer loop
vertex 30.187719345092773 -40.10602951049805 0
vertex 30.187719345092773 -40.806026458740234 0
vertex 30.187719345092773 -40.10602951049805 3.549999952316284
endloop
endfacet
facet normal 1 0 0
outer loop
vertex 25.187719345092773 -40.806026458740234 3.549999952316284
vertex 25.187719345092773 -40.10602951049805 0
vertex 25.187719345092773 -40.10602951049805 3.549999952316284
endloop
endfacet
facet normal 0 -1 0
outer loop
vertex 25.187719345092773 -40.10602951049805 3.549999952316284
vertex 25.187719345092773 -40.10602951049805 0
vertex 30.187719345092773 -40.10602951049805 3.549999952316284
endloop
endfacet
facet normal -1 0 0
outer loop
vertex 30.187719345092773 -40.10602951049805 3.549999952316284
vertex 30.187719345092773 -40.806026458740234 0
vertex 30.187719345092773 -40.806026458740234 3.549999952316284
endloop
endfacet
facet normal 1 0 0
outer loop
vertex -50.812278747558594 -38.431026458740234 3.549999952316284
vertex -50.812278747558594 -38.431026458740234 0
vertex -50.812278747558594 -37.73102951049805 0
endloop
endfacet
facet normal -1 0 0
outer loop
vertex -45.812278747558594 -37.73102951049805 3.549999952316284
vertex -45.812278747558594 -38.431026458740234 0
vertex -45.812278747558594 -38.431026458740234 3.549999952316284
endloop
endfacet
facet normal 0 -1 0
outer loop
vertex -50.812278747558594 -37.73102951049805 3.549999952316284
vertex -50.812278747558594 -37.73102951049805 0
vertex -45.812278747558594 -37.73102951049805 3.549999952316284
endloop
endfacet
facet normal 1 0 0
outer loop
vertex -50.812278747558594 -38.431026458740234 3.549999952316284
vertex -50.812278747558594 -37.73102951049805 0
vertex -50.812278747558594 -37.73102951049805 3.549999952316284
endloop
endfacet
facet normal -1 0 0
outer loop
vertex -45.812278747558594 -52.531028747558594 3.549999952316284
vertex -45.812278747558594 -53.23102951049805 0
vertex -45.812278747558594 -53.23102951049805 3.549999952316284
endloop
endfacet
facet normal 0 1 0
outer loop
vertex -45.812278747558594 -53.23102951049805 0
vertex -50.812278747558594 -53.23102951049805 3.549999952316284
vertex -45.812278747558594 -53.23102951049805 3.549999952316284
endloop
endfacet
facet normal -1 0 0
outer loop
vertex -45.812278747558594 -37.73102951049805 3.549999952316284
vertex -45.812278747558594 -37.73102951049805 0
vertex -45.812278747558594 -38.431026458740234 0
endloop
endfacet
facet normal 0 -1 0
outer loop
vertex -45.812278747558594 -37.73102951049805 0
vertex -45.812278747558594 -37.73102951049805 3.549999952316284
vertex -50.812278747558594 -37.73102951049805 0
endloop
endfacet
facet normal 0 0 -1
outer loop
vertex -45.812278747558594 -52.531028747558594 3.549999952316284
vertex -45.812278747558594 -53.23102951049805 3.549999952316284
vertex -50.812278747558594 -52.531028747558594 3.549999952316284
endloop
endfacet
facet normal 0 0 -1
outer loop
vertex -50.812278747558594 -37.73102951049805 3.549999952316284
vertex -45.812278747558594 -38.431026458740234 3.549999952316284
vertex -50.812278747558594 -38.431026458740234 3.549999952316284
endloop
endfacet
facet normal 0 0 -1
outer loop
vertex -45.812278747558594 -37.73102951049805 3.549999952316284
vertex -45.812278747558594 -38.431026458740234 3.549999952316284
vertex -50.812278747558594 -37.73102951049805 3.549999952316284
endloop
endfacet
facet normal -1 0 0
outer loop
vertex -45.812278747558594 -52.531028747558594 0
vertex -45.812278747558594 -53.23102951049805 0
vertex -45.812278747558594 -52.531028747558594 3.549999952316284
endloop
endfacet
facet normal 0 1 0
outer loop
vertex -45.812278747558594 -53.23102951049805 0
vertex -50.812278747558594 -53.23102951049805 0
vertex -50.812278747558594 -53.23102951049805 3.549999952316284
endloop
endfacet
facet normal 1 0 0
outer loop
vertex -50.812278747558594 -52.531028747558594 0
vertex -50.812278747558594 -53.23102951049805 3.549999952316284
vertex -50.812278747558594 -53.23102951049805 0
endloop
endfacet
facet normal 0 0 -1
outer loop
vertex -45.812278747558594 -53.23102951049805 3.549999952316284
vertex -50.812278747558594 -53.23102951049805 3.549999952316284
vertex -50.812278747558594 -52.531028747558594 3.549999952316284
endloop
endfacet
facet normal 1 0 0
outer loop
vertex -50.812278747558594 -53.23102951049805 3.549999952316284
vertex -50.812278747558594 -52.531028747558594 0
vertex -50.812278747558594 -52.531028747558594 3.549999952316284
endloop
endfacet
facet normal -1 0 0
outer loop
vertex -64.8122787475586 -37.73102951049805 3.549999952316284
vertex -64.8122787475586 -38.431026458740234 0
vertex -64.8122787475586 -38.431026458740234 3.549999952316284
endloop
endfacet
facet normal 0 -1 0
outer loop
vertex -69.8122787475586 -37.73102951049805 3.549999952316284
vertex -69.8122787475586 -37.73102951049805 0
vertex -64.8122787475586 -37.73102951049805 3.549999952316284
endloop
endfacet
facet normal 1 0 0
outer loop
vertex -69.8122787475586 -38.431026458740234 3.549999952316284
vertex -69.8122787475586 -37.73102951049805 0
vertex -69.8122787475586 -37.73102951049805 3.549999952316284
endloop
endfacet
facet normal -1 0 0
outer loop
vertex -64.8122787475586 -52.531028747558594 3.549999952316284
vertex -64.8122787475586 -53.23102951049805 0
vertex -64.8122787475586 -53.23102951049805 3.549999952316284
endloop
endfacet
facet normal 0 1 0
outer loop
vertex -64.8122787475586 -53.23102951049805 0
vertex -69.8122787475586 -53.23102951049805 3.549999952316284
vertex -64.8122787475586 -53.23102951049805 3.549999952316284
endloop
endfacet
facet normal -1 0 0
outer loop
vertex -64.8122787475586 -37.73102951049805 3.549999952316284
vertex -64.8122787475586 -37.73102951049805 0
vertex -64.8122787475586 -38.431026458740234 0
endloop
endfacet
facet normal 0 -1 0
outer loop
vertex -64.8122787475586 -37.73102951049805 0
vertex -64.8122787475586 -37.73102951049805 3.549999952316284
vertex -69.8122787475586 -37.73102951049805 0
endloop
endfacet
facet normal 1 0 0
outer loop
vertex -69.8122787475586 -38.431026458740234 3.549999952316284
vertex -69.8122787475586 -38.431026458740234 0
vertex -69.8122787475586 -37.73102951049805 0
endloop
endfacet
facet normal -1 0 0
outer loop
vertex -64.8122787475586 -52.531028747558594 0
vertex -64.8122787475586 -53.23102951049805 0
vertex -64.8122787475586 -52.531028747558594 3.549999952316284
endloop
endfacet
facet normal 0 1 0
outer loop
vertex -64.8122787475586 -53.23102951049805 0
vertex -69.8122787475586 -53.23102951049805 0
vertex -69.8122787475586 -53.23102951049805 3.549999952316284
endloop
endfacet
facet normal 0 0 -1
outer loop
vertex -64.8122787475586 -53.23102951049805 3.549999952316284
vertex -69.8122787475586 -53.23102951049805 3.549999952316284
vertex -69.8122787475586 -52.531028747558594 3.549999952316284
endloop
endfacet
facet normal 0 0 -1
outer loop
vertex -64.8122787475586 -52.531028747558594 3.549999952316284
vertex -64.8122787475586 -53.23102951049805 3.549999952316284
vertex -69.8122787475586 -52.531028747558594 3.549999952316284
endloop
endfacet
facet normal 0 0 -1
outer loop
vertex -69.8122787475586 -37.73102951049805 3.549999952316284
vertex -64.8122787475586 -38.431026458740234 3.549999952316284
vertex -69.8122787475586 -38.431026458740234 3.549999952316284
endloop
endfacet
facet normal 0 0 -1
outer loop
vertex -64.8122787475586 -37.73102951049805 3.549999952316284
vertex -64.8122787475586 -38.431026458740234 3.549999952316284
vertex -69.8122787475586 -37.73102951049805 3.549999952316284
endloop
endfacet
facet normal 1 0 0
outer loop
vertex -69.8122787475586 -53.23102951049805 3.549999952316284
vertex -69.8122787475586 -52.531028747558594 0
vertex -69.8122787475586 -52.531028747558594 3.549999952316284
endloop
endfacet
facet normal 1 0 0
outer loop
vertex -69.8122787475586 -52.531028747558594 0
vertex -69.8122787475586 -53.23102951049805 3.549999952316284
vertex -69.8122787475586 -53.23102951049805 0
endloop
endfacet
facet normal 0 0 -1
outer loop
vertex 49.187721252441406 -48.48102951049805 3.549999952316284
vertex 44.187721252441406 -48.48102951049805 3.549999952316284
vertex 44.187721252441406 -47.781028747558594 3.549999952316284
endloop
endfacet
facet normal 0 0 -1
outer loop
vertex 49.187721252441406 -47.781028747558594 3.549999952316284
vertex 49.187721252441406 -48.48102951049805 3.549999952316284
vertex 44.187721252441406 -47.781028747558594 3.549999952316284
endloop
endfacet
facet normal 0 0 -1
outer loop
vertex 44.187721252441406 -32.98102951049805 3.549999952316284
vertex 49.187721252441406 -33.681026458740234 3.549999952316284
vertex 44.187721252441406 -33.681026458740234 3.549999952316284
endloop
endfacet
facet normal 0 0 -1
outer loop
vertex 49.187721252441406 -32.98102951049805 3.549999952316284
vertex 49.187721252441406 -33.681026458740234 3.549999952316284
vertex 44.187721252441406 -32.98102951049805 3.549999952316284
endloop
endfacet
facet normal 1 0 0
outer loop
vertex 44.187721252441406 -47.781028747558594 0
vertex 44.187721252441406 -48.48102951049805 3.549999952316284
vertex 44.187721252441406 -48.48102951049805 0
endloop
endfacet
facet normal 0 1 0
outer loop
vertex 49.187721252441406 -48.48102951049805 0
vertex 44.187721252441406 -48.48102951049805 0
vertex 44.187721252441406 -48.48102951049805 3.549999952316284
endloop
endfacet
facet normal -1 0 0
outer loop
vertex 49.187721252441406 -47.781028747558594 0
vertex 49.187721252441406 -48.48102951049805 0
vertex 49.187721252441406 -47.781028747558594 3.549999952316284
endloop
endfacet
facet normal 1 0 0
outer loop
vertex 44.187721252441406 -48.48102951049805 3.549999952316284
vertex 44.187721252441406 -47.781028747558594 0
vertex 44.187721252441406 -47.781028747558594 3.549999952316284
endloop
endfacet
facet normal 0 1 0
outer loop
vertex 49.187721252441406 -48.48102951049805 0
vertex 44.187721252441406 -48.48102951049805 3.549999952316284
vertex 49.187721252441406 -48.48102951049805 3.549999952316284
endloop
endfacet
facet normal -1 0 0
outer loop
vertex 49.187721252441406 -47.781028747558594 3.549999952316284
vertex 49.187721252441406 -48.48102951049805 0
vertex 49.187721252441406 -48.48102951049805 3.549999952316284
endloop
endfacet
facet normal 1 0 0
outer loop
vertex 44.187721252441406 -33.681026458740234 3.549999952316284
vertex 44.187721252441406 -33.681026458740234 0
vertex 44.187721252441406 -32.98102951049805 0
endloop
endfacet
facet normal -1 0 0
outer loop
vertex 49.187721252441406 -32.98102951049805 0
vertex 49.187721252441406 -33.681026458740234 0
vertex 49.187721252441406 -32.98102951049805 3.549999952316284
endloop
endfacet
facet normal 0 -1 0
outer loop
vertex 49.187721252441406 -32.98102951049805 0
vertex 49.187721252441406 -32.98102951049805 3.549999952316284
vertex 44.187721252441406 -32.98102951049805 0
endloop
endfacet
facet normal 1 0 0
outer loop
vertex 44.187721252441406 -33.681026458740234 3.549999952316284
vertex 44.187721252441406 -32.98102951049805 0
vertex 44.187721252441406 -32.98102951049805 3.549999952316284
endloop
endfacet
facet normal -1 0 0
outer loop
vertex 49.187721252441406 -32.98102951049805 3.549999952316284
vertex 49.187721252441406 -33.681026458740234 0
vertex 49.187721252441406 -33.681026458740234 3.549999952316284
endloop
endfacet
facet normal 0 -1 0
outer loop
vertex 44.187721252441406 -32.98102951049805 3.549999952316284
vertex 44.187721252441406 -32.98102951049805 0
vertex 49.187721252441406 -32.98102951049805 3.549999952316284
endloop
endfacet
facet normal 0 0 -1
outer loop
vertex -12.81227970123291 -25.856027603149414 3.549999952316284
vertex -7.812280178070068 -26.556028366088867 3.549999952316284
vertex -12.81227970123291 -26.556028366088867 3.549999952316284
endloop
endfacet
facet normal 0 0 -1
outer loop
vertex -7.812280178070068 -25.856027603149414 3.549999952316284
vertex -7.812280178070068 -26.556028366088867 3.549999952316284
vertex -12.81227970123291 -25.856027603149414 3.549999952316284
endloop
endfacet
facet normal -1 0 0
outer loop
vertex -7.812280178070068 -40.656028747558594 0
vertex -7.812280178070068 -41.35602951049805 0
vertex -7.812280178070068 -40.656028747558594 3.549999952316284
endloop
endfacet
facet normal 0 1 0
outer loop
vertex -7.812280178070068 -41.35602951049805 0
vertex -12.81227970123291 -41.35602951049805 0
vertex -12.81227970123291 -41.35602951049805 3.549999952316284
endloop
endfacet
facet normal 1 0 0
outer loop
vertex -12.81227970123291 -41.35602951049805 0
vertex -12.81227970123291 -40.656028747558594 0
vertex -12.81227970123291 -41.35602951049805 3.549999952316284
endloop
endfacet
facet normal 1 0 0
outer loop
vertex -12.81227970123291 -41.35602951049805 3.549999952316284
vertex -12.81227970123291 -40.656028747558594 0
vertex -12.81227970123291 -40.656028747558594 3.549999952316284
endloop
endfacet
facet normal 0 1 0
outer loop
vertex -7.812280178070068 -41.35602951049805 0
vertex -12.81227970123291 -41.35602951049805 3.549999952316284
vertex -7.812280178070068 -41.35602951049805 3.549999952316284
endloop
endfacet
facet normal -1 0 0
outer loop
vertex -7.812280178070068 -40.656028747558594 3.549999952316284
vertex -7.812280178070068 -41.35602951049805 0
vertex -7.812280178070068 -41.35602951049805 3.549999952316284
endloop
endfacet
facet normal 0 -1 0
outer loop
vertex -12.81227970123291 -25.856027603149414 3.549999952316284
vertex -12.81227970123291 -25.856027603149414 0
vertex -7.812280178070068 -25.856027603149414 3.549999952316284
endloop
endfacet
facet normal 1 0 0
outer loop
vertex -12.81227970123291 -26.556028366088867 3.549999952316284
vertex -12.81227970123291 -26.556028366088867 0
vertex -12.81227970123291 -25.856027603149414 0
endloop
endfacet
facet normal 0 -1 0
outer loop
vertex -12.81227970123291 -25.856027603149414 0
vertex -7.812280178070068 -25.856027603149414 0
vertex -7.812280178070068 -25.856027603149414 3.549999952316284
endloop
endfacet
facet normal -1 0 0
outer loop
vertex -7.812280178070068 -25.856027603149414 0
vertex -7.812280178070068 -26.556028366088867 0
vertex -7.812280178070068 -25.856027603149414 3.549999952316284
endloop
endfacet
facet normal 1 0 0
outer loop
vertex -12.81227970123291 -26.556028366088867 3.549999952316284
vertex -12.81227970123291 -25.856027603149414 0
vertex -12.81227970123291 -25.856027603149414 3.549999952316284
endloop
endfacet
facet normal -1 0 0
outer loop
vertex -7.812280178070068 -25.856027603149414 3.549999952316284
vertex -7.812280178070068 -26.556028366088867 0
vertex -7.812280178070068 -26.556028366088867 3.549999952316284
endloop
endfacet
facet normal 0 0 -1
outer loop
vertex -7.812280178070068 -41.35602951049805 3.549999952316284
vertex -12.81227970123291 -41.35602951049805 3.549999952316284
vertex -12.81227970123291 -40.656028747558594 3.549999952316284
endloop
endfacet
facet normal 0 0 -1
outer loop
vertex -7.812280178070068 -40.656028747558594 3.549999952316284
vertex -7.812280178070068 -41.35602951049805 3.549999952316284
vertex -12.81227970123291 -40.656028747558594 3.549999952316284
endloop
endfacet
facet normal -1 0 0
outer loop
vertex 11.18772029876709 -38.281028747558594 0
vertex 11.18772029876709 -38.98102951049805 0
vertex 11.18772029876709 -38.281028747558594 3.549999952316284
endloop
endfacet
facet normal 0 1 0
outer loop
vertex 11.18772029876709 -38.98102951049805 0
vertex 6.187719821929932 -38.98102951049805 0
vertex 6.187719821929932 -38.98102951049805 3.549999952316284
endloop
endfacet
facet normal 1 0 0
outer loop
vertex 6.187719821929932 -38.281028747558594 0
vertex 6.187719821929932 -38.98102951049805 3.549999952316284
vertex 6.187719821929932 -38.98102951049805 0
endloop
endfacet
facet normal 0 0 -1
outer loop
vertex 11.18772029876709 -38.281028747558594 3.549999952316284
vertex 11.18772029876709 -38.98102951049805 3.549999952316284
vertex 6.187719821929932 -38.281028747558594 3.549999952316284
endloop
endfacet
facet normal 1 0 0
outer loop
vertex 6.187719821929932 -38.98102951049805 3.549999952316284
vertex 6.187719821929932 -38.281028747558594 0
vertex 6.187719821929932 -38.281028747558594 3.549999952316284
endloop
endfacet
facet normal 0 1 0
outer loop
vertex 11.18772029876709 -38.98102951049805 0
vertex 6.187719821929932 -38.98102951049805 3.549999952316284
vertex 11.18772029876709 -38.98102951049805 3.549999952316284
endloop
endfacet
facet normal -1 0 0
outer loop
vertex 11.18772029876709 -38.281028747558594 3.549999952316284
vertex 11.18772029876709 -38.98102951049805 0
vertex 11.18772029876709 -38.98102951049805 3.549999952316284
endloop
endfacet
facet normal 0 0 -1
outer loop
vertex 6.187719821929932 -23.481027603149414 3.549999952316284
vertex 11.18772029876709 -24.181028366088867 3.549999952316284
vertex 6.187719821929932 -24.181028366088867 3.549999952316284
endloop
endfacet
facet normal 0 0 -1
outer loop
vertex 11.18772029876709 -23.481027603149414 3.549999952316284
vertex 11.18772029876709 -24.181028366088867 3.549999952316284
vertex 6.187719821929932 -23.481027603149414 3.549999952316284
endloop
endfacet
facet normal 1 0 0
outer loop
vertex 6.187719821929932 -24.181028366088867 3.549999952316284
vertex 6.187719821929932 -24.181028366088867 0
vertex 6.187719821929932 -23.481027603149414 0
endloop
endfacet
facet normal 0 -1 0
outer loop
vertex 6.187719821929932 -23.481027603149414 0
vertex 11.18772029876709 -23.481027603149414 0
vertex 11.18772029876709 -23.481027603149414 3.549999952316284
endloop
endfacet
facet normal -1 0 0
outer loop
vertex 11.18772029876709 -23.481027603149414 0
vertex 11.18772029876709 -24.181028366088867 0
vertex 11.18772029876709 -23.481027603149414 3.549999952316284
endloop
endfacet
facet normal 1 0 0
outer loop
vertex 6.187719821929932 -24.181028366088867 3.549999952316284
vertex 6.187719821929932 -23.481027603149414 0
vertex 6.187719821929932 -23.481027603149414 3.549999952316284
endloop
endfacet
facet normal 0 -1 0
outer loop
vertex 6.187719821929932 -23.481027603149414 3.549999952316284
vertex 6.187719821929932 -23.481027603149414 0
vertex 11.18772029876709 -23.481027603149414 3.549999952316284
endloop
endfacet
facet normal -1 0 0
outer loop
vertex 11.18772029876709 -23.481027603149414 3.549999952316284
vertex 11.18772029876709 -24.181028366088867 0
vertex 11.18772029876709 -24.181028366088867 3.549999952316284
endloop
endfacet
facet normal 0 0 -1
outer loop
vertex 11.18772029876709 -38.98102951049805 3.549999952316284
vertex 6.187719821929932 -38.98102951049805 3.549999952316284
vertex 6.187719821929932 -38.281028747558594 3.549999952316284
endloop
endfacet
facet normal 0 0 -1
outer loop
vertex -31.812280654907227 -23.481027603149414 3.549999952316284
vertex -26.812280654907227 -24.181028366088867 3.549999952316284
vertex -31.812280654907227 -24.181028366088867 3.549999952316284
endloop
endfacet
facet normal 0 0 -1
outer loop
vertex -26.812280654907227 -23.481027603149414 3.549999952316284
vertex -26.812280654907227 -24.181028366088867 3.549999952316284
vertex -31.812280654907227 -23.481027603149414 3.549999952316284
endloop
endfacet
facet normal 1 0 0
outer loop
vertex -31.812280654907227 -38.98102951049805 3.549999952316284
vertex -31.812280654907227 -38.281028747558594 0
vertex -31.812280654907227 -38.281028747558594 3.549999952316284
endloop
endfacet
facet normal 0 1 0
outer loop
vertex -26.812280654907227 -38.98102951049805 0
vertex -31.812280654907227 -38.98102951049805 3.549999952316284
vertex -26.812280654907227 -38.98102951049805 3.549999952316284
endloop
endfacet
facet normal -1 0 0
outer loop
vertex -26.812280654907227 -38.281028747558594 3.549999952316284
vertex -26.812280654907227 -38.98102951049805 0
vertex -26.812280654907227 -38.98102951049805 3.549999952316284
endloop
endfacet
facet normal 1 0 0
outer loop
vertex -31.812280654907227 -24.181028366088867 3.549999952316284
vertex -31.812280654907227 -24.181028366088867 0
vertex -31.812280654907227 -23.481027603149414 0
endloop
endfacet
facet normal -1 0 0
outer loop
vertex -26.812280654907227 -23.481027603149414 0
vertex -26.812280654907227 -24.181028366088867 0
vertex -26.812280654907227 -23.481027603149414 3.549999952316284
endloop
endfacet
facet normal 1 0 0
outer loop
vertex -31.812280654907227 -24.181028366088867 3.549999952316284
vertex -31.812280654907227 -23.481027603149414 0
vertex -31.812280654907227 -23.481027603149414 3.549999952316284
endloop
endfacet
facet normal 0 -1 0
outer loop
vertex -31.812280654907227 -23.481027603149414 3.549999952316284
vertex -31.812280654907227 -23.481027603149414 0
vertex -26.812280654907227 -23.481027603149414 3.549999952316284
endloop
endfacet
facet normal -1 0 0
outer loop
vertex -26.812280654907227 -23.481027603149414 3.549999952316284
vertex -26.812280654907227 -24.181028366088867 0
vertex -26.812280654907227 -24.181028366088867 3.549999952316284
endloop
endfacet
facet normal 0 -1 0
outer loop
vertex -26.812280654907227 -23.481027603149414 0
vertex -26.812280654907227 -23.481027603149414 3.549999952316284
vertex -31.812280654907227 -23.481027603149414 0
endloop
endfacet
facet normal 0 0 -1
outer loop
vertex -26.812280654907227 -38.98102951049805 3.549999952316284
vertex -31.812280654907227 -38.98102951049805 3.549999952316284
vertex -31.812280654907227 -38.281028747558594 3.549999952316284
endloop
endfacet
facet normal 0 0 -1
outer loop
vertex -26.812280654907227 -38.281028747558594 3.549999952316284
vertex -26.812280654907227 -38.98102951049805 3.549999952316284
vertex -31.812280654907227 -38.281028747558594 3.549999952316284
endloop
endfacet
facet normal -1 0 0
outer loop
vertex -26.812280654907227 -38.281028747558594 0
vertex -26.812280654907227 -38.98102951049805 0
vertex -26.812280654907227 -38.281028747558594 3.549999952316284
endloop
endfacet
facet normal 0 1 0
outer loop
vertex -26.812280654907227 -38.98102951049805 0
vertex -31.812280654907227 -38.98102951049805 0
vertex -31.812280654907227 -38.98102951049805 3.549999952316284
endloop
endfacet
facet normal 1 0 0
outer loop
vertex -31.812280654907227 -38.281028747558594 0
vertex -31.812280654907227 -38.98102951049805 3.549999952316284
vertex -31.812280654907227 -38.98102951049805 0
endloop
endfacet
facet normal 0 0 -1
outer loop
vertex 30.187719345092773 -36.60602951049805 3.549999952316284
vertex 25.187719345092773 -36.60602951049805 3.549999952316284
vertex 25.187719345092773 -35.906028747558594 3.549999952316284
endloop
endfacet
facet normal 0 0 -1
outer loop
vertex 30.187719345092773 -35.906028747558594 3.549999952316284
vertex 30.187719345092773 -36.60602951049805 3.549999952316284
vertex 25.187719345092773 -35.906028747558594 3.549999952316284
endloop
endfacet
facet normal 0 0 -1
outer loop
vertex 25.187719345092773 -21.106027603149414 3.549999952316284
vertex 30.187719345092773 -21.806028366088867 3.549999952316284
vertex 25.187719345092773 -21.806028366088867 3.549999952316284
endloop
endfacet
facet normal 0 0 -1
outer loop
vertex 30.187719345092773 -21.106027603149414 3.549999952316284
vertex 30.187719345092773 -21.806028366088867 3.549999952316284
vertex 25.187719345092773 -21.106027603149414 3.549999952316284
endloop
endfacet
facet normal 1 0 0
outer loop
vertex 25.187719345092773 -35.906028747558594 0
vertex 25.187719345092773 -36.60602951049805 3.549999952316284
vertex 25.187719345092773 -36.60602951049805 0
endloop
endfacet
facet normal 0 1 0
outer loop
vertex 30.187719345092773 -36.60602951049805 0
vertex 25.187719345092773 -36.60602951049805 0
vertex 25.187719345092773 -36.60602951049805 3.549999952316284
endloop
endfacet
facet normal -1 0 0
outer loop
vertex 30.187719345092773 -35.906028747558594 0
vertex 30.187719345092773 -36.60602951049805 0
vertex 30.187719345092773 -35.906028747558594 3.549999952316284
endloop
endfacet
facet normal 1 0 0
outer loop
vertex 25.187719345092773 -21.806028366088867 3.549999952316284
vertex 25.187719345092773 -21.806028366088867 0
vertex 25.187719345092773 -21.106027603149414 0
endloop
endfacet
facet normal 0 -1 0
outer loop
vertex 25.187719345092773 -21.106027603149414 0
vertex 30.187719345092773 -21.106027603149414 0
vertex 30.187719345092773 -21.106027603149414 3.549999952316284
endloop
endfacet
facet normal -1 0 0
outer loop
vertex 30.187719345092773 -21.106027603149414 3.549999952316284
vertex 30.187719345092773 -21.106027603149414 0
vertex 30.187719345092773 -21.806028366088867 0
endloop
endfacet
facet normal 1 0 0
outer loop
vertex 25.187719345092773 -36.60602951049805 3.549999952316284
vertex 25.187719345092773 -35.906028747558594 0
vertex 25.187719345092773 -35.906028747558594 3.549999952316284
endloop
endfacet
facet normal 0 1 0
outer loop
vertex 30.187719345092773 -36.60602951049805 0
vertex 25.187719345092773 -36.60602951049805 3.549999952316284
vertex 30.187719345092773 -36.60602951049805 3.549999952316284
endloop
endfacet
facet normal -1 0 0
outer loop
vertex 30.187719345092773 -35.906028747558594 3.549999952316284
vertex 30.187719345092773 -36.60602951049805 0
vertex 30.187719345092773 -36.60602951049805 3.549999952316284
endloop
endfacet
facet normal 1 0 0
outer loop
vertex 25.187719345092773 -21.806028366088867 3.549999952316284
vertex 25.187719345092773 -21.106027603149414 0
vertex 25.187719345092773 -21.106027603149414 3.549999952316284
endloop
endfacet
facet normal 0 -1 0
outer loop
vertex 25.187719345092773 -21.106027603149414 3.549999952316284
vertex 25.187719345092773 -21.106027603149414 0
vertex 30.187719345092773 -21.106027603149414 3.549999952316284
endloop
endfacet
facet normal -1 0 0
outer loop
vertex 30.187719345092773 -21.106027603149414 3.549999952316284
vertex 30.187719345092773 -21.806028366088867 0
vertex 30.187719345092773 -21.806028366088867 3.549999952316284
endloop
endfacet
facet normal -1 0 0
outer loop
vertex -45.812278747558594 -33.531028747558594 0
vertex -45.812278747558594 -34.23102951049805 0
vertex -45.812278747558594 -33.531028747558594 3.549999952316284
endloop
endfacet
facet normal 0 1 0
outer loop
vertex -45.812278747558594 -34.23102951049805 0
vertex -50.812278747558594 -34.23102951049805 0
vertex -50.812278747558594 -34.23102951049805 3.549999952316284
endloop
endfacet
facet normal 1 0 0
outer loop
vertex -50.812278747558594 -33.531028747558594 0
vertex -50.812278747558594 -34.23102951049805 3.549999952316284
vertex -50.812278747558594 -34.23102951049805 0
endloop
endfacet
facet normal -1 0 0
outer loop
vertex -45.812278747558594 -18.731027603149414 3.549999952316284
vertex -45.812278747558594 -19.431028366088867 0
vertex -45.812278747558594 -19.431028366088867 3.549999952316284
endloop
endfacet
facet normal 1 0 0
outer loop
vertex -50.812278747558594 -19.431028366088867 3.549999952316284
vertex -50.812278747558594 -18.731027603149414 0
vertex -50.812278747558594 -18.731027603149414 3.549999952316284
endloop
endfacet
facet normal -1 0 0
outer loop
vertex -45.812278747558594 -33.531028747558594 3.549999952316284
vertex -45.812278747558594 -34.23102951049805 0
vertex -45.812278747558594 -34.23102951049805 3.549999952316284
endloop
endfacet
facet normal 0 1 0
outer loop
vertex -45.812278747558594 -34.23102951049805 0
vertex -50.812278747558594 -34.23102951049805 3.549999952316284
vertex -45.812278747558594 -34.23102951049805 3.549999952316284
endloop
endfacet
facet normal 1 0 0
outer loop
vertex -50.812278747558594 -34.23102951049805 3.549999952316284
vertex -50.812278747558594 -33.531028747558594 0
vertex -50.812278747558594 -33.531028747558594 3.549999952316284
endloop
endfacet
facet normal 0 0 -1
outer loop
vertex -45.812278747558594 -34.23102951049805 3.549999952316284
vertex -50.812278747558594 -34.23102951049805 3.549999952316284
vertex -50.812278747558594 -33.531028747558594 3.549999952316284
endloop
endfacet
facet normal 0 0 -1
outer loop
vertex -45.812278747558594 -33.531028747558594 3.549999952316284
vertex -45.812278747558594 -34.23102951049805 3.549999952316284
vertex -50.812278747558594 -33.531028747558594 3.549999952316284
endloop
endfacet
facet normal 0 0 -1
outer loop
vertex -50.812278747558594 -18.731027603149414 3.549999952316284
vertex -45.812278747558594 -19.431028366088867 3.549999952316284
vertex -50.812278747558594 -19.431028366088867 3.549999952316284
endloop
endfacet
facet normal 0 0 -1
outer loop
vertex -45.812278747558594 -18.731027603149414 3.549999952316284
vertex -45.812278747558594 -19.431028366088867 3.549999952316284
vertex -50.812278747558594 -18.731027603149414 3.549999952316284
endloop
endfacet
facet normal 0 -1 0
outer loop
vertex -50.812278747558594 -18.731027603149414 3.549999952316284
vertex -50.812278747558594 -18.731027603149414 0
vertex -45.812278747558594 -18.731027603149414 3.549999952316284
endloop
endfacet
facet normal -1 0 0
outer loop
vertex -45.812278747558594 -18.731027603149414 0
vertex -45.812278747558594 -19.431028366088867 0
vertex -45.812278747558594 -18.731027603149414 3.549999952316284
endloop
endfacet
facet normal 0 -1 0
outer loop
vertex -50.812278747558594 -18.731027603149414 0
vertex -45.812278747558594 -18.731027603149414 0
vertex -45.812278747558594 -18.731027603149414 3.549999952316284
endloop
endfacet
facet normal 1 0 0
outer loop
vertex -50.812278747558594 -19.431028366088867 3.549999952316284
vertex -50.812278747558594 -19.431028366088867 0
vertex -50.812278747558594 -18.731027603149414 0
endloop
endfacet
facet normal -1 0 0
outer loop
vertex -64.8122787475586 -18.731027603149414 0
vertex -64.8122787475586 -19.431028366088867 0
vertex -64.8122787475586 -18.731027603149414 3.549999952316284
endloop
endfacet
facet normal 0 -1 0
outer loop
vertex -69.8122787475586 -18.731027603149414 0
vertex -64.8122787475586 -18.731027603149414 0
vertex -64.8122787475586 -18.731027603149414 3.549999952316284
endloop
endfacet
facet normal 1 0 0
outer loop
vertex -69.8122787475586 -19.431028366088867 3.549999952316284
vertex -69.8122787475586 -19.431028366088867 0
vertex -69.8122787475586 -18.731027603149414 0
endloop
endfacet
facet normal -1 0 0
outer loop
vertex -64.8122787475586 -33.531028747558594 0
vertex -64.8122787475586 -34.23102951049805 0
vertex -64.8122787475586 -33.531028747558594 3.549999952316284
endloop
endfacet
facet normal 0 1 0
outer loop
vertex -64.8122787475586 -34.23102951049805 0
vertex -69.8122787475586 -34.23102951049805 0
vertex -69.8122787475586 -34.23102951049805 3.549999952316284
endloop
endfacet
facet normal 1 0 0
outer loop
vertex -69.8122787475586 -33.531028747558594 0
vertex -69.8122787475586 -34.23102951049805 3.549999952316284
vertex -69.8122787475586 -34.23102951049805 0
endloop
endfacet
facet normal -1 0 0
outer loop
vertex -64.8122787475586 -18.731027603149414 3.549999952316284
vertex -64.8122787475586 -19.431028366088867 0
vertex -64.8122787475586 -19.431028366088867 3.549999952316284
endloop
endfacet
facet normal 0 -1 0
outer loop
vertex -69.8122787475586 -18.731027603149414 3.549999952316284
vertex -69.8122787475586 -18.731027603149414 0
vertex -64.8122787475586 -18.731027603149414 3.549999952316284
endloop
endfacet
facet normal 1 0 0
outer loop
vertex -69.8122787475586 -19.431028366088867 3.549999952316284
vertex -69.8122787475586 -18.731027603149414 0
vertex -69.8122787475586 -18.731027603149414 3.549999952316284
endloop
endfacet
facet normal -1 0 0
outer loop
vertex -64.8122787475586 -33.531028747558594 3.549999952316284
vertex -64.8122787475586 -34.23102951049805 0
vertex -64.8122787475586 -34.23102951049805 3.549999952316284
endloop
endfacet
facet normal 0 1 0
outer loop
vertex -64.8122787475586 -34.23102951049805 0
vertex -69.8122787475586 -34.23102951049805 3.549999952316284
vertex -64.8122787475586 -34.23102951049805 3.549999952316284
endloop
endfacet
facet normal 1 0 0
outer loop
vertex -69.8122787475586 -34.23102951049805 3.549999952316284
vertex -69.8122787475586 -33.531028747558594 0
vertex -69.8122787475586 -33.531028747558594 3.549999952316284
endloop
endfacet
facet normal 0 0 -1
outer loop
vertex -64.8122787475586 -34.23102951049805 3.549999952316284
vertex -69.8122787475586 -34.23102951049805 3.549999952316284
vertex -69.8122787475586 -33.531028747558594 3.549999952316284
endloop
endfacet
facet normal 0 0 -1
outer loop
vertex -64.8122787475586 -33.531028747558594 3.549999952316284
vertex -64.8122787475586 -34.23102951049805 3.549999952316284
vertex -69.8122787475586 -33.531028747558594 3.549999952316284
endloop
endfacet
facet normal 0 0 -1
outer loop
vertex -69.8122787475586 -18.731027603149414 3.549999952316284
vertex -64.8122787475586 -19.431028366088867 3.549999952316284
vertex -69.8122787475586 -19.431028366088867 3.549999952316284
endloop
endfacet
facet normal 0 0 -1
outer loop
vertex -64.8122787475586 -18.731027603149414 3.549999952316284
vertex -64.8122787475586 -19.431028366088867 3.549999952316284
vertex -69.8122787475586 -18.731027603149414 3.549999952316284
endloop
endfacet
facet normal 0 1 0
outer loop
vertex 49.187721252441406 -29.481027603149414 0
vertex 44.187721252441406 -29.481027603149414 3.549999952316284
vertex 49.187721252441406 -29.481027603149414 3.549999952316284
endloop
endfacet
facet normal -1 0 0
outer loop
vertex 49.187721252441406 -28.781028747558594 3.549999952316284
vertex 49.187721252441406 -29.481027603149414 0
vertex 49.187721252441406 -29.481027603149414 3.549999952316284
endloop
endfacet
facet normal 1 0 0
outer loop
vertex 44.187721252441406 -14.68102741241455 3.549999952316284
vertex 44.187721252441406 -13.981027603149414 0
vertex 44.187721252441406 -13.981027603149414 3.549999952316284
endloop
endfacet
facet normal 0 -1 0
outer loop
vertex 44.187721252441406 -13.981027603149414 3.549999952316284
vertex 44.187721252441406 -13.981027603149414 0
vertex 49.187721252441406 -13.981027603149414 3.549999952316284
endloop
endfacet
facet normal -1 0 0
outer loop
vertex 49.187721252441406 -13.981027603149414 3.549999952316284
vertex 49.187721252441406 -14.68102741241455 0
vertex 49.187721252441406 -14.68102741241455 3.549999952316284
endloop
endfacet
facet normal 0 0 -1
outer loop
vertex 49.187721252441406 -29.481027603149414 3.549999952316284
vertex 44.187721252441406 -29.481027603149414 3.549999952316284
vertex 44.187721252441406 -28.781028747558594 3.549999952316284
endloop
endfacet
facet normal 0 0 -1
outer loop
vertex 49.187721252441406 -28.781028747558594 3.549999952316284
vertex 49.187721252441406 -29.481027603149414 3.549999952316284
vertex 44.187721252441406 -28.781028747558594 3.549999952316284
endloop
endfacet
facet normal 0 0 -1
outer loop
vertex 44.187721252441406 -13.981027603149414 3.549999952316284
vertex 49.187721252441406 -14.68102741241455 3.549999952316284
vertex 44.187721252441406 -14.68102741241455 3.549999952316284
endloop
endfacet
facet normal 0 0 -1
outer loop
vertex 49.187721252441406 -13.981027603149414 3.549999952316284
vertex 49.187721252441406 -14.68102741241455 3.549999952316284
vertex 44.187721252441406 -13.981027603149414 3.549999952316284
endloop
endfacet
facet normal 1 0 0
outer loop
vertex 44.187721252441406 -28.781028747558594 0
vertex 44.187721252441406 -29.481027603149414 3.549999952316284
vertex 44.187721252441406 -29.481027603149414 0
endloop
endfacet
facet normal 0 1 0
outer loop
vertex 49.187721252441406 -29.481027603149414 0
vertex 44.187721252441406 -29.481027603149414 0
vertex 44.187721252441406 -29.481027603149414 3.549999952316284
endloop
endfacet
facet normal -1 0 0
outer loop
vertex 49.187721252441406 -28.781028747558594 0
vertex 49.187721252441406 -29.481027603149414 0
vertex 49.187721252441406 -28.781028747558594 3.549999952316284
endloop
endfacet
facet normal 1 0 0
outer loop
vertex 44.187721252441406 -14.68102741241455 3.549999952316284
vertex 44.187721252441406 -14.68102741241455 0
vertex 44.187721252441406 -13.981027603149414 0
endloop
endfacet
facet normal 0 -1 0
outer loop
vertex 44.187721252441406 -13.981027603149414 0
vertex 49.187721252441406 -13.981027603149414 0
vertex 49.187721252441406 -13.981027603149414 3.549999952316284
endloop
endfacet
facet normal -1 0 0
outer loop
vertex 49.187721252441406 -13.981027603149414 0
vertex 49.187721252441406 -14.68102741241455 0
vertex 49.187721252441406 -13.981027603149414 3.549999952316284
endloop
endfacet
facet normal 1 0 0
outer loop
vertex 44.187721252441406 -29.481027603149414 3.549999952316284
vertex 44.187721252441406 -28.781028747558594 0
vertex 44.187721252441406 -28.781028747558594 3.549999952316284
endloop
endfacet
facet normal 0 0 -1
outer loop
vertex -7.812280178070068 -22.356027603149414 3.549999952316284
vertex -12.81227970123291 -22.356027603149414 3.549999952316284
vertex -12.81227970123291 -21.656028747558594 3.549999952316284
endloop
endfacet
facet normal 0 0 -1
outer loop
vertex -7.812280178070068 -21.656028747558594 3.549999952316284
vertex -7.812280178070068 -22.356027603149414 3.549999952316284
vertex -12.81227970123291 -21.656028747558594 3.549999952316284
endloop
endfacet
facet normal 0 0 -1
outer loop
vertex -12.81227970123291 -6.856027603149414 3.549999952316284
vertex -7.812280178070068 -7.556027889251709 3.549999952316284
vertex -12.81227970123291 -7.556027889251709 3.549999952316284
endloop
endfacet
facet normal 0 0 -1
outer loop
vertex -7.812280178070068 -6.856027603149414 3.549999952316284
vertex -7.812280178070068 -7.556027889251709 3.549999952316284
vertex -12.81227970123291 -6.856027603149414 3.549999952316284
endloop
endfacet
facet normal 0 1 0
outer loop
vertex -7.812280178070068 -22.356027603149414 0
vertex -12.81227970123291 -22.356027603149414 0
vertex -12.81227970123291 -22.356027603149414 3.549999952316284
endloop
endfacet
facet normal 1 0 0
outer loop
vertex -12.81227970123291 -22.356027603149414 3.549999952316284
vertex -12.81227970123291 -22.356027603149414 0
vertex -12.81227970123291 -21.656028747558594 0
endloop
endfacet
facet normal -1 0 0
outer loop
vertex -7.812280178070068 -21.656028747558594 0
vertex -7.812280178070068 -22.356027603149414 0
vertex -7.812280178070068 -21.656028747558594 3.549999952316284
endloop
endfacet
facet normal 1 0 0
outer loop
vertex -12.81227970123291 -7.556027889251709 3.549999952316284
vertex -12.81227970123291 -7.556027889251709 0
vertex -12.81227970123291 -6.856027603149414 0
endloop
endfacet
facet normal -1 0 0
outer loop
vertex -7.812280178070068 -6.856027603149414 0
vertex -7.812280178070068 -7.556027889251709 0
vertex -7.812280178070068 -6.856027603149414 3.549999952316284
endloop
endfacet
facet normal 0 -1 0
outer loop
vertex -12.81227970123291 -6.856027603149414 0
vertex -7.812280178070068 -6.856027603149414 0
vertex -7.812280178070068 -6.856027603149414 3.549999952316284
endloop
endfacet
facet normal 1 0 0
outer loop
vertex -12.81227970123291 -22.356027603149414 3.549999952316284
vertex -12.81227970123291 -21.656028747558594 0
vertex -12.81227970123291 -21.656028747558594 3.549999952316284
endloop
endfacet
facet normal 0 1 0
outer loop
vertex -7.812280178070068 -22.356027603149414 0
vertex -12.81227970123291 -22.356027603149414 3.549999952316284
vertex -7.812280178070068 -22.356027603149414 3.549999952316284
endloop
endfacet
facet normal -1 0 0
outer loop
vertex -7.812280178070068 -21.656028747558594 3.549999952316284
vertex -7.812280178070068 -22.356027603149414 0
vertex -7.812280178070068 -22.356027603149414 3.549999952316284
endloop
endfacet
facet normal 1 0 0
outer loop
vertex -12.81227970123291 -7.556027889251709 3.549999952316284
vertex -12.81227970123291 -6.856027603149414 0
vertex -12.81227970123291 -6.856027603149414 3.549999952316284
endloop
endfacet
facet normal 0 -1 0
outer loop
vertex -12.81227970123291 -6.856027603149414 3.549999952316284
vertex -12.81227970123291 -6.856027603149414 0
vertex -7.812280178070068 -6.856027603149414 3.549999952316284
endloop
endfacet
facet normal -1 0 0
outer loop
vertex -7.812280178070068 -6.856027603149414 3.549999952316284
vertex -7.812280178070068 -7.556027889251709 0
vertex -7.812280178070068 -7.556027889251709 3.549999952316284
endloop
endfacet
facet normal 0 0 -1
outer loop
vertex 11.18772029876709 -19.981027603149414 3.549999952316284
vertex 6.187719821929932 -19.981027603149414 3.549999952316284
vertex 6.187719821929932 -19.281028747558594 3.549999952316284
endloop
endfacet
facet normal 0 0 -1
outer loop
vertex 11.18772029876709 -19.281028747558594 3.549999952316284
vertex 11.18772029876709 -19.981027603149414 3.549999952316284
vertex 6.187719821929932 -19.281028747558594 3.549999952316284
endloop
endfacet
facet normal 0 0 -1
outer loop
vertex 6.187719821929932 -4.481027603149414 3.549999952316284
vertex 11.18772029876709 -5.181027889251709 3.549999952316284
vertex 6.187719821929932 -5.181027889251709 3.549999952316284
endloop
endfacet
facet normal 0 0 -1
outer loop
vertex 11.18772029876709 -4.481027603149414 3.549999952316284
vertex 11.18772029876709 -5.181027889251709 3.549999952316284
vertex 6.187719821929932 -4.481027603149414 3.549999952316284
endloop
endfacet
facet normal 0 1 0
outer loop
vertex 11.18772029876709 -19.981027603149414 0
vertex 6.187719821929932 -19.981027603149414 0
vertex 6.187719821929932 -19.981027603149414 3.549999952316284
endloop
endfacet
facet normal 1 0 0
outer loop
vertex 6.187719821929932 -19.981027603149414 3.549999952316284
vertex 6.187719821929932 -19.981027603149414 0
vertex 6.187719821929932 -19.281028747558594 0
endloop
endfacet
facet normal 1 0 0
outer loop
vertex 6.187719821929932 -5.181027889251709 3.549999952316284
vertex 6.187719821929932 -5.181027889251709 0
vertex 6.187719821929932 -4.481027603149414 0
endloop
endfacet
facet normal 0 -1 0
outer loop
vertex 11.18772029876709 -4.481027603149414 0
vertex 11.18772029876709 -4.481027603149414 3.549999952316284
vertex 6.187719821929932 -4.481027603149414 0
endloop
endfacet
facet normal -1 0 0
outer loop
vertex 11.18772029876709 -19.281028747558594 0
vertex 11.18772029876709 -19.981027603149414 0
vertex 11.18772029876709 -19.281028747558594 3.549999952316284
endloop
endfacet
facet normal -1 0 0
outer loop
vertex 11.18772029876709 -4.481027603149414 0
vertex 11.18772029876709 -5.181027889251709 0
vertex 11.18772029876709 -4.481027603149414 3.549999952316284
endloop
endfacet
facet normal 0 1 0
outer loop
vertex 11.18772029876709 -19.981027603149414 0
vertex 6.187719821929932 -19.981027603149414 3.549999952316284
vertex 11.18772029876709 -19.981027603149414 3.549999952316284
endloop
endfacet
facet normal 1 0 0
outer loop
vertex 6.187719821929932 -19.981027603149414 3.549999952316284
vertex 6.187719821929932 -19.281028747558594 0
vertex 6.187719821929932 -19.281028747558594 3.549999952316284
endloop
endfacet
facet normal 1 0 0
outer loop
vertex 6.187719821929932 -5.181027889251709 3.549999952316284
vertex 6.187719821929932 -4.481027603149414 0
vertex 6.187719821929932 -4.481027603149414 3.549999952316284
endloop
endfacet
facet normal 0 -1 0
outer loop
vertex 6.187719821929932 -4.481027603149414 3.549999952316284
vertex 6.187719821929932 -4.481027603149414 0
vertex 11.18772029876709 -4.481027603149414 3.549999952316284
endloop
endfacet
facet normal -1 0 0
outer loop
vertex 11.18772029876709 -19.281028747558594 3.549999952316284
vertex 11.18772029876709 -19.981027603149414 0
vertex 11.18772029876709 -19.981027603149414 3.549999952316284
endloop
endfacet
facet normal -1 0 0
outer loop
vertex 11.18772029876709 -4.481027603149414 3.549999952316284
vertex 11.18772029876709 -5.181027889251709 0
vertex 11.18772029876709 -5.181027889251709 3.549999952316284
endloop
endfacet
facet normal 0 0 -1
outer loop
vertex -26.812280654907227 -19.981027603149414 3.549999952316284
vertex -31.812280654907227 -19.981027603149414 3.549999952316284
vertex -31.812280654907227 -19.281028747558594 3.549999952316284
endloop
endfacet
facet normal 0 0 -1
outer loop
vertex -26.812280654907227 -19.281028747558594 3.549999952316284
vertex -26.812280654907227 -19.981027603149414 3.549999952316284
vertex -31.812280654907227 -19.281028747558594 3.549999952316284
endloop
endfacet
facet normal 0 0 -1
outer loop
vertex -31.812280654907227 -4.481027603149414 3.549999952316284
vertex -26.812280654907227 -5.181027889251709 3.549999952316284
vertex -31.812280654907227 -5.181027889251709 3.549999952316284
endloop
endfacet
facet normal 0 0 -1
outer loop
vertex -26.812280654907227 -4.481027603149414 3.549999952316284
vertex -26.812280654907227 -5.181027889251709 3.549999952316284
vertex -31.812280654907227 -4.481027603149414 3.549999952316284
endloop
endfacet
facet normal 0 1 0
outer loop
vertex -26.812280654907227 -19.981027603149414 0
vertex -31.812280654907227 -19.981027603149414 0
vertex -31.812280654907227 -19.981027603149414 3.549999952316284
endloop
endfacet
facet normal 1 0 0
outer loop
vertex -31.812280654907227 -19.981027603149414 3.549999952316284
vertex -31.812280654907227 -19.981027603149414 0
vertex -31.812280654907227 -19.281028747558594 0
endloop
endfacet
facet normal -1 0 0
outer loop
vertex -26.812280654907227 -19.281028747558594 0
vertex -26.812280654907227 -19.981027603149414 0
vertex -26.812280654907227 -19.281028747558594 3.549999952316284
endloop
endfacet
facet normal 0 -1 0
outer loop
vertex -26.812280654907227 -4.481027603149414 0
vertex -26.812280654907227 -4.481027603149414 3.549999952316284
vertex -31.812280654907227 -4.481027603149414 0
endloop
endfacet
facet normal -1 0 0
outer loop
vertex -26.812280654907227 -4.481027603149414 0
vertex -26.812280654907227 -5.181027889251709 0
vertex -26.812280654907227 -4.481027603149414 3.549999952316284
endloop
endfacet
facet normal 0 1 0
outer loop
vertex -26.812280654907227 -19.981027603149414 0
vertex -31.812280654907227 -19.981027603149414 3.549999952316284
vertex -26.812280654907227 -19.981027603149414 3.549999952316284
endloop
endfacet
facet normal 1 0 0
outer loop
vertex -31.812280654907227 -5.181027889251709 3.549999952316284
vertex -31.812280654907227 -4.481027603149414 0
vertex -31.812280654907227 -4.481027603149414 3.549999952316284
endloop
endfacet
facet normal -1 0 0
outer loop
vertex -26.812280654907227 -19.281028747558594 3.549999952316284
vertex -26.812280654907227 -19.981027603149414 0
vertex -26.812280654907227 -19.981027603149414 3.549999952316284
endloop
endfacet
facet normal 0 -1 0
outer loop
vertex -31.812280654907227 -4.481027603149414 3.549999952316284
vertex -31.812280654907227 -4.481027603149414 0
vertex -26.812280654907227 -4.481027603149414 3.549999952316284
endloop
endfacet
facet normal -1 0 0
outer loop
vertex -26.812280654907227 -4.481027603149414 3.549999952316284
vertex -26.812280654907227 -5.181027889251709 0
vertex -26.812280654907227 -5.181027889251709 3.549999952316284
endloop
endfacet
facet normal 1 0 0
outer loop
vertex -31.812280654907227 -5.181027889251709 3.549999952316284
vertex -31.812280654907227 -5.181027889251709 0
vertex -31.812280654907227 -4.481027603149414 0
endloop
endfacet
facet normal 1 0 0
outer loop
vertex -31.812280654907227 -19.981027603149414 3.549999952316284
vertex -31.812280654907227 -19.281028747558594 0
vertex -31.812280654907227 -19.281028747558594 3.549999952316284
endloop
endfacet
facet normal 0 -1 0
outer loop
vertex 25.187719345092773 -2.106027841567993 0
vertex 30.187719345092773 -2.106027841567993 0
vertex 30.187719345092773 -2.106027841567993 3.549999952316284
endloop
endfacet
facet normal -1 0 0
outer loop
vertex 30.187719345092773 -2.106027841567993 0
vertex 30.187719345092773 -2.806027889251709 0
vertex 30.187719345092773 -2.106027841567993 3.549999952316284
endloop
endfacet
facet normal 1 0 0
outer loop
vertex 25.187719345092773 -2.106027841567993 3.549999952316284
vertex 25.187719345092773 -2.806027889251709 3.549999952316284
vertex 25.187719345092773 -2.106027841567993 0
endloop
endfacet
facet normal 0 -1 0
outer loop
vertex 25.187719345092773 -2.106027841567993 3.549999952316284
vertex 25.187719345092773 -2.106027841567993 0
vertex 30.187719345092773 -2.106027841567993 3.549999952316284
endloop
endfacet
facet normal 0 0 -1
outer loop
vertex 30.187719345092773 -17.606027603149414 3.549999952316284
vertex 25.187719345092773 -17.606027603149414 3.549999952316284
vertex 25.187719345092773 -16.906028747558594 3.549999952316284
endloop
endfacet
facet normal 0 0 -1
outer loop
vertex 30.187719345092773 -16.906028747558594 3.549999952316284
vertex 30.187719345092773 -17.606027603149414 3.549999952316284
vertex 25.187719345092773 -16.906028747558594 3.549999952316284
endloop
endfacet
facet normal 0 0 -1
outer loop
vertex 25.187719345092773 -2.806027889251709 3.549999952316284
vertex 25.187719345092773 -2.106027841567993 3.549999952316284
vertex 30.187719345092773 -2.806027889251709 3.549999952316284
endloop
endfacet
facet normal 1 0 0
outer loop
vertex 25.187719345092773 -16.906028747558594 0
vertex 25.187719345092773 -17.606027603149414 3.549999952316284
vertex 25.187719345092773 -17.606027603149414 0
endloop
endfacet
facet normal 0 1 0
outer loop
vertex 30.187719345092773 -17.606027603149414 0
vertex 25.187719345092773 -17.606027603149414 0
vertex 25.187719345092773 -17.606027603149414 3.549999952316284
endloop
endfacet
facet normal -1 0 0
outer loop
vertex 30.187719345092773 -16.906028747558594 0
vertex 30.187719345092773 -17.606027603149414 0
vertex 30.187719345092773 -16.906028747558594 3.549999952316284
endloop
endfacet
facet normal 1 0 0
outer loop
vertex 25.187719345092773 -2.806027889251709 3.549999952316284
vertex 25.187719345092773 -2.806027889251709 0
vertex 25.187719345092773 -2.106027841567993 0
endloop
endfacet
facet normal 1 0 0
outer loop
vertex 25.187719345092773 -17.606027603149414 3.549999952316284
vertex 25.187719345092773 -16.906028747558594 0
vertex 25.187719345092773 -16.906028747558594 3.549999952316284
endloop
endfacet
facet normal 0 1 0
outer loop
vertex 30.187719345092773 -17.606027603149414 0
vertex 25.187719345092773 -17.606027603149414 3.549999952316284
vertex 30.187719345092773 -17.606027603149414 3.549999952316284
endloop
endfacet
facet normal -1 0 0
outer loop
vertex 30.187719345092773 -16.906028747558594 3.549999952316284
vertex 30.187719345092773 -17.606027603149414 0
vertex 30.187719345092773 -17.606027603149414 3.549999952316284
endloop
endfacet
facet normal -1 0 0
outer loop
vertex 30.187719345092773 -2.806027889251709 0
vertex 30.187719345092773 -2.806027889251709 3.549999952316284
vertex 30.187719345092773 -2.106027841567993 3.549999952316284
endloop
endfacet
facet normal 0 0 -1
outer loop
vertex 30.187719345092773 -2.106027841567993 3.549999952316284
vertex 30.187719345092773 -2.806027889251709 3.549999952316284
vertex 25.187719345092773 -2.106027841567993 3.549999952316284
endloop
endfacet
facet normal 0 0 -1
outer loop
vertex -45.812278747558594 0.2689721882343292 3.549999952316284
vertex -45.812278747558594 -0.4310277998447418 3.549999952316284
vertex -50.812278747558594 0.2689721882343292 3.549999952316284
endloop
endfacet
facet normal 0 0 -1
outer loop
vertex -50.812278747558594 0.2689721882343292 3.549999952316284
vertex -45.812278747558594 -0.4310277998447418 3.549999952316284
vertex -50.812278747558594 -0.4310277998447418 3.549999952316284
endloop
endfacet
facet normal -1 0 0
outer loop
vertex -45.812278747558594 -14.531027793884277 3.549999952316284
vertex -45.812278747558594 -15.231027603149414 0
vertex -45.812278747558594 -15.231027603149414 3.549999952316284
endloop
endfacet
facet normal 0 1 0
outer loop
vertex -45.812278747558594 -15.231027603149414 0
vertex -50.812278747558594 -15.231027603149414 3.549999952316284
vertex -45.812278747558594 -15.231027603149414 3.549999952316284
endloop
endfacet
facet normal 1 0 0
outer loop
vertex -50.812278747558594 -15.231027603149414 3.549999952316284
vertex -50.812278747558594 -14.531027793884277 0
vertex -50.812278747558594 -14.531027793884277 3.549999952316284
endloop
endfacet
facet normal 0 0 -1
outer loop
vertex -45.812278747558594 -15.231027603149414 3.549999952316284
vertex -50.812278747558594 -15.231027603149414 3.549999952316284
vertex -50.812278747558594 -14.531027793884277 3.549999952316284
endloop
endfacet
facet normal 0 0 -1
outer loop
vertex -45.812278747558594 -14.531027793884277 3.549999952316284
vertex -45.812278747558594 -15.231027603149414 3.549999952316284
vertex -50.812278747558594 -14.531027793884277 3.549999952316284
endloop
endfacet
facet normal -1 0 0
outer loop
vertex -45.812278747558594 -14.531027793884277 0
vertex -45.812278747558594 -15.231027603149414 0
vertex -45.812278747558594 -14.531027793884277 3.549999952316284
endloop
endfacet
facet normal 0 1 0
outer loop
vertex -45.812278747558594 -15.231027603149414 0
vertex -50.812278747558594 -15.231027603149414 0
vertex -50.812278747558594 -15.231027603149414 3.549999952316284
endloop
endfacet
facet normal 1 0 0
outer loop
vertex -50.812278747558594 -14.531027793884277 0
vertex -50.812278747558594 -15.231027603149414 3.549999952316284
vertex -50.812278747558594 -15.231027603149414 0
endloop
endfacet
facet normal 1 0 0
outer loop
vertex -50.812278747558594 -0.4310277998447418 3.549999952316284
vertex -50.812278747558594 -0.4310277998447418 0
vertex -50.812278747558594 0.2689721882343292 0
endloop
endfacet
facet normal 0 -1 0
outer loop
vertex -50.812278747558594 0.2689721882343292 0
vertex -45.812278747558594 0.2689721882343292 0
vertex -45.812278747558594 0.2689721882343292 3.549999952316284
endloop
endfacet
facet normal -1 0 0
outer loop
vertex -45.812278747558594 0.2689721882343292 0
vertex -45.812278747558594 -0.4310277998447418 0
vertex -45.812278747558594 0.2689721882343292 3.549999952316284
endloop
endfacet
facet normal -1 0 0
outer loop
vertex -45.812278747558594 0.2689721882343292 3.549999952316284
vertex -45.812278747558594 -0.4310277998447418 0
vertex -45.812278747558594 -0.4310277998447418 3.549999952316284
endloop
endfacet
facet normal 0 -1 0
outer loop
vertex -50.812278747558594 0.2689721882343292 3.549999952316284
vertex -50.812278747558594 0.2689721882343292 0
vertex -45.812278747558594 0.2689721882343292 3.549999952316284
endloop
endfacet
facet normal 1 0 0
outer loop
vertex -50.812278747558594 -0.4310277998447418 3.549999952316284
vertex -50.812278747558594 0.2689721882343292 0
vertex -50.812278747558594 0.2689721882343292 3.549999952316284
endloop
endfacet
facet normal 0 0 -1
outer loop
vertex -64.8122787475586 0.2689721882343292 3.549999952316284
vertex -64.8122787475586 -0.4310277998447418 3.549999952316284
vertex -69.8122787475586 0.2689721882343292 3.549999952316284
endloop
endfacet
facet normal -1 0 0
outer loop
vertex -64.8122787475586 -14.531027793884277 3.549999952316284
vertex -64.8122787475586 -15.231027603149414 0
vertex -64.8122787475586 -15.231027603149414 3.549999952316284
endloop
endfacet
facet normal 0 1 0
outer loop
vertex -64.8122787475586 -15.231027603149414 0
vertex -69.8122787475586 -15.231027603149414 3.549999952316284
vertex -64.8122787475586 -15.231027603149414 3.549999952316284
endloop
endfacet
facet normal 1 0 0
outer loop
vertex -69.8122787475586 -15.231027603149414 3.549999952316284
vertex -69.8122787475586 -14.531027793884277 0
vertex -69.8122787475586 -14.531027793884277 3.549999952316284
endloop
endfacet
facet normal 0 0 -1
outer loop
vertex -69.8122787475586 0.2689721882343292 3.549999952316284
vertex -64.8122787475586 -0.4310277998447418 3.549999952316284
vertex -69.8122787475586 -0.4310277998447418 3.549999952316284
endloop
endfacet
facet normal 0 0 -1
outer loop
vertex -64.8122787475586 -15.231027603149414 3.549999952316284
vertex -69.8122787475586 -15.231027603149414 3.549999952316284
vertex -69.8122787475586 -14.531027793884277 3.549999952316284
endloop
endfacet
facet normal 0 0 -1
outer loop
vertex -64.8122787475586 -14.531027793884277 3.549999952316284
vertex -64.8122787475586 -15.231027603149414 3.549999952316284
vertex -69.8122787475586 -14.531027793884277 3.549999952316284
endloop
endfacet
facet normal 1 0 0
outer loop
vertex -69.8122787475586 -0.4310277998447418 3.549999952316284
vertex -69.8122787475586 -0.4310277998447418 0
vertex -69.8122787475586 0.2689721882343292 0
endloop
endfacet
facet normal 0 -1 0
outer loop
vertex -64.8122787475586 0.2689721882343292 0
vertex -64.8122787475586 0.2689721882343292 3.549999952316284
vertex -69.8122787475586 0.2689721882343292 0
endloop
endfacet
facet normal -1 0 0
outer loop
vertex -64.8122787475586 0.2689721882343292 0
vertex -64.8122787475586 -0.4310277998447418 0
vertex -64.8122787475586 0.2689721882343292 3.549999952316284
endloop
endfacet
facet normal -1 0 0
outer loop
vertex -64.8122787475586 -14.531027793884277 0
vertex -64.8122787475586 -15.231027603149414 0
vertex -64.8122787475586 -14.531027793884277 3.549999952316284
endloop
endfacet
facet normal 0 1 0
outer loop
vertex -64.8122787475586 -15.231027603149414 0
vertex -69.8122787475586 -15.231027603149414 0
vertex -69.8122787475586 -15.231027603149414 3.549999952316284
endloop
endfacet
facet normal 1 0 0
outer loop
vertex -69.8122787475586 -14.531027793884277 0
vertex -69.8122787475586 -15.231027603149414 3.549999952316284
vertex -69.8122787475586 -15.231027603149414 0
endloop
endfacet
facet normal 1 0 0
outer loop
vertex -69.8122787475586 -0.4310277998447418 3.549999952316284
vertex -69.8122787475586 0.2689721882343292 0
vertex -69.8122787475586 0.2689721882343292 3.549999952316284
endloop
endfacet
facet normal 0 -1 0
outer loop
vertex -69.8122787475586 0.2689721882343292 3.549999952316284
vertex -69.8122787475586 0.2689721882343292 0
vertex -64.8122787475586 0.2689721882343292 3.549999952316284
endloop
endfacet
facet normal -1 0 0
outer loop
vertex -64.8122787475586 0.2689721882343292 3.549999952316284
vertex -64.8122787475586 -0.4310277998447418 0
vertex -64.8122787475586 -0.4310277998447418 3.549999952316284
endloop
endfacet
facet normal 1 0 0
outer loop
vertex 44.187721252441406 -10.481027603149414 3.549999952316284
vertex 44.187721252441406 -9.781027793884277 0
vertex 44.187721252441406 -9.781027793884277 3.549999952316284
endloop
endfacet
facet normal 0 1 0
outer loop
vertex 49.187721252441406 -10.481027603149414 0
vertex 44.187721252441406 -10.481027603149414 3.549999952316284
vertex 49.187721252441406 -10.481027603149414 3.549999952316284
endloop
endfacet
facet normal -1 0 0
outer loop
vertex 49.187721252441406 -9.781027793884277 3.549999952316284
vertex 49.187721252441406 -10.481027603149414 0
vertex 49.187721252441406 -10.481027603149414 3.549999952316284
endloop
endfacet
facet normal 1 0 0
outer loop
vertex 44.187721252441406 4.318972110748291 3.549999952316284
vertex 44.187721252441406 4.318972110748291 0
vertex 44.187721252441406 5.018972396850586 0
endloop
endfacet
facet normal 0 -1 0
outer loop
vertex 44.187721252441406 5.018972396850586 0
vertex 49.187721252441406 5.018972396850586 0
vertex 49.187721252441406 5.018972396850586 3.549999952316284
endloop
endfacet
facet normal -1 0 0
outer loop
vertex 49.187721252441406 5.018972396850586 0
vertex 49.187721252441406 4.318972110748291 0
vertex 49.187721252441406 5.018972396850586 3.549999952316284
endloop
endfacet
facet normal 1 0 0
outer loop
vertex 44.187721252441406 4.318972110748291 3.549999952316284
vertex 44.187721252441406 5.018972396850586 0
vertex 44.187721252441406 5.018972396850586 3.549999952316284
endloop
endfacet
facet normal 0 -1 0
outer loop
vertex 44.187721252441406 5.018972396850586 3.549999952316284
vertex 44.187721252441406 5.018972396850586 0
vertex 49.187721252441406 5.018972396850586 3.549999952316284
endloop
endfacet
facet normal -1 0 0
outer loop
vertex 49.187721252441406 5.018972396850586 3.549999952316284
vertex 49.187721252441406 4.318972110748291 0
vertex 49.187721252441406 4.318972110748291 3.549999952316284
endloop
endfacet
facet normal 0 0 -1
outer loop
vertex 44.187721252441406 5.018972396850586 3.549999952316284
vertex 49.187721252441406 4.318972110748291 3.549999952316284
vertex 44.187721252441406 4.318972110748291 3.549999952316284
endloop
endfacet
facet normal 0 0 -1
outer loop
vertex 49.187721252441406 5.018972396850586 3.549999952316284
vertex 49.187721252441406 4.318972110748291 3.549999952316284
vertex 44.187721252441406 5.018972396850586 3.549999952316284
endloop
endfacet
facet normal 0 0 -1
outer loop
vertex 49.187721252441406 -10.481027603149414 3.549999952316284
vertex 44.187721252441406 -10.481027603149414 3.549999952316284
vertex 44.187721252441406 -9.781027793884277 3.549999952316284
endloop
endfacet
facet normal 0 0 -1
outer loop
vertex 49.187721252441406 -9.781027793884277 3.549999952316284
vertex 49.187721252441406 -10.481027603149414 3.549999952316284
vertex 44.187721252441406 -9.781027793884277 3.549999952316284
endloop
endfacet
facet normal 1 0 0
outer loop
vertex 44.187721252441406 -9.781027793884277 0
vertex 44.187721252441406 -10.481027603149414 3.549999952316284
vertex 44.187721252441406 -10.481027603149414 0
endloop
endfacet
facet normal 0 1 0
outer loop
vertex 49.187721252441406 -10.481027603149414 0
vertex 44.187721252441406 -10.481027603149414 0
vertex 44.187721252441406 -10.481027603149414 3.549999952316284
endloop
endfacet
facet normal -1 0 0
outer loop
vertex 49.187721252441406 -9.781027793884277 0
vertex 49.187721252441406 -10.481027603149414 0
vertex 49.187721252441406 -9.781027793884277 3.549999952316284
endloop
endfacet
facet normal 0 0 -1
outer loop
vertex -7.812280178070068 -3.356027841567993 3.549999952316284
vertex -12.81227970123291 -3.356027841567993 3.549999952316284
vertex -12.81227970123291 -2.6560277938842773 3.549999952316284
endloop
endfacet
facet normal 0 0 -1
outer loop
vertex -7.812280178070068 -2.6560277938842773 3.549999952316284
vertex -7.812280178070068 -3.356027841567993 3.549999952316284
vertex -12.81227970123291 -2.6560277938842773 3.549999952316284
endloop
endfacet
facet normal 1 0 0
outer loop
vertex -12.81227970123291 -2.6560277938842773 0
vertex -12.81227970123291 -3.356027841567993 3.549999952316284
vertex -12.81227970123291 -3.356027841567993 0
endloop
endfacet
facet normal 0 1 0
outer loop
vertex -7.812280178070068 -3.356027841567993 0
vertex -12.81227970123291 -3.356027841567993 0
vertex -12.81227970123291 -3.356027841567993 3.549999952316284
endloop
endfacet
facet normal -1 0 0
outer loop
vertex -7.812280178070068 -2.6560277938842773 0
vertex -7.812280178070068 -3.356027841567993 0
vertex -7.812280178070068 -2.6560277938842773 3.549999952316284
endloop
endfacet
facet normal 1 0 0
outer loop
vertex -12.81227970123291 -3.356027841567993 3.549999952316284
vertex -12.81227970123291 -2.6560277938842773 0
vertex -12.81227970123291 -2.6560277938842773 3.549999952316284
endloop
endfacet
facet normal 0 1 0
outer loop
vertex -7.812280178070068 -3.356027841567993 0
vertex -12.81227970123291 -3.356027841567993 3.549999952316284
vertex -7.812280178070068 -3.356027841567993 3.549999952316284
endloop
endfacet
facet normal -1 0 0
outer loop
vertex -7.812280178070068 -2.6560277938842773 3.549999952316284
vertex -7.812280178070068 -3.356027841567993 0
vertex -7.812280178070068 -3.356027841567993 3.549999952316284
endloop
endfacet
facet normal -1 0 0
outer loop
vertex -7.812280178070068 12.143972396850586 3.549999952316284
vertex -7.812280178070068 11.44397258758545 0
vertex -7.812280178070068 11.44397258758545 3.549999952316284
endloop
endfacet
facet normal 0 -1 0
outer loop
vertex -12.81227970123291 12.143972396850586 3.549999952316284
vertex -12.81227970123291 12.143972396850586 0
vertex -7.812280178070068 12.143972396850586 3.549999952316284
endloop
endfacet
facet normal 1 0 0
outer loop
vertex -12.81227970123291 11.44397258758545 3.549999952316284
vertex -12.81227970123291 12.143972396850586 0
vertex -12.81227970123291 12.143972396850586 3.549999952316284
endloop
endfacet
facet normal -1 0 0
outer loop
vertex -7.812280178070068 12.143972396850586 0
vertex -7.812280178070068 11.44397258758545 0
vertex -7.812280178070068 12.143972396850586 3.549999952316284
endloop
endfacet
facet normal 0 -1 0
outer loop
vertex -12.81227970123291 12.143972396850586 0
vertex -7.812280178070068 12.143972396850586 0
vertex -7.812280178070068 12.143972396850586 3.549999952316284
endloop
endfacet
facet normal 1 0 0
outer loop
vertex -12.81227970123291 11.44397258758545 3.549999952316284
vertex -12.81227970123291 11.44397258758545 0
vertex -12.81227970123291 12.143972396850586 0
endloop
endfacet
facet normal 0 0 -1
outer loop
vertex -7.812280178070068 12.143972396850586 3.549999952316284
vertex -7.812280178070068 11.44397258758545 3.549999952316284
vertex -12.81227970123291 12.143972396850586 3.549999952316284
endloop
endfacet
facet normal 0 0 -1
outer loop
vertex -12.81227970123291 12.143972396850586 3.549999952316284
vertex -7.812280178070068 11.44397258758545 3.549999952316284
vertex -12.81227970123291 11.44397258758545 3.549999952316284
endloop
endfacet
facet normal 1 0 0
outer loop
vertex 6.187719821929932 -0.28102779388427734 0
vertex 6.187719821929932 -0.9810277819633484 3.549999952316284
vertex 6.187719821929932 -0.9810277819633484 0
endloop
endfacet
facet normal 0 1 0
outer loop
vertex 11.18772029876709 -0.9810277819633484 0
vertex 6.187719821929932 -0.9810277819633484 0
vertex 6.187719821929932 -0.9810277819633484 3.549999952316284
endloop
endfacet
facet normal 1 0 0
outer loop
vertex 6.187719821929932 13.81897258758545 3.549999952316284
vertex 6.187719821929932 13.81897258758545 0
vertex 6.187719821929932 14.518972396850586 0
endloop
endfacet
facet normal 0 -1 0
outer loop
vertex 6.187719821929932 14.518972396850586 0
vertex 11.18772029876709 14.518972396850586 0
vertex 11.18772029876709 14.518972396850586 3.549999952316284
endloop
endfacet
facet normal -1 0 0
outer loop
vertex 11.18772029876709 -0.28102779388427734 0
vertex 11.18772029876709 -0.9810277819633484 0
vertex 11.18772029876709 -0.28102779388427734 3.549999952316284
endloop
endfacet
facet normal -1 0 0
outer loop
vertex 11.18772029876709 14.518972396850586 0
vertex 11.18772029876709 13.81897258758545 0
vertex 11.18772029876709 14.518972396850586 3.549999952316284
endloop
endfacet
facet normal 1 0 0
outer loop
vertex 6.187719821929932 -0.9810277819633484 3.549999952316284
vertex 6.187719821929932 -0.28102779388427734 0
vertex 6.187719821929932 -0.28102779388427734 3.549999952316284
endloop
endfacet
facet normal 0 1 0
outer loop
vertex 11.18772029876709 -0.9810277819633484 0
vertex 6.187719821929932 -0.9810277819633484 3.549999952316284
vertex 11.18772029876709 -0.9810277819633484 3.549999952316284
endloop
endfacet
facet normal 1 0 0
outer loop
vertex 6.187719821929932 13.81897258758545 3.549999952316284
vertex 6.187719821929932 14.518972396850586 0
vertex 6.187719821929932 14.518972396850586 3.549999952316284
endloop
endfacet
facet normal 0 -1 0
outer loop
vertex 6.187719821929932 14.518972396850586 3.549999952316284
vertex 6.187719821929932 14.518972396850586 0
vertex 11.18772029876709 14.518972396850586 3.549999952316284
endloop
endfacet
facet normal -1 0 0
outer loop
vertex 11.18772029876709 -0.28102779388427734 3.549999952316284
vertex 11.18772029876709 -0.9810277819633484 0
vertex 11.18772029876709 -0.9810277819633484 3.549999952316284
endloop
endfacet
facet normal -1 0 0
outer loop
vertex 11.18772029876709 14.518972396850586 3.549999952316284
vertex 11.18772029876709 13.81897258758545 0
vertex 11.18772029876709 13.81897258758545 3.549999952316284
endloop
endfacet
facet normal 0 0 -1
outer loop
vertex 11.18772029876709 -0.9810277819633484 3.549999952316284
vertex 6.187719821929932 -0.9810277819633484 3.549999952316284
vertex 6.187719821929932 -0.28102779388427734 3.549999952316284
endloop
endfacet
facet normal 0 0 -1
outer loop
vertex 11.18772029876709 -0.28102779388427734 3.549999952316284
vertex 11.18772029876709 -0.9810277819633484 3.549999952316284
vertex 6.187719821929932 -0.28102779388427734 3.549999952316284
endloop
endfacet
facet normal 0 0 -1
outer loop
vertex 6.187719821929932 14.518972396850586 3.549999952316284
vertex 11.18772029876709 13.81897258758545 3.549999952316284
vertex 6.187719821929932 13.81897258758545 3.549999952316284
endloop
endfacet
facet normal 0 0 -1
outer loop
vertex 11.18772029876709 14.518972396850586 3.549999952316284
vertex 11.18772029876709 13.81897258758545 3.549999952316284
vertex 6.187719821929932 14.518972396850586 3.549999952316284
endloop
endfacet
facet normal -1 0 0
outer loop
vertex -26.812280654907227 14.518972396850586 3.549999952316284
vertex -26.812280654907227 13.81897258758545 0
vertex -26.812280654907227 13.81897258758545 3.549999952316284
endloop
endfacet
facet normal 0 -1 0
outer loop
vertex -31.812280654907227 14.518972396850586 3.549999952316284
vertex -31.812280654907227 14.518972396850586 0
vertex -26.812280654907227 14.518972396850586 3.549999952316284
endloop
endfacet
facet normal -1 0 0
outer loop
vertex -26.812280654907227 -0.28102779388427734 3.549999952316284
vertex -26.812280654907227 -0.9810277819633484 0
vertex -26.812280654907227 -0.9810277819633484 3.549999952316284
endloop
endfacet
facet normal 0 1 0
outer loop
vertex -26.812280654907227 -0.9810277819633484 0
vertex -31.812280654907227 -0.9810277819633484 3.549999952316284
vertex -26.812280654907227 -0.9810277819633484 3.549999952316284
endloop
endfacet
facet normal 1 0 0
outer loop
vertex -31.812280654907227 13.81897258758545 3.549999952316284
vertex -31.812280654907227 14.518972396850586 0
vertex -31.812280654907227 14.518972396850586 3.549999952316284
endloop
endfacet
facet normal 1 0 0
outer loop
vertex -31.812280654907227 -0.9810277819633484 3.549999952316284
vertex -31.812280654907227 -0.28102779388427734 0
vertex -31.812280654907227 -0.28102779388427734 3.549999952316284
endloop
endfacet
facet normal -1 0 0
outer loop
vertex -26.812280654907227 -0.28102779388427734 0
vertex -26.812280654907227 -0.9810277819633484 0
vertex -26.812280654907227 -0.28102779388427734 3.549999952316284
endloop
endfacet
facet normal -1 0 0
outer loop
vertex -26.812280654907227 14.518972396850586 3.549999952316284
vertex -26.812280654907227 14.518972396850586 0
vertex -26.812280654907227 13.81897258758545 0
endloop
endfacet
facet normal 0 -1 0
outer loop
vertex -26.812280654907227 14.518972396850586 0
vertex -26.812280654907227 14.518972396850586 3.549999952316284
vertex -31.812280654907227 14.518972396850586 0
endloop
endfacet
facet normal 0 1 0
outer loop
vertex -26.812280654907227 -0.9810277819633484 0
vertex -31.812280654907227 -0.9810277819633484 0
vertex -31.812280654907227 -0.9810277819633484 3.549999952316284
endloop
endfacet
facet normal 1 0 0
outer loop
vertex -31.812280654907227 13.81897258758545 3.549999952316284
vertex -31.812280654907227 13.81897258758545 0
vertex -31.812280654907227 14.518972396850586 0
endloop
endfacet
facet normal 0 0 -1
outer loop
vertex -26.812280654907227 14.518972396850586 3.549999952316284
vertex -26.812280654907227 13.81897258758545 3.549999952316284
vertex -31.812280654907227 14.518972396850586 3.549999952316284
endloop
endfacet
facet normal 0 0 -1
outer loop
vertex -31.812280654907227 14.518972396850586 3.549999952316284
vertex -26.812280654907227 13.81897258758545 3.549999952316284
vertex -31.812280654907227 13.81897258758545 3.549999952316284
endloop
endfacet
facet normal 0 0 -1
outer loop
vertex -26.812280654907227 -0.28102779388427734 3.549999952316284
vertex -26.812280654907227 -0.9810277819633484 3.549999952316284
vertex -31.812280654907227 -0.28102779388427734 3.549999952316284
endloop
endfacet
facet normal 0 0 -1
outer loop
vertex -26.812280654907227 -0.9810277819633484 3.549999952316284
vertex -31.812280654907227 -0.9810277819633484 3.549999952316284
vertex -31.812280654907227 -0.28102779388427734 3.549999952316284
endloop
endfacet
facet normal 1 0 0
outer loop
vertex -31.812280654907227 -0.28102779388427734 0
vertex -31.812280654907227 -0.9810277819633484 3.549999952316284
vertex -31.812280654907227 -0.9810277819633484 0
endloop
endfacet
facet normal 1 0 0
outer loop
vertex 25.187719345092773 2.0939722061157227 0
vertex 25.187719345092773 1.3939721584320068 3.549999952316284
vertex 25.187719345092773 1.3939721584320068 0
endloop
endfacet
facet normal 0 1 0
outer loop
vertex 30.187719345092773 1.3939721584320068 0
vertex 25.187719345092773 1.3939721584320068 0
vertex 25.187719345092773 1.3939721584320068 3.549999952316284
endloop
endfacet
facet normal -1 0 0
outer loop
vertex 30.187719345092773 2.0939722061157227 0
vertex 30.187719345092773 1.3939721584320068 0
vertex 30.187719345092773 2.0939722061157227 3.549999952316284
endloop
endfacet
facet normal 1 0 0
outer loop
vertex 25.187719345092773 16.193971633911133 3.549999952316284
vertex 25.187719345092773 16.193971633911133 0
vertex 25.187719345092773 16.893972396850586 0
endloop
endfacet
facet normal 0 -1 0
outer loop
vertex 30.187719345092773 16.893972396850586 0
vertex 30.187719345092773 16.893972396850586 3.549999952316284
vertex 25.187719345092773 16.893972396850586 0
endloop
endfacet
facet normal -1 0 0
outer loop
vertex 30.187719345092773 16.893972396850586 0
vertex 30.187719345092773 16.193971633911133 0
vertex 30.187719345092773 16.893972396850586 3.549999952316284
endloop
endfacet
facet normal 1 0 0
outer loop
vertex 25.187719345092773 1.3939721584320068 3.549999952316284
vertex 25.187719345092773 2.0939722061157227 0
vertex 25.187719345092773 2.0939722061157227 3.549999952316284
endloop
endfacet
facet normal 0 1 0
outer loop
vertex 30.187719345092773 1.3939721584320068 0
vertex 25.187719345092773 1.3939721584320068 3.549999952316284
vertex 30.187719345092773 1.3939721584320068 3.549999952316284
endloop
endfacet
facet normal -1 0 0
outer loop
vertex 30.187719345092773 2.0939722061157227 3.549999952316284
vertex 30.187719345092773 1.3939721584320068 0
vertex 30.187719345092773 1.3939721584320068 3.549999952316284
endloop
endfacet
facet normal 1 0 0
outer loop
vertex 25.187719345092773 16.193971633911133 3.549999952316284
vertex 25.187719345092773 16.893972396850586 0
vertex 25.187719345092773 16.893972396850586 3.549999952316284
endloop
endfacet
facet normal 0 -1 0
outer loop
vertex 25.187719345092773 16.893972396850586 3.549999952316284
vertex 25.187719345092773 16.893972396850586 0
vertex 30.187719345092773 16.893972396850586 3.549999952316284
endloop
endfacet
facet normal -1 0 0
outer loop
vertex 30.187719345092773 16.893972396850586 3.549999952316284
vertex 30.187719345092773 16.193971633911133 0
vertex 30.187719345092773 16.193971633911133 3.549999952316284
endloop
endfacet
facet normal 0 0 -1
outer loop
vertex 30.187719345092773 1.3939721584320068 3.549999952316284
vertex 25.187719345092773 1.3939721584320068 3.549999952316284
vertex 25.187719345092773 2.0939722061157227 3.549999952316284
endloop
endfacet
facet normal 0 0 -1
outer loop
vertex 30.187719345092773 2.0939722061157227 3.549999952316284
vertex 30.187719345092773 1.3939721584320068 3.549999952316284
vertex 25.187719345092773 2.0939722061157227 3.549999952316284
endloop
endfacet
facet normal 0 0 -1
outer loop
vertex 25.187719345092773 16.893972396850586 3.549999952316284
vertex 30.187719345092773 16.193971633911133 3.549999952316284
vertex 25.187719345092773 16.193971633911133 3.549999952316284
endloop
endfacet
facet normal 0 0 -1
outer loop
vertex 30.187719345092773 16.893972396850586 3.549999952316284
vertex 30.187719345092773 16.193971633911133 3.549999952316284
vertex 25.187719345092773 16.893972396850586 3.549999952316284
endloop
endfacet
facet normal 0 0 -1
outer loop
vertex -45.812278747558594 19.268972396850586 3.549999952316284
vertex -45.812278747558594 18.568971633911133 3.549999952316284
vertex -50.812278747558594 19.268972396850586 3.549999952316284
endloop
endfacet
facet normal 0 0 -1
outer loop
vertex -50.812278747558594 19.268972396850586 3.549999952316284
vertex -45.812278747558594 18.568971633911133 3.549999952316284
vertex -50.812278747558594 18.568971633911133 3.549999952316284
endloop
endfacet
facet normal 0 0 -1
outer loop
vertex -45.812278747558594 4.468972206115723 3.549999952316284
vertex -45.812278747558594 3.768972158432007 3.549999952316284
vertex -50.812278747558594 4.468972206115723 3.549999952316284
endloop
endfacet
facet normal 0 0 -1
outer loop
vertex -45.812278747558594 3.768972158432007 3.549999952316284
vertex -50.812278747558594 3.768972158432007 3.549999952316284
vertex -50.812278747558594 4.468972206115723 3.549999952316284
endloop
endfacet
facet normal 1 0 0
outer loop
vertex -50.812278747558594 4.468972206115723 0
vertex -50.812278747558594 3.768972158432007 3.549999952316284
vertex -50.812278747558594 3.768972158432007 0
endloop
endfacet
facet normal 0 1 0
outer loop
vertex -45.812278747558594 3.768972158432007 0
vertex -50.812278747558594 3.768972158432007 0
vertex -50.812278747558594 3.768972158432007 3.549999952316284
endloop
endfacet
facet normal -1 0 0
outer loop
vertex -45.812278747558594 4.468972206115723 0
vertex -45.812278747558594 3.768972158432007 0
vertex -45.812278747558594 4.468972206115723 3.549999952316284
endloop
endfacet
facet normal -1 0 0
outer loop
vertex -45.812278747558594 19.268972396850586 3.549999952316284
vertex -45.812278747558594 18.568971633911133 0
vertex -45.812278747558594 18.568971633911133 3.549999952316284
endloop
endfacet
facet normal 0 -1 0
outer loop
vertex -50.812278747558594 19.268972396850586 3.549999952316284
vertex -50.812278747558594 19.268972396850586 0
vertex -45.812278747558594 19.268972396850586 3.549999952316284
endloop
endfacet
facet normal 1 0 0
outer loop
vertex -50.812278747558594 18.568971633911133 3.549999952316284
vertex -50.812278747558594 19.268972396850586 0
vertex -50.812278747558594 19.268972396850586 3.549999952316284
endloop
endfacet
facet normal -1 0 0
outer loop
vertex -45.812278747558594 4.468972206115723 3.549999952316284
vertex -45.812278747558594 3.768972158432007 0
vertex -45.812278747558594 3.768972158432007 3.549999952316284
endloop
endfacet
facet normal 1 0 0
outer loop
vertex -50.812278747558594 18.568971633911133 3.549999952316284
vertex -50.812278747558594 18.568971633911133 0
vertex -50.812278747558594 19.268972396850586 0
endloop
endfacet
facet normal 0 -1 0
outer loop
vertex -50.812278747558594 19.268972396850586 0
vertex -45.812278747558594 19.268972396850586 0
vertex -45.812278747558594 19.268972396850586 3.549999952316284
endloop
endfacet
facet normal -1 0 0
outer loop
vertex -45.812278747558594 19.268972396850586 0
vertex -45.812278747558594 18.568971633911133 0
vertex -45.812278747558594 19.268972396850586 3.549999952316284
endloop
endfacet
facet normal 0 1 0
outer loop
vertex -45.812278747558594 3.768972158432007 0
vertex -50.812278747558594 3.768972158432007 3.549999952316284
vertex -45.812278747558594 3.768972158432007 3.549999952316284
endloop
endfacet
facet normal 1 0 0
outer loop
vertex -50.812278747558594 3.768972158432007 3.549999952316284
vertex -50.812278747558594 4.468972206115723 0
vertex -50.812278747558594 4.468972206115723 3.549999952316284
endloop
endfacet
facet normal 0 -1 0
outer loop
vertex -69.8122787475586 19.268972396850586 3.549999952316284
vertex -69.8122787475586 19.268972396850586 0
vertex -64.8122787475586 19.268972396850586 3.549999952316284
endloop
endfacet
facet normal 0 1 0
outer loop
vertex -64.8122787475586 3.768972158432007 0
vertex -69.8122787475586 3.768972158432007 3.549999952316284
vertex -64.8122787475586 3.768972158432007 3.549999952316284
endloop
endfacet
facet normal 1 0 0
outer loop
vertex -69.8122787475586 18.568971633911133 3.549999952316284
vertex -69.8122787475586 18.568971633911133 0
vertex -69.8122787475586 19.268972396850586 0
endloop
endfacet
facet normal -1 0 0
outer loop
vertex -64.8122787475586 19.268972396850586 3.549999952316284
vertex -64.8122787475586 18.568971633911133 0
vertex -64.8122787475586 18.568971633911133 3.549999952316284
endloop
endfacet
facet normal -1 0 0
outer loop
vertex -64.8122787475586 19.268972396850586 0
vertex -64.8122787475586 18.568971633911133 0
vertex -64.8122787475586 19.268972396850586 3.549999952316284
endloop
endfacet
facet normal 0 -1 0
outer loop
vertex -64.8122787475586 19.268972396850586 0
vertex -64.8122787475586 19.268972396850586 3.549999952316284
vertex -69.8122787475586 19.268972396850586 0
endloop
endfacet
facet normal 0 0 -1
outer loop
vertex -64.8122787475586 19.268972396850586 3.549999952316284
vertex -64.8122787475586 18.568971633911133 3.549999952316284
vertex -69.8122787475586 19.268972396850586 3.549999952316284
endloop
endfacet
facet normal -1 0 0
outer loop
vertex -64.8122787475586 4.468972206115723 3.549999952316284
vertex -64.8122787475586 3.768972158432007 0
vertex -64.8122787475586 3.768972158432007 3.549999952316284
endloop
endfacet
facet normal 0 0 -1
outer loop
vertex -69.8122787475586 19.268972396850586 3.549999952316284
vertex -64.8122787475586 18.568971633911133 3.549999952316284
vertex -69.8122787475586 18.568971633911133 3.549999952316284
endloop
endfacet
facet normal 0 0 -1
outer loop
vertex -64.8122787475586 4.468972206115723 3.549999952316284
vertex -64.8122787475586 3.768972158432007 3.549999952316284
vertex -69.8122787475586 4.468972206115723 3.549999952316284
endloop
endfacet
facet normal 0 0 -1
outer loop
vertex -64.8122787475586 3.768972158432007 3.549999952316284
vertex -69.8122787475586 3.768972158432007 3.549999952316284
vertex -69.8122787475586 4.468972206115723 3.549999952316284
endloop
endfacet
facet normal -1 0 0
outer loop
vertex -64.8122787475586 4.468972206115723 0
vertex -64.8122787475586 3.768972158432007 0
vertex -64.8122787475586 4.468972206115723 3.549999952316284
endloop
endfacet
facet normal 0 1 0
outer loop
vertex -64.8122787475586 3.768972158432007 0
vertex -69.8122787475586 3.768972158432007 0
vertex -69.8122787475586 3.768972158432007 3.549999952316284
endloop
endfacet
facet normal 1 0 0
outer loop
vertex -69.8122787475586 4.468972206115723 0
vertex -69.8122787475586 3.768972158432007 3.549999952316284
vertex -69.8122787475586 3.768972158432007 0
endloop
endfacet
facet normal 1 0 0
outer loop
vertex -69.8122787475586 3.768972158432007 3.549999952316284
vertex -69.8122787475586 4.468972206115723 0
vertex -69.8122787475586 4.468972206115723 3.549999952316284
endloop
endfacet
facet normal 1 0 0
outer loop
vertex -69.8122787475586 18.568971633911133 3.549999952316284
vertex -69.8122787475586 19.268972396850586 0
vertex -69.8122787475586 19.268972396850586 3.549999952316284
endloop
endfacet
facet normal 0 1 0
outer loop
vertex 49.187721252441406 8.518972396850586 0
vertex 44.187721252441406 8.518972396850586 0
vertex 44.187721252441406 8.518972396850586 3.549999952316284
endloop
endfacet
facet normal -1 0 0
outer loop
vertex 49.187721252441406 9.218972206115723 3.549999952316284
vertex 49.187721252441406 8.518972396850586 0
vertex 49.187721252441406 8.518972396850586 3.549999952316284
endloop
endfacet
facet normal -1 0 0
outer loop
vertex 49.187721252441406 9.218972206115723 0
vertex 49.187721252441406 8.518972396850586 0
vertex 49.187721252441406 9.218972206115723 3.549999952316284
endloop
endfacet
facet normal 1 0 0
outer loop
vertex 44.187721252441406 23.318971633911133 3.549999952316284
vertex 44.187721252441406 23.318971633911133 0
vertex 44.187721252441406 24.018972396850586 0
endloop
endfacet
facet normal -1 0 0
outer loop
vertex 49.187721252441406 24.018972396850586 3.549999952316284
vertex 49.187721252441406 23.318971633911133 0
vertex 49.187721252441406 23.318971633911133 3.549999952316284
endloop
endfacet
facet normal 0 -1 0
outer loop
vertex 44.187721252441406 24.018972396850586 0
vertex 49.187721252441406 24.018972396850586 0
vertex 49.187721252441406 24.018972396850586 3.549999952316284
endloop
endfacet
facet normal -1 0 0
outer loop
vertex 49.187721252441406 24.018972396850586 0
vertex 49.187721252441406 23.318971633911133 0
vertex 49.187721252441406 24.018972396850586 3.549999952316284
endloop
endfacet
facet normal 1 0 0
outer loop
vertex 44.187721252441406 9.218972206115723 0
vertex 44.187721252441406 8.518972396850586 3.549999952316284
vertex 44.187721252441406 8.518972396850586 0
endloop
endfacet
facet normal 1 0 0
outer loop
vertex 44.187721252441406 8.518972396850586 3.549999952316284
vertex 44.187721252441406 9.218972206115723 0
vertex 44.187721252441406 9.218972206115723 3.549999952316284
endloop
endfacet
facet normal 0 0 -1
outer loop
vertex 49.187721252441406 8.518972396850586 3.549999952316284
vertex 44.187721252441406 8.518972396850586 3.549999952316284
vertex 44.187721252441406 9.218972206115723 3.549999952316284
endloop
endfacet
facet normal 0 0 -1
outer loop
vertex 49.187721252441406 9.218972206115723 3.549999952316284
vertex 49.187721252441406 8.518972396850586 3.549999952316284
vertex 44.187721252441406 9.218972206115723 3.549999952316284
endloop
endfacet
facet normal 0 -1 0
outer loop
vertex 44.187721252441406 24.018972396850586 3.549999952316284
vertex 44.187721252441406 24.018972396850586 0
vertex 49.187721252441406 24.018972396850586 3.549999952316284
endloop
endfacet
facet normal 0 0 -1
outer loop
vertex 44.187721252441406 23.318971633911133 3.549999952316284
vertex 44.187721252441406 24.018972396850586 3.549999952316284
vertex 49.187721252441406 23.318971633911133 3.549999952316284
endloop
endfacet
facet normal 0 0 -1
outer loop
vertex 49.187721252441406 24.018972396850586 3.549999952316284
vertex 49.187721252441406 23.318971633911133 3.549999952316284
vertex 44.187721252441406 24.018972396850586 3.549999952316284
endloop
endfacet
facet normal 0 1 0
outer loop
vertex 49.187721252441406 8.518972396850586 0
vertex 44.187721252441406 8.518972396850586 3.549999952316284
vertex 49.187721252441406 8.518972396850586 3.549999952316284
endloop
endfacet
facet normal 1 0 0
outer loop
vertex 44.187721252441406 23.318971633911133 3.549999952316284
vertex 44.187721252441406 24.018972396850586 0
vertex 44.187721252441406 24.018972396850586 3.549999952316284
endloop
endfacet
facet normal -1 0 0
outer loop
vertex -26.812280654907227 18.718971252441406 0
vertex -26.812280654907227 18.018972396850586 0
vertex -26.812280654907227 18.718971252441406 3.549999952316284
endloop
endfacet
facet normal 1 0 0
outer loop
vertex -31.812280654907227 32.818973541259766 3.549999952316284
vertex -31.812280654907227 33.51897048950195 0
vertex -31.812280654907227 33.51897048950195 3.549999952316284
endloop
endfacet
facet normal 0 0 -1
outer loop
vertex -31.812280654907227 33.51897048950195 3.549999952316284
vertex -26.812280654907227 32.818973541259766 3.549999952316284
vertex -31.812280654907227 32.818973541259766 3.549999952316284
endloop
endfacet
facet normal 1 0 0
outer loop
vertex -31.812280654907227 32.818973541259766 3.549999952316284
vertex -31.812280654907227 32.818973541259766 0
vertex -31.812280654907227 33.51897048950195 0
endloop
endfacet
facet normal 0 1 0
outer loop
vertex -26.812280654907227 18.018972396850586 0
vertex -31.812280654907227 18.018972396850586 3.549999952316284
vertex -26.812280654907227 18.018972396850586 3.549999952316284
endloop
endfacet
facet normal 1 0 0
outer loop
vertex -31.812280654907227 18.718971252441406 0
vertex -31.812280654907227 18.018972396850586 3.549999952316284
vertex -31.812280654907227 18.018972396850586 0
endloop
endfacet
facet normal 0 1 0
outer loop
vertex -26.812280654907227 18.018972396850586 0
vertex -31.812280654907227 18.018972396850586 0
vertex -31.812280654907227 18.018972396850586 3.549999952316284
endloop
endfacet
facet normal -1 0 0
outer loop
vertex -26.812280654907227 33.51897048950195 3.549999952316284
vertex -26.812280654907227 32.818973541259766 0
vertex -26.812280654907227 32.818973541259766 3.549999952316284
endloop
endfacet
facet normal 0 0 -1
outer loop
vertex -26.812280654907227 18.718971252441406 3.549999952316284
vertex -26.812280654907227 18.018972396850586 3.549999952316284
vertex -31.812280654907227 18.718971252441406 3.549999952316284
endloop
endfacet
facet normal 0 0 -1
outer loop
vertex -26.812280654907227 18.018972396850586 3.549999952316284
vertex -31.812280654907227 18.018972396850586 3.549999952316284
vertex -31.812280654907227 18.718971252441406 3.549999952316284
endloop
endfacet
facet normal 0 0 -1
outer loop
vertex -26.812280654907227 33.51897048950195 3.549999952316284
vertex -26.812280654907227 32.818973541259766 3.549999952316284
vertex -31.812280654907227 33.51897048950195 3.549999952316284
endloop
endfacet
facet normal 0 -1 0
outer loop
vertex -31.812280654907227 33.51897048950195 0
vertex -26.812280654907227 33.51897048950195 0
vertex -26.812280654907227 33.51897048950195 3.549999952316284
endloop
endfacet
facet normal -1 0 0
outer loop
vertex -26.812280654907227 18.718971252441406 3.549999952316284
vertex -26.812280654907227 18.018972396850586 0
vertex -26.812280654907227 18.018972396850586 3.549999952316284
endloop
endfacet
facet normal 1 0 0
outer loop
vertex -31.812280654907227 18.018972396850586 3.549999952316284
vertex -31.812280654907227 18.718971252441406 0
vertex -31.812280654907227 18.718971252441406 3.549999952316284
endloop
endfacet
facet normal -1 0 0
outer loop
vertex -26.812280654907227 33.51897048950195 0
vertex -26.812280654907227 32.818973541259766 0
vertex -26.812280654907227 33.51897048950195 3.549999952316284
endloop
endfacet
facet normal 0 -1 0
outer loop
vertex -31.812280654907227 33.51897048950195 3.549999952316284
vertex -31.812280654907227 33.51897048950195 0
vertex -26.812280654907227 33.51897048950195 3.549999952316284
endloop
endfacet
facet normal -1 0 0
outer loop
vertex -45.812278747558594 38.26897048950195 3.549999952316284
vertex -45.812278747558594 37.568973541259766 0
vertex -45.812278747558594 37.568973541259766 3.549999952316284
endloop
endfacet
facet normal 0 1 0
outer loop
vertex -45.812278747558594 22.768972396850586 0
vertex -50.812278747558594 22.768972396850586 3.549999952316284
vertex -45.812278747558594 22.768972396850586 3.549999952316284
endloop
endfacet
facet normal 1 0 0
outer loop
vertex -50.812278747558594 37.568973541259766 3.549999952316284
vertex -50.812278747558594 37.568973541259766 0
vertex -50.812278747558594 38.26897048950195 0
endloop
endfacet
facet normal 1 0 0
outer loop
vertex -50.812278747558594 23.468971252441406 0
vertex -50.812278747558594 22.768972396850586 3.549999952316284
vertex -50.812278747558594 22.768972396850586 0
endloop
endfacet
facet normal 0 -1 0
outer loop
vertex -45.812278747558594 38.26897048950195 0
vertex -45.812278747558594 38.26897048950195 3.549999952316284
vertex -50.812278747558594 38.26897048950195 0
endloop
endfacet
facet normal -1 0 0
outer loop
vertex -45.812278747558594 23.468971252441406 0
vertex -45.812278747558594 22.768972396850586 0
vertex -45.812278747558594 23.468971252441406 3.549999952316284
endloop
endfacet
facet normal 1 0 0
outer loop
vertex -50.812278747558594 37.568973541259766 3.549999952316284
vertex -50.812278747558594 38.26897048950195 0
vertex -50.812278747558594 38.26897048950195 3.549999952316284
endloop
endfacet
facet normal 0 -1 0
outer loop
vertex -50.812278747558594 38.26897048950195 3.549999952316284
vertex -50.812278747558594 38.26897048950195 0
vertex -45.812278747558594 38.26897048950195 3.549999952316284
endloop
endfacet
facet normal 0 0 -1
outer loop
vertex -45.812278747558594 22.768972396850586 3.549999952316284
vertex -50.812278747558594 22.768972396850586 3.549999952316284
vertex -50.812278747558594 23.468971252441406 3.549999952316284
endloop
endfacet
facet normal -1 0 0
outer loop
vertex -45.812278747558594 38.26897048950195 0
vertex -45.812278747558594 37.568973541259766 0
vertex -45.812278747558594 38.26897048950195 3.549999952316284
endloop
endfacet
facet normal 1 0 0
outer loop
vertex -50.812278747558594 22.768972396850586 3.549999952316284
vertex -50.812278747558594 23.468971252441406 0
vertex -50.812278747558594 23.468971252441406 3.549999952316284
endloop
endfacet
facet normal 0 0 -1
outer loop
vertex -45.812278747558594 23.468971252441406 3.549999952316284
vertex -45.812278747558594 22.768972396850586 3.549999952316284
vertex -50.812278747558594 23.468971252441406 3.549999952316284
endloop
endfacet
facet normal 0 0 -1
outer loop
vertex -45.812278747558594 38.26897048950195 3.549999952316284
vertex -45.812278747558594 37.568973541259766 3.549999952316284
vertex -50.812278747558594 38.26897048950195 3.549999952316284
endloop
endfacet
facet normal 0 0 -1
outer loop
vertex -50.812278747558594 38.26897048950195 3.549999952316284
vertex -45.812278747558594 37.568973541259766 3.549999952316284
vertex -50.812278747558594 37.568973541259766 3.549999952316284
endloop
endfacet
facet normal -1 0 0
outer loop
vertex -45.812278747558594 23.468971252441406 3.549999952316284
vertex -45.812278747558594 22.768972396850586 0
vertex -45.812278747558594 22.768972396850586 3.549999952316284
endloop
endfacet
facet normal 0 1 0
outer loop
vertex -45.812278747558594 22.768972396850586 0
vertex -50.812278747558594 22.768972396850586 0
vertex -50.812278747558594 22.768972396850586 3.549999952316284
endloop
endfacet
facet normal 0 0 -1
outer loop
vertex -69.8122787475586 38.26897048950195 3.549999952316284
vertex -64.8122787475586 37.568973541259766 3.549999952316284
vertex -69.8122787475586 37.568973541259766 3.549999952316284
endloop
endfacet
facet normal -1 0 0
outer loop
vertex -64.8122787475586 23.468971252441406 3.549999952316284
vertex -64.8122787475586 22.768972396850586 0
vertex -64.8122787475586 22.768972396850586 3.549999952316284
endloop
endfacet
facet normal 0 0 -1
outer loop
vertex -64.8122787475586 23.468971252441406 3.549999952316284
vertex -64.8122787475586 22.768972396850586 3.549999952316284
vertex -69.8122787475586 23.468971252441406 3.549999952316284
endloop
endfacet
facet normal 0 0 -1
outer loop
vertex -64.8122787475586 22.768972396850586 3.549999952316284
vertex -69.8122787475586 22.768972396850586 3.549999952316284
vertex -69.8122787475586 23.468971252441406 3.549999952316284
endloop
endfacet
facet normal 1 0 0
outer loop
vertex -69.8122787475586 37.568973541259766 3.549999952316284
vertex -69.8122787475586 37.568973541259766 0
vertex -69.8122787475586 38.26897048950195 0
endloop
endfacet
facet normal 0 -1 0
outer loop
vertex -64.8122787475586 38.26897048950195 0
vertex -64.8122787475586 38.26897048950195 3.549999952316284
vertex -69.8122787475586 38.26897048950195 0
endloop
endfacet
facet normal -1 0 0
outer loop
vertex -64.8122787475586 38.26897048950195 0
vertex -64.8122787475586 37.568973541259766 0
vertex -64.8122787475586 38.26897048950195 3.549999952316284
endloop
endfacet
facet normal -1 0 0
outer loop
vertex -64.8122787475586 23.468971252441406 0
vertex -64.8122787475586 22.768972396850586 0
vertex -64.8122787475586 23.468971252441406 3.549999952316284
endloop
endfacet
facet normal 0 0 -1
outer loop
vertex -64.8122787475586 38.26897048950195 3.549999952316284
vertex -64.8122787475586 37.568973541259766 3.549999952316284
vertex -69.8122787475586 38.26897048950195 3.549999952316284
endloop
endfacet
facet normal 0 1 0
outer loop
vertex -64.8122787475586 22.768972396850586 0
vertex -69.8122787475586 22.768972396850586 3.549999952316284
vertex -64.8122787475586 22.768972396850586 3.549999952316284
endloop
endfacet
facet normal 0 1 0
outer loop
vertex -64.8122787475586 22.768972396850586 0
vertex -69.8122787475586 22.768972396850586 0
vertex -69.8122787475586 22.768972396850586 3.549999952316284
endloop
endfacet
facet normal 1 0 0
outer loop
vertex -69.8122787475586 22.768972396850586 3.549999952316284
vertex -69.8122787475586 23.468971252441406 0
vertex -69.8122787475586 23.468971252441406 3.549999952316284
endloop
endfacet
facet normal 1 0 0
outer loop
vertex -69.8122787475586 23.468971252441406 0
vertex -69.8122787475586 22.768972396850586 3.549999952316284
vertex -69.8122787475586 22.768972396850586 0
endloop
endfacet
facet normal -1 0 0
outer loop
vertex -64.8122787475586 38.26897048950195 3.549999952316284
vertex -64.8122787475586 37.568973541259766 0
vertex -64.8122787475586 37.568973541259766 3.549999952316284
endloop
endfacet
facet normal 0 -1 0
outer loop
vertex -69.8122787475586 38.26897048950195 3.549999952316284
vertex -69.8122787475586 38.26897048950195 0
vertex -64.8122787475586 38.26897048950195 3.549999952316284
endloop
endfacet
facet normal 1 0 0
outer loop
vertex -69.8122787475586 37.568973541259766 3.549999952316284
vertex -69.8122787475586 38.26897048950195 0
vertex -69.8122787475586 38.26897048950195 3.549999952316284
endloop
endfacet
facet normal 0.3090171180289725 -0.9510564761175164 0
outer loop
vertex 43.78272247314453 47.68720245361328 3.549999952316284
vertex 39.02743911743164 46.14211654663086 0
vertex 43.78272247314453 47.68720245361328 0
endloop
endfacet
facet normal -0.9510580944650534 -0.3090121372252257 0
outer loop
vertex 43.78272247314453 47.68720245361328 3.549999952316284
vertex 43.99903106689453 47.021461486816406 0
vertex 43.99903106689453 47.021461486816406 3.549999952316284
endloop
endfacet
facet normal 0.9510559724999365 0.3090186679995238 0
outer loop
vertex 39.243751525878906 45.47637939453125 3.549999952316284
vertex 39.02743911743164 46.14211654663086 0
vertex 39.02743911743164 46.14211654663086 3.549999952316284
endloop
endfacet
facet normal 0.9510559724999365 0.3090186679995238 0
outer loop
vertex 39.243751525878906 45.47637939453125 3.549999952316284
vertex 39.243751525878906 45.47637939453125 0
vertex 39.02743911743164 46.14211654663086 0
endloop
endfacet
facet normal -0.9510580944650534 -0.3090121372252257 0
outer loop
vertex 43.78272247314453 47.68720245361328 3.549999952316284
vertex 43.78272247314453 47.68720245361328 0
vertex 43.99903106689453 47.021461486816406 0
endloop
endfacet
facet normal 0.9510564928905059 0.30901706640703724 0
outer loop
vertex 43.817203521728516 31.400741577148438 3.549999952316284
vertex 43.60089111328125 32.06648254394531 0
vertex 43.60089111328125 32.06648254394531 3.549999952316284
endloop
endfacet
facet normal 0 0 -1
outer loop
vertex 43.78272247314453 47.68720245361328 3.549999952316284
vertex 43.99903106689453 47.021461486816406 3.549999952316284
vertex 39.02743911743164 46.14211654663086 3.549999952316284
endloop
endfacet
facet normal 0 0 -1
outer loop
vertex 43.99903106689453 47.021461486816406 3.549999952316284
vertex 39.243751525878906 45.47637939453125 3.549999952316284
vertex 39.02743911743164 46.14211654663086 3.549999952316284
endloop
endfacet
facet normal 0 0 -1
outer loop
vertex 48.356170654296875 33.61156463623047 3.549999952316284
vertex 48.57248306274414 32.94582748413086 3.549999952316284
vertex 43.60089111328125 32.06648254394531 3.549999952316284
endloop
endfacet
facet normal 0 0 -1
outer loop
vertex 48.57248306274414 32.94582748413086 3.549999952316284
vertex 43.817203521728516 31.400741577148438 3.549999952316284
vertex 43.60089111328125 32.06648254394531 3.549999952316284
endloop
endfacet
facet normal 0.3090171180289725 -0.9510564761175164 0
outer loop
vertex 39.02743911743164 46.14211654663086 3.549999952316284
vertex 39.02743911743164 46.14211654663086 0
vertex 43.78272247314453 47.68720245361328 3.549999952316284
endloop
endfacet
facet normal 0.9510564928905059 0.30901706640703724 0
outer loop
vertex 43.60089111328125 32.06648254394531 0
vertex 43.817203521728516 31.400741577148438 3.549999952316284
vertex 43.817203521728516 31.400741577148438 0
endloop
endfacet
facet normal -0.3090173422514404 0.9510564032631588 0
outer loop
vertex 48.57248306274414 32.94582748413086 0
vertex 43.817203521728516 31.400741577148438 0
vertex 43.817203521728516 31.400741577148438 3.549999952316284
endloop
endfacet
facet normal -0.3090173422514404 0.9510564032631588 0
outer loop
vertex 48.57248306274414 32.94582748413086 0
vertex 43.817203521728516 31.400741577148438 3.549999952316284
vertex 48.57248306274414 32.94582748413086 3.549999952316284
endloop
endfacet
facet normal -0.9510559724999365 -0.3090186679995238 0
outer loop
vertex 48.356170654296875 33.61156463623047 3.549999952316284
vertex 48.57248306274414 32.94582748413086 0
vertex 48.57248306274414 32.94582748413086 3.549999952316284
endloop
endfacet
facet normal -0.9510559724999365 -0.3090186679995238 0
outer loop
vertex 48.356170654296875 33.61156463623047 0
vertex 48.57248306274414 32.94582748413086 0
vertex 48.356170654296875 33.61156463623047 3.549999952316284
endloop
endfacet
facet normal -0.8660235050871471 -0.5000032886257572 0
outer loop
vertex 62.04002380371094 57.00566864013672 3.549999952316284
vertex 62.04002380371094 57.00566864013672 0
vertex 62.3900260925293 56.399452209472656 0
endloop
endfacet
facet normal 0.49999993962571543 -0.8660254386415455 0
outer loop
vertex 57.709896087646484 54.50566864013672 3.549999952316284
vertex 57.709896087646484 54.50566864013672 0
vertex 62.04002380371094 57.00566864013672 3.549999952316284
endloop
endfacet
facet normal 0.8660258648263254 0.4999992014511777 0
outer loop
vertex 65.45989990234375 41.082275390625 3.549999952316284
vertex 65.10990142822266 41.68849182128906 0
vertex 65.10990142822266 41.68849182128906 3.549999952316284
endloop
endfacet
facet normal -0.5000002699883048 0.8660252479065622 0
outer loop
vertex 69.79002380371094 43.582275390625 0
vertex 65.45989990234375 41.082275390625 3.549999952316284
vertex 69.79002380371094 43.582275390625 3.549999952316284
endloop
endfacet
facet normal -0.8660258648263254 -0.4999992014511777 0
outer loop
vertex 69.44002532958984 44.18849182128906 3.549999952316284
vertex 69.79002380371094 43.582275390625 0
vertex 69.79002380371094 43.582275390625 3.549999952316284
endloop
endfacet
facet normal -0.8660235050871471 -0.5000032886257572 0
outer loop
vertex 62.04002380371094 57.00566864013672 3.549999952316284
vertex 62.3900260925293 56.399452209472656 0
vertex 62.3900260925293 56.399452209472656 3.549999952316284
endloop
endfacet
facet normal -0.8660258648263254 -0.4999992014511777 0
outer loop
vertex 69.44002532958984 44.18849182128906 0
vertex 69.79002380371094 43.582275390625 0
vertex 69.44002532958984 44.18849182128906 3.549999952316284
endloop
endfacet
facet normal -0.5000002699883048 0.8660252479065622 0
outer loop
vertex 69.79002380371094 43.582275390625 0
vertex 65.45989990234375 41.082275390625 0
vertex 65.45989990234375 41.082275390625 3.549999952316284
endloop
endfacet
facet normal 0.8660258648263254 0.4999992014511777 0
outer loop
vertex 65.10990142822266 41.68849182128906 0
vertex 65.45989990234375 41.082275390625 3.549999952316284
vertex 65.45989990234375 41.082275390625 0
endloop
endfacet
facet normal 0.49999993962571543 -0.8660254386415455 0
outer loop
vertex 57.709896087646484 54.50566864013672 0
vertex 62.04002380371094 57.00566864013672 0
vertex 62.04002380371094 57.00566864013672 3.549999952316284
endloop
endfacet
facet normal 0 0 -1
outer loop
vertex 58.059898376464844 53.899452209472656 3.549999952316284
vertex 57.709896087646484 54.50566864013672 3.549999952316284
vertex 62.3900260925293 56.399452209472656 3.549999952316284
endloop
endfacet
facet normal 0 0 -1
outer loop
vertex 62.04002380371094 57.00566864013672 3.549999952316284
vertex 62.3900260925293 56.399452209472656 3.549999952316284
vertex 57.709896087646484 54.50566864013672 3.549999952316284
endloop
endfacet
facet normal 0.8660235050871471 0.5000032886257572 0
outer loop
vertex 58.059898376464844 53.899452209472656 3.549999952316284
vertex 58.059898376464844 53.899452209472656 0
vertex 57.709896087646484 54.50566864013672 0
endloop
endfacet
facet normal 0 0 -1
outer loop
vertex 69.79002380371094 43.582275390625 3.549999952316284
vertex 65.45989990234375 41.082275390625 3.549999952316284
vertex 65.10990142822266 41.68849182128906 3.549999952316284
endloop
endfacet
facet normal 0 0 -1
outer loop
vertex 69.44002532958984 44.18849182128906 3.549999952316284
vertex 69.79002380371094 43.582275390625 3.549999952316284
vertex 65.10990142822266 41.68849182128906 3.549999952316284
endloop
endfacet
facet normal 0.8660235050871471 0.5000032886257572 0
outer loop
vertex 58.059898376464844 53.899452209472656 3.549999952316284
vertex 57.709896087646484 54.50566864013672 0
vertex 57.709896087646484 54.50566864013672 3.549999952316284
endloop
endfacet
facet normal 0.8314665660174577 -0.5555747920803612 0
outer loop
vertex -19.53047752380371 -57.0378303527832 0
vertex -19.53047752380371 -57.0378303527832 1.7000000476837158
vertex -19.62802505493164 -57.18381881713867 0
endloop
endfacet
facet normal -0.19507777299013523 0.9807877764762413 0
outer loop
vertex -19.040071487426758 -57.77177429199219 0
vertex -19.2122802734375 -57.806026458740234 0
vertex -19.2122802734375 -57.806026458740234 1.7000000476837158
endloop
endfacet
facet normal -0.19507777299013523 0.9807877764762413 0
outer loop
vertex -19.040071487426758 -57.77177429199219 1.7000000476837158
vertex -19.040071487426758 -57.77177429199219 0
vertex -19.2122802734375 -57.806026458740234 1.7000000476837158
endloop
endfacet
facet normal 0.9807852845629332 0.19509030110388895 0
outer loop
vertex -19.62802505493164 -57.528236389160156 1.7000000476837158
vertex -19.62802505493164 -57.528236389160156 0
vertex -19.66227912902832 -57.35602951049805 1.7000000476837158
endloop
endfacet
facet normal -0.19507777299013523 -0.9807877764762413 0
outer loop
vertex -19.040071487426758 -56.94028091430664 0
vertex -19.040071487426758 -56.94028091430664 1.7000000476837158
vertex -19.2122802734375 -56.906028747558594 0
endloop
endfacet
facet normal -0.5555772839934787 0.8314649009491799 0
outer loop
vertex -18.894081115722656 -57.674224853515625 0
vertex -19.040071487426758 -57.77177429199219 0
vertex -19.040071487426758 -57.77177429199219 1.7000000476837158
endloop
endfacet
facet normal -0.8314665660174577 0.5555747920803612 0
outer loop
vertex -18.796533584594727 -57.528236389160156 0
vertex -18.894081115722656 -57.674224853515625 0
vertex -18.894081115722656 -57.674224853515625 1.7000000476837158
endloop
endfacet
facet normal -0.9807852845629332 0.19509030110388895 0
outer loop
vertex -18.762279510498047 -57.35602951049805 0
vertex -18.796533584594727 -57.528236389160156 0
vertex -18.796533584594727 -57.528236389160156 1.7000000476837158
endloop
endfacet
facet normal -0.9807861114401027 -0.19508614406513386 0
outer loop
vertex -18.796533584594727 -57.18381881713867 0
vertex -18.762279510498047 -57.35602951049805 0
vertex -18.762279510498047 -57.35602951049805 1.7000000476837158
endloop
endfacet
facet normal -0.5555772839934787 -0.8314649009491799 0
outer loop
vertex -18.894081115722656 -57.0378303527832 0
vertex -18.894081115722656 -57.0378303527832 1.7000000476837158
vertex -19.040071487426758 -56.94028091430664 0
endloop
endfacet
facet normal -0.8314665660174577 -0.5555747920803612 0
outer loop
vertex -18.894081115722656 -57.0378303527832 0
vertex -18.796533584594727 -57.18381881713867 0
vertex -18.796533584594727 -57.18381881713867 1.7000000476837158
endloop
endfacet
facet normal 0 0 -1
outer loop
vertex -18.894081115722656 -57.0378303527832 1.7000000476837158
vertex -18.796533584594727 -57.18381881713867 1.7000000476837158
vertex -18.894081115722656 -57.674224853515625 1.7000000476837158
endloop
endfacet
facet normal 0 0 -1
outer loop
vertex -18.894081115722656 -57.0378303527832 1.7000000476837158
vertex -19.040071487426758 -57.77177429199219 1.7000000476837158
vertex -19.040071487426758 -56.94028091430664 1.7000000476837158
endloop
endfacet
facet normal -0.5555772839934787 -0.8314649009491799 0
outer loop
vertex -19.040071487426758 -56.94028091430664 1.7000000476837158
vertex -19.040071487426758 -56.94028091430664 0
vertex -18.894081115722656 -57.0378303527832 1.7000000476837158
endloop
endfacet
facet normal -0.8314665660174577 -0.5555747920803612 0
outer loop
vertex -18.894081115722656 -57.0378303527832 1.7000000476837158
vertex -18.894081115722656 -57.0378303527832 0
vertex -18.796533584594727 -57.18381881713867 1.7000000476837158
endloop
endfacet
facet normal -0.9807861114401027 -0.19508614406513386 0
outer loop
vertex -18.796533584594727 -57.18381881713867 1.7000000476837158
vertex -18.796533584594727 -57.18381881713867 0
vertex -18.762279510498047 -57.35602951049805 1.7000000476837158
endloop
endfacet
facet normal -0.9807852845629332 0.19509030110388895 0
outer loop
vertex -18.762279510498047 -57.35602951049805 1.7000000476837158
vertex -18.762279510498047 -57.35602951049805 0
vertex -18.796533584594727 -57.528236389160156 1.7000000476837158
endloop
endfacet
facet normal -0.8314665660174577 0.5555747920803612 0
outer loop
vertex -18.796533584594727 -57.528236389160156 1.7000000476837158
vertex -18.796533584594727 -57.528236389160156 0
vertex -18.894081115722656 -57.674224853515625 1.7000000476837158
endloop
endfacet
facet normal -0.5555772839934787 0.8314649009491799 0
outer loop
vertex -18.894081115722656 -57.674224853515625 1.7000000476837158
vertex -18.894081115722656 -57.674224853515625 0
vertex -19.040071487426758 -57.77177429199219 1.7000000476837158
endloop
endfacet
facet normal -0.19507777299013523 -0.9807877764762413 0
outer loop
vertex -19.2122802734375 -56.906028747558594 1.7000000476837158
vertex -19.2122802734375 -56.906028747558594 0
vertex -19.040071487426758 -56.94028091430664 1.7000000476837158
endloop
endfacet
facet normal 0.1950798514286955 -0.9807873630744628 0
outer loop
vertex -19.38448715209961 -56.94028091430664 1.7000000476837158
vertex -19.38448715209961 -56.94028091430664 0
vertex -19.2122802734375 -56.906028747558594 1.7000000476837158
endloop
endfacet
facet normal 0.5555772839934787 -0.8314649009491799 0
outer loop
vertex -19.53047752380371 -57.0378303527832 1.7000000476837158
vertex -19.53047752380371 -57.0378303527832 0
vertex -19.38448715209961 -56.94028091430664 1.7000000476837158
endloop
endfacet
facet normal 0.8314665660174577 -0.5555747920803612 0
outer loop
vertex -19.62802505493164 -57.18381881713867 1.7000000476837158
vertex -19.62802505493164 -57.18381881713867 0
vertex -19.53047752380371 -57.0378303527832 1.7000000476837158
endloop
endfacet
facet normal 0.9807861114401027 -0.19508614406513386 0
outer loop
vertex -19.66227912902832 -57.35602951049805 1.7000000476837158
vertex -19.66227912902832 -57.35602951049805 0
vertex -19.62802505493164 -57.18381881713867 1.7000000476837158
endloop
endfacet
facet normal 0.1950798514286955 0.9807873630744628 0
outer loop
vertex -19.2122802734375 -57.806026458740234 1.7000000476837158
vertex -19.2122802734375 -57.806026458740234 0
vertex -19.38448715209961 -57.77177429199219 1.7000000476837158
endloop
endfacet
facet normal 0 0 -1
outer loop
vertex -18.762279510498047 -57.35602951049805 1.7000000476837158
vertex -18.796533584594727 -57.528236389160156 1.7000000476837158
vertex -18.796533584594727 -57.18381881713867 1.7000000476837158
endloop
endfacet
facet normal 0.8314665660174577 0.5555747920803612 0
outer loop
vertex -19.53047752380371 -57.674224853515625 1.7000000476837158
vertex -19.53047752380371 -57.674224853515625 0
vertex -19.62802505493164 -57.528236389160156 1.7000000476837158
endloop
endfacet
facet normal 0 0 -1
outer loop
vertex -18.796533584594727 -57.528236389160156 1.7000000476837158
vertex -18.894081115722656 -57.674224853515625 1.7000000476837158
vertex -18.796533584594727 -57.18381881713867 1.7000000476837158
endloop
endfacet
facet normal 0.1950798514286955 -0.9807873630744628 0
outer loop
vertex -19.2122802734375 -56.906028747558594 0
vertex -19.2122802734375 -56.906028747558594 1.7000000476837158
vertex -19.38448715209961 -56.94028091430664 0
endloop
endfacet
facet normal 0.9807861114401027 -0.19508614406513386 0
outer loop
vertex -19.62802505493164 -57.18381881713867 0
vertex -19.62802505493164 -57.18381881713867 1.7000000476837158
vertex -19.66227912902832 -57.35602951049805 0
endloop
endfacet
facet normal 0.5555772839934787 -0.8314649009491799 0
outer loop
vertex -19.38448715209961 -56.94028091430664 0
vertex -19.38448715209961 -56.94028091430664 1.7000000476837158
vertex -19.53047752380371 -57.0378303527832 0
endloop
endfacet
facet normal 0 0 -1
outer loop
vertex -18.894081115722656 -57.674224853515625 1.7000000476837158
vertex -19.040071487426758 -57.77177429199219 1.7000000476837158
vertex -18.894081115722656 -57.0378303527832 1.7000000476837158
endloop
endfacet
facet normal 0 0 -1
outer loop
vertex -19.040071487426758 -56.94028091430664 1.7000000476837158
vertex -19.2122802734375 -57.806026458740234 1.7000000476837158
vertex -19.2122802734375 -56.906028747558594 1.7000000476837158
endloop
endfacet
facet normal 0 0 -1
outer loop
vertex -19.2122802734375 -56.906028747558594 1.7000000476837158
vertex -19.38448715209961 -57.77177429199219 1.7000000476837158
vertex -19.38448715209961 -56.94028091430664 1.7000000476837158
endloop
endfacet
facet normal 0 0 -1
outer loop
vertex -19.38448715209961 -56.94028091430664 1.7000000476837158
vertex -19.53047752380371 -57.674224853515625 1.7000000476837158
vertex -19.53047752380371 -57.0378303527832 1.7000000476837158
endloop
endfacet
facet normal 0 0 -1
outer loop
vertex -19.53047752380371 -57.0378303527832 1.7000000476837158
vertex -19.62802505493164 -57.528236389160156 1.7000000476837158
vertex -19.62802505493164 -57.18381881713867 1.7000000476837158
endloop
endfacet
facet normal 0 0 -1
outer loop
vertex -19.62802505493164 -57.528236389160156 1.7000000476837158
vertex -19.66227912902832 -57.35602951049805 1.7000000476837158
vertex -19.62802505493164 -57.18381881713867 1.7000000476837158
endloop
endfacet
facet normal 0 0 -1
outer loop
vertex -19.53047752380371 -57.674224853515625 1.7000000476837158
vertex -19.62802505493164 -57.528236389160156 1.7000000476837158
vertex -19.53047752380371 -57.0378303527832 1.7000000476837158
endloop
endfacet
facet normal 0 0 -1
outer loop
vertex -19.040071487426758 -57.77177429199219 1.7000000476837158
vertex -19.2122802734375 -57.806026458740234 1.7000000476837158
vertex -19.040071487426758 -56.94028091430664 1.7000000476837158
endloop
endfacet
facet normal 0 0 -1
outer loop
vertex -19.2122802734375 -57.806026458740234 1.7000000476837158
vertex -19.38448715209961 -57.77177429199219 1.7000000476837158
vertex -19.2122802734375 -56.906028747558594 1.7000000476837158
endloop
endfacet
facet normal 0.8314665660174577 0.5555747920803612 0
outer loop
vertex -19.62802505493164 -57.528236389160156 0
vertex -19.62802505493164 -57.528236389160156 1.7000000476837158
vertex -19.53047752380371 -57.674224853515625 0
endloop
endfacet
facet normal 0.5555772839934787 0.8314649009491799 0
outer loop
vertex -19.53047752380371 -57.674224853515625 0
vertex -19.53047752380371 -57.674224853515625 1.7000000476837158
vertex -19.38448715209961 -57.77177429199219 0
endloop
endfacet
facet normal 0.5555772839934787 0.8314649009491799 0
outer loop
vertex -19.38448715209961 -57.77177429199219 1.7000000476837158
vertex -19.38448715209961 -57.77177429199219 0
vertex -19.53047752380371 -57.674224853515625 1.7000000476837158
endloop
endfacet
facet normal 0 0 -1
outer loop
vertex -19.38448715209961 -57.77177429199219 1.7000000476837158
vertex -19.53047752380371 -57.674224853515625 1.7000000476837158
vertex -19.38448715209961 -56.94028091430664 1.7000000476837158
endloop
endfacet
facet normal 0.9807852845629332 0.19509030110388895 0
outer loop
vertex -19.66227912902832 -57.35602951049805 0
vertex -19.66227912902832 -57.35602951049805 1.7000000476837158
vertex -19.62802505493164 -57.528236389160156 0
endloop
endfacet
facet normal 0.1950798514286955 0.9807873630744628 0
outer loop
vertex -19.2122802734375 -57.806026458740234 0
vertex -19.38448715209961 -57.77177429199219 0
vertex -19.38448715209961 -57.77177429199219 1.7000000476837158
endloop
endfacet
facet normal -0.8314665660174577 0.5555747920803612 0
outer loop
vertex -18.796533584594727 -56.258235931396484 1.7000000476837158
vertex -18.796533584594727 -56.258235931396484 0
vertex -18.894081115722656 -56.40422439575195 1.7000000476837158
endloop
endfacet
facet normal -0.9807852845629332 0.19509030110388895 0
outer loop
vertex -18.762279510498047 -56.086029052734375 1.7000000476837158
vertex -18.762279510498047 -56.086029052734375 0
vertex -18.796533584594727 -56.258235931396484 1.7000000476837158
endloop
endfacet
facet normal -0.19507777299013523 -0.9807877764762413 0
outer loop
vertex -19.040071487426758 -55.67028045654297 0
vertex -19.040071487426758 -55.67028045654297 1.7000000476837158
vertex -19.2122802734375 -55.63602828979492 0
endloop
endfacet
facet normal 0.1950798514286955 -0.9807873630744628 0
outer loop
vertex -19.2122802734375 -55.63602828979492 0
vertex -19.2122802734375 -55.63602828979492 1.7000000476837158
vertex -19.38448715209961 -55.67028045654297 0
endloop
endfacet
facet normal 0.5555772839934787 -0.8314649009491799 0
outer loop
vertex -19.38448715209961 -55.67028045654297 0
vertex -19.38448715209961 -55.67028045654297 1.7000000476837158
vertex -19.53047752380371 -55.76782989501953 0
endloop
endfacet
facet normal -0.8314665660174577 -0.5555747920803612 0
outer loop
vertex -18.894081115722656 -55.76782989501953 0
vertex -18.796533584594727 -55.913818359375 0
vertex -18.796533584594727 -55.913818359375 1.7000000476837158
endloop
endfacet
facet normal -0.9807861114401027 -0.19508614406513386 0
outer loop
vertex -18.796533584594727 -55.913818359375 0
vertex -18.762279510498047 -56.086029052734375 0
vertex -18.762279510498047 -56.086029052734375 1.7000000476837158
endloop
endfacet
facet normal -0.9807852845629332 0.19509030110388895 0
outer loop
vertex -18.762279510498047 -56.086029052734375 0
vertex -18.796533584594727 -56.258235931396484 0
vertex -18.796533584594727 -56.258235931396484 1.7000000476837158
endloop
endfacet
facet normal -0.8314665660174577 0.5555747920803612 0
outer loop
vertex -18.796533584594727 -56.258235931396484 0
vertex -18.894081115722656 -56.40422439575195 0
vertex -18.894081115722656 -56.40422439575195 1.7000000476837158
endloop
endfacet
facet normal -0.5555772839934787 0.8314649009491799 0
outer loop
vertex -18.894081115722656 -56.40422439575195 0
vertex -19.040071487426758 -56.501773834228516 0
vertex -19.040071487426758 -56.501773834228516 1.7000000476837158
endloop
endfacet
facet normal 0.8314665660174577 -0.5555747920803612 0
outer loop
vertex -19.53047752380371 -55.76782989501953 0
vertex -19.53047752380371 -55.76782989501953 1.7000000476837158
vertex -19.62802505493164 -55.913818359375 0
endloop
endfacet
facet normal 0.9807861114401027 -0.19508614406513386 0
outer loop
vertex -19.62802505493164 -55.913818359375 0
vertex -19.62802505493164 -55.913818359375 1.7000000476837158
vertex -19.66227912902832 -56.086029052734375 0
endloop
endfacet
facet normal 0.9807852845629332 0.19509030110388895 0
outer loop
vertex -19.66227912902832 -56.086029052734375 0
vertex -19.66227912902832 -56.086029052734375 1.7000000476837158
vertex -19.62802505493164 -56.258235931396484 0
endloop
endfacet
facet normal 0.8314665660174577 0.5555747920803612 0
outer loop
vertex -19.62802505493164 -56.258235931396484 0
vertex -19.62802505493164 -56.258235931396484 1.7000000476837158
vertex -19.53047752380371 -56.40422439575195 0
endloop
endfacet
facet normal -0.19507777299013523 0.9807877764762413 0
outer loop
vertex -19.040071487426758 -56.501773834228516 0
vertex -19.2122802734375 -56.53602600097656 0
vertex -19.2122802734375 -56.53602600097656 1.7000000476837158
endloop
endfacet
facet normal 0.1950798514286955 0.9807873630744628 0
outer loop
vertex -19.2122802734375 -56.53602600097656 0
vertex -19.38448715209961 -56.501773834228516 0
vertex -19.38448715209961 -56.501773834228516 1.7000000476837158
endloop
endfacet
facet normal 0.5555772839934787 0.8314649009491799 0
outer loop
vertex -19.38448715209961 -56.501773834228516 0
vertex -19.53047752380371 -56.40422439575195 0
vertex -19.53047752380371 -56.40422439575195 1.7000000476837158
endloop
endfacet
facet normal 0 0 -1
outer loop
vertex -19.62802505493164 -56.258235931396484 1.7000000476837158
vertex -19.66227912902832 -56.086029052734375 1.7000000476837158
vertex -19.62802505493164 -55.913818359375 1.7000000476837158
endloop
endfacet
facet normal 0 0 -1
outer loop
vertex -19.53047752380371 -56.40422439575195 1.7000000476837158
vertex -19.62802505493164 -56.258235931396484 1.7000000476837158
vertex -19.53047752380371 -55.76782989501953 1.7000000476837158
endloop
endfacet
facet normal 0 0 -1
outer loop
vertex -19.38448715209961 -56.501773834228516 1.7000000476837158
vertex -19.53047752380371 -56.40422439575195 1.7000000476837158
vertex -19.38448715209961 -55.67028045654297 1.7000000476837158
endloop
endfacet
facet normal 0 0 -1
outer loop
vertex -19.53047752380371 -55.76782989501953 1.7000000476837158
vertex -19.62802505493164 -56.258235931396484 1.7000000476837158
vertex -19.62802505493164 -55.913818359375 1.7000000476837158
endloop
endfacet
facet normal 0 0 -1
outer loop
vertex -19.38448715209961 -55.67028045654297 1.7000000476837158
vertex -19.53047752380371 -56.40422439575195 1.7000000476837158
vertex -19.53047752380371 -55.76782989501953 1.7000000476837158
endloop
endfacet
facet normal 0 0 -1
outer loop
vertex -19.2122802734375 -56.53602600097656 1.7000000476837158
vertex -19.38448715209961 -56.501773834228516 1.7000000476837158
vertex -19.2122802734375 -55.63602828979492 1.7000000476837158
endloop
endfacet
facet normal 0 0 -1
outer loop
vertex -19.040071487426758 -56.501773834228516 1.7000000476837158
vertex -19.2122802734375 -56.53602600097656 1.7000000476837158
vertex -19.040071487426758 -55.67028045654297 1.7000000476837158
endloop
endfacet
facet normal 0 0 -1
outer loop
vertex -19.2122802734375 -55.63602828979492 1.7000000476837158
vertex -19.38448715209961 -56.501773834228516 1.7000000476837158
vertex -19.38448715209961 -55.67028045654297 1.7000000476837158
endloop
endfacet
facet normal 0 0 -1
outer loop
vertex -19.040071487426758 -55.67028045654297 1.7000000476837158
vertex -19.2122802734375 -56.53602600097656 1.7000000476837158
vertex -19.2122802734375 -55.63602828979492 1.7000000476837158
endloop
endfacet
facet normal 0 0 -1
outer loop
vertex -18.894081115722656 -56.40422439575195 1.7000000476837158
vertex -19.040071487426758 -56.501773834228516 1.7000000476837158
vertex -18.894081115722656 -55.76782989501953 1.7000000476837158
endloop
endfacet
facet normal 0 0 -1
outer loop
vertex -18.796533584594727 -56.258235931396484 1.7000000476837158
vertex -18.894081115722656 -56.40422439575195 1.7000000476837158
vertex -18.796533584594727 -55.913818359375 1.7000000476837158
endloop
endfacet
facet normal 0 0 -1
outer loop
vertex -18.762279510498047 -56.086029052734375 1.7000000476837158
vertex -18.796533584594727 -56.258235931396484 1.7000000476837158
vertex -18.796533584594727 -55.913818359375 1.7000000476837158
endloop
endfacet
facet normal 0.8314665660174577 0.5555747920803612 0
outer loop
vertex -19.53047752380371 -56.40422439575195 1.7000000476837158
vertex -19.53047752380371 -56.40422439575195 0
vertex -19.62802505493164 -56.258235931396484 1.7000000476837158
endloop
endfacet
facet normal 0.5555772839934787 0.8314649009491799 0
outer loop
vertex -19.38448715209961 -56.501773834228516 1.7000000476837158
vertex -19.38448715209961 -56.501773834228516 0
vertex -19.53047752380371 -56.40422439575195 1.7000000476837158
endloop
endfacet
facet normal 0.1950798514286955 0.9807873630744628 0
outer loop
vertex -19.2122802734375 -56.53602600097656 1.7000000476837158
vertex -19.2122802734375 -56.53602600097656 0
vertex -19.38448715209961 -56.501773834228516 1.7000000476837158
endloop
endfacet
facet normal -0.19507777299013523 0.9807877764762413 0
outer loop
vertex -19.040071487426758 -56.501773834228516 1.7000000476837158
vertex -19.040071487426758 -56.501773834228516 0
vertex -19.2122802734375 -56.53602600097656 1.7000000476837158
endloop
endfacet
facet normal -0.5555772839934787 -0.8314649009491799 0
outer loop
vertex -19.040071487426758 -55.67028045654297 1.7000000476837158
vertex -19.040071487426758 -55.67028045654297 0
vertex -18.894081115722656 -55.76782989501953 1.7000000476837158
endloop
endfacet
facet normal 0.9807852845629332 0.19509030110388895 0
outer loop
vertex -19.62802505493164 -56.258235931396484 1.7000000476837158
vertex -19.62802505493164 -56.258235931396484 0
vertex -19.66227912902832 -56.086029052734375 1.7000000476837158
endloop
endfacet
facet normal 0.9807861114401027 -0.19508614406513386 0
outer loop
vertex -19.66227912902832 -56.086029052734375 1.7000000476837158
vertex -19.66227912902832 -56.086029052734375 0
vertex -19.62802505493164 -55.913818359375 1.7000000476837158
endloop
endfacet
facet normal 0 0 -1
outer loop
vertex -18.894081115722656 -55.76782989501953 1.7000000476837158
vertex -19.040071487426758 -56.501773834228516 1.7000000476837158
vertex -19.040071487426758 -55.67028045654297 1.7000000476837158
endloop
endfacet
facet normal 0 0 -1
outer loop
vertex -18.894081115722656 -55.76782989501953 1.7000000476837158
vertex -18.796533584594727 -55.913818359375 1.7000000476837158
vertex -18.894081115722656 -56.40422439575195 1.7000000476837158
endloop
endfacet
facet normal 0.8314665660174577 -0.5555747920803612 0
outer loop
vertex -19.62802505493164 -55.913818359375 1.7000000476837158
vertex -19.62802505493164 -55.913818359375 0
vertex -19.53047752380371 -55.76782989501953 1.7000000476837158
endloop
endfacet
facet normal -0.5555772839934787 0.8314649009491799 0
outer loop
vertex -18.894081115722656 -56.40422439575195 1.7000000476837158
vertex -18.894081115722656 -56.40422439575195 0
vertex -19.040071487426758 -56.501773834228516 1.7000000476837158
endloop
endfacet
facet normal -0.19507777299013523 -0.9807877764762413 0
outer loop
vertex -19.2122802734375 -55.63602828979492 1.7000000476837158
vertex -19.2122802734375 -55.63602828979492 0
vertex -19.040071487426758 -55.67028045654297 1.7000000476837158
endloop
endfacet
facet normal 0.1950798514286955 -0.9807873630744628 0
outer loop
vertex -19.38448715209961 -55.67028045654297 1.7000000476837158
vertex -19.38448715209961 -55.67028045654297 0
vertex -19.2122802734375 -55.63602828979492 1.7000000476837158
endloop
endfacet
facet normal 0.5555772839934787 -0.8314649009491799 0
outer loop
vertex -19.53047752380371 -55.76782989501953 1.7000000476837158
vertex -19.53047752380371 -55.76782989501953 0
vertex -19.38448715209961 -55.67028045654297 1.7000000476837158
endloop
endfacet
facet normal -0.9807861114401027 -0.19508614406513386 0
outer loop
vertex -18.796533584594727 -55.913818359375 1.7000000476837158
vertex -18.796533584594727 -55.913818359375 0
vertex -18.762279510498047 -56.086029052734375 1.7000000476837158
endloop
endfacet
facet normal -0.8314665660174577 -0.5555747920803612 0
outer loop
vertex -18.894081115722656 -55.76782989501953 1.7000000476837158
vertex -18.894081115722656 -55.76782989501953 0
vertex -18.796533584594727 -55.913818359375 1.7000000476837158
endloop
endfacet
facet normal -0.5555772839934787 -0.8314649009491799 0
outer loop
vertex -18.894081115722656 -55.76782989501953 0
vertex -18.894081115722656 -55.76782989501953 1.7000000476837158
vertex -19.040071487426758 -55.67028045654297 0
endloop
endfacet
facet normal 0 0 -1
outer loop
vertex -18.796533584594727 -54.98823547363281 1.7000000476837158
vertex -18.894081115722656 -55.13422775268555 1.7000000476837158
vertex -18.796533584594727 -54.643821716308594 1.7000000476837158
endloop
endfacet
facet normal -0.5555622638012966 -0.8314749371087372 0
outer loop
vertex -19.040071487426758 -54.40028381347656 1.7000000476837158
vertex -19.040071487426758 -54.40028381347656 0
vertex -18.894081115722656 -54.49782943725586 1.7000000476837158
endloop
endfacet
facet normal 0.5555622638012966 0.8314749371087372 0
outer loop
vertex -19.38448715209961 -55.231773376464844 1.7000000476837158
vertex -19.38448715209961 -55.231773376464844 0
vertex -19.53047752380371 -55.13422775268555 1.7000000476837158
endloop
endfacet
facet normal 0.9807852845629332 0.19509030110388895 0
outer loop
vertex -19.62802505493164 -54.98823547363281 1.7000000476837158
vertex -19.62802505493164 -54.98823547363281 0
vertex -19.66227912902832 -54.8160285949707 1.7000000476837158
endloop
endfacet
facet normal 0.9807852845629332 -0.19509030110388895 0
outer loop
vertex -19.66227912902832 -54.8160285949707 1.7000000476837158
vertex -19.66227912902832 -54.8160285949707 0
vertex -19.62802505493164 -54.643821716308594 1.7000000476837158
endloop
endfacet
facet normal 0.1951007507126451 0.9807832059488795 0
outer loop
vertex -19.2122802734375 -55.266029357910156 1.7000000476837158
vertex -19.2122802734375 -55.266029357910156 0
vertex -19.38448715209961 -55.231773376464844 1.7000000476837158
endloop
endfacet
facet normal -0.1950986720690384 0.9807836194374872 0
outer loop
vertex -19.040071487426758 -55.231773376464844 1.7000000476837158
vertex -19.040071487426758 -55.231773376464844 0
vertex -19.2122802734375 -55.266029357910156 1.7000000476837158
endloop
endfacet
facet normal -0.5555622638012966 0.8314749371087372 0
outer loop
vertex -18.894081115722656 -55.13422775268555 1.7000000476837158
vertex -18.894081115722656 -55.13422775268555 0
vertex -19.040071487426758 -55.231773376464844 1.7000000476837158
endloop
endfacet
facet normal -0.8314732719568675 0.5555647559208026 0
outer loop
vertex -18.796533584594727 -54.98823547363281 1.7000000476837158
vertex -18.796533584594727 -54.98823547363281 0
vertex -18.894081115722656 -55.13422775268555 1.7000000476837158
endloop
endfacet
facet normal -0.9807852845629332 0.19509030110388895 0
outer loop
vertex -18.762279510498047 -54.8160285949707 1.7000000476837158
vertex -18.762279510498047 -54.8160285949707 0
vertex -18.796533584594727 -54.98823547363281 1.7000000476837158
endloop
endfacet
facet normal 0.9807852845629332 -0.19509030110388895 0
outer loop
vertex -19.62802505493164 -54.643821716308594 1.7000000476837158
vertex -19.66227912902832 -54.8160285949707 0
vertex -19.62802505493164 -54.643821716308594 0
endloop
endfacet
facet normal 0.8314732719568675 -0.5555647559208026 0
outer loop
vertex -19.53047752380371 -54.49782943725586 0
vertex -19.53047752380371 -54.49782943725586 1.7000000476837158
vertex -19.62802505493164 -54.643821716308594 0
endloop
endfacet
facet normal 0.5555622638012966 -0.8314749371087372 0
outer loop
vertex -19.38448715209961 -54.40028381347656 0
vertex -19.38448715209961 -54.40028381347656 1.7000000476837158
vertex -19.53047752380371 -54.49782943725586 0
endloop
endfacet
facet normal 0.1951007507126451 -0.9807832059488795 0
outer loop
vertex -19.2122802734375 -54.36602783203125 0
vertex -19.2122802734375 -54.36602783203125 1.7000000476837158
vertex -19.38448715209961 -54.40028381347656 0
endloop
endfacet
facet normal -0.1950986720690384 -0.9807836194374872 0
outer loop
vertex -19.040071487426758 -54.40028381347656 0
vertex -19.040071487426758 -54.40028381347656 1.7000000476837158
vertex -19.2122802734375 -54.36602783203125 0
endloop
endfacet
facet normal 0 0 -1
outer loop
vertex -19.2122802734375 -55.266029357910156 1.7000000476837158
vertex -19.38448715209961 -55.231773376464844 1.7000000476837158
vertex -19.2122802734375 -54.36602783203125 1.7000000476837158
endloop
endfacet
facet normal 0 0 -1
outer loop
vertex -19.38448715209961 -55.231773376464844 1.7000000476837158
vertex -19.53047752380371 -55.13422775268555 1.7000000476837158
vertex -19.38448715209961 -54.40028381347656 1.7000000476837158
endloop
endfacet
facet normal 0 0 -1
outer loop
vertex -19.62802505493164 -54.98823547363281 1.7000000476837158
vertex -19.66227912902832 -54.8160285949707 1.7000000476837158
vertex -19.62802505493164 -54.643821716308594 1.7000000476837158
endloop
endfacet
facet normal 0 0 -1
outer loop
vertex -19.53047752380371 -55.13422775268555 1.7000000476837158
vertex -19.62802505493164 -54.98823547363281 1.7000000476837158
vertex -19.53047752380371 -54.49782943725586 1.7000000476837158
endloop
endfacet
facet normal -0.5555622638012966 -0.8314749371087372 0
outer loop
vertex -18.894081115722656 -54.49782943725586 0
vertex -18.894081115722656 -54.49782943725586 1.7000000476837158
vertex -19.040071487426758 -54.40028381347656 0
endloop
endfacet
facet normal -0.8314732719568675 -0.5555647559208026 0
outer loop
vertex -18.796533584594727 -54.643821716308594 0
vertex -18.796533584594727 -54.643821716308594 1.7000000476837158
vertex -18.894081115722656 -54.49782943725586 0
endloop
endfacet
facet normal 0 0 -1
outer loop
vertex -19.53047752380371 -54.49782943725586 1.7000000476837158
vertex -19.62802505493164 -54.98823547363281 1.7000000476837158
vertex -19.62802505493164 -54.643821716308594 1.7000000476837158
endloop
endfacet
facet normal 0 0 -1
outer loop
vertex -18.762279510498047 -54.8160285949707 1.7000000476837158
vertex -18.796533584594727 -54.98823547363281 1.7000000476837158
vertex -18.796533584594727 -54.643821716308594 1.7000000476837158
endloop
endfacet
facet normal 0 0 -1
outer loop
vertex -18.894081115722656 -55.13422775268555 1.7000000476837158
vertex -19.040071487426758 -55.231773376464844 1.7000000476837158
vertex -18.894081115722656 -54.49782943725586 1.7000000476837158
endloop
endfacet
facet normal 0 0 -1
outer loop
vertex -19.38448715209961 -54.40028381347656 1.7000000476837158
vertex -19.53047752380371 -55.13422775268555 1.7000000476837158
vertex -19.53047752380371 -54.49782943725586 1.7000000476837158
endloop
endfacet
facet normal 0 0 -1
outer loop
vertex -19.2122802734375 -54.36602783203125 1.7000000476837158
vertex -19.38448715209961 -55.231773376464844 1.7000000476837158
vertex -19.38448715209961 -54.40028381347656 1.7000000476837158
endloop
endfacet
facet normal 0 0 -1
outer loop
vertex -19.040071487426758 -54.40028381347656 1.7000000476837158
vertex -19.2122802734375 -55.266029357910156 1.7000000476837158
vertex -19.2122802734375 -54.36602783203125 1.7000000476837158
endloop
endfacet
facet normal 0 0 -1
outer loop
vertex -18.894081115722656 -55.13422775268555 1.7000000476837158
vertex -18.894081115722656 -54.49782943725586 1.7000000476837158
vertex -18.796533584594727 -54.643821716308594 1.7000000476837158
endloop
endfacet
facet normal 0.8314732719568675 -0.5555647559208026 0
outer loop
vertex -19.62802505493164 -54.643821716308594 1.7000000476837158
vertex -19.62802505493164 -54.643821716308594 0
vertex -19.53047752380371 -54.49782943725586 1.7000000476837158
endloop
endfacet
facet normal 0 0 -1
outer loop
vertex -18.894081115722656 -54.49782943725586 1.7000000476837158
vertex -19.040071487426758 -55.231773376464844 1.7000000476837158
vertex -19.040071487426758 -54.40028381347656 1.7000000476837158
endloop
endfacet
facet normal 0.5555622638012966 -0.8314749371087372 0
outer loop
vertex -19.53047752380371 -54.49782943725586 1.7000000476837158
vertex -19.53047752380371 -54.49782943725586 0
vertex -19.38448715209961 -54.40028381347656 1.7000000476837158
endloop
endfacet
facet normal 0.1951007507126451 -0.9807832059488795 0
outer loop
vertex -19.38448715209961 -54.40028381347656 1.7000000476837158
vertex -19.38448715209961 -54.40028381347656 0
vertex -19.2122802734375 -54.36602783203125 1.7000000476837158
endloop
endfacet
facet normal 0.8314732719568675 0.5555647559208026 0
outer loop
vertex -19.53047752380371 -55.13422775268555 1.7000000476837158
vertex -19.53047752380371 -55.13422775268555 0
vertex -19.62802505493164 -54.98823547363281 1.7000000476837158
endloop
endfacet
facet normal 0.8314732719568675 0.5555647559208026 0
outer loop
vertex -19.62802505493164 -54.98823547363281 0
vertex -19.62802505493164 -54.98823547363281 1.7000000476837158
vertex -19.53047752380371 -55.13422775268555 0
endloop
endfacet
facet normal -0.1950986720690384 -0.9807836194374872 0
outer loop
vertex -19.2122802734375 -54.36602783203125 1.7000000476837158
vertex -19.2122802734375 -54.36602783203125 0
vertex -19.040071487426758 -54.40028381347656 1.7000000476837158
endloop
endfacet
facet normal 0.5555622638012966 0.8314749371087372 0
outer loop
vertex -19.38448715209961 -55.231773376464844 0
vertex -19.53047752380371 -55.13422775268555 0
vertex -19.53047752380371 -55.13422775268555 1.7000000476837158
endloop
endfacet
facet normal 0.9807852845629332 0.19509030110388895 0
outer loop
vertex -19.66227912902832 -54.8160285949707 0
vertex -19.66227912902832 -54.8160285949707 1.7000000476837158
vertex -19.62802505493164 -54.98823547363281 0
endloop
endfacet
facet normal 0.1951007507126451 0.9807832059488795 0
outer loop
vertex -19.38448715209961 -55.231773376464844 0
vertex -19.38448715209961 -55.231773376464844 1.7000000476837158
vertex -19.2122802734375 -55.266029357910156 0
endloop
endfacet
facet normal -0.1950986720690384 0.9807836194374872 0
outer loop
vertex -19.040071487426758 -55.231773376464844 0
vertex -19.2122802734375 -55.266029357910156 0
vertex -19.2122802734375 -55.266029357910156 1.7000000476837158
endloop
endfacet
facet normal -0.5555622638012966 0.8314749371087372 0
outer loop
vertex -18.894081115722656 -55.13422775268555 0
vertex -19.040071487426758 -55.231773376464844 0
vertex -19.040071487426758 -55.231773376464844 1.7000000476837158
endloop
endfacet
facet normal -0.8314732719568675 0.5555647559208026 0
outer loop
vertex -18.796533584594727 -54.98823547363281 0
vertex -18.894081115722656 -55.13422775268555 0
vertex -18.894081115722656 -55.13422775268555 1.7000000476837158
endloop
endfacet
facet normal -0.9807852845629332 0.19509030110388895 0
outer loop
vertex -18.762279510498047 -54.8160285949707 0
vertex -18.796533584594727 -54.98823547363281 0
vertex -18.796533584594727 -54.98823547363281 1.7000000476837158
endloop
endfacet
facet normal -0.9807852845629332 -0.19509030110388895 0
outer loop
vertex -18.762279510498047 -54.8160285949707 0
vertex -18.762279510498047 -54.8160285949707 1.7000000476837158
vertex -18.796533584594727 -54.643821716308594 0
endloop
endfacet
facet normal -0.8314732719568675 -0.5555647559208026 0
outer loop
vertex -18.894081115722656 -54.49782943725586 1.7000000476837158
vertex -18.894081115722656 -54.49782943725586 0
vertex -18.796533584594727 -54.643821716308594 1.7000000476837158
endloop
endfacet
facet normal -0.9807852845629332 -0.19509030110388895 0
outer loop
vertex -18.796533584594727 -54.643821716308594 1.7000000476837158
vertex -18.796533584594727 -54.643821716308594 0
vertex -18.762279510498047 -54.8160285949707 1.7000000476837158
endloop
endfacet
facet normal 0 0 -1
outer loop
vertex -19.040071487426758 -55.231773376464844 1.7000000476837158
vertex -19.2122802734375 -55.266029357910156 1.7000000476837158
vertex -19.040071487426758 -54.40028381347656 1.7000000476837158
endloop
endfacet
facet normal -0.1950986720690384 -0.9807836194374872 0
outer loop
vertex -19.040071487426758 -53.13028335571289 0
vertex -19.040071487426758 -53.13028335571289 1.7000000476837158
vertex -19.2122802734375 -53.09602737426758 0
endloop
endfacet
facet normal 0 0 -1
outer loop
vertex -19.38448715209961 -53.13028335571289 1.7000000476837158
vertex -19.53047752380371 -53.864227294921875 1.7000000476837158
vertex -19.53047752380371 -53.22782897949219 1.7000000476837158
endloop
endfacet
facet normal -0.9807852845629332 -0.19509030110388895 0
outer loop
vertex -18.796533584594727 -53.37382125854492 0
vertex -18.762279510498047 -53.54602813720703 0
vertex -18.762279510498047 -53.54602813720703 1.7000000476837158
endloop
endfacet
facet normal -0.5555622638012966 -0.8314749371087372 0
outer loop
vertex -18.894081115722656 -53.22782897949219 0
vertex -18.894081115722656 -53.22782897949219 1.7000000476837158
vertex -19.040071487426758 -53.13028335571289 0
endloop
endfacet
facet normal 0.1951007507126451 -0.9807832059488795 0
outer loop
vertex -19.2122802734375 -53.09602737426758 0
vertex -19.2122802734375 -53.09602737426758 1.7000000476837158
vertex -19.38448715209961 -53.13028335571289 0
endloop
endfacet
facet normal 0 0 -1
outer loop
vertex -19.2122802734375 -53.09602737426758 1.7000000476837158
vertex -19.38448715209961 -53.96177291870117 1.7000000476837158
vertex -19.38448715209961 -53.13028335571289 1.7000000476837158
endloop
endfacet
facet normal 0 0 -1
outer loop
vertex -19.040071487426758 -53.13028335571289 1.7000000476837158
vertex -19.2122802734375 -53.996028900146484 1.7000000476837158
vertex -19.2122802734375 -53.09602737426758 1.7000000476837158
endloop
endfacet
facet normal 0 0 -1
outer loop
vertex -18.894081115722656 -53.22782897949219 1.7000000476837158
vertex -19.040071487426758 -53.96177291870117 1.7000000476837158
vertex -19.040071487426758 -53.13028335571289 1.7000000476837158
endloop
endfacet
facet normal -0.8314732719568675 -0.5555647559208026 0
outer loop
vertex -18.894081115722656 -53.22782897949219 0
vertex -18.796533584594727 -53.37382125854492 0
vertex -18.796533584594727 -53.37382125854492 1.7000000476837158
endloop
endfacet
facet normal -0.1950986720690384 0.9807836194374872 0
outer loop
vertex -19.040071487426758 -53.96177291870117 1.7000000476837158
vertex -19.040071487426758 -53.96177291870117 0
vertex -19.2122802734375 -53.996028900146484 1.7000000476837158
endloop
endfacet
facet normal 0.1951007507126451 0.9807832059488795 0
outer loop
vertex -19.2122802734375 -53.996028900146484 1.7000000476837158
vertex -19.2122802734375 -53.996028900146484 0
vertex -19.38448715209961 -53.96177291870117 1.7000000476837158
endloop
endfacet
facet normal 0 0 -1
outer loop
vertex -19.53047752380371 -53.22782897949219 1.7000000476837158
vertex -19.62802505493164 -53.71823501586914 1.7000000476837158
vertex -19.62802505493164 -53.37382125854492 1.7000000476837158
endloop
endfacet
facet normal 0 0 -1
outer loop
vertex -18.894081115722656 -53.22782897949219 1.7000000476837158
vertex -18.796533584594727 -53.37382125854492 1.7000000476837158
vertex -18.894081115722656 -53.864227294921875 1.7000000476837158
endloop
endfacet
facet normal 0.9807852845629332 0.19509030110388895 0
outer loop
vertex -19.62802505493164 -53.71823501586914 1.7000000476837158
vertex -19.62802505493164 -53.71823501586914 0
vertex -19.66227912902832 -53.54602813720703 1.7000000476837158
endloop
endfacet
facet normal 0.8314732719568675 0.5555647559208026 0
outer loop
vertex -19.53047752380371 -53.864227294921875 1.7000000476837158
vertex -19.53047752380371 -53.864227294921875 0
vertex -19.62802505493164 -53.71823501586914 1.7000000476837158
endloop
endfacet
facet normal 0.5555622638012966 0.8314749371087372 0
outer loop
vertex -19.38448715209961 -53.96177291870117 1.7000000476837158
vertex -19.38448715209961 -53.96177291870117 0
vertex -19.53047752380371 -53.864227294921875 1.7000000476837158
endloop
endfacet
facet normal 0 0 -1
outer loop
vertex -18.762279510498047 -53.54602813720703 1.7000000476837158
vertex -18.796533584594727 -53.71823501586914 1.7000000476837158
vertex -18.796533584594727 -53.37382125854492 1.7000000476837158
endloop
endfacet
facet normal -0.5555622638012966 0.8314749371087372 0
outer loop
vertex -18.894081115722656 -53.864227294921875 1.7000000476837158
vertex -18.894081115722656 -53.864227294921875 0
vertex -19.040071487426758 -53.96177291870117 1.7000000476837158
endloop
endfacet
facet normal -0.8314732719568675 0.5555647559208026 0
outer loop
vertex -18.796533584594727 -53.71823501586914 1.7000000476837158
vertex -18.796533584594727 -53.71823501586914 0
vertex -18.894081115722656 -53.864227294921875 1.7000000476837158
endloop
endfacet
facet normal 0.9807852845629332 -0.19509030110388895 0
outer loop
vertex -19.66227912902832 -53.54602813720703 1.7000000476837158
vertex -19.66227912902832 -53.54602813720703 0
vertex -19.62802505493164 -53.37382125854492 1.7000000476837158
endloop
endfacet
facet normal 0.8314732719568675 -0.5555647559208026 0
outer loop
vertex -19.62802505493164 -53.37382125854492 1.7000000476837158
vertex -19.62802505493164 -53.37382125854492 0
vertex -19.53047752380371 -53.22782897949219 1.7000000476837158
endloop
endfacet
facet normal 0 0 -1
outer loop
vertex -19.62802505493164 -53.71823501586914 1.7000000476837158
vertex -19.66227912902832 -53.54602813720703 1.7000000476837158
vertex -19.62802505493164 -53.37382125854492 1.7000000476837158
endloop
endfacet
facet normal 0 0 -1
outer loop
vertex -19.53047752380371 -53.864227294921875 1.7000000476837158
vertex -19.62802505493164 -53.71823501586914 1.7000000476837158
vertex -19.53047752380371 -53.22782897949219 1.7000000476837158
endloop
endfacet
facet normal 0.5555622638012966 -0.8314749371087372 0
outer loop
vertex -19.53047752380371 -53.22782897949219 1.7000000476837158
vertex -19.53047752380371 -53.22782897949219 0
vertex -19.38448715209961 -53.13028335571289 1.7000000476837158
endloop
endfacet
facet normal 0.1951007507126451 -0.9807832059488795 0
outer loop
vertex -19.38448715209961 -53.13028335571289 1.7000000476837158
vertex -19.38448715209961 -53.13028335571289 0
vertex -19.2122802734375 -53.09602737426758 1.7000000476837158
endloop
endfacet
facet normal -0.1950986720690384 -0.9807836194374872 0
outer loop
vertex -19.2122802734375 -53.09602737426758 1.7000000476837158
vertex -19.2122802734375 -53.09602737426758 0
vertex -19.040071487426758 -53.13028335571289 1.7000000476837158
endloop
endfacet
facet normal 0 0 -1
outer loop
vertex -18.796533584594727 -53.71823501586914 1.7000000476837158
vertex -18.894081115722656 -53.864227294921875 1.7000000476837158
vertex -18.796533584594727 -53.37382125854492 1.7000000476837158
endloop
endfacet
facet normal 0 0 -1
outer loop
vertex -18.894081115722656 -53.864227294921875 1.7000000476837158
vertex -19.040071487426758 -53.96177291870117 1.7000000476837158
vertex -18.894081115722656 -53.22782897949219 1.7000000476837158
endloop
endfacet
facet normal -0.9807852845629332 0.19509030110388895 0
outer loop
vertex -18.762279510498047 -53.54602813720703 1.7000000476837158
vertex -18.762279510498047 -53.54602813720703 0
vertex -18.796533584594727 -53.71823501586914 1.7000000476837158
endloop
endfacet
facet normal 0 0 -1
outer loop
vertex -19.040071487426758 -53.96177291870117 1.7000000476837158
vertex -19.2122802734375 -53.996028900146484 1.7000000476837158
vertex -19.040071487426758 -53.13028335571289 1.7000000476837158
endloop
endfacet
facet normal 0 0 -1
outer loop
vertex -19.2122802734375 -53.996028900146484 1.7000000476837158
vertex -19.38448715209961 -53.96177291870117 1.7000000476837158
vertex -19.2122802734375 -53.09602737426758 1.7000000476837158
endloop
endfacet
facet normal 0 0 -1
outer loop
vertex -19.38448715209961 -53.96177291870117 1.7000000476837158
vertex -19.53047752380371 -53.864227294921875 1.7000000476837158
vertex -19.38448715209961 -53.13028335571289 1.7000000476837158
endloop
endfacet
facet normal -0.9807852845629332 -0.19509030110388895 0
outer loop
vertex -18.796533584594727 -53.37382125854492 1.7000000476837158
vertex -18.796533584594727 -53.37382125854492 0
vertex -18.762279510498047 -53.54602813720703 1.7000000476837158
endloop
endfacet
facet normal -0.8314732719568675 -0.5555647559208026 0
outer loop
vertex -18.894081115722656 -53.22782897949219 1.7000000476837158
vertex -18.894081115722656 -53.22782897949219 0
vertex -18.796533584594727 -53.37382125854492 1.7000000476837158
endloop
endfacet
facet normal -0.5555622638012966 -0.8314749371087372 0
outer loop
vertex -19.040071487426758 -53.13028335571289 1.7000000476837158
vertex -19.040071487426758 -53.13028335571289 0
vertex -18.894081115722656 -53.22782897949219 1.7000000476837158
endloop
endfacet
facet normal -0.9807852845629332 0.19509030110388895 0
outer loop
vertex -18.762279510498047 -53.54602813720703 0
vertex -18.796533584594727 -53.71823501586914 0
vertex -18.796533584594727 -53.71823501586914 1.7000000476837158
endloop
endfacet
facet normal 0.5555622638012966 -0.8314749371087372 0
outer loop
vertex -19.38448715209961 -53.13028335571289 0
vertex -19.38448715209961 -53.13028335571289 1.7000000476837158
vertex -19.53047752380371 -53.22782897949219 0
endloop
endfacet
facet normal -0.8314732719568675 0.5555647559208026 0
outer loop
vertex -18.796533584594727 -53.71823501586914 0
vertex -18.894081115722656 -53.864227294921875 0
vertex -18.894081115722656 -53.864227294921875 1.7000000476837158
endloop
endfacet
facet normal -0.5555622638012966 0.8314749371087372 0
outer loop
vertex -18.894081115722656 -53.864227294921875 0
vertex -19.040071487426758 -53.96177291870117 0
vertex -19.040071487426758 -53.96177291870117 1.7000000476837158
endloop
endfacet
facet normal 0.9807852845629332 0.19509030110388895 0
outer loop
vertex -19.66227912902832 -53.54602813720703 0
vertex -19.66227912902832 -53.54602813720703 1.7000000476837158
vertex -19.62802505493164 -53.71823501586914 0
endloop
endfacet
facet normal 0.9807852845629332 -0.19509030110388895 0
outer loop
vertex -19.62802505493164 -53.37382125854492 0
vertex -19.62802505493164 -53.37382125854492 1.7000000476837158
vertex -19.66227912902832 -53.54602813720703 0
endloop
endfacet
facet normal 0.8314732719568675 -0.5555647559208026 0
outer loop
vertex -19.53047752380371 -53.22782897949219 0
vertex -19.53047752380371 -53.22782897949219 1.7000000476837158
vertex -19.62802505493164 -53.37382125854492 0
endloop
endfacet
facet normal -0.1950986720690384 0.9807836194374872 0
outer loop
vertex -19.040071487426758 -53.96177291870117 0
vertex -19.2122802734375 -53.996028900146484 0
vertex -19.2122802734375 -53.996028900146484 1.7000000476837158
endloop
endfacet
facet normal 0.1951007507126451 0.9807832059488795 0
outer loop
vertex -19.2122802734375 -53.996028900146484 0
vertex -19.38448715209961 -53.96177291870117 0
vertex -19.38448715209961 -53.96177291870117 1.7000000476837158
endloop
endfacet
facet normal 0.5555622638012966 0.8314749371087372 0
outer loop
vertex -19.53047752380371 -53.864227294921875 0
vertex -19.53047752380371 -53.864227294921875 1.7000000476837158
vertex -19.38448715209961 -53.96177291870117 0
endloop
endfacet
facet normal 0.8314732719568675 0.5555647559208026 0
outer loop
vertex -19.62802505493164 -53.71823501586914 0
vertex -19.62802505493164 -53.71823501586914 1.7000000476837158
vertex -19.53047752380371 -53.864227294921875 0
endloop
endfacet
facet normal 0.1951007507126451 -0.9807832059488795 0
outer loop
vertex -19.2122802734375 -51.826026916503906 0
vertex -19.2122802734375 -51.826026916503906 1.7000000476837158
vertex -19.38448715209961 -51.86028289794922 0
endloop
endfacet
facet normal 0 0 -1
outer loop
vertex -18.762279510498047 -52.27602767944336 1.7000000476837158
vertex -18.796533584594727 -52.44823455810547 1.7000000476837158
vertex -18.796533584594727 -52.10382080078125 1.7000000476837158
endloop
endfacet
facet normal -0.9807852845629332 -0.19509030110388895 0
outer loop
vertex -18.796533584594727 -52.10382080078125 0
vertex -18.762279510498047 -52.27602767944336 0
vertex -18.762279510498047 -52.27602767944336 1.7000000476837158
endloop
endfacet
facet normal -0.9807852845629332 0.19509030110388895 0
outer loop
vertex -18.762279510498047 -52.27602767944336 0
vertex -18.796533584594727 -52.44823455810547 0
vertex -18.796533584594727 -52.44823455810547 1.7000000476837158
endloop
endfacet
facet normal -0.8314732719568675 0.5555647559208026 0
outer loop
vertex -18.796533584594727 -52.44823455810547 0
vertex -18.894081115722656 -52.5942268371582 0
vertex -18.894081115722656 -52.5942268371582 1.7000000476837158
endloop
endfacet
facet normal -0.1950986720690384 -0.9807836194374872 0
outer loop
vertex -19.040071487426758 -51.86028289794922 0
vertex -19.040071487426758 -51.86028289794922 1.7000000476837158
vertex -19.2122802734375 -51.826026916503906 0
endloop
endfacet
facet normal 0.5555622638012966 -0.8314749371087372 0
outer loop
vertex -19.38448715209961 -51.86028289794922 0
vertex -19.38448715209961 -51.86028289794922 1.7000000476837158
vertex -19.53047752380371 -51.957828521728516 0
endloop
endfacet
facet normal 0.8314732719568675 -0.5555647559208026 0
outer loop
vertex -19.53047752380371 -51.957828521728516 0
vertex -19.53047752380371 -51.957828521728516 1.7000000476837158
vertex -19.62802505493164 -52.10382080078125 0
endloop
endfacet
facet normal 0.9807852845629332 -0.19509030110388895 0
outer loop
vertex -19.62802505493164 -52.10382080078125 0
vertex -19.62802505493164 -52.10382080078125 1.7000000476837158
vertex -19.66227912902832 -52.27602767944336 0
endloop
endfacet
facet normal 0.9807852845629332 0.19509030110388895 0
outer loop
vertex -19.66227912902832 -52.27602767944336 0
vertex -19.66227912902832 -52.27602767944336 1.7000000476837158
vertex -19.62802505493164 -52.44823455810547 0
endloop
endfacet
facet normal 0.8314732719568675 0.5555647559208026 0
outer loop
vertex -19.62802505493164 -52.44823455810547 0
vertex -19.62802505493164 -52.44823455810547 1.7000000476837158
vertex -19.53047752380371 -52.5942268371582 0
endloop
endfacet
facet normal -0.5555622638012966 0.8314749371087372 0
outer loop
vertex -18.894081115722656 -52.5942268371582 0
vertex -19.040071487426758 -52.6917724609375 0
vertex -19.040071487426758 -52.6917724609375 1.7000000476837158
endloop
endfacet
facet normal -0.1950986720690384 0.9807836194374872 0
outer loop
vertex -19.040071487426758 -52.6917724609375 0
vertex -19.2122802734375 -52.72602844238281 0
vertex -19.2122802734375 -52.72602844238281 1.7000000476837158
endloop
endfacet
facet normal 0.1951007507126451 0.9807832059488795 0
outer loop
vertex -19.2122802734375 -52.72602844238281 0
vertex -19.38448715209961 -52.6917724609375 0
vertex -19.38448715209961 -52.6917724609375 1.7000000476837158
endloop
endfacet
facet normal 0.5555622638012966 0.8314749371087372 0
outer loop
vertex -19.38448715209961 -52.6917724609375 0
vertex -19.53047752380371 -52.5942268371582 0
vertex -19.53047752380371 -52.5942268371582 1.7000000476837158
endloop
endfacet
facet normal 0 0 -1
outer loop
vertex -19.62802505493164 -52.44823455810547 1.7000000476837158
vertex -19.66227912902832 -52.27602767944336 1.7000000476837158
vertex -19.62802505493164 -52.10382080078125 1.7000000476837158
endloop
endfacet
facet normal 0 0 -1
outer loop
vertex -19.53047752380371 -52.5942268371582 1.7000000476837158
vertex -19.62802505493164 -52.44823455810547 1.7000000476837158
vertex -19.53047752380371 -51.957828521728516 1.7000000476837158
endloop
endfacet
facet normal 0 0 -1
outer loop
vertex -19.38448715209961 -52.6917724609375 1.7000000476837158
vertex -19.53047752380371 -52.5942268371582 1.7000000476837158
vertex -19.38448715209961 -51.86028289794922 1.7000000476837158
endloop
endfacet
facet normal 0 0 -1
outer loop
vertex -19.53047752380371 -51.957828521728516 1.7000000476837158
vertex -19.62802505493164 -52.44823455810547 1.7000000476837158
vertex -19.62802505493164 -52.10382080078125 1.7000000476837158
endloop
endfacet
facet normal 0 0 -1
outer loop
vertex -19.38448715209961 -51.86028289794922 1.7000000476837158
vertex -19.53047752380371 -52.5942268371582 1.7000000476837158
vertex -19.53047752380371 -51.957828521728516 1.7000000476837158
endloop
endfacet
facet normal 0 0 -1
outer loop
vertex -19.2122802734375 -52.72602844238281 1.7000000476837158
vertex -19.38448715209961 -52.6917724609375 1.7000000476837158
vertex -19.2122802734375 -51.826026916503906 1.7000000476837158
endloop
endfacet
facet normal 0 0 -1
outer loop
vertex -19.040071487426758 -52.6917724609375 1.7000000476837158
vertex -19.2122802734375 -52.72602844238281 1.7000000476837158
vertex -19.040071487426758 -51.86028289794922 1.7000000476837158
endloop
endfacet
facet normal 0.5555622638012966 0.8314749371087372 0
outer loop
vertex -19.38448715209961 -52.6917724609375 1.7000000476837158
vertex -19.38448715209961 -52.6917724609375 0
vertex -19.53047752380371 -52.5942268371582 1.7000000476837158
endloop
endfacet
facet normal 0.1951007507126451 0.9807832059488795 0
outer loop
vertex -19.2122802734375 -52.72602844238281 1.7000000476837158
vertex -19.2122802734375 -52.72602844238281 0
vertex -19.38448715209961 -52.6917724609375 1.7000000476837158
endloop
endfacet
facet normal -0.1950986720690384 0.9807836194374872 0
outer loop
vertex -19.040071487426758 -52.6917724609375 1.7000000476837158
vertex -19.040071487426758 -52.6917724609375 0
vertex -19.2122802734375 -52.72602844238281 1.7000000476837158
endloop
endfacet
facet normal 0 0 -1
outer loop
vertex -19.2122802734375 -51.826026916503906 1.7000000476837158
vertex -19.38448715209961 -52.6917724609375 1.7000000476837158
vertex -19.38448715209961 -51.86028289794922 1.7000000476837158
endloop
endfacet
facet normal 0 0 -1
outer loop
vertex -19.040071487426758 -51.86028289794922 1.7000000476837158
vertex -19.2122802734375 -52.72602844238281 1.7000000476837158
vertex -19.2122802734375 -51.826026916503906 1.7000000476837158
endloop
endfacet
facet normal 0 0 -1
outer loop
vertex -18.894081115722656 -52.5942268371582 1.7000000476837158
vertex -19.040071487426758 -52.6917724609375 1.7000000476837158
vertex -18.894081115722656 -51.957828521728516 1.7000000476837158
endloop
endfacet
facet normal 0 0 -1
outer loop
vertex -18.894081115722656 -51.957828521728516 1.7000000476837158
vertex -19.040071487426758 -52.6917724609375 1.7000000476837158
vertex -19.040071487426758 -51.86028289794922 1.7000000476837158
endloop
endfacet
facet normal -0.5555622638012966 0.8314749371087372 0
outer loop
vertex -18.894081115722656 -52.5942268371582 1.7000000476837158
vertex -18.894081115722656 -52.5942268371582 0
vertex -19.040071487426758 -52.6917724609375 1.7000000476837158
endloop
endfacet
facet normal 0.8314732719568675 0.5555647559208026 0
outer loop
vertex -19.53047752380371 -52.5942268371582 1.7000000476837158
vertex -19.53047752380371 -52.5942268371582 0
vertex -19.62802505493164 -52.44823455810547 1.7000000476837158
endloop
endfacet
facet normal 0.9807852845629332 0.19509030110388895 0
outer loop
vertex -19.62802505493164 -52.44823455810547 1.7000000476837158
vertex -19.62802505493164 -52.44823455810547 0
vertex -19.66227912902832 -52.27602767944336 1.7000000476837158
endloop
endfacet
facet normal 0.9807852845629332 -0.19509030110388895 0
outer loop
vertex -19.66227912902832 -52.27602767944336 1.7000000476837158
vertex -19.66227912902832 -52.27602767944336 0
vertex -19.62802505493164 -52.10382080078125 1.7000000476837158
endloop
endfacet
facet normal 0.8314732719568675 -0.5555647559208026 0
outer loop
vertex -19.62802505493164 -52.10382080078125 1.7000000476837158
vertex -19.62802505493164 -52.10382080078125 0
vertex -19.53047752380371 -51.957828521728516 1.7000000476837158
endloop
endfacet
facet normal 0.5555622638012966 -0.8314749371087372 0
outer loop
vertex -19.53047752380371 -51.957828521728516 1.7000000476837158
vertex -19.53047752380371 -51.957828521728516 0
vertex -19.38448715209961 -51.86028289794922 1.7000000476837158
endloop
endfacet
facet normal -0.5555622638012966 -0.8314749371087372 0
outer loop
vertex -19.040071487426758 -51.86028289794922 1.7000000476837158
vertex -19.040071487426758 -51.86028289794922 0
vertex -18.894081115722656 -51.957828521728516 1.7000000476837158
endloop
endfacet
facet normal -0.5555622638012966 -0.8314749371087372 0
outer loop
vertex -18.894081115722656 -51.957828521728516 0
vertex -18.894081115722656 -51.957828521728516 1.7000000476837158
vertex -19.040071487426758 -51.86028289794922 0
endloop
endfacet
facet normal 0.1951007507126451 -0.9807832059488795 0
outer loop
vertex -19.38448715209961 -51.86028289794922 1.7000000476837158
vertex -19.38448715209961 -51.86028289794922 0
vertex -19.2122802734375 -51.826026916503906 1.7000000476837158
endloop
endfacet
facet normal -0.1950986720690384 -0.9807836194374872 0
outer loop
vertex -19.2122802734375 -51.826026916503906 1.7000000476837158
vertex -19.2122802734375 -51.826026916503906 0
vertex -19.040071487426758 -51.86028289794922 1.7000000476837158
endloop
endfacet
facet normal -0.8314732719568675 0.5555647559208026 0
outer loop
vertex -18.796533584594727 -52.44823455810547 1.7000000476837158
vertex -18.796533584594727 -52.44823455810547 0
vertex -18.894081115722656 -52.5942268371582 1.7000000476837158
endloop
endfacet
facet normal -0.9807852845629332 0.19509030110388895 0
outer loop
vertex -18.762279510498047 -52.27602767944336 1.7000000476837158
vertex -18.762279510498047 -52.27602767944336 0
vertex -18.796533584594727 -52.44823455810547 1.7000000476837158
endloop
endfacet
facet normal -0.8314732719568675 -0.5555647559208026 0
outer loop
vertex -18.894081115722656 -51.957828521728516 1.7000000476837158
vertex -18.894081115722656 -51.957828521728516 0
vertex -18.796533584594727 -52.10382080078125 1.7000000476837158
endloop
endfacet
facet normal -0.9807852845629332 -0.19509030110388895 0
outer loop
vertex -18.796533584594727 -52.10382080078125 1.7000000476837158
vertex -18.796533584594727 -52.10382080078125 0
vertex -18.762279510498047 -52.27602767944336 1.7000000476837158
endloop
endfacet
facet normal 0 0 -1
outer loop
vertex -18.894081115722656 -51.957828521728516 1.7000000476837158
vertex -18.796533584594727 -52.10382080078125 1.7000000476837158
vertex -18.894081115722656 -52.5942268371582 1.7000000476837158
endloop
endfacet
facet normal 0 0 -1
outer loop
vertex -18.796533584594727 -52.44823455810547 1.7000000476837158
vertex -18.894081115722656 -52.5942268371582 1.7000000476837158
vertex -18.796533584594727 -52.10382080078125 1.7000000476837158
endloop
endfacet
facet normal -0.8314732719568675 -0.5555647559208026 0
outer loop
vertex -18.894081115722656 -51.957828521728516 0
vertex -18.796533584594727 -52.10382080078125 0
vertex -18.796533584594727 -52.10382080078125 1.7000000476837158
endloop
endfacet
facet normal -0.8314732719568675 -0.5555647559208026 0
outer loop
vertex -18.796533584594727 -50.83382034301758 0
vertex -18.796533584594727 -50.83382034301758 1.7000000476837158
vertex -18.894081115722656 -50.687828063964844 0
endloop
endfacet
facet normal 0 0 -1
outer loop
vertex -19.2122802734375 -50.556026458740234 1.7000000476837158
vertex -19.38448715209961 -51.42177200317383 1.7000000476837158
vertex -19.38448715209961 -50.59028244018555 1.7000000476837158
endloop
endfacet
facet normal 0 0 -1
outer loop
vertex -19.040071487426758 -50.59028244018555 1.7000000476837158
vertex -19.2122802734375 -51.45602798461914 1.7000000476837158
vertex -19.2122802734375 -50.556026458740234 1.7000000476837158
endloop
endfacet
facet normal -0.9807852845629332 0.19509030110388895 0
outer loop
vertex -18.762279510498047 -51.00602722167969 0
vertex -18.796533584594727 -51.1782341003418 0
vertex -18.796533584594727 -51.1782341003418 1.7000000476837158
endloop
endfacet
facet normal 0.8314732719568675 0.5555647559208026 0
outer loop
vertex -19.53047752380371 -51.32422637939453 1.7000000476837158
vertex -19.53047752380371 -51.32422637939453 0
vertex -19.62802505493164 -51.1782341003418 1.7000000476837158
endloop
endfacet
facet normal -0.9807852845629332 -0.19509030110388895 0
outer loop
vertex -18.796533584594727 -50.83382034301758 0
vertex -18.762279510498047 -51.00602722167969 0
vertex -18.762279510498047 -51.00602722167969 1.7000000476837158
endloop
endfacet
facet normal -0.8314732719568675 0.5555647559208026 0
outer loop
vertex -18.796533584594727 -51.1782341003418 0
vertex -18.894081115722656 -51.32422637939453 0
vertex -18.894081115722656 -51.32422637939453 1.7000000476837158
endloop
endfacet
facet normal -0.5555622638012966 0.8314749371087372 0
outer loop
vertex -18.894081115722656 -51.32422637939453 0
vertex -19.040071487426758 -51.42177200317383 0
vertex -19.040071487426758 -51.42177200317383 1.7000000476837158
endloop
endfacet
facet normal -0.1950986720690384 -0.9807836194374872 0
outer loop
vertex -19.040071487426758 -50.59028244018555 0
vertex -19.040071487426758 -50.59028244018555 1.7000000476837158
vertex -19.2122802734375 -50.556026458740234 0
endloop
endfacet
facet normal 0 0 -1
outer loop
vertex -18.894081115722656 -50.687828063964844 1.7000000476837158
vertex -19.040071487426758 -51.42177200317383 1.7000000476837158
vertex -19.040071487426758 -50.59028244018555 1.7000000476837158
endloop
endfacet
facet normal 0 0 -1
outer loop
vertex -18.762279510498047 -51.00602722167969 1.7000000476837158
vertex -18.796533584594727 -51.1782341003418 1.7000000476837158
vertex -18.796533584594727 -50.83382034301758 1.7000000476837158
endloop
endfacet
facet normal 0 0 -1
outer loop
vertex -18.796533584594727 -51.1782341003418 1.7000000476837158
vertex -18.894081115722656 -51.32422637939453 1.7000000476837158
vertex -18.796533584594727 -50.83382034301758 1.7000000476837158
endloop
endfacet
facet normal 0.1951007507126451 -0.9807832059488795 0
outer loop
vertex -19.2122802734375 -50.556026458740234 0
vertex -19.2122802734375 -50.556026458740234 1.7000000476837158
vertex -19.38448715209961 -50.59028244018555 0
endloop
endfacet
facet normal 0.5555622638012966 0.8314749371087372 0
outer loop
vertex -19.38448715209961 -51.42177200317383 1.7000000476837158
vertex -19.38448715209961 -51.42177200317383 0
vertex -19.53047752380371 -51.32422637939453 1.7000000476837158
endloop
endfacet
facet normal 0.9807852845629332 0.19509030110388895 0
outer loop
vertex -19.62802505493164 -51.1782341003418 1.7000000476837158
vertex -19.62802505493164 -51.1782341003418 0
vertex -19.66227912902832 -51.00602722167969 1.7000000476837158
endloop
endfacet
facet normal 0.9807852845629332 -0.19509030110388895 0
outer loop
vertex -19.66227912902832 -51.00602722167969 1.7000000476837158
vertex -19.66227912902832 -51.00602722167969 0
vertex -19.62802505493164 -50.83382034301758 1.7000000476837158
endloop
endfacet
facet normal 0.1951007507126451 0.9807832059488795 0
outer loop
vertex -19.2122802734375 -51.45602798461914 1.7000000476837158
vertex -19.2122802734375 -51.45602798461914 0
vertex -19.38448715209961 -51.42177200317383 1.7000000476837158
endloop
endfacet
facet normal -0.1950986720690384 0.9807836194374872 0
outer loop
vertex -19.040071487426758 -51.42177200317383 1.7000000476837158
vertex -19.040071487426758 -51.42177200317383 0
vertex -19.2122802734375 -51.45602798461914 1.7000000476837158
endloop
endfacet
facet normal 0.8314732719568675 -0.5555647559208026 0
outer loop
vertex -19.62802505493164 -50.83382034301758 1.7000000476837158
vertex -19.62802505493164 -50.83382034301758 0
vertex -19.53047752380371 -50.687828063964844 1.7000000476837158
endloop
endfacet
facet normal 0.5555622638012966 -0.8314749371087372 0
outer loop
vertex -19.53047752380371 -50.687828063964844 1.7000000476837158
vertex -19.53047752380371 -50.687828063964844 0
vertex -19.38448715209961 -50.59028244018555 1.7000000476837158
endloop
endfacet
facet normal 0.1951007507126451 -0.9807832059488795 0
outer loop
vertex -19.38448715209961 -50.59028244018555 1.7000000476837158
vertex -19.38448715209961 -50.59028244018555 0
vertex -19.2122802734375 -50.556026458740234 1.7000000476837158
endloop
endfacet
facet normal 0 0 -1
outer loop
vertex -18.894081115722656 -51.32422637939453 1.7000000476837158
vertex -19.040071487426758 -51.42177200317383 1.7000000476837158
vertex -18.894081115722656 -50.687828063964844 1.7000000476837158
endloop
endfacet
facet normal 0 0 -1
outer loop
vertex -18.894081115722656 -50.687828063964844 1.7000000476837158
vertex -18.796533584594727 -50.83382034301758 1.7000000476837158
vertex -18.894081115722656 -51.32422637939453 1.7000000476837158
endloop
endfacet
facet normal 0.5555622638012966 -0.8314749371087372 0
outer loop
vertex -19.38448715209961 -50.59028244018555 0
vertex -19.38448715209961 -50.59028244018555 1.7000000476837158
vertex -19.53047752380371 -50.687828063964844 0
endloop
endfacet
facet normal 0.8314732719568675 -0.5555647559208026 0
outer loop
vertex -19.53047752380371 -50.687828063964844 0
vertex -19.53047752380371 -50.687828063964844 1.7000000476837158
vertex -19.62802505493164 -50.83382034301758 0
endloop
endfacet
facet normal 0.9807852845629332 -0.19509030110388895 0
outer loop
vertex -19.62802505493164 -50.83382034301758 0
vertex -19.62802505493164 -50.83382034301758 1.7000000476837158
vertex -19.66227912902832 -51.00602722167969 0
endloop
endfacet
facet normal -0.1950986720690384 0.9807836194374872 0
outer loop
vertex -19.040071487426758 -51.42177200317383 0
vertex -19.2122802734375 -51.45602798461914 0
vertex -19.2122802734375 -51.45602798461914 1.7000000476837158
endloop
endfacet
facet normal 0.1951007507126451 0.9807832059488795 0
outer loop
vertex -19.2122802734375 -51.45602798461914 0
vertex -19.38448715209961 -51.42177200317383 0
vertex -19.38448715209961 -51.42177200317383 1.7000000476837158
endloop
endfacet
facet normal -0.5555622638012966 -0.8314749371087372 0
outer loop
vertex -18.894081115722656 -50.687828063964844 0
vertex -18.894081115722656 -50.687828063964844 1.7000000476837158
vertex -19.040071487426758 -50.59028244018555 0
endloop
endfacet
facet normal 0.8314732719568675 0.5555647559208026 0
outer loop
vertex -19.62802505493164 -51.1782341003418 0
vertex -19.62802505493164 -51.1782341003418 1.7000000476837158
vertex -19.53047752380371 -51.32422637939453 0
endloop
endfacet
facet normal 0.5555622638012966 0.8314749371087372 0
outer loop
vertex -19.38448715209961 -51.42177200317383 0
vertex -19.53047752380371 -51.32422637939453 0
vertex -19.53047752380371 -51.32422637939453 1.7000000476837158
endloop
endfacet
facet normal 0 0 -1
outer loop
vertex -19.53047752380371 -51.32422637939453 1.7000000476837158
vertex -19.62802505493164 -51.1782341003418 1.7000000476837158
vertex -19.53047752380371 -50.687828063964844 1.7000000476837158
endloop
endfacet
facet normal 0 0 -1
outer loop
vertex -19.62802505493164 -51.1782341003418 1.7000000476837158
vertex -19.66227912902832 -51.00602722167969 1.7000000476837158
vertex -19.62802505493164 -50.83382034301758 1.7000000476837158
endloop
endfacet
facet normal 0 0 -1
outer loop
vertex -19.38448715209961 -51.42177200317383 1.7000000476837158
vertex -19.53047752380371 -51.32422637939453 1.7000000476837158
vertex -19.38448715209961 -50.59028244018555 1.7000000476837158
endloop
endfacet
facet normal 0 0 -1
outer loop
vertex -19.2122802734375 -51.45602798461914 1.7000000476837158
vertex -19.38448715209961 -51.42177200317383 1.7000000476837158
vertex -19.2122802734375 -50.556026458740234 1.7000000476837158
endloop
endfacet
facet normal 0 0 -1
outer loop
vertex -19.040071487426758 -51.42177200317383 1.7000000476837158
vertex -19.2122802734375 -51.45602798461914 1.7000000476837158
vertex -19.040071487426758 -50.59028244018555 1.7000000476837158
endloop
endfacet
facet normal 0 0 -1
outer loop
vertex -19.53047752380371 -50.687828063964844 1.7000000476837158
vertex -19.62802505493164 -51.1782341003418 1.7000000476837158
vertex -19.62802505493164 -50.83382034301758 1.7000000476837158
endloop
endfacet
facet normal -0.1950986720690384 -0.9807836194374872 0
outer loop
vertex -19.2122802734375 -50.556026458740234 1.7000000476837158
vertex -19.2122802734375 -50.556026458740234 0
vertex -19.040071487426758 -50.59028244018555 1.7000000476837158
endloop
endfacet
facet normal -0.5555622638012966 0.8314749371087372 0
outer loop
vertex -18.894081115722656 -51.32422637939453 1.7000000476837158
vertex -18.894081115722656 -51.32422637939453 0
vertex -19.040071487426758 -51.42177200317383 1.7000000476837158
endloop
endfacet
facet normal -0.8314732719568675 0.5555647559208026 0
outer loop
vertex -18.796533584594727 -51.1782341003418 1.7000000476837158
vertex -18.796533584594727 -51.1782341003418 0
vertex -18.894081115722656 -51.32422637939453 1.7000000476837158
endloop
endfacet
facet normal -0.9807852845629332 0.19509030110388895 0
outer loop
vertex -18.762279510498047 -51.00602722167969 1.7000000476837158
vertex -18.762279510498047 -51.00602722167969 0
vertex -18.796533584594727 -51.1782341003418 1.7000000476837158
endloop
endfacet
facet normal -0.8314732719568675 -0.5555647559208026 0
outer loop
vertex -18.894081115722656 -50.687828063964844 1.7000000476837158
vertex -18.894081115722656 -50.687828063964844 0
vertex -18.796533584594727 -50.83382034301758 1.7000000476837158
endloop
endfacet
facet normal -0.9807852845629332 -0.19509030110388895 0
outer loop
vertex -18.796533584594727 -50.83382034301758 1.7000000476837158
vertex -18.796533584594727 -50.83382034301758 0
vertex -18.762279510498047 -51.00602722167969 1.7000000476837158
endloop
endfacet
facet normal -0.5555622638012966 -0.8314749371087372 0
outer loop
vertex -19.040071487426758 -50.59028244018555 1.7000000476837158
vertex -19.040071487426758 -50.59028244018555 0
vertex -18.894081115722656 -50.687828063964844 1.7000000476837158
endloop
endfacet
facet normal 0.9807852845629332 0.19509030110388895 0
outer loop
vertex -19.66227912902832 -51.00602722167969 0
vertex -19.66227912902832 -51.00602722167969 1.7000000476837158
vertex -19.62802505493164 -51.1782341003418 0
endloop
endfacet
facet normal 0 0 -1
outer loop
vertex -19.38448715209961 -50.59028244018555 1.7000000476837158
vertex -19.53047752380371 -51.32422637939453 1.7000000476837158
vertex -19.53047752380371 -50.687828063964844 1.7000000476837158
endloop
endfacet
facet normal 0 0 -1
outer loop
vertex -19.2122802734375 -50.18602752685547 1.7000000476837158
vertex -19.38448715209961 -50.15177536010742 1.7000000476837158
vertex -19.2122802734375 -49.28602600097656 1.7000000476837158
endloop
endfacet
facet normal 0 0 -1
outer loop
vertex -19.38448715209961 -50.15177536010742 1.7000000476837158
vertex -19.53047752380371 -50.05422592163086 1.7000000476837158
vertex -19.38448715209961 -49.320281982421875 1.7000000476837158
endloop
endfacet
facet normal 0.9807852845629332 0.19509030110388895 0
outer loop
vertex -19.62802505493164 -49.908233642578125 1.7000000476837158
vertex -19.62802505493164 -49.908233642578125 0
vertex -19.66227912902832 -49.736026763916016 1.7000000476837158
endloop
endfacet
facet normal 0.1950798514286955 0.9807873630744628 0
outer loop
vertex -19.2122802734375 -50.18602752685547 1.7000000476837158
vertex -19.2122802734375 -50.18602752685547 0
vertex -19.38448715209961 -50.15177536010742 1.7000000476837158
endloop
endfacet
facet normal -0.19507777299013523 0.9807877764762413 0
outer loop
vertex -19.040071487426758 -50.15177536010742 1.7000000476837158
vertex -19.040071487426758 -50.15177536010742 0
vertex -19.2122802734375 -50.18602752685547 1.7000000476837158
endloop
endfacet
facet normal 0.9807852845629332 -0.19509030110388895 0
outer loop
vertex -19.66227912902832 -49.736026763916016 1.7000000476837158
vertex -19.66227912902832 -49.736026763916016 0
vertex -19.62802505493164 -49.563819885253906 1.7000000476837158
endloop
endfacet
facet normal 0.8314665660174577 -0.5555747920803612 0
outer loop
vertex -19.62802505493164 -49.563819885253906 1.7000000476837158
vertex -19.62802505493164 -49.563819885253906 0
vertex -19.53047752380371 -49.41783142089844 1.7000000476837158
endloop
endfacet
facet normal 0.5555772839934787 -0.8314649009491799 0
outer loop
vertex -19.53047752380371 -49.41783142089844 1.7000000476837158
vertex -19.53047752380371 -49.41783142089844 0
vertex -19.38448715209961 -49.320281982421875 1.7000000476837158
endloop
endfacet
facet normal 0.1951007507126451 -0.9807832059488795 0
outer loop
vertex -19.38448715209961 -49.320281982421875 1.7000000476837158
vertex -19.38448715209961 -49.320281982421875 0
vertex -19.2122802734375 -49.28602600097656 1.7000000476837158
endloop
endfacet
facet normal -0.1950986720690384 -0.9807836194374872 0
outer loop
vertex -19.2122802734375 -49.28602600097656 1.7000000476837158
vertex -19.2122802734375 -49.28602600097656 0
vertex -19.040071487426758 -49.320281982421875 1.7000000476837158
endloop
endfacet
facet normal -0.5555772839934787 0.8314649009491799 0
outer loop
vertex -18.894081115722656 -50.05422592163086 1.7000000476837158
vertex -18.894081115722656 -50.05422592163086 0
vertex -19.040071487426758 -50.15177536010742 1.7000000476837158
endloop
endfacet
facet normal -0.8314732719568675 0.5555647559208026 0
outer loop
vertex -18.796533584594727 -49.908233642578125 1.7000000476837158
vertex -18.796533584594727 -49.908233642578125 0
vertex -18.894081115722656 -50.05422592163086 1.7000000476837158
endloop
endfacet
facet normal -0.9807852845629332 0.19509030110388895 0
outer loop
vertex -18.762279510498047 -49.736026763916016 1.7000000476837158
vertex -18.762279510498047 -49.736026763916016 0
vertex -18.796533584594727 -49.908233642578125 1.7000000476837158
endloop
endfacet
facet normal -0.9807852845629332 -0.19509030110388895 0
outer loop
vertex -18.796533584594727 -49.563819885253906 1.7000000476837158
vertex -18.796533584594727 -49.563819885253906 0
vertex -18.762279510498047 -49.736026763916016 1.7000000476837158
endloop
endfacet
facet normal -0.8314665660174577 -0.5555747920803612 0
outer loop
vertex -18.894081115722656 -49.41783142089844 1.7000000476837158
vertex -18.894081115722656 -49.41783142089844 0
vertex -18.796533584594727 -49.563819885253906 1.7000000476837158
endloop
endfacet
facet normal -0.5555772839934787 -0.8314649009491799 0
outer loop
vertex -19.040071487426758 -49.320281982421875 1.7000000476837158
vertex -19.040071487426758 -49.320281982421875 0
vertex -18.894081115722656 -49.41783142089844 1.7000000476837158
endloop
endfacet
facet normal 0.5555772839934787 0.8314649009491799 0
outer loop
vertex -19.38448715209961 -50.15177536010742 1.7000000476837158
vertex -19.38448715209961 -50.15177536010742 0
vertex -19.53047752380371 -50.05422592163086 1.7000000476837158
endloop
endfacet
facet normal -0.8314665660174577 -0.5555747920803612 0
outer loop
vertex -18.894081115722656 -49.41783142089844 0
vertex -18.796533584594727 -49.563819885253906 0
vertex -18.796533584594727 -49.563819885253906 1.7000000476837158
endloop
endfacet
facet normal -0.5555772839934787 -0.8314649009491799 0
outer loop
vertex -18.894081115722656 -49.41783142089844 0
vertex -18.894081115722656 -49.41783142089844 1.7000000476837158
vertex -19.040071487426758 -49.320281982421875 0
endloop
endfacet
facet normal -0.9807852845629332 -0.19509030110388895 0
outer loop
vertex -18.796533584594727 -49.563819885253906 0
vertex -18.762279510498047 -49.736026763916016 0
vertex -18.762279510498047 -49.736026763916016 1.7000000476837158
endloop
endfacet
facet normal -0.9807852845629332 0.19509030110388895 0
outer loop
vertex -18.762279510498047 -49.736026763916016 0
vertex -18.796533584594727 -49.908233642578125 0
vertex -18.796533584594727 -49.908233642578125 1.7000000476837158
endloop
endfacet
facet normal -0.8314732719568675 0.5555647559208026 0
outer loop
vertex -18.796533584594727 -49.908233642578125 0
vertex -18.894081115722656 -50.05422592163086 0
vertex -18.894081115722656 -50.05422592163086 1.7000000476837158
endloop
endfacet
facet normal -0.5555772839934787 0.8314649009491799 0
outer loop
vertex -18.894081115722656 -50.05422592163086 0
vertex -19.040071487426758 -50.15177536010742 0
vertex -19.040071487426758 -50.15177536010742 1.7000000476837158
endloop
endfacet
facet normal -0.1950986720690384 -0.9807836194374872 0
outer loop
vertex -19.2122802734375 -49.28602600097656 0
vertex -19.040071487426758 -49.320281982421875 0
vertex -19.040071487426758 -49.320281982421875 1.7000000476837158
endloop
endfacet
facet normal 0.8314732719568675 0.5555647559208026 0
outer loop
vertex -19.62802505493164 -49.908233642578125 0
vertex -19.62802505493164 -49.908233642578125 1.7000000476837158
vertex -19.53047752380371 -50.05422592163086 0
endloop
endfacet
facet normal 0.1951007507126451 -0.9807832059488795 0
outer loop
vertex -19.2122802734375 -49.28602600097656 0
vertex -19.2122802734375 -49.28602600097656 1.7000000476837158
vertex -19.38448715209961 -49.320281982421875 0
endloop
endfacet
facet normal 0.5555772839934787 -0.8314649009491799 0
outer loop
vertex -19.38448715209961 -49.320281982421875 0
vertex -19.38448715209961 -49.320281982421875 1.7000000476837158
vertex -19.53047752380371 -49.41783142089844 0
endloop
endfacet
facet normal 0.8314665660174577 -0.5555747920803612 0
outer loop
vertex -19.53047752380371 -49.41783142089844 0
vertex -19.53047752380371 -49.41783142089844 1.7000000476837158
vertex -19.62802505493164 -49.563819885253906 0
endloop
endfacet
facet normal 0.9807852845629332 -0.19509030110388895 0
outer loop
vertex -19.62802505493164 -49.563819885253906 0
vertex -19.62802505493164 -49.563819885253906 1.7000000476837158
vertex -19.66227912902832 -49.736026763916016 0
endloop
endfacet
facet normal 0.9807852845629332 0.19509030110388895 0
outer loop
vertex -19.66227912902832 -49.736026763916016 0
vertex -19.66227912902832 -49.736026763916016 1.7000000476837158
vertex -19.62802505493164 -49.908233642578125 0
endloop
endfacet
facet normal -0.19507777299013523 0.9807877764762413 0
outer loop
vertex -19.040071487426758 -50.15177536010742 0
vertex -19.2122802734375 -50.18602752685547 0
vertex -19.2122802734375 -50.18602752685547 1.7000000476837158
endloop
endfacet
facet normal 0.1950798514286955 0.9807873630744628 0
outer loop
vertex -19.2122802734375 -50.18602752685547 0
vertex -19.38448715209961 -50.15177536010742 0
vertex -19.38448715209961 -50.15177536010742 1.7000000476837158
endloop
endfacet
facet normal 0.5555772839934787 0.8314649009491799 0
outer loop
vertex -19.53047752380371 -50.05422592163086 0
vertex -19.53047752380371 -50.05422592163086 1.7000000476837158
vertex -19.38448715209961 -50.15177536010742 0
endloop
endfacet
facet normal 0 0 -1
outer loop
vertex -18.762279510498047 -49.736026763916016 1.7000000476837158
vertex -18.796533584594727 -49.908233642578125 1.7000000476837158
vertex -18.796533584594727 -49.563819885253906 1.7000000476837158
endloop
endfacet
facet normal 0 0 -1
outer loop
vertex -18.894081115722656 -49.41783142089844 1.7000000476837158
vertex -19.040071487426758 -50.15177536010742 1.7000000476837158
vertex -19.040071487426758 -49.320281982421875 1.7000000476837158
endloop
endfacet
facet normal 0 0 -1
outer loop
vertex -18.894081115722656 -49.41783142089844 1.7000000476837158
vertex -18.796533584594727 -49.563819885253906 1.7000000476837158
vertex -18.894081115722656 -50.05422592163086 1.7000000476837158
endloop
endfacet
facet normal 0 0 -1
outer loop
vertex -18.796533584594727 -49.908233642578125 1.7000000476837158
vertex -18.894081115722656 -50.05422592163086 1.7000000476837158
vertex -18.796533584594727 -49.563819885253906 1.7000000476837158
endloop
endfacet
facet normal 0 0 -1
outer loop
vertex -18.894081115722656 -50.05422592163086 1.7000000476837158
vertex -19.040071487426758 -50.15177536010742 1.7000000476837158
vertex -18.894081115722656 -49.41783142089844 1.7000000476837158
endloop
endfacet
facet normal 0 0 -1
outer loop
vertex -19.2122802734375 -49.28602600097656 1.7000000476837158
vertex -19.040071487426758 -49.320281982421875 1.7000000476837158
vertex -19.2122802734375 -50.18602752685547 1.7000000476837158
endloop
endfacet
facet normal 0 0 -1
outer loop
vertex -19.2122802734375 -49.28602600097656 1.7000000476837158
vertex -19.38448715209961 -50.15177536010742 1.7000000476837158
vertex -19.38448715209961 -49.320281982421875 1.7000000476837158
endloop
endfacet
facet normal 0 0 -1
outer loop
vertex -19.38448715209961 -49.320281982421875 1.7000000476837158
vertex -19.53047752380371 -50.05422592163086 1.7000000476837158
vertex -19.53047752380371 -49.41783142089844 1.7000000476837158
endloop
endfacet
facet normal 0 0 -1
outer loop
vertex -19.53047752380371 -49.41783142089844 1.7000000476837158
vertex -19.62802505493164 -49.908233642578125 1.7000000476837158
vertex -19.62802505493164 -49.563819885253906 1.7000000476837158
endloop
endfacet
facet normal 0 0 -1
outer loop
vertex -19.62802505493164 -49.908233642578125 1.7000000476837158
vertex -19.66227912902832 -49.736026763916016 1.7000000476837158
vertex -19.62802505493164 -49.563819885253906 1.7000000476837158
endloop
endfacet
facet normal 0 0 -1
outer loop
vertex -19.53047752380371 -50.05422592163086 1.7000000476837158
vertex -19.62802505493164 -49.908233642578125 1.7000000476837158
vertex -19.53047752380371 -49.41783142089844 1.7000000476837158
endloop
endfacet
facet normal 0 0 -1
outer loop
vertex -19.040071487426758 -50.15177536010742 1.7000000476837158
vertex -19.2122802734375 -50.18602752685547 1.7000000476837158
vertex -19.040071487426758 -49.320281982421875 1.7000000476837158
endloop
endfacet
facet normal 0.8314732719568675 0.5555647559208026 0
outer loop
vertex -19.53047752380371 -50.05422592163086 1.7000000476837158
vertex -19.53047752380371 -50.05422592163086 0
vertex -19.62802505493164 -49.908233642578125 1.7000000476837158
endloop
endfacet
facet normal 0 0 -1
outer loop
vertex -18.796533584594727 -48.63823699951172 1.7000000476837158
vertex -18.894081115722656 -48.78422546386719 1.7000000476837158
vertex -18.796533584594727 -48.293819427490234 1.7000000476837158
endloop
endfacet
facet normal 0 0 -1
outer loop
vertex -18.894081115722656 -48.147830963134766 1.7000000476837158
vertex -18.796533584594727 -48.293819427490234 1.7000000476837158
vertex -18.894081115722656 -48.78422546386719 1.7000000476837158
endloop
endfacet
facet normal 0.1950798514286955 -0.9807873630744628 0
outer loop
vertex -19.38448715209961 -48.0502815246582 1.7000000476837158
vertex -19.38448715209961 -48.0502815246582 0
vertex -19.2122802734375 -48.016029357910156 1.7000000476837158
endloop
endfacet
facet normal 0.5555772839934787 -0.8314649009491799 0
outer loop
vertex -19.53047752380371 -48.147830963134766 1.7000000476837158
vertex -19.53047752380371 -48.147830963134766 0
vertex -19.38448715209961 -48.0502815246582 1.7000000476837158
endloop
endfacet
facet normal -0.9807852845629332 -0.19509030110388895 0
outer loop
vertex -18.796533584594727 -48.293819427490234 1.7000000476837158
vertex -18.796533584594727 -48.293819427490234 0
vertex -18.762279510498047 -48.466026306152344 1.7000000476837158
endloop
endfacet
facet normal -0.9807861114401027 0.19508614406513386 0
outer loop
vertex -18.762279510498047 -48.466026306152344 1.7000000476837158
vertex -18.762279510498047 -48.466026306152344 0
vertex -18.796533584594727 -48.63823699951172 1.7000000476837158
endloop
endfacet
facet normal -0.8314665660174577 0.5555747920803612 0
outer loop
vertex -18.796533584594727 -48.63823699951172 1.7000000476837158
vertex -18.796533584594727 -48.63823699951172 0
vertex -18.894081115722656 -48.78422546386719 1.7000000476837158
endloop
endfacet
facet normal -0.5555772839934787 0.8314649009491799 0
outer loop
vertex -18.894081115722656 -48.78422546386719 1.7000000476837158
vertex -18.894081115722656 -48.78422546386719 0
vertex -19.040071487426758 -48.88177490234375 1.7000000476837158
endloop
endfacet
facet normal -0.8314665660174577 -0.5555747920803612 0
outer loop
vertex -18.894081115722656 -48.147830963134766 0
vertex -18.796533584594727 -48.293819427490234 0
vertex -18.796533584594727 -48.293819427490234 1.7000000476837158
endloop
endfacet
facet normal 0.8314665660174577 -0.5555747920803612 0
outer loop
vertex -19.53047752380371 -48.147830963134766 0
vertex -19.53047752380371 -48.147830963134766 1.7000000476837158
vertex -19.62802505493164 -48.293819427490234 0
endloop
endfacet
facet normal 0.8314665660174577 -0.5555747920803612 0
outer loop
vertex -19.62802505493164 -48.293819427490234 1.7000000476837158
vertex -19.62802505493164 -48.293819427490234 0
vertex -19.53047752380371 -48.147830963134766 1.7000000476837158
endloop
endfacet
facet normal -0.9807852845629332 -0.19509030110388895 0
outer loop
vertex -18.796533584594727 -48.293819427490234 0
vertex -18.762279510498047 -48.466026306152344 0
vertex -18.762279510498047 -48.466026306152344 1.7000000476837158
endloop
endfacet
facet normal -0.9807861114401027 0.19508614406513386 0
outer loop
vertex -18.762279510498047 -48.466026306152344 0
vertex -18.796533584594727 -48.63823699951172 0
vertex -18.796533584594727 -48.63823699951172 1.7000000476837158
endloop
endfacet
facet normal -0.8314665660174577 0.5555747920803612 0
outer loop
vertex -18.796533584594727 -48.63823699951172 0
vertex -18.894081115722656 -48.78422546386719 0
vertex -18.894081115722656 -48.78422546386719 1.7000000476837158
endloop
endfacet
facet normal -0.5555772839934787 0.8314649009491799 0
outer loop
vertex -18.894081115722656 -48.78422546386719 0
vertex -19.040071487426758 -48.88177490234375 0
vertex -19.040071487426758 -48.88177490234375 1.7000000476837158
endloop
endfacet
facet normal 0 0 -1
outer loop
vertex -19.53047752380371 -48.78422546386719 1.7000000476837158
vertex -19.62802505493164 -48.63823699951172 1.7000000476837158
vertex -19.53047752380371 -48.147830963134766 1.7000000476837158
endloop
endfacet
facet normal 0 0 -1
outer loop
vertex -19.38448715209961 -48.88177490234375 1.7000000476837158
vertex -19.53047752380371 -48.78422546386719 1.7000000476837158
vertex -19.38448715209961 -48.0502815246582 1.7000000476837158
endloop
endfacet
facet normal 0 0 -1
outer loop
vertex -19.62802505493164 -48.63823699951172 1.7000000476837158
vertex -19.66227912902832 -48.466026306152344 1.7000000476837158
vertex -19.62802505493164 -48.293819427490234 1.7000000476837158
endloop
endfacet
facet normal 0.5555772839934787 -0.8314649009491799 0
outer loop
vertex -19.38448715209961 -48.0502815246582 0
vertex -19.38448715209961 -48.0502815246582 1.7000000476837158
vertex -19.53047752380371 -48.147830963134766 0
endloop
endfacet
facet normal 0.1950798514286955 -0.9807873630744628 0
outer loop
vertex -19.2122802734375 -48.016029357910156 0
vertex -19.2122802734375 -48.016029357910156 1.7000000476837158
vertex -19.38448715209961 -48.0502815246582 0
endloop
endfacet
facet normal 0.9807852845629332 -0.19509030110388895 0
outer loop
vertex -19.62802505493164 -48.293819427490234 0
vertex -19.62802505493164 -48.293819427490234 1.7000000476837158
vertex -19.66227912902832 -48.466026306152344 0
endloop
endfacet
facet normal -0.19507777299013523 -0.9807877764762413 0
outer loop
vertex -19.040071487426758 -48.0502815246582 0
vertex -19.040071487426758 -48.0502815246582 1.7000000476837158
vertex -19.2122802734375 -48.016029357910156 0
endloop
endfacet
facet normal 0 0 -1
outer loop
vertex -19.040071487426758 -48.0502815246582 1.7000000476837158
vertex -19.2122802734375 -48.9160270690918 1.7000000476837158
vertex -19.2122802734375 -48.016029357910156 1.7000000476837158
endloop
endfacet
facet normal 0.9807861114401027 0.19508614406513386 0
outer loop
vertex -19.66227912902832 -48.466026306152344 0
vertex -19.66227912902832 -48.466026306152344 1.7000000476837158
vertex -19.62802505493164 -48.63823699951172 0
endloop
endfacet
facet normal 0 0 -1
outer loop
vertex -19.53047752380371 -48.147830963134766 1.7000000476837158
vertex -19.62802505493164 -48.63823699951172 1.7000000476837158
vertex -19.62802505493164 -48.293819427490234 1.7000000476837158
endloop
endfacet
facet normal 0.8314665660174577 0.5555747920803612 0
outer loop
vertex -19.62802505493164 -48.63823699951172 0
vertex -19.62802505493164 -48.63823699951172 1.7000000476837158
vertex -19.53047752380371 -48.78422546386719 0
endloop
endfacet
facet normal -0.19507777299013523 0.9807877764762413 0
outer loop
vertex -19.040071487426758 -48.88177490234375 0
vertex -19.2122802734375 -48.9160270690918 0
vertex -19.2122802734375 -48.9160270690918 1.7000000476837158
endloop
endfacet
facet normal 0.1950798514286955 0.9807873630744628 0
outer loop
vertex -19.2122802734375 -48.9160270690918 0
vertex -19.38448715209961 -48.88177490234375 0
vertex -19.38448715209961 -48.88177490234375 1.7000000476837158
endloop
endfacet
facet normal 0 0 -1
outer loop
vertex -19.38448715209961 -48.0502815246582 1.7000000476837158
vertex -19.53047752380371 -48.78422546386719 1.7000000476837158
vertex -19.53047752380371 -48.147830963134766 1.7000000476837158
endloop
endfacet
facet normal 0 0 -1
outer loop
vertex -18.762279510498047 -48.466026306152344 1.7000000476837158
vertex -18.796533584594727 -48.63823699951172 1.7000000476837158
vertex -18.796533584594727 -48.293819427490234 1.7000000476837158
endloop
endfacet
facet normal 0 0 -1
outer loop
vertex -19.2122802734375 -48.9160270690918 1.7000000476837158
vertex -19.38448715209961 -48.88177490234375 1.7000000476837158
vertex -19.2122802734375 -48.016029357910156 1.7000000476837158
endloop
endfacet
facet normal 0.9807852845629332 -0.19509030110388895 0
outer loop
vertex -19.66227912902832 -48.466026306152344 1.7000000476837158
vertex -19.66227912902832 -48.466026306152344 0
vertex -19.62802505493164 -48.293819427490234 1.7000000476837158
endloop
endfacet
facet normal 0.9807861114401027 0.19508614406513386 0
outer loop
vertex -19.62802505493164 -48.63823699951172 1.7000000476837158
vertex -19.62802505493164 -48.63823699951172 0
vertex -19.66227912902832 -48.466026306152344 1.7000000476837158
endloop
endfacet
facet normal 0 0 -1
outer loop
vertex -19.040071487426758 -48.88177490234375 1.7000000476837158
vertex -19.2122802734375 -48.9160270690918 1.7000000476837158
vertex -19.040071487426758 -48.0502815246582 1.7000000476837158
endloop
endfacet
facet normal 0.8314665660174577 0.5555747920803612 0
outer loop
vertex -19.53047752380371 -48.78422546386719 1.7000000476837158
vertex -19.53047752380371 -48.78422546386719 0
vertex -19.62802505493164 -48.63823699951172 1.7000000476837158
endloop
endfacet
facet normal -0.19507777299013523 0.9807877764762413 0
outer loop
vertex -19.040071487426758 -48.88177490234375 1.7000000476837158
vertex -19.040071487426758 -48.88177490234375 0
vertex -19.2122802734375 -48.9160270690918 1.7000000476837158
endloop
endfacet
facet normal 0.1950798514286955 0.9807873630744628 0
outer loop
vertex -19.2122802734375 -48.9160270690918 1.7000000476837158
vertex -19.2122802734375 -48.9160270690918 0
vertex -19.38448715209961 -48.88177490234375 1.7000000476837158
endloop
endfacet
facet normal 0.5555772839934787 0.8314649009491799 0
outer loop
vertex -19.38448715209961 -48.88177490234375 1.7000000476837158
vertex -19.38448715209961 -48.88177490234375 0
vertex -19.53047752380371 -48.78422546386719 1.7000000476837158
endloop
endfacet
facet normal -0.5555772839934787 -0.8314649009491799 0
outer loop
vertex -19.040071487426758 -48.0502815246582 1.7000000476837158
vertex -19.040071487426758 -48.0502815246582 0
vertex -18.894081115722656 -48.147830963134766 1.7000000476837158
endloop
endfacet
facet normal -0.8314665660174577 -0.5555747920803612 0
outer loop
vertex -18.894081115722656 -48.147830963134766 1.7000000476837158
vertex -18.894081115722656 -48.147830963134766 0
vertex -18.796533584594727 -48.293819427490234 1.7000000476837158
endloop
endfacet
facet normal -0.5555772839934787 -0.8314649009491799 0
outer loop
vertex -18.894081115722656 -48.147830963134766 0
vertex -18.894081115722656 -48.147830963134766 1.7000000476837158
vertex -19.040071487426758 -48.0502815246582 0
endloop
endfacet
facet normal 0 0 -1
outer loop
vertex -19.2122802734375 -48.016029357910156 1.7000000476837158
vertex -19.38448715209961 -48.88177490234375 1.7000000476837158
vertex -19.38448715209961 -48.0502815246582 1.7000000476837158
endloop
endfacet
facet normal 0.5555772839934787 0.8314649009491799 0
outer loop
vertex -19.38448715209961 -48.88177490234375 0
vertex -19.53047752380371 -48.78422546386719 0
vertex -19.53047752380371 -48.78422546386719 1.7000000476837158
endloop
endfacet
facet normal 0 0 -1
outer loop
vertex -18.894081115722656 -48.78422546386719 1.7000000476837158
vertex -19.040071487426758 -48.88177490234375 1.7000000476837158
vertex -18.894081115722656 -48.147830963134766 1.7000000476837158
endloop
endfacet
facet normal 0 0 -1
outer loop
vertex -18.894081115722656 -48.147830963134766 1.7000000476837158
vertex -19.040071487426758 -48.88177490234375 1.7000000476837158
vertex -19.040071487426758 -48.0502815246582 1.7000000476837158
endloop
endfacet
facet normal -0.19507777299013523 -0.9807877764762413 0
outer loop
vertex -19.2122802734375 -48.016029357910156 1.7000000476837158
vertex -19.2122802734375 -48.016029357910156 0
vertex -19.040071487426758 -48.0502815246582 1.7000000476837158
endloop
endfacet
facet normal 0.8314665660174577 0.5555747920803612 0
outer loop
vertex -19.62802505493164 -47.36823654174805 0
vertex -19.62802505493164 -47.36823654174805 1.7000000476837158
vertex -19.53047752380371 -47.514225006103516 0
endloop
endfacet
facet normal 0.9807861114401027 -0.19508614406513386 0
outer loop
vertex -19.66227912902832 -47.19602966308594 1.7000000476837158
vertex -19.66227912902832 -47.19602966308594 0
vertex -19.62802505493164 -47.02381896972656 1.7000000476837158
endloop
endfacet
facet normal -0.8314665660174577 -0.5555747920803612 0
outer loop
vertex -18.894081115722656 -46.877830505371094 1.7000000476837158
vertex -18.894081115722656 -46.877830505371094 0
vertex -18.796533584594727 -47.02381896972656 1.7000000476837158
endloop
endfacet
facet normal -0.19507777299013523 -0.9807877764762413 0
outer loop
vertex -19.2122802734375 -46.746028900146484 1.7000000476837158
vertex -19.2122802734375 -46.746028900146484 0
vertex -19.040071487426758 -46.78028106689453 1.7000000476837158
endloop
endfacet
facet normal 0.1950798514286955 0.9807873630744628 0
outer loop
vertex -19.2122802734375 -47.646026611328125 1.7000000476837158
vertex -19.2122802734375 -47.646026611328125 0
vertex -19.38448715209961 -47.61177444458008 1.7000000476837158
endloop
endfacet
facet normal 0 0 -1
outer loop
vertex -18.894081115722656 -46.877830505371094 1.7000000476837158
vertex -19.040071487426758 -47.61177444458008 1.7000000476837158
vertex -19.040071487426758 -46.78028106689453 1.7000000476837158
endloop
endfacet
facet normal 0 0 -1
outer loop
vertex -19.040071487426758 -46.78028106689453 1.7000000476837158
vertex -19.2122802734375 -47.646026611328125 1.7000000476837158
vertex -19.2122802734375 -46.746028900146484 1.7000000476837158
endloop
endfacet
facet normal 0 0 -1
outer loop
vertex -19.2122802734375 -46.746028900146484 1.7000000476837158
vertex -19.38448715209961 -47.61177444458008 1.7000000476837158
vertex -19.38448715209961 -46.78028106689453 1.7000000476837158
endloop
endfacet
facet normal 0 0 -1
outer loop
vertex -19.38448715209961 -46.78028106689453 1.7000000476837158
vertex -19.53047752380371 -47.514225006103516 1.7000000476837158
vertex -19.53047752380371 -46.877830505371094 1.7000000476837158
endloop
endfacet
facet normal 0 0 -1
outer loop
vertex -19.53047752380371 -46.877830505371094 1.7000000476837158
vertex -19.62802505493164 -47.36823654174805 1.7000000476837158
vertex -19.62802505493164 -47.02381896972656 1.7000000476837158
endloop
endfacet
facet normal 0 0 -1
outer loop
vertex -18.762279510498047 -47.19602966308594 1.7000000476837158
vertex -18.796533584594727 -47.36823654174805 1.7000000476837158
vertex -18.796533584594727 -47.02381896972656 1.7000000476837158
endloop
endfacet
facet normal 0 0 -1
outer loop
vertex -18.796533584594727 -47.36823654174805 1.7000000476837158
vertex -18.894081115722656 -47.514225006103516 1.7000000476837158
vertex -18.796533584594727 -47.02381896972656 1.7000000476837158
endloop
endfacet
facet normal 0 0 -1
outer loop
vertex -18.894081115722656 -47.514225006103516 1.7000000476837158
vertex -18.894081115722656 -46.877830505371094 1.7000000476837158
vertex -18.796533584594727 -47.02381896972656 1.7000000476837158
endloop
endfacet
facet normal 0 0 -1
outer loop
vertex -18.894081115722656 -47.514225006103516 1.7000000476837158
vertex -19.040071487426758 -47.61177444458008 1.7000000476837158
vertex -18.894081115722656 -46.877830505371094 1.7000000476837158
endloop
endfacet
facet normal 0 0 -1
outer loop
vertex -19.040071487426758 -47.61177444458008 1.7000000476837158
vertex -19.2122802734375 -47.646026611328125 1.7000000476837158
vertex -19.040071487426758 -46.78028106689453 1.7000000476837158
endloop
endfacet
facet normal 0 0 -1
outer loop
vertex -19.2122802734375 -47.646026611328125 1.7000000476837158
vertex -19.38448715209961 -47.61177444458008 1.7000000476837158
vertex -19.2122802734375 -46.746028900146484 1.7000000476837158
endloop
endfacet
facet normal 0 0 -1
outer loop
vertex -19.38448715209961 -47.61177444458008 1.7000000476837158
vertex -19.53047752380371 -47.514225006103516 1.7000000476837158
vertex -19.38448715209961 -46.78028106689453 1.7000000476837158
endloop
endfacet
facet normal 0 0 -1
outer loop
vertex -19.62802505493164 -47.36823654174805 1.7000000476837158
vertex -19.66227912902832 -47.19602966308594 1.7000000476837158
vertex -19.62802505493164 -47.02381896972656 1.7000000476837158
endloop
endfacet
facet normal 0 0 -1
outer loop
vertex -19.53047752380371 -47.514225006103516 1.7000000476837158
vertex -19.62802505493164 -47.36823654174805 1.7000000476837158
vertex -19.53047752380371 -46.877830505371094 1.7000000476837158
endloop
endfacet
facet normal -0.5555772839934787 -0.8314649009491799 0
outer loop
vertex -19.040071487426758 -46.78028106689453 1.7000000476837158
vertex -19.040071487426758 -46.78028106689453 0
vertex -18.894081115722656 -46.877830505371094 1.7000000476837158
endloop
endfacet
facet normal -0.8314665660174577 0.5555747920803612 0
outer loop
vertex -18.796533584594727 -47.36823654174805 1.7000000476837158
vertex -18.796533584594727 -47.36823654174805 0
vertex -18.894081115722656 -47.514225006103516 1.7000000476837158
endloop
endfacet
facet normal -0.5555772839934787 0.8314649009491799 0
outer loop
vertex -18.894081115722656 -47.514225006103516 1.7000000476837158
vertex -18.894081115722656 -47.514225006103516 0
vertex -19.040071487426758 -47.61177444458008 1.7000000476837158
endloop
endfacet
facet normal -0.19507777299013523 0.9807877764762413 0
outer loop
vertex -19.040071487426758 -47.61177444458008 1.7000000476837158
vertex -19.040071487426758 -47.61177444458008 0
vertex -19.2122802734375 -47.646026611328125 1.7000000476837158
endloop
endfacet
facet normal -0.9807852845629332 0.19509030110388895 0
outer loop
vertex -18.762279510498047 -47.19602966308594 1.7000000476837158
vertex -18.762279510498047 -47.19602966308594 0
vertex -18.796533584594727 -47.36823654174805 1.7000000476837158
endloop
endfacet
facet normal 0.1950798514286955 -0.9807873630744628 0
outer loop
vertex -19.38448715209961 -46.78028106689453 1.7000000476837158
vertex -19.38448715209961 -46.78028106689453 0
vertex -19.2122802734375 -46.746028900146484 1.7000000476837158
endloop
endfacet
facet normal -0.8314665660174577 -0.5555747920803612 0
outer loop
vertex -18.796533584594727 -47.02381896972656 0
vertex -18.796533584594727 -47.02381896972656 1.7000000476837158
vertex -18.894081115722656 -46.877830505371094 0
endloop
endfacet
facet normal 0.5555772839934787 -0.8314649009491799 0
outer loop
vertex -19.53047752380371 -46.877830505371094 1.7000000476837158
vertex -19.53047752380371 -46.877830505371094 0
vertex -19.38448715209961 -46.78028106689453 1.7000000476837158
endloop
endfacet
facet normal 0.8314665660174577 -0.5555747920803612 0
outer loop
vertex -19.62802505493164 -47.02381896972656 1.7000000476837158
vertex -19.62802505493164 -47.02381896972656 0
vertex -19.53047752380371 -46.877830505371094 1.7000000476837158
endloop
endfacet
facet normal 0.9807852845629332 0.19509030110388895 0
outer loop
vertex -19.66227912902832 -47.19602966308594 0
vertex -19.66227912902832 -47.19602966308594 1.7000000476837158
vertex -19.62802505493164 -47.36823654174805 0
endloop
endfacet
facet normal 0.1950798514286955 0.9807873630744628 0
outer loop
vertex -19.2122802734375 -47.646026611328125 0
vertex -19.38448715209961 -47.61177444458008 0
vertex -19.38448715209961 -47.61177444458008 1.7000000476837158
endloop
endfacet
facet normal -0.19507777299013523 0.9807877764762413 0
outer loop
vertex -19.040071487426758 -47.61177444458008 0
vertex -19.2122802734375 -47.646026611328125 0
vertex -19.2122802734375 -47.646026611328125 1.7000000476837158
endloop
endfacet
facet normal -0.5555772839934787 -0.8314649009491799 0
outer loop
vertex -18.894081115722656 -46.877830505371094 0
vertex -18.894081115722656 -46.877830505371094 1.7000000476837158
vertex -19.040071487426758 -46.78028106689453 0
endloop
endfacet
facet normal -0.5555772839934787 0.8314649009491799 0
outer loop
vertex -18.894081115722656 -47.514225006103516 0
vertex -19.040071487426758 -47.61177444458008 0
vertex -19.040071487426758 -47.61177444458008 1.7000000476837158
endloop
endfacet
facet normal -0.8314665660174577 0.5555747920803612 0
outer loop
vertex -18.796533584594727 -47.36823654174805 0
vertex -18.894081115722656 -47.514225006103516 0
vertex -18.894081115722656 -47.514225006103516 1.7000000476837158
endloop
endfacet
facet normal -0.9807852845629332 0.19509030110388895 0
outer loop
vertex -18.762279510498047 -47.19602966308594 0
vertex -18.796533584594727 -47.36823654174805 0
vertex -18.796533584594727 -47.36823654174805 1.7000000476837158
endloop
endfacet
facet normal -0.19507777299013523 -0.9807877764762413 0
outer loop
vertex -19.040071487426758 -46.78028106689453 0
vertex -19.040071487426758 -46.78028106689453 1.7000000476837158
vertex -19.2122802734375 -46.746028900146484 0
endloop
endfacet
facet normal 0.1950798514286955 -0.9807873630744628 0
outer loop
vertex -19.2122802734375 -46.746028900146484 0
vertex -19.2122802734375 -46.746028900146484 1.7000000476837158
vertex -19.38448715209961 -46.78028106689453 0
endloop
endfacet
facet normal 0.5555772839934787 0.8314649009491799 0
outer loop
vertex -19.38448715209961 -47.61177444458008 0
vertex -19.53047752380371 -47.514225006103516 0
vertex -19.53047752380371 -47.514225006103516 1.7000000476837158
endloop
endfacet
facet normal 0.5555772839934787 -0.8314649009491799 0
outer loop
vertex -19.38448715209961 -46.78028106689453 0
vertex -19.38448715209961 -46.78028106689453 1.7000000476837158
vertex -19.53047752380371 -46.877830505371094 0
endloop
endfacet
facet normal 0.8314665660174577 0.5555747920803612 0
outer loop
vertex -19.53047752380371 -47.514225006103516 1.7000000476837158
vertex -19.53047752380371 -47.514225006103516 0
vertex -19.62802505493164 -47.36823654174805 1.7000000476837158
endloop
endfacet
facet normal 0.8314665660174577 -0.5555747920803612 0
outer loop
vertex -19.53047752380371 -46.877830505371094 0
vertex -19.53047752380371 -46.877830505371094 1.7000000476837158
vertex -19.62802505493164 -47.02381896972656 0
endloop
endfacet
facet normal 0.9807861114401027 -0.19508614406513386 0
outer loop
vertex -19.62802505493164 -47.02381896972656 0
vertex -19.62802505493164 -47.02381896972656 1.7000000476837158
vertex -19.66227912902832 -47.19602966308594 0
endloop
endfacet
facet normal 0.5555772839934787 0.8314649009491799 0
outer loop
vertex -19.38448715209961 -47.61177444458008 1.7000000476837158
vertex -19.38448715209961 -47.61177444458008 0
vertex -19.53047752380371 -47.514225006103516 1.7000000476837158
endloop
endfacet
facet normal 0.9807852845629332 0.19509030110388895 0
outer loop
vertex -19.62802505493164 -47.36823654174805 1.7000000476837158
vertex -19.62802505493164 -47.36823654174805 0
vertex -19.66227912902832 -47.19602966308594 1.7000000476837158
endloop
endfacet
facet normal -0.9807861114401027 -0.19508614406513386 0
outer loop
vertex -18.796533584594727 -47.02381896972656 0
vertex -18.762279510498047 -47.19602966308594 0
vertex -18.762279510498047 -47.19602966308594 1.7000000476837158
endloop
endfacet
facet normal -0.9807861114401027 -0.19508614406513386 0
outer loop
vertex -18.796533584594727 -47.02381896972656 1.7000000476837158
vertex -18.796533584594727 -47.02381896972656 0
vertex -18.762279510498047 -47.19602966308594 1.7000000476837158
endloop
endfacet
facet normal -0.5555769311594078 -0.8314651367095887 0
outer loop
vertex 0.10562610626220703 -46.877830505371094 0
vertex 0.10562610626220703 -46.877830505371094 1.7000000476837158
vertex -0.040364399552345276 -46.78028106689453 0
endloop
endfacet
facet normal 0 0 -1
outer loop
vertex -0.040364399552345276 -46.78028106689453 1.7000000476837158
vertex -0.21257194876670837 -47.646026611328125 1.7000000476837158
vertex -0.21257194876670837 -46.746028900146484 1.7000000476837158
endloop
endfacet
facet normal -0.19507912072269082 -0.9807875084125316 0
outer loop
vertex -0.040364399552345276 -46.78028106689453 0
vertex -0.040364399552345276 -46.78028106689453 1.7000000476837158
vertex -0.21257194876670837 -46.746028900146484 0
endloop
endfacet
facet normal 0 0 -1
outer loop
vertex -0.3847794830799103 -47.61177444458008 1.7000000476837158
vertex -0.5307700037956238 -47.514225006103516 1.7000000476837158
vertex -0.3847794830799103 -46.78028106689453 1.7000000476837158
endloop
endfacet
facet normal 0 0 -1
outer loop
vertex -0.5307700037956238 -46.877830505371094 1.7000000476837158
vertex -0.6283177137374878 -47.36823654174805 1.7000000476837158
vertex -0.6283177137374878 -47.02381896972656 1.7000000476837158
endloop
endfacet
facet normal 0 0 -1
outer loop
vertex -0.3847794830799103 -46.78028106689453 1.7000000476837158
vertex -0.5307700037956238 -47.514225006103516 1.7000000476837158
vertex -0.5307700037956238 -46.877830505371094 1.7000000476837158
endloop
endfacet
facet normal 0.19507913696054377 -0.9807875051828147 0
outer loop
vertex -0.21257194876670837 -46.746028900146484 0
vertex -0.21257194876670837 -46.746028900146484 1.7000000476837158
vertex -0.3847794830799103 -46.78028106689453 0
endloop
endfacet
facet normal -0.9807859652970082 -0.19508687879100384 0
outer loop
vertex 0.23742805421352386 -47.19602966308594 0
vertex 0.23742805421352386 -47.19602966308594 1.7000000476837158
vertex 0.20317384600639343 -47.02381896972656 0
endloop
endfacet
facet normal -0.9807851384137336 0.19509103584417611 0
outer loop
vertex 0.20317384600639343 -47.36823654174805 0
vertex 0.20317384600639343 -47.36823654174805 1.7000000476837158
vertex 0.23742805421352386 -47.19602966308594 0
endloop
endfacet
facet normal -0.831466017157237 0.5555756134971022 0
outer loop
vertex 0.20317384600639343 -47.36823654174805 0
vertex 0.10562610626220703 -47.514225006103516 0
vertex 0.10562610626220703 -47.514225006103516 1.7000000476837158
endloop
endfacet
facet normal -0.5555769311594078 0.8314651367095887 0
outer loop
vertex 0.10562610626220703 -47.514225006103516 0
vertex -0.040364399552345276 -47.61177444458008 0
vertex -0.040364399552345276 -47.61177444458008 1.7000000476837158
endloop
endfacet
facet normal -0.19507912072269082 0.9807875084125316 0
outer loop
vertex -0.040364399552345276 -47.61177444458008 0
vertex -0.21257194876670837 -47.646026611328125 0
vertex -0.21257194876670837 -47.646026611328125 1.7000000476837158
endloop
endfacet
facet normal 0.19507913696054377 0.9807875051828147 0
outer loop
vertex -0.21257194876670837 -47.646026611328125 0
vertex -0.3847794830799103 -47.61177444458008 0
vertex -0.3847794830799103 -47.61177444458008 1.7000000476837158
endloop
endfacet
facet normal 0.8314660955658453 0.555575496151953 0
outer loop
vertex -0.6283177137374878 -47.36823654174805 0
vertex -0.6283177137374878 -47.36823654174805 1.7000000476837158
vertex -0.5307700037956238 -47.514225006103516 0
endloop
endfacet
facet normal 0.5555768919556435 0.8314651629051618 0
outer loop
vertex -0.3847794830799103 -47.61177444458008 0
vertex -0.5307700037956238 -47.514225006103516 0
vertex -0.5307700037956238 -47.514225006103516 1.7000000476837158
endloop
endfacet
facet normal 0.9807850896972209 0.19509128075753215 0
outer loop
vertex -0.6625719666481018 -47.19602966308594 0
vertex -0.6625719666481018 -47.19602966308594 1.7000000476837158
vertex -0.6283177137374878 -47.36823654174805 0
endloop
endfacet
facet normal 0.9807859165825307 -0.1950871236995542 0
outer loop
vertex -0.6283177137374878 -47.02381896972656 0
vertex -0.6283177137374878 -47.02381896972656 1.7000000476837158
vertex -0.6625719666481018 -47.19602966308594 0
endloop
endfacet
facet normal 0.8314660955658453 -0.555575496151953 0
outer loop
vertex -0.5307700037956238 -46.877830505371094 0
vertex -0.5307700037956238 -46.877830505371094 1.7000000476837158
vertex -0.6283177137374878 -47.02381896972656 0
endloop
endfacet
facet normal 0.5555768919556435 -0.8314651629051618 0
outer loop
vertex -0.3847794830799103 -46.78028106689453 0
vertex -0.3847794830799103 -46.78028106689453 1.7000000476837158
vertex -0.5307700037956238 -46.877830505371094 0
endloop
endfacet
facet normal -0.5555769311594078 -0.8314651367095887 0
outer loop
vertex -0.040364399552345276 -46.78028106689453 1.7000000476837158
vertex -0.040364399552345276 -46.78028106689453 0
vertex 0.10562610626220703 -46.877830505371094 1.7000000476837158
endloop
endfacet
facet normal 0 0 -1
outer loop
vertex -0.040364399552345276 -46.78028106689453 1.7000000476837158
vertex 0.10562610626220703 -46.877830505371094 1.7000000476837158
vertex -0.040364399552345276 -47.61177444458008 1.7000000476837158
endloop
endfacet
facet normal 0 0 -1
outer loop
vertex -0.5307700037956238 -47.514225006103516 1.7000000476837158
vertex -0.6283177137374878 -47.36823654174805 1.7000000476837158
vertex -0.5307700037956238 -46.877830505371094 1.7000000476837158
endloop
endfacet
facet normal 0 0 -1
outer loop
vertex -0.6283177137374878 -47.36823654174805 1.7000000476837158
vertex -0.6625719666481018 -47.19602966308594 1.7000000476837158
vertex -0.6283177137374878 -47.02381896972656 1.7000000476837158
endloop
endfacet
facet normal 0.5555768919556435 0.8314651629051618 0
outer loop
vertex -0.3847794830799103 -47.61177444458008 0
vertex -0.5307700037956238 -47.514225006103516 1.7000000476837158
vertex -0.3847794830799103 -47.61177444458008 1.7000000476837158
endloop
endfacet
facet normal 0.8314660955658453 0.555575496151953 0
outer loop
vertex -0.5307700037956238 -47.514225006103516 1.7000000476837158
vertex -0.5307700037956238 -47.514225006103516 0
vertex -0.6283177137374878 -47.36823654174805 1.7000000476837158
endloop
endfacet
facet normal 0.9807850896972209 0.19509128075753215 0
outer loop
vertex -0.6283177137374878 -47.36823654174805 1.7000000476837158
vertex -0.6283177137374878 -47.36823654174805 0
vertex -0.6625719666481018 -47.19602966308594 1.7000000476837158
endloop
endfacet
facet normal 0 0 -1
outer loop
vertex -0.21257194876670837 -47.646026611328125 1.7000000476837158
vertex -0.3847794830799103 -47.61177444458008 1.7000000476837158
vertex -0.21257194876670837 -46.746028900146484 1.7000000476837158
endloop
endfacet
facet normal 0 0 -1
outer loop
vertex -0.040364399552345276 -47.61177444458008 1.7000000476837158
vertex -0.21257194876670837 -47.646026611328125 1.7000000476837158
vertex -0.040364399552345276 -46.78028106689453 1.7000000476837158
endloop
endfacet
facet normal -0.831466017157237 -0.5555756134971022 0
outer loop
vertex 0.10562610626220703 -46.877830505371094 1.7000000476837158
vertex 0.10562610626220703 -46.877830505371094 0
vertex 0.20317384600639343 -47.02381896972656 1.7000000476837158
endloop
endfacet
facet normal -0.9807859652970082 -0.19508687879100384 0
outer loop
vertex 0.20317384600639343 -47.02381896972656 1.7000000476837158
vertex 0.20317384600639343 -47.02381896972656 0
vertex 0.23742805421352386 -47.19602966308594 1.7000000476837158
endloop
endfacet
facet normal -0.19507912072269082 -0.9807875084125316 0
outer loop
vertex -0.21257194876670837 -46.746028900146484 1.7000000476837158
vertex -0.21257194876670837 -46.746028900146484 0
vertex -0.040364399552345276 -46.78028106689453 1.7000000476837158
endloop
endfacet
facet normal 0.19507913696054377 -0.9807875051828147 0
outer loop
vertex -0.3847794830799103 -46.78028106689453 1.7000000476837158
vertex -0.3847794830799103 -46.78028106689453 0
vertex -0.21257194876670837 -46.746028900146484 1.7000000476837158
endloop
endfacet
facet normal -0.9807851384137336 0.19509103584417611 0
outer loop
vertex 0.23742805421352386 -47.19602966308594 1.7000000476837158
vertex 0.23742805421352386 -47.19602966308594 0
vertex 0.20317384600639343 -47.36823654174805 1.7000000476837158
endloop
endfacet
facet normal 0 0 -1
outer loop
vertex 0.10562610626220703 -47.514225006103516 1.7000000476837158
vertex -0.040364399552345276 -47.61177444458008 1.7000000476837158
vertex 0.10562610626220703 -46.877830505371094 1.7000000476837158
endloop
endfacet
facet normal -0.831466017157237 0.5555756134971022 0
outer loop
vertex 0.20317384600639343 -47.36823654174805 1.7000000476837158
vertex 0.20317384600639343 -47.36823654174805 0
vertex 0.10562610626220703 -47.514225006103516 1.7000000476837158
endloop
endfacet
facet normal -0.5555769311594078 0.8314651367095887 0
outer loop
vertex 0.10562610626220703 -47.514225006103516 1.7000000476837158
vertex 0.10562610626220703 -47.514225006103516 0
vertex -0.040364399552345276 -47.61177444458008 1.7000000476837158
endloop
endfacet
facet normal 0 0 -1
outer loop
vertex 0.20317384600639343 -47.36823654174805 1.7000000476837158
vertex 0.10562610626220703 -47.514225006103516 1.7000000476837158
vertex 0.20317384600639343 -47.02381896972656 1.7000000476837158
endloop
endfacet
facet normal 0 0 -1
outer loop
vertex 0.23742805421352386 -47.19602966308594 1.7000000476837158
vertex 0.20317384600639343 -47.36823654174805 1.7000000476837158
vertex 0.20317384600639343 -47.02381896972656 1.7000000476837158
endloop
endfacet
facet normal 0.9807859165825307 -0.1950871236995542 0
outer loop
vertex -0.6625719666481018 -47.19602966308594 1.7000000476837158
vertex -0.6625719666481018 -47.19602966308594 0
vertex -0.6283177137374878 -47.02381896972656 1.7000000476837158
endloop
endfacet
facet normal -0.19507912072269082 0.9807875084125316 0
outer loop
vertex -0.040364399552345276 -47.61177444458008 1.7000000476837158
vertex -0.040364399552345276 -47.61177444458008 0
vertex -0.21257194876670837 -47.646026611328125 1.7000000476837158
endloop
endfacet
facet normal 0.19507913696054377 0.9807875051828147 0
outer loop
vertex -0.21257194876670837 -47.646026611328125 1.7000000476837158
vertex -0.21257194876670837 -47.646026611328125 0
vertex -0.3847794830799103 -47.61177444458008 1.7000000476837158
endloop
endfacet
facet normal 0 0 -1
outer loop
vertex 0.10562610626220703 -46.877830505371094 1.7000000476837158
vertex 0.20317384600639343 -47.02381896972656 1.7000000476837158
vertex 0.10562610626220703 -47.514225006103516 1.7000000476837158
endloop
endfacet
facet normal 0 0 -1
outer loop
vertex -0.21257194876670837 -46.746028900146484 1.7000000476837158
vertex -0.3847794830799103 -47.61177444458008 1.7000000476837158
vertex -0.3847794830799103 -46.78028106689453 1.7000000476837158
endloop
endfacet
facet normal 0.8314660955658453 -0.555575496151953 0
outer loop
vertex -0.6283177137374878 -47.02381896972656 1.7000000476837158
vertex -0.6283177137374878 -47.02381896972656 0
vertex -0.5307700037956238 -46.877830505371094 1.7000000476837158
endloop
endfacet
facet normal 0.5555768919556435 -0.8314651629051618 0
outer loop
vertex -0.5307700037956238 -46.877830505371094 1.7000000476837158
vertex -0.5307700037956238 -46.877830505371094 0
vertex -0.3847794830799103 -46.78028106689453 1.7000000476837158
endloop
endfacet
facet normal -0.831466017157237 -0.5555756134971022 0
outer loop
vertex 0.20317384600639343 -47.02381896972656 0
vertex 0.20317384600639343 -47.02381896972656 1.7000000476837158
vertex 0.10562610626220703 -46.877830505371094 0
endloop
endfacet
facet normal -0.19507912072269082 0.9807875084125316 0
outer loop
vertex -0.040364399552345276 -48.88177490234375 1.7000000476837158
vertex -0.040364399552345276 -48.88177490234375 0
vertex -0.21257194876670837 -48.9160270690918 1.7000000476837158
endloop
endfacet
facet normal 0 0 -1
outer loop
vertex -0.3847794830799103 -48.0502815246582 1.7000000476837158
vertex -0.5307700037956238 -48.78422546386719 1.7000000476837158
vertex -0.5307700037956238 -48.147830963134766 1.7000000476837158
endloop
endfacet
facet normal 0 0 -1
outer loop
vertex 0.10562610626220703 -48.147830963134766 1.7000000476837158
vertex 0.20317384600639343 -48.293819427490234 1.7000000476837158
vertex 0.10562610626220703 -48.78422546386719 1.7000000476837158
endloop
endfacet
facet normal 0 0 -1
outer loop
vertex 0.10562610626220703 -48.147830963134766 1.7000000476837158
vertex -0.040364399552345276 -48.88177490234375 1.7000000476837158
vertex -0.040364399552345276 -48.0502815246582 1.7000000476837158
endloop
endfacet
facet normal 0 0 -1
outer loop
vertex 0.20317384600639343 -48.63823699951172 1.7000000476837158
vertex 0.10562610626220703 -48.78422546386719 1.7000000476837158
vertex 0.20317384600639343 -48.293819427490234 1.7000000476837158
endloop
endfacet
facet normal 0 0 -1
outer loop
vertex 0.10562610626220703 -48.78422546386719 1.7000000476837158
vertex -0.040364399552345276 -48.88177490234375 1.7000000476837158
vertex 0.10562610626220703 -48.147830963134766 1.7000000476837158
endloop
endfacet
facet normal 0 0 -1
outer loop
vertex -0.040364399552345276 -48.88177490234375 1.7000000476837158
vertex -0.21257194876670837 -48.9160270690918 1.7000000476837158
vertex -0.040364399552345276 -48.0502815246582 1.7000000476837158
endloop
endfacet
facet normal 0 0 -1
outer loop
vertex -0.21257194876670837 -48.9160270690918 1.7000000476837158
vertex -0.21257194876670837 -48.016029357910156 1.7000000476837158
vertex -0.040364399552345276 -48.0502815246582 1.7000000476837158
endloop
endfacet
facet normal 0 0 -1
outer loop
vertex -0.21257194876670837 -48.016029357910156 1.7000000476837158
vertex -0.3847794830799103 -48.88177490234375 1.7000000476837158
vertex -0.3847794830799103 -48.0502815246582 1.7000000476837158
endloop
endfacet
facet normal 0 0 -1
outer loop
vertex -0.21257194876670837 -48.9160270690918 1.7000000476837158
vertex -0.3847794830799103 -48.88177490234375 1.7000000476837158
vertex -0.21257194876670837 -48.016029357910156 1.7000000476837158
endloop
endfacet
facet normal 0.19507913696054377 0.9807875051828147 0
outer loop
vertex -0.21257194876670837 -48.9160270690918 1.7000000476837158
vertex -0.21257194876670837 -48.9160270690918 0
vertex -0.3847794830799103 -48.88177490234375 1.7000000476837158
endloop
endfacet
facet normal -0.5555769311594078 0.8314651367095887 0
outer loop
vertex 0.10562610626220703 -48.78422546386719 1.7000000476837158
vertex 0.10562610626220703 -48.78422546386719 0
vertex -0.040364399552345276 -48.88177490234375 1.7000000476837158
endloop
endfacet
facet normal -0.831466017157237 0.5555756134971022 0
outer loop
vertex 0.20317384600639343 -48.63823699951172 1.7000000476837158
vertex 0.20317384600639343 -48.63823699951172 0
vertex 0.10562610626220703 -48.78422546386719 1.7000000476837158
endloop
endfacet
facet normal -0.9807851384137336 -0.19509103584417611 0
outer loop
vertex 0.20317384600639343 -48.293819427490234 1.7000000476837158
vertex 0.20317384600639343 -48.293819427490234 0
vertex 0.23742805421352386 -48.466026306152344 1.7000000476837158
endloop
endfacet
facet normal -0.9807859652970082 0.19508687879100384 0
outer loop
vertex 0.23742805421352386 -48.466026306152344 1.7000000476837158
vertex 0.23742805421352386 -48.466026306152344 0
vertex 0.20317384600639343 -48.63823699951172 1.7000000476837158
endloop
endfacet
facet normal 0.19507913696054377 -0.9807875051828147 0
outer loop
vertex -0.3847794830799103 -48.0502815246582 1.7000000476837158
vertex -0.3847794830799103 -48.0502815246582 0
vertex -0.21257194876670837 -48.016029357910156 1.7000000476837158
endloop
endfacet
facet normal -0.19507912072269082 -0.9807875084125316 0
outer loop
vertex -0.21257194876670837 -48.016029357910156 1.7000000476837158
vertex -0.21257194876670837 -48.016029357910156 0
vertex -0.040364399552345276 -48.0502815246582 1.7000000476837158
endloop
endfacet
facet normal -0.5555769311594078 -0.8314651367095887 0
outer loop
vertex -0.040364399552345276 -48.0502815246582 1.7000000476837158
vertex -0.040364399552345276 -48.0502815246582 0
vertex 0.10562610626220703 -48.147830963134766 1.7000000476837158
endloop
endfacet
facet normal -0.831466017157237 -0.5555756134971022 0
outer loop
vertex 0.10562610626220703 -48.147830963134766 1.7000000476837158
vertex 0.10562610626220703 -48.147830963134766 0
vertex 0.20317384600639343 -48.293819427490234 1.7000000476837158
endloop
endfacet
facet normal 0.5555768919556435 -0.8314651629051618 0
outer loop
vertex -0.3847794830799103 -48.0502815246582 0
vertex -0.3847794830799103 -48.0502815246582 1.7000000476837158
vertex -0.5307700037956238 -48.147830963134766 0
endloop
endfacet
facet normal 0.8314660955658453 -0.555575496151953 0
outer loop
vertex -0.5307700037956238 -48.147830963134766 0
vertex -0.5307700037956238 -48.147830963134766 1.7000000476837158
vertex -0.6283177137374878 -48.293819427490234 0
endloop
endfacet
facet normal 0.9807850896972209 -0.19509128075753215 0
outer loop
vertex -0.6283177137374878 -48.293819427490234 0
vertex -0.6283177137374878 -48.293819427490234 1.7000000476837158
vertex -0.6625719666481018 -48.466026306152344 0
endloop
endfacet
facet normal 0.9807859165825307 0.1950871236995542 0
outer loop
vertex -0.6625719666481018 -48.466026306152344 0
vertex -0.6625719666481018 -48.466026306152344 1.7000000476837158
vertex -0.6283177137374878 -48.63823699951172 0
endloop
endfacet
facet normal 0.8314660955658453 0.555575496151953 0
outer loop
vertex -0.6283177137374878 -48.63823699951172 0
vertex -0.6283177137374878 -48.63823699951172 1.7000000476837158
vertex -0.5307700037956238 -48.78422546386719 0
endloop
endfacet
facet normal 0.5555768919556435 0.8314651629051618 0
outer loop
vertex -0.3847794830799103 -48.88177490234375 0
vertex -0.5307700037956238 -48.78422546386719 0
vertex -0.5307700037956238 -48.78422546386719 1.7000000476837158
endloop
endfacet
facet normal -0.19507912072269082 -0.9807875084125316 0
outer loop
vertex -0.040364399552345276 -48.0502815246582 0
vertex -0.040364399552345276 -48.0502815246582 1.7000000476837158
vertex -0.21257194876670837 -48.016029357910156 0
endloop
endfacet
facet normal -0.5555769311594078 -0.8314651367095887 0
outer loop
vertex 0.10562610626220703 -48.147830963134766 0
vertex 0.10562610626220703 -48.147830963134766 1.7000000476837158
vertex -0.040364399552345276 -48.0502815246582 0
endloop
endfacet
facet normal 0.19507913696054377 -0.9807875051828147 0
outer loop
vertex -0.21257194876670837 -48.016029357910156 0
vertex -0.21257194876670837 -48.016029357910156 1.7000000476837158
vertex -0.3847794830799103 -48.0502815246582 0
endloop
endfacet
facet normal 0 0 -1
outer loop
vertex -0.5307700037956238 -48.78422546386719 1.7000000476837158
vertex -0.6283177137374878 -48.63823699951172 1.7000000476837158
vertex -0.5307700037956238 -48.147830963134766 1.7000000476837158
endloop
endfacet
facet normal -0.9807851384137336 -0.19509103584417611 0
outer loop
vertex 0.23742805421352386 -48.466026306152344 0
vertex 0.23742805421352386 -48.466026306152344 1.7000000476837158
vertex 0.20317384600639343 -48.293819427490234 0
endloop
endfacet
facet normal 0.5555768919556435 -0.8314651629051618 0
outer loop
vertex -0.5307700037956238 -48.147830963134766 1.7000000476837158
vertex -0.5307700037956238 -48.147830963134766 0
vertex -0.3847794830799103 -48.0502815246582 1.7000000476837158
endloop
endfacet
facet normal 0.8314660955658453 -0.555575496151953 0
outer loop
vertex -0.6283177137374878 -48.293819427490234 1.7000000476837158
vertex -0.6283177137374878 -48.293819427490234 0
vertex -0.5307700037956238 -48.147830963134766 1.7000000476837158
endloop
endfacet
facet normal 0.9807850896972209 -0.19509128075753215 0
outer loop
vertex -0.6625719666481018 -48.466026306152344 1.7000000476837158
vertex -0.6625719666481018 -48.466026306152344 0
vertex -0.6283177137374878 -48.293819427490234 1.7000000476837158
endloop
endfacet
facet normal 0.8314660955658453 0.555575496151953 0
outer loop
vertex -0.5307700037956238 -48.78422546386719 1.7000000476837158
vertex -0.5307700037956238 -48.78422546386719 0
vertex -0.6283177137374878 -48.63823699951172 1.7000000476837158
endloop
endfacet
facet normal 0.9807859165825307 0.1950871236995542 0
outer loop
vertex -0.6283177137374878 -48.63823699951172 1.7000000476837158
vertex -0.6283177137374878 -48.63823699951172 0
vertex -0.6625719666481018 -48.466026306152344 1.7000000476837158
endloop
endfacet
facet normal 0.5555768919556435 0.8314651629051618 0
outer loop
vertex -0.3847794830799103 -48.88177490234375 0
vertex -0.5307700037956238 -48.78422546386719 1.7000000476837158
vertex -0.3847794830799103 -48.88177490234375 1.7000000476837158
endloop
endfacet
facet normal -0.831466017157237 -0.5555756134971022 0
outer loop
vertex 0.10562610626220703 -48.147830963134766 0
vertex 0.20317384600639343 -48.293819427490234 0
vertex 0.20317384600639343 -48.293819427490234 1.7000000476837158
endloop
endfacet
facet normal -0.9807859652970082 0.19508687879100384 0
outer loop
vertex 0.23742805421352386 -48.466026306152344 0
vertex 0.20317384600639343 -48.63823699951172 0
vertex 0.20317384600639343 -48.63823699951172 1.7000000476837158
endloop
endfacet
facet normal -0.831466017157237 0.5555756134971022 0
outer loop
vertex 0.20317384600639343 -48.63823699951172 0
vertex 0.10562610626220703 -48.78422546386719 0
vertex 0.10562610626220703 -48.78422546386719 1.7000000476837158
endloop
endfacet
facet normal -0.5555769311594078 0.8314651367095887 0
outer loop
vertex 0.10562610626220703 -48.78422546386719 0
vertex -0.040364399552345276 -48.88177490234375 0
vertex -0.040364399552345276 -48.88177490234375 1.7000000476837158
endloop
endfacet
facet normal 0 0 -1
outer loop
vertex -0.3847794830799103 -48.88177490234375 1.7000000476837158
vertex -0.5307700037956238 -48.78422546386719 1.7000000476837158
vertex -0.3847794830799103 -48.0502815246582 1.7000000476837158
endloop
endfacet
facet normal -0.19507912072269082 0.9807875084125316 0
outer loop
vertex -0.040364399552345276 -48.88177490234375 0
vertex -0.21257194876670837 -48.9160270690918 0
vertex -0.21257194876670837 -48.9160270690918 1.7000000476837158
endloop
endfacet
facet normal 0 0 -1
outer loop
vertex -0.6283177137374878 -48.63823699951172 1.7000000476837158
vertex -0.6625719666481018 -48.466026306152344 1.7000000476837158
vertex -0.6283177137374878 -48.293819427490234 1.7000000476837158
endloop
endfacet
facet normal 0.19507913696054377 0.9807875051828147 0
outer loop
vertex -0.21257194876670837 -48.9160270690918 0
vertex -0.3847794830799103 -48.88177490234375 0
vertex -0.3847794830799103 -48.88177490234375 1.7000000476837158
endloop
endfacet
facet normal 0 0 -1
outer loop
vertex -0.5307700037956238 -48.147830963134766 1.7000000476837158
vertex -0.6283177137374878 -48.63823699951172 1.7000000476837158
vertex -0.6283177137374878 -48.293819427490234 1.7000000476837158
endloop
endfacet
facet normal 0 0 -1
outer loop
vertex 0.23742805421352386 -48.466026306152344 1.7000000476837158
vertex 0.20317384600639343 -48.63823699951172 1.7000000476837158
vertex 0.20317384600639343 -48.293819427490234 1.7000000476837158
endloop
endfacet
facet normal -0.5555769311594078 -0.8314651367095887 0
outer loop
vertex -0.040364399552345276 -49.320281982421875 0
vertex 0.10562610626220703 -49.41783142089844 0
vertex 0.10562610626220703 -49.41783142089844 1.7000000476837158
endloop
endfacet
facet normal -0.19507912072269082 0.9807875084125316 0
outer loop
vertex -0.040364399552345276 -50.15177536010742 1.7000000476837158
vertex -0.040364399552345276 -50.15177536010742 0
vertex -0.21257194876670837 -50.18602752685547 1.7000000476837158
endloop
endfacet
facet normal 0.8314728015184576 0.5555654599910326 0
outer loop
vertex -0.5307700037956238 -50.05422592163086 0
vertex -0.6283177137374878 -49.908233642578125 0
vertex -0.6283177137374878 -49.908233642578125 1.7000000476837158
endloop
endfacet
facet normal -0.9807851384137336 -0.19509103584417611 0
outer loop
vertex 0.23742805421352386 -49.736026763916016 0
vertex 0.23742805421352386 -49.736026763916016 1.7000000476837158
vertex 0.20317384600639343 -49.563819885253906 0
endloop
endfacet
facet normal 0.19510003617400823 -0.9807833480870791 0
outer loop
vertex -0.21257194876670837 -49.28602600097656 0
vertex -0.21257194876670837 -49.28602600097656 1.7000000476837158
vertex -0.3847794830799103 -49.320281982421875 0
endloop
endfacet
facet normal -0.9807851384137336 0.19509103584417611 0
outer loop
vertex 0.23742805421352386 -49.736026763916016 0
vertex 0.20317384600639343 -49.908233642578125 0
vertex 0.20317384600639343 -49.908233642578125 1.7000000476837158
endloop
endfacet
facet normal 0.8314728015184576 0.5555654599910326 0
outer loop
vertex -0.5307700037956238 -50.05422592163086 1.7000000476837158
vertex -0.5307700037956238 -50.05422592163086 0
vertex -0.6283177137374878 -49.908233642578125 1.7000000476837158
endloop
endfacet
facet normal 0.9807850896972209 -0.19509128075753215 0
outer loop
vertex -0.6625719666481018 -49.736026763916016 1.7000000476837158
vertex -0.6625719666481018 -49.736026763916016 0
vertex -0.6283177137374878 -49.563819885253906 1.7000000476837158
endloop
endfacet
facet normal 0.9807850896972209 0.19509128075753215 0
outer loop
vertex -0.6283177137374878 -49.908233642578125 1.7000000476837158
vertex -0.6283177137374878 -49.908233642578125 0
vertex -0.6625719666481018 -49.736026763916016 1.7000000476837158
endloop
endfacet
facet normal 0.8314660955658453 -0.555575496151953 0
outer loop
vertex -0.6283177137374878 -49.563819885253906 1.7000000476837158
vertex -0.6283177137374878 -49.563819885253906 0
vertex -0.5307700037956238 -49.41783142089844 1.7000000476837158
endloop
endfacet
facet normal 0.5555768919556435 -0.8314651629051618 0
outer loop
vertex -0.5307700037956238 -49.41783142089844 1.7000000476837158
vertex -0.5307700037956238 -49.41783142089844 0
vertex -0.3847794830799103 -49.320281982421875 1.7000000476837158
endloop
endfacet
facet normal -0.8314727231120498 0.5555655773359548 0
outer loop
vertex 0.20317384600639343 -49.908233642578125 0
vertex 0.10562610626220703 -50.05422592163086 0
vertex 0.10562610626220703 -50.05422592163086 1.7000000476837158
endloop
endfacet
facet normal 0.5555768919556435 0.8314651629051618 0
outer loop
vertex -0.3847794830799103 -50.15177536010742 0
vertex -0.5307700037956238 -50.05422592163086 1.7000000476837158
vertex -0.3847794830799103 -50.15177536010742 1.7000000476837158
endloop
endfacet
facet normal -0.5555769311594078 0.8314651367095887 0
outer loop
vertex 0.10562610626220703 -50.05422592163086 0
vertex -0.040364399552345276 -50.15177536010742 0
vertex -0.040364399552345276 -50.15177536010742 1.7000000476837158
endloop
endfacet
facet normal -0.19507912072269082 0.9807875084125316 0
outer loop
vertex -0.040364399552345276 -50.15177536010742 0
vertex -0.21257194876670837 -50.18602752685547 0
vertex -0.21257194876670837 -50.18602752685547 1.7000000476837158
endloop
endfacet
facet normal 0.19507913696054377 0.9807875051828147 0
outer loop
vertex -0.21257194876670837 -50.18602752685547 0
vertex -0.3847794830799103 -50.15177536010742 0
vertex -0.3847794830799103 -50.15177536010742 1.7000000476837158
endloop
endfacet
facet normal 0.5555768919556435 0.8314651629051618 0
outer loop
vertex -0.3847794830799103 -50.15177536010742 0
vertex -0.5307700037956238 -50.05422592163086 0
vertex -0.5307700037956238 -50.05422592163086 1.7000000476837158
endloop
endfacet
facet normal 0.9807850896972209 0.19509128075753215 0
outer loop
vertex -0.6625719666481018 -49.736026763916016 0
vertex -0.6625719666481018 -49.736026763916016 1.7000000476837158
vertex -0.6283177137374878 -49.908233642578125 0
endloop
endfacet
facet normal 0.9807850896972209 -0.19509128075753215 0
outer loop
vertex -0.6283177137374878 -49.563819885253906 0
vertex -0.6283177137374878 -49.563819885253906 1.7000000476837158
vertex -0.6625719666481018 -49.736026763916016 0
endloop
endfacet
facet normal 0.8314660955658453 -0.555575496151953 0
outer loop
vertex -0.5307700037956238 -49.41783142089844 0
vertex -0.5307700037956238 -49.41783142089844 1.7000000476837158
vertex -0.6283177137374878 -49.563819885253906 0
endloop
endfacet
facet normal 0.5555768919556435 -0.8314651629051618 0
outer loop
vertex -0.3847794830799103 -49.320281982421875 0
vertex -0.3847794830799103 -49.320281982421875 1.7000000476837158
vertex -0.5307700037956238 -49.41783142089844 0
endloop
endfacet
facet normal 0 0 -1
outer loop
vertex -0.3847794830799103 -49.320281982421875 1.7000000476837158
vertex -0.5307700037956238 -50.05422592163086 1.7000000476837158
vertex -0.5307700037956238 -49.41783142089844 1.7000000476837158
endloop
endfacet
facet normal 0 0 -1
outer loop
vertex -0.5307700037956238 -50.05422592163086 1.7000000476837158
vertex -0.6283177137374878 -49.908233642578125 1.7000000476837158
vertex -0.5307700037956238 -49.41783142089844 1.7000000476837158
endloop
endfacet
facet normal 0 0 -1
outer loop
vertex -0.6283177137374878 -49.908233642578125 1.7000000476837158
vertex -0.6283177137374878 -49.563819885253906 1.7000000476837158
vertex -0.5307700037956238 -49.41783142089844 1.7000000476837158
endloop
endfacet
facet normal 0 0 -1
outer loop
vertex -0.6283177137374878 -49.908233642578125 1.7000000476837158
vertex -0.6625719666481018 -49.736026763916016 1.7000000476837158
vertex -0.6283177137374878 -49.563819885253906 1.7000000476837158
endloop
endfacet
facet normal 0 0 -1
outer loop
vertex -0.3847794830799103 -50.15177536010742 1.7000000476837158
vertex -0.5307700037956238 -50.05422592163086 1.7000000476837158
vertex -0.3847794830799103 -49.320281982421875 1.7000000476837158
endloop
endfacet
facet normal 0.19507913696054377 0.9807875051828147 0
outer loop
vertex -0.21257194876670837 -50.18602752685547 1.7000000476837158
vertex -0.21257194876670837 -50.18602752685547 0
vertex -0.3847794830799103 -50.15177536010742 1.7000000476837158
endloop
endfacet
facet normal 0 0 -1
outer loop
vertex -0.21257194876670837 -50.18602752685547 1.7000000476837158
vertex -0.3847794830799103 -50.15177536010742 1.7000000476837158
vertex -0.21257194876670837 -49.28602600097656 1.7000000476837158
endloop
endfacet
facet normal 0 0 -1
outer loop
vertex -0.040364399552345276 -50.15177536010742 1.7000000476837158
vertex -0.21257194876670837 -50.18602752685547 1.7000000476837158
vertex -0.040364399552345276 -49.320281982421875 1.7000000476837158
endloop
endfacet
facet normal 0 0 -1
outer loop
vertex 0.10562610626220703 -50.05422592163086 1.7000000476837158
vertex -0.040364399552345276 -50.15177536010742 1.7000000476837158
vertex 0.10562610626220703 -49.41783142089844 1.7000000476837158
endloop
endfacet
facet normal 0 0 -1
outer loop
vertex 0.20317384600639343 -49.908233642578125 1.7000000476837158
vertex 0.10562610626220703 -50.05422592163086 1.7000000476837158
vertex 0.20317384600639343 -49.563819885253906 1.7000000476837158
endloop
endfacet
facet normal 0 0 -1
outer loop
vertex -0.21257194876670837 -49.28602600097656 1.7000000476837158
vertex -0.3847794830799103 -50.15177536010742 1.7000000476837158
vertex -0.3847794830799103 -49.320281982421875 1.7000000476837158
endloop
endfacet
facet normal 0 0 -1
outer loop
vertex -0.21257194876670837 -49.28602600097656 1.7000000476837158
vertex -0.040364399552345276 -49.320281982421875 1.7000000476837158
vertex -0.21257194876670837 -50.18602752685547 1.7000000476837158
endloop
endfacet
facet normal 0 0 -1
outer loop
vertex 0.10562610626220703 -49.41783142089844 1.7000000476837158
vertex -0.040364399552345276 -50.15177536010742 1.7000000476837158
vertex -0.040364399552345276 -49.320281982421875 1.7000000476837158
endloop
endfacet
facet normal 0 0 -1
outer loop
vertex 0.23742805421352386 -49.736026763916016 1.7000000476837158
vertex 0.20317384600639343 -49.908233642578125 1.7000000476837158
vertex 0.20317384600639343 -49.563819885253906 1.7000000476837158
endloop
endfacet
facet normal 0 0 -1
outer loop
vertex 0.10562610626220703 -49.41783142089844 1.7000000476837158
vertex 0.20317384600639343 -49.563819885253906 1.7000000476837158
vertex 0.10562610626220703 -50.05422592163086 1.7000000476837158
endloop
endfacet
facet normal -0.9807851384137336 0.19509103584417611 0
outer loop
vertex 0.23742805421352386 -49.736026763916016 1.7000000476837158
vertex 0.23742805421352386 -49.736026763916016 0
vertex 0.20317384600639343 -49.908233642578125 1.7000000476837158
endloop
endfacet
facet normal -0.831466017157237 -0.5555756134971022 0
outer loop
vertex 0.10562610626220703 -49.41783142089844 1.7000000476837158
vertex 0.10562610626220703 -49.41783142089844 0
vertex 0.20317384600639343 -49.563819885253906 1.7000000476837158
endloop
endfacet
facet normal -0.5555769311594078 -0.8314651367095887 0
outer loop
vertex -0.040364399552345276 -49.320281982421875 1.7000000476837158
vertex -0.040364399552345276 -49.320281982421875 0
vertex 0.10562610626220703 -49.41783142089844 1.7000000476837158
endloop
endfacet
facet normal -0.9807851384137336 -0.19509103584417611 0
outer loop
vertex 0.20317384600639343 -49.563819885253906 1.7000000476837158
vertex 0.20317384600639343 -49.563819885253906 0
vertex 0.23742805421352386 -49.736026763916016 1.7000000476837158
endloop
endfacet
facet normal -0.1951000199345534 -0.9807833513174747 0
outer loop
vertex -0.21257194876670837 -49.28602600097656 1.7000000476837158
vertex -0.21257194876670837 -49.28602600097656 0
vertex -0.040364399552345276 -49.320281982421875 1.7000000476837158
endloop
endfacet
facet normal 0.19510003617400823 -0.9807833480870791 0
outer loop
vertex -0.3847794830799103 -49.320281982421875 1.7000000476837158
vertex -0.3847794830799103 -49.320281982421875 0
vertex -0.21257194876670837 -49.28602600097656 1.7000000476837158
endloop
endfacet
facet normal -0.8314727231120498 0.5555655773359548 0
outer loop
vertex 0.20317384600639343 -49.908233642578125 1.7000000476837158
vertex 0.20317384600639343 -49.908233642578125 0
vertex 0.10562610626220703 -50.05422592163086 1.7000000476837158
endloop
endfacet
facet normal -0.5555769311594078 0.8314651367095887 0
outer loop
vertex 0.10562610626220703 -50.05422592163086 1.7000000476837158
vertex 0.10562610626220703 -50.05422592163086 0
vertex -0.040364399552345276 -50.15177536010742 1.7000000476837158
endloop
endfacet
facet normal -0.1951000199345534 -0.9807833513174747 0
outer loop
vertex -0.21257194876670837 -49.28602600097656 0
vertex -0.040364399552345276 -49.320281982421875 0
vertex -0.040364399552345276 -49.320281982421875 1.7000000476837158
endloop
endfacet
facet normal -0.831466017157237 -0.5555756134971022 0
outer loop
vertex 0.10562610626220703 -49.41783142089844 0
vertex 0.20317384600639343 -49.563819885253906 0
vertex 0.20317384600639343 -49.563819885253906 1.7000000476837158
endloop
endfacet
facet normal 0.9807850896972209 0.19509128075753215 0
outer loop
vertex -0.6625719666481018 -51.00602722167969 0
vertex -0.6625719666481018 -51.00602722167969 1.7000000476837158
vertex -0.6283177137374878 -51.1782341003418 0
endloop
endfacet
facet normal -0.1951000199345534 0.9807833513174747 0
outer loop
vertex -0.040364399552345276 -51.42177200317383 0
vertex -0.21257194876670837 -51.45602798461914 0
vertex -0.21257194876670837 -51.45602798461914 1.7000000476837158
endloop
endfacet
facet normal 0.8314728015184576 0.5555654599910326 0
outer loop
vertex -0.5307700037956238 -51.32422637939453 1.7000000476837158
vertex -0.5307700037956238 -51.32422637939453 0
vertex -0.6283177137374878 -51.1782341003418 1.7000000476837158
endloop
endfacet
facet normal 0.5555618717645963 0.831475199053717 0
outer loop
vertex -0.3847794830799103 -51.42177200317383 0
vertex -0.5307700037956238 -51.32422637939453 0
vertex -0.5307700037956238 -51.32422637939453 1.7000000476837158
endloop
endfacet
facet normal 0.9807850896972209 0.19509128075753215 0
outer loop
vertex -0.6283177137374878 -51.1782341003418 1.7000000476837158
vertex -0.6283177137374878 -51.1782341003418 0
vertex -0.6625719666481018 -51.00602722167969 1.7000000476837158
endloop
endfacet
facet normal 0.9807850896972209 -0.19509128075753215 0
outer loop
vertex -0.6625719666481018 -51.00602722167969 1.7000000476837158
vertex -0.6625719666481018 -51.00602722167969 0
vertex -0.6283177137374878 -50.83382034301758 1.7000000476837158
endloop
endfacet
facet normal 0.8314728015184576 -0.5555654599910326 0
outer loop
vertex -0.6283177137374878 -50.83382034301758 1.7000000476837158
vertex -0.6283177137374878 -50.83382034301758 0
vertex -0.5307700037956238 -50.687828063964844 1.7000000476837158
endloop
endfacet
facet normal 0.5555618717645963 -0.831475199053717 0
outer loop
vertex -0.5307700037956238 -50.687828063964844 1.7000000476837158
vertex -0.5307700037956238 -50.687828063964844 0
vertex -0.3847794830799103 -50.59028244018555 1.7000000476837158
endloop
endfacet
facet normal 0 0 -1
outer loop
vertex -0.6283177137374878 -51.1782341003418 1.7000000476837158
vertex -0.6625719666481018 -51.00602722167969 1.7000000476837158
vertex -0.6283177137374878 -50.83382034301758 1.7000000476837158
endloop
endfacet
facet normal 0 0 -1
outer loop
vertex -0.5307700037956238 -51.32422637939453 1.7000000476837158
vertex -0.6283177137374878 -51.1782341003418 1.7000000476837158
vertex -0.5307700037956238 -50.687828063964844 1.7000000476837158
endloop
endfacet
facet normal 0 0 -1
outer loop
vertex -0.3847794830799103 -51.42177200317383 1.7000000476837158
vertex -0.5307700037956238 -51.32422637939453 1.7000000476837158
vertex -0.3847794830799103 -50.59028244018555 1.7000000476837158
endloop
endfacet
facet normal 0 0 -1
outer loop
vertex -0.5307700037956238 -50.687828063964844 1.7000000476837158
vertex -0.6283177137374878 -51.1782341003418 1.7000000476837158
vertex -0.6283177137374878 -50.83382034301758 1.7000000476837158
endloop
endfacet
facet normal 0 0 -1
outer loop
vertex -0.3847794830799103 -50.59028244018555 1.7000000476837158
vertex -0.5307700037956238 -51.32422637939453 1.7000000476837158
vertex -0.5307700037956238 -50.687828063964844 1.7000000476837158
endloop
endfacet
facet normal -0.9807851384137336 0.19509103584417611 0
outer loop
vertex 0.23742805421352386 -51.00602722167969 1.7000000476837158
vertex 0.23742805421352386 -51.00602722167969 0
vertex 0.20317384600639343 -51.1782341003418 1.7000000476837158
endloop
endfacet
facet normal -0.555561910968247 -0.831475172859244 0
outer loop
vertex -0.040364399552345276 -50.59028244018555 1.7000000476837158
vertex -0.040364399552345276 -50.59028244018555 0
vertex 0.10562610626220703 -50.687828063964844 1.7000000476837158
endloop
endfacet
facet normal -0.8314727231120498 -0.5555655773359548 0
outer loop
vertex 0.10562610626220703 -50.687828063964844 1.7000000476837158
vertex 0.10562610626220703 -50.687828063964844 0
vertex 0.20317384600639343 -50.83382034301758 1.7000000476837158
endloop
endfacet
facet normal -0.9807851384137336 -0.19509103584417611 0
outer loop
vertex 0.20317384600639343 -50.83382034301758 1.7000000476837158
vertex 0.20317384600639343 -50.83382034301758 0
vertex 0.23742805421352386 -51.00602722167969 1.7000000476837158
endloop
endfacet
facet normal -0.1951000199345534 -0.9807833513174747 0
outer loop
vertex -0.21257194876670837 -50.556026458740234 1.7000000476837158
vertex -0.21257194876670837 -50.556026458740234 0
vertex -0.040364399552345276 -50.59028244018555 1.7000000476837158
endloop
endfacet
facet normal 0.19510003617400823 -0.9807833480870791 0
outer loop
vertex -0.3847794830799103 -50.59028244018555 1.7000000476837158
vertex -0.3847794830799103 -50.59028244018555 0
vertex -0.21257194876670837 -50.556026458740234 1.7000000476837158
endloop
endfacet
facet normal -0.8314727231120498 0.5555655773359548 0
outer loop
vertex 0.20317384600639343 -51.1782341003418 1.7000000476837158
vertex 0.20317384600639343 -51.1782341003418 0
vertex 0.10562610626220703 -51.32422637939453 1.7000000476837158
endloop
endfacet
facet normal -0.555561910968247 0.831475172859244 0
outer loop
vertex 0.10562610626220703 -51.32422637939453 1.7000000476837158
vertex 0.10562610626220703 -51.32422637939453 0
vertex -0.040364399552345276 -51.42177200317383 1.7000000476837158
endloop
endfacet
facet normal -0.1951000199345534 0.9807833513174747 0
outer loop
vertex -0.040364399552345276 -51.42177200317383 1.7000000476837158
vertex -0.040364399552345276 -51.42177200317383 0
vertex -0.21257194876670837 -51.45602798461914 1.7000000476837158
endloop
endfacet
facet normal 0.19510003617400823 0.9807833480870791 0
outer loop
vertex -0.21257194876670837 -51.45602798461914 1.7000000476837158
vertex -0.21257194876670837 -51.45602798461914 0
vertex -0.3847794830799103 -51.42177200317383 1.7000000476837158
endloop
endfacet
facet normal 0 0 -1
outer loop
vertex -0.21257194876670837 -51.45602798461914 1.7000000476837158
vertex -0.3847794830799103 -51.42177200317383 1.7000000476837158
vertex -0.21257194876670837 -50.556026458740234 1.7000000476837158
endloop
endfacet
facet normal 0 0 -1
outer loop
vertex -0.040364399552345276 -51.42177200317383 1.7000000476837158
vertex -0.21257194876670837 -51.45602798461914 1.7000000476837158
vertex -0.040364399552345276 -50.59028244018555 1.7000000476837158
endloop
endfacet
facet normal 0 0 -1
outer loop
vertex 0.10562610626220703 -51.32422637939453 1.7000000476837158
vertex -0.040364399552345276 -51.42177200317383 1.7000000476837158
vertex 0.10562610626220703 -50.687828063964844 1.7000000476837158
endloop
endfacet
facet normal 0.5555618717645963 -0.831475199053717 0
outer loop
vertex -0.3847794830799103 -50.59028244018555 0
vertex -0.3847794830799103 -50.59028244018555 1.7000000476837158
vertex -0.5307700037956238 -50.687828063964844 0
endloop
endfacet
facet normal 0.8314728015184576 -0.5555654599910326 0
outer loop
vertex -0.5307700037956238 -50.687828063964844 0
vertex -0.5307700037956238 -50.687828063964844 1.7000000476837158
vertex -0.6283177137374878 -50.83382034301758 0
endloop
endfacet
facet normal 0.9807850896972209 -0.19509128075753215 0
outer loop
vertex -0.6283177137374878 -50.83382034301758 0
vertex -0.6283177137374878 -50.83382034301758 1.7000000476837158
vertex -0.6625719666481018 -51.00602722167969 0
endloop
endfacet
facet normal 0.5555618717645963 0.831475199053717 0
outer loop
vertex -0.3847794830799103 -51.42177200317383 0
vertex -0.5307700037956238 -51.32422637939453 1.7000000476837158
vertex -0.3847794830799103 -51.42177200317383 1.7000000476837158
endloop
endfacet
facet normal 0.8314728015184576 0.5555654599910326 0
outer loop
vertex -0.6283177137374878 -51.1782341003418 0
vertex -0.6283177137374878 -51.1782341003418 1.7000000476837158
vertex -0.5307700037956238 -51.32422637939453 0
endloop
endfacet
facet normal -0.9807851384137336 -0.19509103584417611 0
outer loop
vertex 0.23742805421352386 -51.00602722167969 0
vertex 0.23742805421352386 -51.00602722167969 1.7000000476837158
vertex 0.20317384600639343 -50.83382034301758 0
endloop
endfacet
facet normal -0.1951000199345534 -0.9807833513174747 0
outer loop
vertex -0.040364399552345276 -50.59028244018555 0
vertex -0.040364399552345276 -50.59028244018555 1.7000000476837158
vertex -0.21257194876670837 -50.556026458740234 0
endloop
endfacet
facet normal -0.8314727231120498 -0.5555655773359548 0
outer loop
vertex 0.10562610626220703 -50.687828063964844 0
vertex 0.20317384600639343 -50.83382034301758 0
vertex 0.20317384600639343 -50.83382034301758 1.7000000476837158
endloop
endfacet
facet normal -0.555561910968247 -0.831475172859244 0
outer loop
vertex -0.040364399552345276 -50.59028244018555 0
vertex 0.10562610626220703 -50.687828063964844 0
vertex 0.10562610626220703 -50.687828063964844 1.7000000476837158
endloop
endfacet
facet normal 0.19510003617400823 -0.9807833480870791 0
outer loop
vertex -0.3847794830799103 -50.59028244018555 0
vertex -0.21257194876670837 -50.556026458740234 0
vertex -0.21257194876670837 -50.556026458740234 1.7000000476837158
endloop
endfacet
facet normal -0.9807851384137336 0.19509103584417611 0
outer loop
vertex 0.23742805421352386 -51.00602722167969 0
vertex 0.20317384600639343 -51.1782341003418 0
vertex 0.20317384600639343 -51.1782341003418 1.7000000476837158
endloop
endfacet
facet normal 0 0 -1
outer loop
vertex 0.20317384600639343 -51.1782341003418 1.7000000476837158
vertex 0.10562610626220703 -51.32422637939453 1.7000000476837158
vertex 0.20317384600639343 -50.83382034301758 1.7000000476837158
endloop
endfacet
facet normal 0 0 -1
outer loop
vertex 0.23742805421352386 -51.00602722167969 1.7000000476837158
vertex 0.20317384600639343 -51.1782341003418 1.7000000476837158
vertex 0.20317384600639343 -50.83382034301758 1.7000000476837158
endloop
endfacet
facet normal 0 0 -1
outer loop
vertex 0.10562610626220703 -50.687828063964844 1.7000000476837158
vertex 0.20317384600639343 -50.83382034301758 1.7000000476837158
vertex 0.10562610626220703 -51.32422637939453 1.7000000476837158
endloop
endfacet
facet normal 0 0 -1
outer loop
vertex -0.21257194876670837 -50.556026458740234 1.7000000476837158
vertex -0.3847794830799103 -51.42177200317383 1.7000000476837158
vertex -0.3847794830799103 -50.59028244018555 1.7000000476837158
endloop
endfacet
facet normal 0 0 -1
outer loop
vertex -0.040364399552345276 -50.59028244018555 1.7000000476837158
vertex -0.21257194876670837 -51.45602798461914 1.7000000476837158
vertex -0.21257194876670837 -50.556026458740234 1.7000000476837158
endloop
endfacet
facet normal 0 0 -1
outer loop
vertex -0.040364399552345276 -50.59028244018555 1.7000000476837158
vertex 0.10562610626220703 -50.687828063964844 1.7000000476837158
vertex -0.040364399552345276 -51.42177200317383 1.7000000476837158
endloop
endfacet
facet normal -0.8314727231120498 0.5555655773359548 0
outer loop
vertex 0.20317384600639343 -51.1782341003418 0
vertex 0.10562610626220703 -51.32422637939453 0
vertex 0.10562610626220703 -51.32422637939453 1.7000000476837158
endloop
endfacet
facet normal -0.555561910968247 0.831475172859244 0
outer loop
vertex 0.10562610626220703 -51.32422637939453 0
vertex -0.040364399552345276 -51.42177200317383 0
vertex -0.040364399552345276 -51.42177200317383 1.7000000476837158
endloop
endfacet
facet normal 0.19510003617400823 0.9807833480870791 0
outer loop
vertex -0.21257194876670837 -51.45602798461914 0
vertex -0.3847794830799103 -51.42177200317383 0
vertex -0.3847794830799103 -51.42177200317383 1.7000000476837158
endloop
endfacet
facet normal 0.8314728015184576 0.5555654599910326 0
outer loop
vertex -0.5307700037956238 -52.5942268371582 1.7000000476837158
vertex -0.5307700037956238 -52.5942268371582 0
vertex -0.6283177137374878 -52.44823455810547 1.7000000476837158
endloop
endfacet
facet normal -0.9807851384137336 -0.19509103584417611 0
outer loop
vertex 0.23742805421352386 -52.27602767944336 0
vertex 0.23742805421352386 -52.27602767944336 1.7000000476837158
vertex 0.20317384600639343 -52.10382080078125 0
endloop
endfacet
facet normal 0.5555618717645963 0.831475199053717 0
outer loop
vertex -0.3847794830799103 -52.6917724609375 0
vertex -0.5307700037956238 -52.5942268371582 1.7000000476837158
vertex -0.3847794830799103 -52.6917724609375 1.7000000476837158
endloop
endfacet
facet normal 0.8314728015184576 -0.5555654599910326 0
outer loop
vertex -0.6283177137374878 -52.10382080078125 1.7000000476837158
vertex -0.6283177137374878 -52.10382080078125 0
vertex -0.5307700037956238 -51.957828521728516 1.7000000476837158
endloop
endfacet
facet normal 0.9807850896972209 -0.19509128075753215 0
outer loop
vertex -0.6625719666481018 -52.27602767944336 1.7000000476837158
vertex -0.6625719666481018 -52.27602767944336 0
vertex -0.6283177137374878 -52.10382080078125 1.7000000476837158
endloop
endfacet
facet normal 0.5555618717645963 -0.831475199053717 0
outer loop
vertex -0.3847794830799103 -51.86028289794922 0
vertex -0.3847794830799103 -51.86028289794922 1.7000000476837158
vertex -0.5307700037956238 -51.957828521728516 0
endloop
endfacet
facet normal 0.8314728015184576 -0.5555654599910326 0
outer loop
vertex -0.5307700037956238 -51.957828521728516 0
vertex -0.5307700037956238 -51.957828521728516 1.7000000476837158
vertex -0.6283177137374878 -52.10382080078125 0
endloop
endfacet
facet normal 0.9807850896972209 -0.19509128075753215 0
outer loop
vertex -0.6283177137374878 -52.10382080078125 0
vertex -0.6283177137374878 -52.10382080078125 1.7000000476837158
vertex -0.6625719666481018 -52.27602767944336 0
endloop
endfacet
facet normal 0.19510003617400823 0.9807833480870791 0
outer loop
vertex -0.21257194876670837 -52.72602844238281 1.7000000476837158
vertex -0.21257194876670837 -52.72602844238281 0
vertex -0.3847794830799103 -52.6917724609375 1.7000000476837158
endloop
endfacet
facet normal -0.1951000199345534 0.9807833513174747 0
outer loop
vertex -0.040364399552345276 -52.6917724609375 1.7000000476837158
vertex -0.040364399552345276 -52.6917724609375 0
vertex -0.21257194876670837 -52.72602844238281 1.7000000476837158
endloop
endfacet
facet normal -0.555561910968247 0.831475172859244 0
outer loop
vertex 0.10562610626220703 -52.5942268371582 1.7000000476837158
vertex 0.10562610626220703 -52.5942268371582 0
vertex -0.040364399552345276 -52.6917724609375 1.7000000476837158
endloop
endfacet
facet normal -0.8314727231120498 0.5555655773359548 0
outer loop
vertex 0.20317384600639343 -52.44823455810547 1.7000000476837158
vertex 0.20317384600639343 -52.44823455810547 0
vertex 0.10562610626220703 -52.5942268371582 1.7000000476837158
endloop
endfacet
facet normal -0.9807851384137336 -0.19509103584417611 0
outer loop
vertex 0.20317384600639343 -52.10382080078125 1.7000000476837158
vertex 0.20317384600639343 -52.10382080078125 0
vertex 0.23742805421352386 -52.27602767944336 1.7000000476837158
endloop
endfacet
facet normal -0.8314727231120498 -0.5555655773359548 0
outer loop
vertex 0.10562610626220703 -51.957828521728516 1.7000000476837158
vertex 0.10562610626220703 -51.957828521728516 0
vertex 0.20317384600639343 -52.10382080078125 1.7000000476837158
endloop
endfacet
facet normal 0 0 -1
outer loop
vertex 0.10562610626220703 -52.5942268371582 1.7000000476837158
vertex -0.040364399552345276 -52.6917724609375 1.7000000476837158
vertex 0.10562610626220703 -51.957828521728516 1.7000000476837158
endloop
endfacet
facet normal 0 0 -1
outer loop
vertex -0.040364399552345276 -52.6917724609375 1.7000000476837158
vertex -0.21257194876670837 -52.72602844238281 1.7000000476837158
vertex -0.040364399552345276 -51.86028289794922 1.7000000476837158
endloop
endfacet
facet normal 0 0 -1
outer loop
vertex -0.21257194876670837 -52.72602844238281 1.7000000476837158
vertex -0.21257194876670837 -51.826026916503906 1.7000000476837158
vertex -0.040364399552345276 -51.86028289794922 1.7000000476837158
endloop
endfacet
facet normal 0 0 -1
outer loop
vertex -0.21257194876670837 -51.826026916503906 1.7000000476837158
vertex -0.3847794830799103 -52.6917724609375 1.7000000476837158
vertex -0.3847794830799103 -51.86028289794922 1.7000000476837158
endloop
endfacet
facet normal 0 0 -1
outer loop
vertex -0.21257194876670837 -52.72602844238281 1.7000000476837158
vertex -0.3847794830799103 -52.6917724609375 1.7000000476837158
vertex -0.21257194876670837 -51.826026916503906 1.7000000476837158
endloop
endfacet
facet normal 0 0 -1
outer loop
vertex 0.10562610626220703 -51.957828521728516 1.7000000476837158
vertex 0.20317384600639343 -52.10382080078125 1.7000000476837158
vertex 0.10562610626220703 -52.5942268371582 1.7000000476837158
endloop
endfacet
facet normal 0.19510003617400823 -0.9807833480870791 0
outer loop
vertex -0.3847794830799103 -51.86028289794922 1.7000000476837158
vertex -0.3847794830799103 -51.86028289794922 0
vertex -0.21257194876670837 -51.826026916503906 1.7000000476837158
endloop
endfacet
facet normal 0.9807850896972209 0.19509128075753215 0
outer loop
vertex -0.6625719666481018 -52.27602767944336 0
vertex -0.6625719666481018 -52.27602767944336 1.7000000476837158
vertex -0.6283177137374878 -52.44823455810547 0
endloop
endfacet
facet normal 0.8314728015184576 0.5555654599910326 0
outer loop
vertex -0.6283177137374878 -52.44823455810547 0
vertex -0.6283177137374878 -52.44823455810547 1.7000000476837158
vertex -0.5307700037956238 -52.5942268371582 0
endloop
endfacet
facet normal -0.1951000199345534 -0.9807833513174747 0
outer loop
vertex -0.21257194876670837 -51.826026916503906 1.7000000476837158
vertex -0.21257194876670837 -51.826026916503906 0
vertex -0.040364399552345276 -51.86028289794922 1.7000000476837158
endloop
endfacet
facet normal -0.555561910968247 -0.831475172859244 0
outer loop
vertex -0.040364399552345276 -51.86028289794922 1.7000000476837158
vertex -0.040364399552345276 -51.86028289794922 0
vertex 0.10562610626220703 -51.957828521728516 1.7000000476837158
endloop
endfacet
facet normal 0.5555618717645963 0.831475199053717 0
outer loop
vertex -0.3847794830799103 -52.6917724609375 0
vertex -0.5307700037956238 -52.5942268371582 0
vertex -0.5307700037956238 -52.5942268371582 1.7000000476837158
endloop
endfacet
facet normal -0.9807851384137336 0.19509103584417611 0
outer loop
vertex 0.23742805421352386 -52.27602767944336 1.7000000476837158
vertex 0.23742805421352386 -52.27602767944336 0
vertex 0.20317384600639343 -52.44823455810547 1.7000000476837158
endloop
endfacet
facet normal 0 0 -1
outer loop
vertex 0.10562610626220703 -51.957828521728516 1.7000000476837158
vertex -0.040364399552345276 -52.6917724609375 1.7000000476837158
vertex -0.040364399552345276 -51.86028289794922 1.7000000476837158
endloop
endfacet
facet normal 0 0 -1
outer loop
vertex 0.23742805421352386 -52.27602767944336 1.7000000476837158
vertex 0.20317384600639343 -52.44823455810547 1.7000000476837158
vertex 0.20317384600639343 -52.10382080078125 1.7000000476837158
endloop
endfacet
facet normal 0 0 -1
outer loop
vertex 0.20317384600639343 -52.44823455810547 1.7000000476837158
vertex 0.10562610626220703 -52.5942268371582 1.7000000476837158
vertex 0.20317384600639343 -52.10382080078125 1.7000000476837158
endloop
endfacet
facet normal 0 0 -1
outer loop
vertex -0.3847794830799103 -51.86028289794922 1.7000000476837158
vertex -0.5307700037956238 -52.5942268371582 1.7000000476837158
vertex -0.5307700037956238 -51.957828521728516 1.7000000476837158
endloop
endfacet
facet normal 0 0 -1
outer loop
vertex -0.5307700037956238 -51.957828521728516 1.7000000476837158
vertex -0.6283177137374878 -52.44823455810547 1.7000000476837158
vertex -0.6283177137374878 -52.10382080078125 1.7000000476837158
endloop
endfacet
facet normal 0 0 -1
outer loop
vertex -0.3847794830799103 -52.6917724609375 1.7000000476837158
vertex -0.5307700037956238 -52.5942268371582 1.7000000476837158
vertex -0.3847794830799103 -51.86028289794922 1.7000000476837158
endloop
endfacet
facet normal 0 0 -1
outer loop
vertex -0.5307700037956238 -52.5942268371582 1.7000000476837158
vertex -0.6283177137374878 -52.44823455810547 1.7000000476837158
vertex -0.5307700037956238 -51.957828521728516 1.7000000476837158
endloop
endfacet
facet normal 0 0 -1
outer loop
vertex -0.6283177137374878 -52.44823455810547 1.7000000476837158
vertex -0.6625719666481018 -52.27602767944336 1.7000000476837158
vertex -0.6283177137374878 -52.10382080078125 1.7000000476837158
endloop
endfacet
facet normal 0.19510003617400823 0.9807833480870791 0
outer loop
vertex -0.21257194876670837 -52.72602844238281 0
vertex -0.3847794830799103 -52.6917724609375 0
vertex -0.3847794830799103 -52.6917724609375 1.7000000476837158
endloop
endfacet
facet normal -0.1951000199345534 0.9807833513174747 0
outer loop
vertex -0.040364399552345276 -52.6917724609375 0
vertex -0.21257194876670837 -52.72602844238281 0
vertex -0.21257194876670837 -52.72602844238281 1.7000000476837158
endloop
endfacet
facet normal -0.555561910968247 0.831475172859244 0
outer loop
vertex 0.10562610626220703 -52.5942268371582 0
vertex -0.040364399552345276 -52.6917724609375 0
vertex -0.040364399552345276 -52.6917724609375 1.7000000476837158
endloop
endfacet
facet normal 0.5555618717645963 -0.831475199053717 0
outer loop
vertex -0.5307700037956238 -51.957828521728516 1.7000000476837158
vertex -0.5307700037956238 -51.957828521728516 0
vertex -0.3847794830799103 -51.86028289794922 1.7000000476837158
endloop
endfacet
facet normal -0.8314727231120498 0.5555655773359548 0
outer loop
vertex 0.20317384600639343 -52.44823455810547 0
vertex 0.10562610626220703 -52.5942268371582 0
vertex 0.10562610626220703 -52.5942268371582 1.7000000476837158
endloop
endfacet
facet normal -0.9807851384137336 0.19509103584417611 0
outer loop
vertex 0.23742805421352386 -52.27602767944336 0
vertex 0.20317384600639343 -52.44823455810547 0
vertex 0.20317384600639343 -52.44823455810547 1.7000000476837158
endloop
endfacet
facet normal -0.8314727231120498 -0.5555655773359548 0
outer loop
vertex 0.10562610626220703 -51.957828521728516 0
vertex 0.20317384600639343 -52.10382080078125 0
vertex 0.20317384600639343 -52.10382080078125 1.7000000476837158
endloop
endfacet
facet normal 0.19510003617400823 -0.9807833480870791 0
outer loop
vertex -0.21257194876670837 -51.826026916503906 0
vertex -0.21257194876670837 -51.826026916503906 1.7000000476837158
vertex -0.3847794830799103 -51.86028289794922 0
endloop
endfacet
facet normal -0.555561910968247 -0.831475172859244 0
outer loop
vertex 0.10562610626220703 -51.957828521728516 0
vertex 0.10562610626220703 -51.957828521728516 1.7000000476837158
vertex -0.040364399552345276 -51.86028289794922 0
endloop
endfacet
facet normal -0.1951000199345534 -0.9807833513174747 0
outer loop
vertex -0.040364399552345276 -51.86028289794922 0
vertex -0.040364399552345276 -51.86028289794922 1.7000000476837158
vertex -0.21257194876670837 -51.826026916503906 0
endloop
endfacet
facet normal 0.9807850896972209 0.19509128075753215 0
outer loop
vertex -0.6283177137374878 -52.44823455810547 1.7000000476837158
vertex -0.6283177137374878 -52.44823455810547 0
vertex -0.6625719666481018 -52.27602767944336 1.7000000476837158
endloop
endfacet
facet normal -0.9807851384137336 -0.19509103584417611 0
outer loop
vertex 0.23742805421352386 -53.54602813720703 0
vertex 0.23742805421352386 -53.54602813720703 1.7000000476837158
vertex 0.20317384600639343 -53.37382125854492 0
endloop
endfacet
facet normal 0 0 -1
outer loop
vertex -0.6283177137374878 -53.71823501586914 1.7000000476837158
vertex -0.6283177137374878 -53.37382125854492 1.7000000476837158
vertex -0.5307700037956238 -53.22782897949219 1.7000000476837158
endloop
endfacet
facet normal 0 0 -1
outer loop
vertex -0.5307700037956238 -53.864227294921875 1.7000000476837158
vertex -0.6283177137374878 -53.71823501586914 1.7000000476837158
vertex -0.5307700037956238 -53.22782897949219 1.7000000476837158
endloop
endfacet
facet normal 0 0 -1
outer loop
vertex -0.3847794830799103 -53.13028335571289 1.7000000476837158
vertex -0.5307700037956238 -53.864227294921875 1.7000000476837158
vertex -0.5307700037956238 -53.22782897949219 1.7000000476837158
endloop
endfacet
facet normal -0.8314727231120498 -0.5555655773359548 0
outer loop
vertex 0.10562610626220703 -53.22782897949219 0
vertex 0.20317384600639343 -53.37382125854492 0
vertex 0.20317384600639343 -53.37382125854492 1.7000000476837158
endloop
endfacet
facet normal -0.555561910968247 -0.831475172859244 0
outer loop
vertex 0.10562610626220703 -53.22782897949219 0
vertex 0.10562610626220703 -53.22782897949219 1.7000000476837158
vertex -0.040364399552345276 -53.13028335571289 0
endloop
endfacet
facet normal -0.1951000199345534 -0.9807833513174747 0
outer loop
vertex -0.040364399552345276 -53.13028335571289 0
vertex -0.040364399552345276 -53.13028335571289 1.7000000476837158
vertex -0.21257194876670837 -53.09602737426758 0
endloop
endfacet
facet normal 0.19510003617400823 -0.9807833480870791 0
outer loop
vertex -0.21257194876670837 -53.09602737426758 0
vertex -0.21257194876670837 -53.09602737426758 1.7000000476837158
vertex -0.3847794830799103 -53.13028335571289 0
endloop
endfacet
facet normal -0.9807851384137336 0.19509103584417611 0
outer loop
vertex 0.23742805421352386 -53.54602813720703 0
vertex 0.20317384600639343 -53.71823501586914 0
vertex 0.20317384600639343 -53.71823501586914 1.7000000476837158
endloop
endfacet
facet normal -0.8314727231120498 0.5555655773359548 0
outer loop
vertex 0.20317384600639343 -53.71823501586914 0
vertex 0.10562610626220703 -53.864227294921875 0
vertex 0.10562610626220703 -53.864227294921875 1.7000000476837158
endloop
endfacet
facet normal 0 0 -1
outer loop
vertex -0.3847794830799103 -53.96177291870117 1.7000000476837158
vertex -0.5307700037956238 -53.864227294921875 1.7000000476837158
vertex -0.3847794830799103 -53.13028335571289 1.7000000476837158
endloop
endfacet
facet normal 0 0 -1
outer loop
vertex -0.21257194876670837 -53.996028900146484 1.7000000476837158
vertex -0.3847794830799103 -53.96177291870117 1.7000000476837158
vertex -0.21257194876670837 -53.09602737426758 1.7000000476837158
endloop
endfacet
facet normal 0 0 -1
outer loop
vertex -0.040364399552345276 -53.96177291870117 1.7000000476837158
vertex -0.21257194876670837 -53.996028900146484 1.7000000476837158
vertex -0.040364399552345276 -53.13028335571289 1.7000000476837158
endloop
endfacet
facet normal 0.8314728015184576 0.5555654599910326 0
outer loop
vertex -0.5307700037956238 -53.864227294921875 0
vertex -0.6283177137374878 -53.71823501586914 0
vertex -0.6283177137374878 -53.71823501586914 1.7000000476837158
endloop
endfacet
facet normal 0.5555618717645963 0.831475199053717 0
outer loop
vertex -0.3847794830799103 -53.96177291870117 0
vertex -0.5307700037956238 -53.864227294921875 0
vertex -0.5307700037956238 -53.864227294921875 1.7000000476837158
endloop
endfacet
facet normal 0.9807850896972209 0.19509128075753215 0
outer loop
vertex -0.6625719666481018 -53.54602813720703 0
vertex -0.6625719666481018 -53.54602813720703 1.7000000476837158
vertex -0.6283177137374878 -53.71823501586914 0
endloop
endfacet
facet normal 0.9807850896972209 -0.19509128075753215 0
outer loop
vertex -0.6283177137374878 -53.37382125854492 0
vertex -0.6283177137374878 -53.37382125854492 1.7000000476837158
vertex -0.6625719666481018 -53.54602813720703 0
endloop
endfacet
facet normal 0.8314728015184576 -0.5555654599910326 0
outer loop
vertex -0.5307700037956238 -53.22782897949219 0
vertex -0.5307700037956238 -53.22782897949219 1.7000000476837158
vertex -0.6283177137374878 -53.37382125854492 0
endloop
endfacet
facet normal 0.5555618717645963 -0.831475199053717 0
outer loop
vertex -0.3847794830799103 -53.13028335571289 0
vertex -0.3847794830799103 -53.13028335571289 1.7000000476837158
vertex -0.5307700037956238 -53.22782897949219 0
endloop
endfacet
facet normal 0 0 -1
outer loop
vertex 0.10562610626220703 -53.864227294921875 1.7000000476837158
vertex -0.040364399552345276 -53.96177291870117 1.7000000476837158
vertex 0.10562610626220703 -53.22782897949219 1.7000000476837158
endloop
endfacet
facet normal 0 0 -1
outer loop
vertex 0.20317384600639343 -53.71823501586914 1.7000000476837158
vertex 0.10562610626220703 -53.864227294921875 1.7000000476837158
vertex 0.20317384600639343 -53.37382125854492 1.7000000476837158
endloop
endfacet
facet normal 0 0 -1
outer loop
vertex -0.21257194876670837 -53.09602737426758 1.7000000476837158
vertex -0.3847794830799103 -53.96177291870117 1.7000000476837158
vertex -0.3847794830799103 -53.13028335571289 1.7000000476837158
endloop
endfacet
facet normal 0 0 -1
outer loop
vertex -0.040364399552345276 -53.13028335571289 1.7000000476837158
vertex -0.21257194876670837 -53.996028900146484 1.7000000476837158
vertex -0.21257194876670837 -53.09602737426758 1.7000000476837158
endloop
endfacet
facet normal 0 0 -1
outer loop
vertex 0.10562610626220703 -53.22782897949219 1.7000000476837158
vertex -0.040364399552345276 -53.96177291870117 1.7000000476837158
vertex -0.040364399552345276 -53.13028335571289 1.7000000476837158
endloop
endfacet
facet normal 0 0 -1
outer loop
vertex 0.23742805421352386 -53.54602813720703 1.7000000476837158
vertex 0.20317384600639343 -53.71823501586914 1.7000000476837158
vertex 0.20317384600639343 -53.37382125854492 1.7000000476837158
endloop
endfacet
facet normal 0 0 -1
outer loop
vertex 0.10562610626220703 -53.22782897949219 1.7000000476837158
vertex 0.20317384600639343 -53.37382125854492 1.7000000476837158
vertex 0.10562610626220703 -53.864227294921875 1.7000000476837158
endloop
endfacet
facet normal 0.5555618717645963 0.831475199053717 0
outer loop
vertex -0.3847794830799103 -53.96177291870117 0
vertex -0.5307700037956238 -53.864227294921875 1.7000000476837158
vertex -0.3847794830799103 -53.96177291870117 1.7000000476837158
endloop
endfacet
facet normal -0.555561910968247 0.831475172859244 0
outer loop
vertex 0.10562610626220703 -53.864227294921875 0
vertex -0.040364399552345276 -53.96177291870117 0
vertex -0.040364399552345276 -53.96177291870117 1.7000000476837158
endloop
endfacet
facet normal -0.1951000199345534 0.9807833513174747 0
outer loop
vertex -0.040364399552345276 -53.96177291870117 0
vertex -0.21257194876670837 -53.996028900146484 0
vertex -0.21257194876670837 -53.996028900146484 1.7000000476837158
endloop
endfacet
facet normal -0.9807851384137336 0.19509103584417611 0
outer loop
vertex 0.23742805421352386 -53.54602813720703 1.7000000476837158
vertex 0.23742805421352386 -53.54602813720703 0
vertex 0.20317384600639343 -53.71823501586914 1.7000000476837158
endloop
endfacet
facet normal 0.19510003617400823 0.9807833480870791 0
outer loop
vertex -0.21257194876670837 -53.996028900146484 0
vertex -0.3847794830799103 -53.96177291870117 0
vertex -0.3847794830799103 -53.96177291870117 1.7000000476837158
endloop
endfacet
facet normal 0.9807850896972209 0.19509128075753215 0
outer loop
vertex -0.6283177137374878 -53.71823501586914 1.7000000476837158
vertex -0.6283177137374878 -53.71823501586914 0
vertex -0.6625719666481018 -53.54602813720703 1.7000000476837158
endloop
endfacet
facet normal 0.8314728015184576 0.5555654599910326 0
outer loop
vertex -0.5307700037956238 -53.864227294921875 1.7000000476837158
vertex -0.5307700037956238 -53.864227294921875 0
vertex -0.6283177137374878 -53.71823501586914 1.7000000476837158
endloop
endfacet
facet normal -0.8314727231120498 -0.5555655773359548 0
outer loop
vertex 0.10562610626220703 -53.22782897949219 1.7000000476837158
vertex 0.10562610626220703 -53.22782897949219 0
vertex 0.20317384600639343 -53.37382125854492 1.7000000476837158
endloop
endfacet
facet normal -0.555561910968247 -0.831475172859244 0
outer loop
vertex -0.040364399552345276 -53.13028335571289 1.7000000476837158
vertex -0.040364399552345276 -53.13028335571289 0
vertex 0.10562610626220703 -53.22782897949219 1.7000000476837158
endloop
endfacet
facet normal -0.9807851384137336 -0.19509103584417611 0
outer loop
vertex 0.20317384600639343 -53.37382125854492 1.7000000476837158
vertex 0.20317384600639343 -53.37382125854492 0
vertex 0.23742805421352386 -53.54602813720703 1.7000000476837158
endloop
endfacet
facet normal -0.1951000199345534 -0.9807833513174747 0
outer loop
vertex -0.21257194876670837 -53.09602737426758 1.7000000476837158
vertex -0.21257194876670837 -53.09602737426758 0
vertex -0.040364399552345276 -53.13028335571289 1.7000000476837158
endloop
endfacet
facet normal 0.19510003617400823 -0.9807833480870791 0
outer loop
vertex -0.3847794830799103 -53.13028335571289 1.7000000476837158
vertex -0.3847794830799103 -53.13028335571289 0
vertex -0.21257194876670837 -53.09602737426758 1.7000000476837158
endloop
endfacet
facet normal 0.9807850896972209 -0.19509128075753215 0
outer loop
vertex -0.6625719666481018 -53.54602813720703 1.7000000476837158
vertex -0.6625719666481018 -53.54602813720703 0
vertex -0.6283177137374878 -53.37382125854492 1.7000000476837158
endloop
endfacet
facet normal 0.8314728015184576 -0.5555654599910326 0
outer loop
vertex -0.6283177137374878 -53.37382125854492 1.7000000476837158
vertex -0.6283177137374878 -53.37382125854492 0
vertex -0.5307700037956238 -53.22782897949219 1.7000000476837158
endloop
endfacet
facet normal 0.5555618717645963 -0.831475199053717 0
outer loop
vertex -0.5307700037956238 -53.22782897949219 1.7000000476837158
vertex -0.5307700037956238 -53.22782897949219 0
vertex -0.3847794830799103 -53.13028335571289 1.7000000476837158
endloop
endfacet
facet normal -0.8314727231120498 0.5555655773359548 0
outer loop
vertex 0.20317384600639343 -53.71823501586914 1.7000000476837158
vertex 0.20317384600639343 -53.71823501586914 0
vertex 0.10562610626220703 -53.864227294921875 1.7000000476837158
endloop
endfacet
facet normal -0.555561910968247 0.831475172859244 0
outer loop
vertex 0.10562610626220703 -53.864227294921875 1.7000000476837158
vertex 0.10562610626220703 -53.864227294921875 0
vertex -0.040364399552345276 -53.96177291870117 1.7000000476837158
endloop
endfacet
facet normal -0.1951000199345534 0.9807833513174747 0
outer loop
vertex -0.040364399552345276 -53.96177291870117 1.7000000476837158
vertex -0.040364399552345276 -53.96177291870117 0
vertex -0.21257194876670837 -53.996028900146484 1.7000000476837158
endloop
endfacet
facet normal 0.19510003617400823 0.9807833480870791 0
outer loop
vertex -0.21257194876670837 -53.996028900146484 1.7000000476837158
vertex -0.21257194876670837 -53.996028900146484 0
vertex -0.3847794830799103 -53.96177291870117 1.7000000476837158
endloop
endfacet
facet normal 0 0 -1
outer loop
vertex -0.6283177137374878 -53.71823501586914 1.7000000476837158
vertex -0.6625719666481018 -53.54602813720703 1.7000000476837158
vertex -0.6283177137374878 -53.37382125854492 1.7000000476837158
endloop
endfacet
facet normal -0.8314727231120498 0.5555655773359548 0
outer loop
vertex 0.20317384600639343 -54.98823547363281 0
vertex 0.10562610626220703 -55.13422775268555 0
vertex 0.10562610626220703 -55.13422775268555 1.7000000476837158
endloop
endfacet
facet normal 0 0 -1
outer loop
vertex -0.3847794830799103 -54.40028381347656 1.7000000476837158
vertex -0.5307700037956238 -55.13422775268555 1.7000000476837158
vertex -0.5307700037956238 -54.49782943725586 1.7000000476837158
endloop
endfacet
facet normal 0 0 -1
outer loop
vertex -0.5307700037956238 -55.13422775268555 1.7000000476837158
vertex -0.6283177137374878 -54.98823547363281 1.7000000476837158
vertex -0.5307700037956238 -54.49782943725586 1.7000000476837158
endloop
endfacet
facet normal 0 0 -1
outer loop
vertex -0.21257194876670837 -55.266029357910156 1.7000000476837158
vertex -0.3847794830799103 -55.231773376464844 1.7000000476837158
vertex -0.21257194876670837 -54.36602783203125 1.7000000476837158
endloop
endfacet
facet normal -0.1951000199345534 0.9807833513174747 0
outer loop
vertex -0.040364399552345276 -55.231773376464844 1.7000000476837158
vertex -0.040364399552345276 -55.231773376464844 0
vertex -0.21257194876670837 -55.266029357910156 1.7000000476837158
endloop
endfacet
facet normal -0.555561910968247 0.831475172859244 0
outer loop
vertex 0.10562610626220703 -55.13422775268555 1.7000000476837158
vertex 0.10562610626220703 -55.13422775268555 0
vertex -0.040364399552345276 -55.231773376464844 1.7000000476837158
endloop
endfacet
facet normal -0.9807851384137336 -0.19509103584417611 0
outer loop
vertex 0.23742805421352386 -54.8160285949707 0
vertex 0.23742805421352386 -54.8160285949707 1.7000000476837158
vertex 0.20317384600639343 -54.643821716308594 0
endloop
endfacet
facet normal 0.19510003617400823 -0.9807833480870791 0
outer loop
vertex -0.3847794830799103 -54.40028381347656 1.7000000476837158
vertex -0.3847794830799103 -54.40028381347656 0
vertex -0.21257194876670837 -54.36602783203125 1.7000000476837158
endloop
endfacet
facet normal -0.1951000199345534 -0.9807833513174747 0
outer loop
vertex -0.21257194876670837 -54.36602783203125 1.7000000476837158
vertex -0.21257194876670837 -54.36602783203125 0
vertex -0.040364399552345276 -54.40028381347656 1.7000000476837158
endloop
endfacet
facet normal -0.9807851384137336 -0.19509103584417611 0
outer loop
vertex 0.20317384600639343 -54.643821716308594 1.7000000476837158
vertex 0.20317384600639343 -54.643821716308594 0
vertex 0.23742805421352386 -54.8160285949707 1.7000000476837158
endloop
endfacet
facet normal -0.8314727231120498 -0.5555655773359548 0
outer loop
vertex 0.10562610626220703 -54.49782943725586 1.7000000476837158
vertex 0.10562610626220703 -54.49782943725586 0
vertex 0.20317384600639343 -54.643821716308594 1.7000000476837158
endloop
endfacet
facet normal -0.555561910968247 -0.831475172859244 0
outer loop
vertex -0.040364399552345276 -54.40028381347656 1.7000000476837158
vertex -0.040364399552345276 -54.40028381347656 0
vertex 0.10562610626220703 -54.49782943725586 1.7000000476837158
endloop
endfacet
facet normal -0.8314727231120498 0.5555655773359548 0
outer loop
vertex 0.20317384600639343 -54.98823547363281 1.7000000476837158
vertex 0.20317384600639343 -54.98823547363281 0
vertex 0.10562610626220703 -55.13422775268555 1.7000000476837158
endloop
endfacet
facet normal -0.9807851384137336 0.19509103584417611 0
outer loop
vertex 0.23742805421352386 -54.8160285949707 1.7000000476837158
vertex 0.23742805421352386 -54.8160285949707 0
vertex 0.20317384600639343 -54.98823547363281 1.7000000476837158
endloop
endfacet
facet normal 0.19510003617400823 -0.9807833480870791 0
outer loop
vertex -0.21257194876670837 -54.36602783203125 0
vertex -0.21257194876670837 -54.36602783203125 1.7000000476837158
vertex -0.3847794830799103 -54.40028381347656 0
endloop
endfacet
facet normal -0.555561910968247 -0.831475172859244 0
outer loop
vertex -0.040364399552345276 -54.40028381347656 0
vertex 0.10562610626220703 -54.49782943725586 0
vertex 0.10562610626220703 -54.49782943725586 1.7000000476837158
endloop
endfacet
facet normal -0.8314727231120498 -0.5555655773359548 0
outer loop
vertex 0.10562610626220703 -54.49782943725586 0
vertex 0.20317384600639343 -54.643821716308594 0
vertex 0.20317384600639343 -54.643821716308594 1.7000000476837158
endloop
endfacet
facet normal -0.1951000199345534 -0.9807833513174747 0
outer loop
vertex -0.040364399552345276 -54.40028381347656 0
vertex -0.040364399552345276 -54.40028381347656 1.7000000476837158
vertex -0.21257194876670837 -54.36602783203125 0
endloop
endfacet
facet normal 0.9807850896972209 -0.19509128075753215 0
outer loop
vertex -0.6625719666481018 -54.8160285949707 1.7000000476837158
vertex -0.6625719666481018 -54.8160285949707 0
vertex -0.6283177137374878 -54.643821716308594 1.7000000476837158
endloop
endfacet
facet normal 0 0 -1
outer loop
vertex -0.040364399552345276 -55.231773376464844 1.7000000476837158
vertex -0.21257194876670837 -55.266029357910156 1.7000000476837158
vertex -0.040364399552345276 -54.40028381347656 1.7000000476837158
endloop
endfacet
facet normal 0 0 -1
outer loop
vertex 0.10562610626220703 -55.13422775268555 1.7000000476837158
vertex -0.040364399552345276 -55.231773376464844 1.7000000476837158
vertex 0.10562610626220703 -54.49782943725586 1.7000000476837158
endloop
endfacet
facet normal 0 0 -1
outer loop
vertex 0.20317384600639343 -54.98823547363281 1.7000000476837158
vertex 0.10562610626220703 -55.13422775268555 1.7000000476837158
vertex 0.20317384600639343 -54.643821716308594 1.7000000476837158
endloop
endfacet
facet normal -0.9807851384137336 0.19509103584417611 0
outer loop
vertex 0.23742805421352386 -54.8160285949707 0
vertex 0.20317384600639343 -54.98823547363281 0
vertex 0.20317384600639343 -54.98823547363281 1.7000000476837158
endloop
endfacet
facet normal 0.19510003617400823 0.9807833480870791 0
outer loop
vertex -0.21257194876670837 -55.266029357910156 1.7000000476837158
vertex -0.21257194876670837 -55.266029357910156 0
vertex -0.3847794830799103 -55.231773376464844 1.7000000476837158
endloop
endfacet
facet normal -0.555561910968247 0.831475172859244 0
outer loop
vertex 0.10562610626220703 -55.13422775268555 0
vertex -0.040364399552345276 -55.231773376464844 0
vertex -0.040364399552345276 -55.231773376464844 1.7000000476837158
endloop
endfacet
facet normal 0 0 -1
outer loop
vertex 0.23742805421352386 -54.8160285949707 1.7000000476837158
vertex 0.20317384600639343 -54.98823547363281 1.7000000476837158
vertex 0.20317384600639343 -54.643821716308594 1.7000000476837158
endloop
endfacet
facet normal 0 0 -1
outer loop
vertex 0.10562610626220703 -54.49782943725586 1.7000000476837158
vertex 0.20317384600639343 -54.643821716308594 1.7000000476837158
vertex 0.10562610626220703 -55.13422775268555 1.7000000476837158
endloop
endfacet
facet normal 0 0 -1
outer loop
vertex -0.21257194876670837 -54.36602783203125 1.7000000476837158
vertex -0.3847794830799103 -55.231773376464844 1.7000000476837158
vertex -0.3847794830799103 -54.40028381347656 1.7000000476837158
endloop
endfacet
facet normal 0.8314728015184576 0.5555654599910326 0
outer loop
vertex -0.6283177137374878 -54.98823547363281 0
vertex -0.6283177137374878 -54.98823547363281 1.7000000476837158
vertex -0.5307700037956238 -55.13422775268555 0
endloop
endfacet
facet normal 0.5555618717645963 0.831475199053717 0
outer loop
vertex -0.3847794830799103 -55.231773376464844 0
vertex -0.5307700037956238 -55.13422775268555 0
vertex -0.5307700037956238 -55.13422775268555 1.7000000476837158
endloop
endfacet
facet normal 0.9807850896972209 0.19509128075753215 0
outer loop
vertex -0.6625719666481018 -54.8160285949707 0
vertex -0.6625719666481018 -54.8160285949707 1.7000000476837158
vertex -0.6283177137374878 -54.98823547363281 0
endloop
endfacet
facet normal 0.5555618717645963 -0.831475199053717 0
outer loop
vertex -0.5307700037956238 -54.49782943725586 1.7000000476837158
vertex -0.5307700037956238 -54.49782943725586 0
vertex -0.3847794830799103 -54.40028381347656 1.7000000476837158
endloop
endfacet
facet normal 0.8314728015184576 -0.5555654599910326 0
outer loop
vertex -0.6283177137374878 -54.643821716308594 1.7000000476837158
vertex -0.6283177137374878 -54.643821716308594 0
vertex -0.5307700037956238 -54.49782943725586 1.7000000476837158
endloop
endfacet
facet normal 0.9807850896972209 0.19509128075753215 0
outer loop
vertex -0.6283177137374878 -54.98823547363281 1.7000000476837158
vertex -0.6283177137374878 -54.98823547363281 0
vertex -0.6625719666481018 -54.8160285949707 1.7000000476837158
endloop
endfacet
facet normal 0.8314728015184576 0.5555654599910326 0
outer loop
vertex -0.5307700037956238 -55.13422775268555 1.7000000476837158
vertex -0.5307700037956238 -55.13422775268555 0
vertex -0.6283177137374878 -54.98823547363281 1.7000000476837158
endloop
endfacet
facet normal 0.5555618717645963 -0.831475199053717 0
outer loop
vertex -0.3847794830799103 -54.40028381347656 0
vertex -0.3847794830799103 -54.40028381347656 1.7000000476837158
vertex -0.5307700037956238 -54.49782943725586 0
endloop
endfacet
facet normal -0.1951000199345534 0.9807833513174747 0
outer loop
vertex -0.040364399552345276 -55.231773376464844 0
vertex -0.21257194876670837 -55.266029357910156 0
vertex -0.21257194876670837 -55.266029357910156 1.7000000476837158
endloop
endfacet
facet normal 0.19510003617400823 0.9807833480870791 0
outer loop
vertex -0.3847794830799103 -55.231773376464844 0
vertex -0.3847794830799103 -55.231773376464844 1.7000000476837158
vertex -0.21257194876670837 -55.266029357910156 0
endloop
endfacet
facet normal 0 0 -1
outer loop
vertex -0.040364399552345276 -54.40028381347656 1.7000000476837158
vertex -0.21257194876670837 -55.266029357910156 1.7000000476837158
vertex -0.21257194876670837 -54.36602783203125 1.7000000476837158
endloop
endfacet
facet normal 0 0 -1
outer loop
vertex -0.040364399552345276 -54.40028381347656 1.7000000476837158
vertex 0.10562610626220703 -54.49782943725586 1.7000000476837158
vertex -0.040364399552345276 -55.231773376464844 1.7000000476837158
endloop
endfacet
facet normal 0 0 -1
outer loop
vertex -0.6283177137374878 -54.98823547363281 1.7000000476837158
vertex -0.6625719666481018 -54.8160285949707 1.7000000476837158
vertex -0.6283177137374878 -54.643821716308594 1.7000000476837158
endloop
endfacet
facet normal 0 0 -1
outer loop
vertex -0.3847794830799103 -55.231773376464844 1.7000000476837158
vertex -0.5307700037956238 -55.13422775268555 1.7000000476837158
vertex -0.3847794830799103 -54.40028381347656 1.7000000476837158
endloop
endfacet
facet normal 0.8314728015184576 -0.5555654599910326 0
outer loop
vertex -0.5307700037956238 -54.49782943725586 0
vertex -0.5307700037956238 -54.49782943725586 1.7000000476837158
vertex -0.6283177137374878 -54.643821716308594 0
endloop
endfacet
facet normal 0.9807850896972209 -0.19509128075753215 0
outer loop
vertex -0.6283177137374878 -54.643821716308594 1.7000000476837158
vertex -0.6625719666481018 -54.8160285949707 0
vertex -0.6283177137374878 -54.643821716308594 0
endloop
endfacet
facet normal 0 0 -1
outer loop
vertex -0.5307700037956238 -54.49782943725586 1.7000000476837158
vertex -0.6283177137374878 -54.98823547363281 1.7000000476837158
vertex -0.6283177137374878 -54.643821716308594 1.7000000476837158
endloop
endfacet
facet normal 0.5555618717645963 0.831475199053717 0
outer loop
vertex -0.3847794830799103 -55.231773376464844 0
vertex -0.5307700037956238 -55.13422775268555 1.7000000476837158
vertex -0.3847794830799103 -55.231773376464844 1.7000000476837158
endloop
endfacet
facet normal 0 0 -1
outer loop
vertex 0.10562610626220703 -56.40422439575195 1.7000000476837158
vertex -0.040364399552345276 -56.501773834228516 1.7000000476837158
vertex 0.10562610626220703 -55.76782989501953 1.7000000476837158
endloop
endfacet
facet normal 0 0 -1
outer loop
vertex -0.040364399552345276 -56.501773834228516 1.7000000476837158
vertex -0.21257194876670837 -56.53602600097656 1.7000000476837158
vertex -0.040364399552345276 -55.67028045654297 1.7000000476837158
endloop
endfacet
facet normal -0.5555769311594078 0.8314651367095887 0
outer loop
vertex 0.10562610626220703 -56.40422439575195 0
vertex -0.040364399552345276 -56.501773834228516 0
vertex -0.040364399552345276 -56.501773834228516 1.7000000476837158
endloop
endfacet
facet normal -0.9807851384137336 0.19509103584417611 0
outer loop
vertex 0.23742805421352386 -56.086029052734375 0
vertex 0.20317384600639343 -56.258235931396484 0
vertex 0.20317384600639343 -56.258235931396484 1.7000000476837158
endloop
endfacet
facet normal -0.19507912072269082 0.9807875084125316 0
outer loop
vertex -0.040364399552345276 -56.501773834228516 0
vertex -0.21257194876670837 -56.53602600097656 0
vertex -0.21257194876670837 -56.53602600097656 1.7000000476837158
endloop
endfacet
facet normal 0.19507913696054377 0.9807875051828147 0
outer loop
vertex -0.21257194876670837 -56.53602600097656 0
vertex -0.3847794830799103 -56.501773834228516 0
vertex -0.3847794830799103 -56.501773834228516 1.7000000476837158
endloop
endfacet
facet normal 0.5555768919556435 -0.8314651629051618 0
outer loop
vertex -0.5307700037956238 -55.76782989501953 1.7000000476837158
vertex -0.5307700037956238 -55.76782989501953 0
vertex -0.3847794830799103 -55.67028045654297 1.7000000476837158
endloop
endfacet
facet normal 0.8314660955658453 -0.555575496151953 0
outer loop
vertex -0.6283177137374878 -55.913818359375 1.7000000476837158
vertex -0.6283177137374878 -55.913818359375 0
vertex -0.5307700037956238 -55.76782989501953 1.7000000476837158
endloop
endfacet
facet normal 0.9807859165825307 -0.1950871236995542 0
outer loop
vertex -0.6625719666481018 -56.086029052734375 1.7000000476837158
vertex -0.6625719666481018 -56.086029052734375 0
vertex -0.6283177137374878 -55.913818359375 1.7000000476837158
endloop
endfacet
facet normal -0.19507912072269082 0.9807875084125316 0
outer loop
vertex -0.040364399552345276 -56.501773834228516 1.7000000476837158
vertex -0.040364399552345276 -56.501773834228516 0
vertex -0.21257194876670837 -56.53602600097656 1.7000000476837158
endloop
endfacet
facet normal -0.5555769311594078 0.8314651367095887 0
outer loop
vertex 0.10562610626220703 -56.40422439575195 1.7000000476837158
vertex 0.10562610626220703 -56.40422439575195 0
vertex -0.040364399552345276 -56.501773834228516 1.7000000476837158
endloop
endfacet
facet normal -0.831466017157237 0.5555756134971022 0
outer loop
vertex 0.20317384600639343 -56.258235931396484 1.7000000476837158
vertex 0.20317384600639343 -56.258235931396484 0
vertex 0.10562610626220703 -56.40422439575195 1.7000000476837158
endloop
endfacet
facet normal -0.9807859652970082 -0.19508687879100384 0
outer loop
vertex 0.20317384600639343 -55.913818359375 1.7000000476837158
vertex 0.20317384600639343 -55.913818359375 0
vertex 0.23742805421352386 -56.086029052734375 1.7000000476837158
endloop
endfacet
facet normal -0.831466017157237 -0.5555756134971022 0
outer loop
vertex 0.10562610626220703 -55.76782989501953 1.7000000476837158
vertex 0.10562610626220703 -55.76782989501953 0
vertex 0.20317384600639343 -55.913818359375 1.7000000476837158
endloop
endfacet
facet normal -0.9807851384137336 0.19509103584417611 0
outer loop
vertex 0.23742805421352386 -56.086029052734375 1.7000000476837158
vertex 0.23742805421352386 -56.086029052734375 0
vertex 0.20317384600639343 -56.258235931396484 1.7000000476837158
endloop
endfacet
facet normal 0.19507913696054377 -0.9807875051828147 0
outer loop
vertex -0.3847794830799103 -55.67028045654297 1.7000000476837158
vertex -0.3847794830799103 -55.67028045654297 0
vertex -0.21257194876670837 -55.63602828979492 1.7000000476837158
endloop
endfacet
facet normal -0.19507912072269082 -0.9807875084125316 0
outer loop
vertex -0.21257194876670837 -55.63602828979492 1.7000000476837158
vertex -0.21257194876670837 -55.63602828979492 0
vertex -0.040364399552345276 -55.67028045654297 1.7000000476837158
endloop
endfacet
facet normal -0.5555769311594078 -0.8314651367095887 0
outer loop
vertex -0.040364399552345276 -55.67028045654297 1.7000000476837158
vertex -0.040364399552345276 -55.67028045654297 0
vertex 0.10562610626220703 -55.76782989501953 1.7000000476837158
endloop
endfacet
facet normal 0.9807850896972209 0.19509128075753215 0
outer loop
vertex -0.6283177137374878 -56.258235931396484 1.7000000476837158
vertex -0.6283177137374878 -56.258235931396484 0
vertex -0.6625719666481018 -56.086029052734375 1.7000000476837158
endloop
endfacet
facet normal -0.831466017157237 -0.5555756134971022 0
outer loop
vertex 0.10562610626220703 -55.76782989501953 0
vertex 0.20317384600639343 -55.913818359375 0
vertex 0.20317384600639343 -55.913818359375 1.7000000476837158
endloop
endfacet
facet normal 0.19507913696054377 0.9807875051828147 0
outer loop
vertex -0.21257194876670837 -56.53602600097656 1.7000000476837158
vertex -0.21257194876670837 -56.53602600097656 0
vertex -0.3847794830799103 -56.501773834228516 1.7000000476837158
endloop
endfacet
facet normal -0.9807859652970082 -0.19508687879100384 0
outer loop
vertex 0.23742805421352386 -56.086029052734375 0
vertex 0.23742805421352386 -56.086029052734375 1.7000000476837158
vertex 0.20317384600639343 -55.913818359375 0
endloop
endfacet
facet normal 0.5555768919556435 0.8314651629051618 0
outer loop
vertex -0.3847794830799103 -56.501773834228516 0
vertex -0.5307700037956238 -56.40422439575195 1.7000000476837158
vertex -0.3847794830799103 -56.501773834228516 1.7000000476837158
endloop
endfacet
facet normal 0.19507913696054377 -0.9807875051828147 0
outer loop
vertex -0.21257194876670837 -55.63602828979492 0
vertex -0.21257194876670837 -55.63602828979492 1.7000000476837158
vertex -0.3847794830799103 -55.67028045654297 0
endloop
endfacet
facet normal 0.8314660955658453 0.555575496151953 0
outer loop
vertex -0.5307700037956238 -56.40422439575195 1.7000000476837158
vertex -0.5307700037956238 -56.40422439575195 0
vertex -0.6283177137374878 -56.258235931396484 1.7000000476837158
endloop
endfacet
facet normal 0 0 -1
outer loop
vertex -0.5307700037956238 -55.76782989501953 1.7000000476837158
vertex -0.6283177137374878 -56.258235931396484 1.7000000476837158
vertex -0.6283177137374878 -55.913818359375 1.7000000476837158
endloop
endfacet
facet normal 0 0 -1
outer loop
vertex -0.3847794830799103 -56.501773834228516 1.7000000476837158
vertex -0.5307700037956238 -56.40422439575195 1.7000000476837158
vertex -0.3847794830799103 -55.67028045654297 1.7000000476837158
endloop
endfacet
facet normal 0 0 -1
outer loop
vertex -0.5307700037956238 -56.40422439575195 1.7000000476837158
vertex -0.6283177137374878 -56.258235931396484 1.7000000476837158
vertex -0.5307700037956238 -55.76782989501953 1.7000000476837158
endloop
endfacet
facet normal 0 0 -1
outer loop
vertex -0.6283177137374878 -56.258235931396484 1.7000000476837158
vertex -0.6625719666481018 -56.086029052734375 1.7000000476837158
vertex -0.6283177137374878 -55.913818359375 1.7000000476837158
endloop
endfacet
facet normal -0.5555769311594078 -0.8314651367095887 0
outer loop
vertex 0.10562610626220703 -55.76782989501953 0
vertex 0.10562610626220703 -55.76782989501953 1.7000000476837158
vertex -0.040364399552345276 -55.67028045654297 0
endloop
endfacet
facet normal -0.19507912072269082 -0.9807875084125316 0
outer loop
vertex -0.040364399552345276 -55.67028045654297 0
vertex -0.040364399552345276 -55.67028045654297 1.7000000476837158
vertex -0.21257194876670837 -55.63602828979492 0
endloop
endfacet
facet normal 0.5555768919556435 -0.8314651629051618 0
outer loop
vertex -0.3847794830799103 -55.67028045654297 0
vertex -0.3847794830799103 -55.67028045654297 1.7000000476837158
vertex -0.5307700037956238 -55.76782989501953 0
endloop
endfacet
facet normal 0.8314660955658453 -0.555575496151953 0
outer loop
vertex -0.5307700037956238 -55.76782989501953 0
vertex -0.5307700037956238 -55.76782989501953 1.7000000476837158
vertex -0.6283177137374878 -55.913818359375 0
endloop
endfacet
facet normal 0.9807859165825307 -0.1950871236995542 0
outer loop
vertex -0.6283177137374878 -55.913818359375 0
vertex -0.6283177137374878 -55.913818359375 1.7000000476837158
vertex -0.6625719666481018 -56.086029052734375 0
endloop
endfacet
facet normal 0.9807850896972209 0.19509128075753215 0
outer loop
vertex -0.6625719666481018 -56.086029052734375 0
vertex -0.6625719666481018 -56.086029052734375 1.7000000476837158
vertex -0.6283177137374878 -56.258235931396484 0
endloop
endfacet
facet normal 0.8314660955658453 0.555575496151953 0
outer loop
vertex -0.6283177137374878 -56.258235931396484 0
vertex -0.6283177137374878 -56.258235931396484 1.7000000476837158
vertex -0.5307700037956238 -56.40422439575195 0
endloop
endfacet
facet normal 0.5555768919556435 0.8314651629051618 0
outer loop
vertex -0.3847794830799103 -56.501773834228516 0
vertex -0.5307700037956238 -56.40422439575195 0
vertex -0.5307700037956238 -56.40422439575195 1.7000000476837158
endloop
endfacet
facet normal 0 0 -1
outer loop
vertex -0.3847794830799103 -55.67028045654297 1.7000000476837158
vertex -0.5307700037956238 -56.40422439575195 1.7000000476837158
vertex -0.5307700037956238 -55.76782989501953 1.7000000476837158
endloop
endfacet
facet normal 0 0 -1
outer loop
vertex 0.10562610626220703 -55.76782989501953 1.7000000476837158
vertex 0.20317384600639343 -55.913818359375 1.7000000476837158
vertex 0.10562610626220703 -56.40422439575195 1.7000000476837158
endloop
endfacet
facet normal 0 0 -1
outer loop
vertex 0.10562610626220703 -55.76782989501953 1.7000000476837158
vertex -0.040364399552345276 -56.501773834228516 1.7000000476837158
vertex -0.040364399552345276 -55.67028045654297 1.7000000476837158
endloop
endfacet
facet normal 0 0 -1
outer loop
vertex 0.23742805421352386 -56.086029052734375 1.7000000476837158
vertex 0.20317384600639343 -56.258235931396484 1.7000000476837158
vertex 0.20317384600639343 -55.913818359375 1.7000000476837158
endloop
endfacet
facet normal 0 0 -1
outer loop
vertex 0.20317384600639343 -56.258235931396484 1.7000000476837158
vertex 0.10562610626220703 -56.40422439575195 1.7000000476837158
vertex 0.20317384600639343 -55.913818359375 1.7000000476837158
endloop
endfacet
facet normal 0 0 -1
outer loop
vertex -0.21257194876670837 -56.53602600097656 1.7000000476837158
vertex -0.3847794830799103 -56.501773834228516 1.7000000476837158
vertex -0.21257194876670837 -55.63602828979492 1.7000000476837158
endloop
endfacet
facet normal 0 0 -1
outer loop
vertex -0.21257194876670837 -55.63602828979492 1.7000000476837158
vertex -0.3847794830799103 -56.501773834228516 1.7000000476837158
vertex -0.3847794830799103 -55.67028045654297 1.7000000476837158
endloop
endfacet
facet normal 0 0 -1
outer loop
vertex -0.21257194876670837 -56.53602600097656 1.7000000476837158
vertex -0.21257194876670837 -55.63602828979492 1.7000000476837158
vertex -0.040364399552345276 -55.67028045654297 1.7000000476837158
endloop
endfacet
facet normal -0.831466017157237 0.5555756134971022 0
outer loop
vertex 0.20317384600639343 -56.258235931396484 0
vertex 0.10562610626220703 -56.40422439575195 0
vertex 0.10562610626220703 -56.40422439575195 1.7000000476837158
endloop
endfacet
facet normal -0.19507912072269082 0.9807875084125316 0
outer loop
vertex -0.040364399552345276 -57.77177429199219 0
vertex -0.21257194876670837 -57.806026458740234 0
vertex -0.21257194876670837 -57.806026458740234 1.7000000476837158
endloop
endfacet
facet normal 0.19507913696054377 0.9807875051828147 0
outer loop
vertex -0.21257194876670837 -57.806026458740234 0
vertex -0.3847794830799103 -57.77177429199219 0
vertex -0.3847794830799103 -57.77177429199219 1.7000000476837158
endloop
endfacet
facet normal 0 0 -1
outer loop
vertex 0.23742805421352386 -57.35602951049805 1.7000000476837158
vertex 0.20317384600639343 -57.528236389160156 1.7000000476837158
vertex 0.20317384600639343 -57.18381881713867 1.7000000476837158
endloop
endfacet
facet normal 0 0 -1
outer loop
vertex 0.10562610626220703 -57.0378303527832 1.7000000476837158
vertex -0.040364399552345276 -57.77177429199219 1.7000000476837158
vertex -0.040364399552345276 -56.94028091430664 1.7000000476837158
endloop
endfacet
facet normal 0 0 -1
outer loop
vertex -0.040364399552345276 -56.94028091430664 1.7000000476837158
vertex -0.21257194876670837 -57.806026458740234 1.7000000476837158
vertex -0.21257194876670837 -56.906028747558594 1.7000000476837158
endloop
endfacet
facet normal 0 0 -1
outer loop
vertex -0.21257194876670837 -56.906028747558594 1.7000000476837158
vertex -0.3847794830799103 -57.77177429199219 1.7000000476837158
vertex -0.3847794830799103 -56.94028091430664 1.7000000476837158
endloop
endfacet
facet normal 0 0 -1
outer loop
vertex 0.20317384600639343 -57.528236389160156 1.7000000476837158
vertex 0.10562610626220703 -57.674224853515625 1.7000000476837158
vertex 0.20317384600639343 -57.18381881713867 1.7000000476837158
endloop
endfacet
facet normal 0 0 -1
outer loop
vertex 0.10562610626220703 -57.674224853515625 1.7000000476837158
vertex -0.040364399552345276 -57.77177429199219 1.7000000476837158
vertex 0.10562610626220703 -57.0378303527832 1.7000000476837158
endloop
endfacet
facet normal 0 0 -1
outer loop
vertex -0.040364399552345276 -57.77177429199219 1.7000000476837158
vertex -0.21257194876670837 -57.806026458740234 1.7000000476837158
vertex -0.040364399552345276 -56.94028091430664 1.7000000476837158
endloop
endfacet
facet normal 0 0 -1
outer loop
vertex -0.3847794830799103 -57.77177429199219 1.7000000476837158
vertex -0.5307700037956238 -57.674224853515625 1.7000000476837158
vertex -0.3847794830799103 -56.94028091430664 1.7000000476837158
endloop
endfacet
facet normal 0 0 -1
outer loop
vertex -0.6283177137374878 -57.528236389160156 1.7000000476837158
vertex -0.6625719666481018 -57.35602951049805 1.7000000476837158
vertex -0.6283177137374878 -57.18381881713867 1.7000000476837158
endloop
endfacet
facet normal 0 0 -1
outer loop
vertex -0.6283177137374878 -57.528236389160156 1.7000000476837158
vertex -0.6283177137374878 -57.18381881713867 1.7000000476837158
vertex -0.5307700037956238 -57.0378303527832 1.7000000476837158
endloop
endfacet
facet normal 0 0 -1
outer loop
vertex -0.5307700037956238 -57.674224853515625 1.7000000476837158
vertex -0.6283177137374878 -57.528236389160156 1.7000000476837158
vertex -0.5307700037956238 -57.0378303527832 1.7000000476837158
endloop
endfacet
facet normal 0 0 -1
outer loop
vertex -0.3847794830799103 -56.94028091430664 1.7000000476837158
vertex -0.5307700037956238 -57.674224853515625 1.7000000476837158
vertex -0.5307700037956238 -57.0378303527832 1.7000000476837158
endloop
endfacet
facet normal 0.9807850896972209 0.19509128075753215 0
outer loop
vertex -0.6283177137374878 -57.528236389160156 1.7000000476837158
vertex -0.6283177137374878 -57.528236389160156 0
vertex -0.6625719666481018 -57.35602951049805 1.7000000476837158
endloop
endfacet
facet normal 0.8314660955658453 0.555575496151953 0
outer loop
vertex -0.5307700037956238 -57.674224853515625 1.7000000476837158
vertex -0.5307700037956238 -57.674224853515625 0
vertex -0.6283177137374878 -57.528236389160156 1.7000000476837158
endloop
endfacet
facet normal 0.9807859165825307 -0.1950871236995542 0
outer loop
vertex -0.6625719666481018 -57.35602951049805 1.7000000476837158
vertex -0.6625719666481018 -57.35602951049805 0
vertex -0.6283177137374878 -57.18381881713867 1.7000000476837158
endloop
endfacet
facet normal 0.8314660955658453 -0.555575496151953 0
outer loop
vertex -0.6283177137374878 -57.18381881713867 1.7000000476837158
vertex -0.6283177137374878 -57.18381881713867 0
vertex -0.5307700037956238 -57.0378303527832 1.7000000476837158
endloop
endfacet
facet normal 0.5555768919556435 -0.8314651629051618 0
outer loop
vertex -0.5307700037956238 -57.0378303527832 1.7000000476837158
vertex -0.5307700037956238 -57.0378303527832 0
vertex -0.3847794830799103 -56.94028091430664 1.7000000476837158
endloop
endfacet
facet normal -0.5555769311594078 0.8314651367095887 0
outer loop
vertex 0.10562610626220703 -57.674224853515625 1.7000000476837158
vertex 0.10562610626220703 -57.674224853515625 0
vertex -0.040364399552345276 -57.77177429199219 1.7000000476837158
endloop
endfacet
facet normal -0.831466017157237 0.5555756134971022 0
outer loop
vertex 0.20317384600639343 -57.528236389160156 1.7000000476837158
vertex 0.20317384600639343 -57.528236389160156 0
vertex 0.10562610626220703 -57.674224853515625 1.7000000476837158
endloop
endfacet
facet normal 0.5555768919556435 0.8314651629051618 0
outer loop
vertex -0.3847794830799103 -57.77177429199219 0
vertex -0.5307700037956238 -57.674224853515625 1.7000000476837158
vertex -0.3847794830799103 -57.77177429199219 1.7000000476837158
endloop
endfacet
facet normal -0.5555769311594078 -0.8314651367095887 0
outer loop
vertex 0.10562610626220703 -57.0378303527832 0
vertex 0.10562610626220703 -57.0378303527832 1.7000000476837158
vertex -0.040364399552345276 -56.94028091430664 0
endloop
endfacet
facet normal -0.831466017157237 -0.5555756134971022 0
outer loop
vertex 0.10562610626220703 -57.0378303527832 0
vertex 0.20317384600639343 -57.18381881713867 0
vertex 0.20317384600639343 -57.18381881713867 1.7000000476837158
endloop
endfacet
facet normal -0.9807859652970082 -0.19508687879100384 0
outer loop
vertex 0.23742805421352386 -57.35602951049805 0
vertex 0.23742805421352386 -57.35602951049805 1.7000000476837158
vertex 0.20317384600639343 -57.18381881713867 0
endloop
endfacet
facet normal 0 0 -1
outer loop
vertex -0.21257194876670837 -57.806026458740234 1.7000000476837158
vertex -0.3847794830799103 -57.77177429199219 1.7000000476837158
vertex -0.21257194876670837 -56.906028747558594 1.7000000476837158
endloop
endfacet
facet normal -0.9807851384137336 0.19509103584417611 0
outer loop
vertex 0.23742805421352386 -57.35602951049805 1.7000000476837158
vertex 0.23742805421352386 -57.35602951049805 0
vertex 0.20317384600639343 -57.528236389160156 1.7000000476837158
endloop
endfacet
facet normal -0.831466017157237 -0.5555756134971022 0
outer loop
vertex 0.10562610626220703 -57.0378303527832 1.7000000476837158
vertex 0.10562610626220703 -57.0378303527832 0
vertex 0.20317384600639343 -57.18381881713867 1.7000000476837158
endloop
endfacet
facet normal -0.5555769311594078 -0.8314651367095887 0
outer loop
vertex -0.040364399552345276 -56.94028091430664 1.7000000476837158
vertex -0.040364399552345276 -56.94028091430664 0
vertex 0.10562610626220703 -57.0378303527832 1.7000000476837158
endloop
endfacet
facet normal -0.9807859652970082 -0.19508687879100384 0
outer loop
vertex 0.20317384600639343 -57.18381881713867 1.7000000476837158
vertex 0.20317384600639343 -57.18381881713867 0
vertex 0.23742805421352386 -57.35602951049805 1.7000000476837158
endloop
endfacet
facet normal 0.5555768919556435 -0.8314651629051618 0
outer loop
vertex -0.3847794830799103 -56.94028091430664 0
vertex -0.3847794830799103 -56.94028091430664 1.7000000476837158
vertex -0.5307700037956238 -57.0378303527832 0
endloop
endfacet
facet normal 0.8314660955658453 -0.555575496151953 0
outer loop
vertex -0.5307700037956238 -57.0378303527832 0
vertex -0.5307700037956238 -57.0378303527832 1.7000000476837158
vertex -0.6283177137374878 -57.18381881713867 0
endloop
endfacet
facet normal 0.9807859165825307 -0.1950871236995542 0
outer loop
vertex -0.6283177137374878 -57.18381881713867 0
vertex -0.6283177137374878 -57.18381881713867 1.7000000476837158
vertex -0.6625719666481018 -57.35602951049805 0
endloop
endfacet
facet normal -0.19507912072269082 -0.9807875084125316 0
outer loop
vertex -0.21257194876670837 -56.906028747558594 1.7000000476837158
vertex -0.21257194876670837 -56.906028747558594 0
vertex -0.040364399552345276 -56.94028091430664 1.7000000476837158
endloop
endfacet
facet normal 0.9807850896972209 0.19509128075753215 0
outer loop
vertex -0.6625719666481018 -57.35602951049805 0
vertex -0.6625719666481018 -57.35602951049805 1.7000000476837158
vertex -0.6283177137374878 -57.528236389160156 0
endloop
endfacet
facet normal 0.5555768919556435 0.8314651629051618 0
outer loop
vertex -0.3847794830799103 -57.77177429199219 0
vertex -0.5307700037956238 -57.674224853515625 0
vertex -0.5307700037956238 -57.674224853515625 1.7000000476837158
endloop
endfacet
facet normal 0.19507913696054377 -0.9807875051828147 0
outer loop
vertex -0.3847794830799103 -56.94028091430664 1.7000000476837158
vertex -0.3847794830799103 -56.94028091430664 0
vertex -0.21257194876670837 -56.906028747558594 1.7000000476837158
endloop
endfacet
facet normal 0.19507913696054377 0.9807875051828147 0
outer loop
vertex -0.21257194876670837 -57.806026458740234 1.7000000476837158
vertex -0.21257194876670837 -57.806026458740234 0
vertex -0.3847794830799103 -57.77177429199219 1.7000000476837158
endloop
endfacet
facet normal -0.19507912072269082 -0.9807875084125316 0
outer loop
vertex -0.040364399552345276 -56.94028091430664 0
vertex -0.040364399552345276 -56.94028091430664 1.7000000476837158
vertex -0.21257194876670837 -56.906028747558594 0
endloop
endfacet
facet normal 0.19507913696054377 -0.9807875051828147 0
outer loop
vertex -0.21257194876670837 -56.906028747558594 0
vertex -0.21257194876670837 -56.906028747558594 1.7000000476837158
vertex -0.3847794830799103 -56.94028091430664 0
endloop
endfacet
facet normal -0.9807851384137336 0.19509103584417611 0
outer loop
vertex 0.23742805421352386 -57.35602951049805 0
vertex 0.20317384600639343 -57.528236389160156 0
vertex 0.20317384600639343 -57.528236389160156 1.7000000476837158
endloop
endfacet
facet normal -0.831466017157237 0.5555756134971022 0
outer loop
vertex 0.20317384600639343 -57.528236389160156 0
vertex 0.10562610626220703 -57.674224853515625 0
vertex 0.10562610626220703 -57.674224853515625 1.7000000476837158
endloop
endfacet
facet normal -0.19507912072269082 0.9807875084125316 0
outer loop
vertex -0.040364399552345276 -57.77177429199219 1.7000000476837158
vertex -0.040364399552345276 -57.77177429199219 0
vertex -0.21257194876670837 -57.806026458740234 1.7000000476837158
endloop
endfacet
facet normal -0.5555769311594078 0.8314651367095887 0
outer loop
vertex 0.10562610626220703 -57.674224853515625 0
vertex -0.040364399552345276 -57.77177429199219 0
vertex -0.040364399552345276 -57.77177429199219 1.7000000476837158
endloop
endfacet
facet normal 0.8314660955658453 0.555575496151953 0
outer loop
vertex -0.5307700037956238 -57.674224853515625 0
vertex -0.6283177137374878 -57.528236389160156 0
vertex -0.6283177137374878 -57.528236389160156 1.7000000476837158
endloop
endfacet
facet normal 0 0 -1
outer loop
vertex 0.10562610626220703 -57.0378303527832 1.7000000476837158
vertex 0.20317384600639343 -57.18381881713867 1.7000000476837158
vertex 0.10562610626220703 -57.674224853515625 1.7000000476837158
endloop
endfacet
facet normal 0 0 -1
outer loop
vertex -26.812280654907227 -0.9810277819633484 0
vertex -26.812280654907227 -0.28102779388427734 0
vertex -22.262279510498047 -0.28102779388427734 0
endloop
endfacet
facet normal 0.9855137802986479 0.169595367983528 0
outer loop
vertex 61.18775939941406 25.699289321899414 0.20000000298023224
vertex 61.177467346191406 25.759096145629883 0.20000000298023224
vertex 61.177467346191406 25.759096145629883 4.5
endloop
endfacet
facet normal -0.00011397433875129403 -0.9999999935049251 0
outer loop
vertex -82.50255584716797 21.879222869873047 4.5
vertex -82.50255584716797 21.879222869873047 0.20000000298023224
vertex -81.79969024658203 21.87914276123047 0.20000000298023224
endloop
endfacet
facet normal -0.9999999932068475 0.00011656030459618819 0
outer loop
vertex -82.50247192382812 22.59922218322754 0.20000000298023224
vertex -82.50255584716797 21.879222869873047 0.20000000298023224
vertex -82.50255584716797 21.879222869873047 4.5
endloop
endfacet
facet normal -0.9999999991647324 -0.000040868197670486075 -5.707173816488545e-7
outer loop
vertex -81.79966735839844 21.37914276123047 0.20000000298023224
vertex -81.79956817626953 18.9522647857666 0.20000000298023224
vertex -81.79969024658203 21.87914276123047 4.5
endloop
endfacet
facet normal -0.9999999989484253 -0.00004577636713936273 0.000002770122886876825
outer loop
vertex -81.79956817626953 18.9522647857666 0.20000000298023224
vertex -81.79954528808594 18.4522647857666 0.20000000298023224
vertex -81.79969024658203 21.87914276123047 4.5
endloop
endfacet
facet normal 0.00011117739505019667 0.9999999938197933 0
outer loop
vertex -81.79954528808594 18.4522647857666 0.20000000298023224
vertex -82.50293731689453 18.452342987060547 0.20000000298023224
vertex -81.79954528808594 18.4522647857666 4.5
endloop
endfacet
facet normal -0.9999999936123275 0.00011302807127325304 0
outer loop
vertex -82.50293731689453 18.452342987060547 0.20000000298023224
vertex -82.50489044189453 1.1723437309265137 0.20000000298023224
vertex -82.50293731689453 18.452342987060547 4.5
endloop
endfacet
facet normal -0.99999999320686 0.00011656019845328082 0
outer loop
vertex -82.50489044189453 1.1723437309265137 0.20000000298023224
vertex -82.50497436523438 0.45234376192092896 0.20000000298023224
vertex -82.50497436523438 0.45234376192092896 4.5
endloop
endfacet
facet normal -0.9999999995343388 -0.00003051757742866814 0
outer loop
vertex -81.79878997802734 0.45226410031318665 0.20000000298023224
vertex -81.79877471923828 -0.04773591086268425 0.20000000298023224
vertex -81.79878997802734 0.45226410031318665 4.5
endloop
endfacet
facet normal -0.00011280567607919018 -0.9999999936374396 0
outer loop
vertex -81.79878997802734 0.45226410031318665 0.20000000298023224
vertex -82.50497436523438 0.45234376192092896 4.5
vertex -82.50497436523438 0.45234376192092896 0.20000000298023224
endloop
endfacet
facet normal -0.9999999990302461 -0.0000440118788972983 0.0000015691048598822777
outer loop
vertex -81.79877471923828 -0.04773591086268425 0.20000000298023224
vertex -81.79866790771484 -2.4746153354644775 0.20000000298023224
vertex -81.79878997802734 0.45226410031318665 4.5
endloop
endfacet
facet normal -0.9999999995053365 -0.000030517578109904067 -0.000007616055968069087
outer loop
vertex -81.79866790771484 -2.4746153354644775 0.20000000298023224
vertex -81.79865264892578 -2.9746153354644775 0.20000000298023224
vertex -81.79878997802734 0.45226410031318665 4.5
endloop
endfacet
facet normal 0 0 -1
outer loop
vertex -41.26227951049805 23.468971252441406 0
vertex -45.812278747558594 22.768972396850586 0
vertex -45.812278747558594 23.468971252441406 0
endloop
endfacet
facet normal 0 0 -1
outer loop
vertex -41.26227951049805 23.468971252441406 0
vertex -45.812278747558594 19.268972396850586 0
vertex -45.812278747558594 22.768972396850586 0
endloop
endfacet
facet normal 0 0 -1
outer loop
vertex -45.812278747558594 18.568971633911133 0
vertex -45.812278747558594 19.268972396850586 0
vertex -41.26227951049805 23.468971252441406 0
endloop
endfacet
facet normal 0 0 -1
outer loop
vertex -45.812278747558594 19.268972396850586 0
vertex -50.812278747558594 22.768972396850586 0
vertex -45.812278747558594 22.768972396850586 0
endloop
endfacet
facet normal 0 0 -1
outer loop
vertex -50.812278747558594 22.768972396850586 0
vertex -45.812278747558594 19.268972396850586 0
vertex -50.812278747558594 19.268972396850586 0
endloop
endfacet
facet normal 0 0 -1
outer loop
vertex -55.362281799316406 23.468971252441406 0
vertex -60.26227951049805 23.468971252441406 0
vertex -60.26227951049805 37.568973541259766 0
endloop
endfacet
facet normal 0 0 -1
outer loop
vertex -50.812278747558594 22.768972396850586 0
vertex -55.362281799316406 18.568971633911133 0
vertex -50.812278747558594 23.468971252441406 0
endloop
endfacet
facet normal 0 0 -1
outer loop
vertex -50.812278747558594 19.268972396850586 0
vertex -55.362281799316406 18.568971633911133 0
vertex -50.812278747558594 22.768972396850586 0
endloop
endfacet
facet normal 0.8658721757915803 0.5002653048033161 0
outer loop
vertex 71.54666900634766 64.50418853759766 4.5
vertex 71.35010528564453 64.84440612792969 5
vertex 71.54666900634766 64.50418853759766 5
endloop
endfacet
facet normal 0 0 1
outer loop
vertex 70.4357681274414 63.863704681396484 5
vertex 73.38043975830078 46.46349334716797 5
vertex 79.92579650878906 47.40346908569336 5
endloop
endfacet
facet normal 0 0 1
outer loop
vertex 71.35010528564453 64.84440612792969 5
vertex 70.84463500976562 65.46566772460938 5
vertex 71.54666900634766 64.50418853759766 5
endloop
endfacet
facet normal -0.9755978554926795 0.219565080006099 0
outer loop
vertex -81.78297424316406 40.37914276123047 0
vertex -81.78297424316406 40.37914276123047 0.20000000298023224
vertex -81.44794464111328 41.8677864074707 0
endloop
endfacet
facet normal 0 0 1
outer loop
vertex 70.84463500976562 65.46566772460938 5
vertex 70.4357681274414 63.863704681396484 5
vertex 71.54666900634766 64.50418853759766 5
endloop
endfacet
facet normal 0 0 1
outer loop
vertex 70.84463500976562 65.46566772460938 5
vertex 69.5687255859375 66.42855072021484 5
vertex 66.33043670654297 58.6744499206543 5
endloop
endfacet
facet normal 0 0 1
outer loop
vertex 70.4357681274414 63.863704681396484 5
vertex 70.84463500976562 65.46566772460938 5
vertex 66.33043670654297 58.6744499206543 5
endloop
endfacet
facet normal 0 0 1
outer loop
vertex 69.5687255859375 66.42855072021484 5
vertex 68.0819320678711 66.9382095336914 5
vertex 66.33043670654297 58.6744499206543 5
endloop
endfacet
facet normal 0 0 -1
outer loop
vertex -74.3622817993164 37.568973541259766 0
vertex -74.3622817993164 23.468971252441406 0
vertex -80.5004653930664 40.378997802734375 0
endloop
endfacet
facet normal 0 0 -1
outer loop
vertex -74.3622817993164 37.568973541259766 0
vertex -80.5004653930664 40.378997802734375 0
vertex -69.8122787475586 38.26897048950195 0
endloop
endfacet
facet normal 0 0 -1
outer loop
vertex -81.78297424316406 40.37914276123047 0
vertex -81.44794464111328 41.8677864074707 0
vertex -77.98646545410156 44.87405776977539 0
endloop
endfacet
facet normal 0 0 -1
outer loop
vertex -77.98646545410156 44.87405776977539 0
vertex -81.44794464111328 41.8677864074707 0
vertex -80.6430892944336 43.21779251098633 0
endloop
endfacet
facet normal 0 0 -1
outer loop
vertex -77.98646545410156 44.87405776977539 0
vertex -80.6430892944336 43.21779251098633 0
vertex -79.45830535888672 44.25054931640625 0
endloop
endfacet
facet normal 0 0 -1
outer loop
vertex -81.78297424316406 40.37914276123047 0
vertex -77.98646545410156 44.87405776977539 0
vertex -77.19574737548828 45.001163482666016 0
endloop
endfacet
facet normal 0 0 -1
outer loop
vertex -74.3622817993164 37.568973541259766 0
vertex -69.8122787475586 38.26897048950195 0
vertex -69.8122787475586 37.568973541259766 0
endloop
endfacet
facet normal 0 0 -1
outer loop
vertex -69.8122787475586 38.26897048950195 0
vertex -80.5004653930664 40.378997802734375 0
vertex -64.8122787475586 38.26897048950195 0
endloop
endfacet
facet normal 0 0 -1
outer loop
vertex -64.8122787475586 37.568973541259766 0
vertex -64.8122787475586 38.26897048950195 0
vertex -60.26227951049805 37.568973541259766 0
endloop
endfacet
facet normal 0 0 -1
outer loop
vertex -80.5004653930664 40.378997802734375 0
vertex -81.78297424316406 40.37914276123047 0
vertex -38.52973175048828 45.00718688964844 0
endloop
endfacet
facet normal 0 0 -1
outer loop
vertex -38.52973175048828 45.00718688964844 0
vertex -81.78297424316406 40.37914276123047 0
vertex -77.19574737548828 45.001163482666016 0
endloop
endfacet
facet normal 0 0 -1
outer loop
vertex -55.362281799316406 18.568971633911133 0
vertex -60.26227951049805 18.568971633911133 0
vertex -50.812278747558594 23.468971252441406 0
endloop
endfacet
facet normal 0 0 -1
outer loop
vertex -55.362281799316406 18.568971633911133 0
vertex -50.812278747558594 19.268972396850586 0
vertex -50.812278747558594 18.568971633911133 0
endloop
endfacet
facet normal 0 0 -1
outer loop
vertex -50.812278747558594 23.468971252441406 0
vertex -64.8122787475586 18.568971633911133 0
vertex -55.362281799316406 23.468971252441406 0
endloop
endfacet
facet normal 0 0 -1
outer loop
vertex -60.26227951049805 18.568971633911133 0
vertex -64.8122787475586 18.568971633911133 0
vertex -50.812278747558594 23.468971252441406 0
endloop
endfacet
facet normal 0 0 -1
outer loop
vertex -60.26227951049805 23.468971252441406 0
vertex -55.362281799316406 23.468971252441406 0
vertex -64.8122787475586 18.568971633911133 0
endloop
endfacet
facet normal 0 0 -1
outer loop
vertex -55.362281799316406 37.568973541259766 0
vertex -55.362281799316406 23.468971252441406 0
vertex -60.26227951049805 37.568973541259766 0
endloop
endfacet
facet normal 0 0 -1
outer loop
vertex -60.26227951049805 37.568973541259766 0
vertex -64.8122787475586 38.26897048950195 0
vertex -38.52973175048828 45.00718688964844 0
endloop
endfacet
facet normal 0 0 -1
outer loop
vertex -55.362281799316406 37.568973541259766 0
vertex -50.812278747558594 38.26897048950195 0
vertex -50.812278747558594 37.568973541259766 0
endloop
endfacet
facet normal 0 0 -1
outer loop
vertex -64.8122787475586 38.26897048950195 0
vertex -80.5004653930664 40.378997802734375 0
vertex -38.52973175048828 45.00718688964844 0
endloop
endfacet
facet normal 0 0 -1
outer loop
vertex -55.362281799316406 37.568973541259766 0
vertex -60.26227951049805 37.568973541259766 0
vertex -38.52973175048828 45.00718688964844 0
endloop
endfacet
facet normal 0 0 -1
outer loop
vertex -50.812278747558594 38.26897048950195 0
vertex -55.362281799316406 37.568973541259766 0
vertex -38.52973175048828 45.00718688964844 0
endloop
endfacet
facet normal 0 0 -1
outer loop
vertex -50.812278747558594 38.26897048950195 0
vertex -38.52973175048828 45.00718688964844 0
vertex -45.812278747558594 38.26897048950195 0
endloop
endfacet
facet normal 0 0 -1
outer loop
vertex -45.812278747558594 37.568973541259766 0
vertex -45.812278747558594 38.26897048950195 0
vertex -38.52973175048828 45.00718688964844 0
endloop
endfacet
facet normal 0 0 -1
outer loop
vertex -41.26227951049805 4.468972206115723 0
vertex -45.812278747558594 3.768972158432007 0
vertex -45.812278747558594 4.468972206115723 0
endloop
endfacet
facet normal 0 0 -1
outer loop
vertex -41.26227951049805 4.468972206115723 0
vertex -45.812278747558594 0.2689721882343292 0
vertex -45.812278747558594 3.768972158432007 0
endloop
endfacet
facet normal 0 0 -1
outer loop
vertex -45.812278747558594 0.2689721882343292 0
vertex -41.26227951049805 4.468972206115723 0
vertex -45.812278747558594 -0.4310277998447418 0
endloop
endfacet
facet normal 0 0 -1
outer loop
vertex -45.812278747558594 3.768972158432007 0
vertex -55.362281799316406 -0.4310277998447418 0
vertex -50.812278747558594 3.768972158432007 0
endloop
endfacet
facet normal 0 0 -1
outer loop
vertex -50.812278747558594 0.2689721882343292 0
vertex -45.812278747558594 3.768972158432007 0
vertex -45.812278747558594 0.2689721882343292 0
endloop
endfacet
facet normal -0.9999999936621349 0.00011258654605505875 0
outer loop
vertex -82.50052642822266 39.87922286987305 0.20000000298023224
vertex -82.50247192382812 22.59922218322754 0.20000000298023224
vertex -82.50052642822266 39.87922286987305 4.5
endloop
endfacet
facet normal 0.00011442769729251083 0.9999999934531512 0
outer loop
vertex -81.80044555664062 39.87914276123047 0.20000000298023224
vertex -82.50052642822266 39.87922286987305 0.20000000298023224
vertex -81.80044555664062 39.87914276123047 4.5
endloop
endfacet
facet normal -0.9999999993472134 -0.000036132715440311946 0
outer loop
vertex -81.80046081542969 40.30144119262695 0.20000000298023224
vertex -81.80044555664062 39.87914276123047 0.20000000298023224
vertex -81.80046081542969 40.30144119262695 4.5
endloop
endfacet
facet normal -0.9755997541285494 0.21955664357235358 0.0000027489464000314552
outer loop
vertex -81.78297424316406 40.37914276123047 0.20000000298023224
vertex -81.80046081542969 40.30144119262695 0.20000000298023224
vertex -81.44794464111328 41.8677864074707 5
endloop
endfacet
facet normal -0.8589346564354853 0.5120852038226207 0
outer loop
vertex -80.6430892944336 43.21779251098633 0
vertex -81.44794464111328 41.8677864074707 0
vertex -80.6430892944336 43.21779251098633 5
endloop
endfacet
facet normal -0.6570875703801862 0.7538142508946509 0
outer loop
vertex -79.45830535888672 44.25054931640625 0
vertex -80.6430892944336 43.21779251098633 0
vertex -79.45830535888672 44.25054931640625 5
endloop
endfacet
facet normal -0.39006813813704055 0.9207859944690203 0
outer loop
vertex -77.98646545410156 44.87405776977539 0
vertex -79.45830535888672 44.25054931640625 0
vertex -77.98646545410156 44.87405776977539 5
endloop
endfacet
facet normal -0.15870976901646555 0.9873252803502706 0
outer loop
vertex -77.19574737548828 45.001163482666016 0
vertex -77.98646545410156 44.87405776977539 0
vertex -77.19574737548828 45.001163482666016 5
endloop
endfacet
facet normal -0.9755978554926796 0.21956508000609903 0
outer loop
vertex -81.44794464111328 41.8677864074707 0
vertex -81.78297424316406 40.37914276123047 0.20000000298023224
vertex -81.44794464111328 41.8677864074707 5
endloop
endfacet
facet normal 0 0 -1
outer loop
vertex -50.812278747558594 0.2689721882343292 0
vertex -55.362281799316406 -0.4310277998447418 0
vertex -45.812278747558594 3.768972158432007 0
endloop
endfacet
facet normal 0 0 -1
outer loop
vertex -55.362281799316406 4.468972206115723 0
vertex -60.26227951049805 18.568971633911133 0
vertex -55.362281799316406 18.568971633911133 0
endloop
endfacet
facet normal 0 0 -1
outer loop
vertex -55.362281799316406 4.468972206115723 0
vertex -60.26227951049805 4.468972206115723 0
vertex -60.26227951049805 18.568971633911133 0
endloop
endfacet
facet normal 0 0 -1
outer loop
vertex -50.812278747558594 3.768972158432007 0
vertex -55.362281799316406 4.468972206115723 0
vertex -50.812278747558594 4.468972206115723 0
endloop
endfacet
facet normal -0.00015578038781530833 0.9999999878662352 0
outer loop
vertex -38.52973175048828 45.00718688964844 0
vertex -77.19574737548828 45.001163482666016 0
vertex -38.52973175048828 45.00718688964844 5
endloop
endfacet
facet normal 0 0 -1
outer loop
vertex -55.362281799316406 4.468972206115723 0
vertex -50.812278747558594 3.768972158432007 0
vertex -55.362281799316406 -0.4310277998447418 0
endloop
endfacet
facet normal 0 0 -1
outer loop
vertex -55.362281799316406 -0.4310277998447418 0
vertex -50.812278747558594 0.2689721882343292 0
vertex -50.812278747558594 -0.4310277998447418 0
endloop
endfacet
facet normal 0 0 -1
outer loop
vertex -55.362281799316406 4.468972206115723 0
vertex -64.8122787475586 -0.4310277998447418 0
vertex -60.26227951049805 4.468972206115723 0
endloop
endfacet
facet normal 0 0 -1
outer loop
vertex -41.26227951049805 -0.4310277998447418 0
vertex -45.812278747558594 -0.4310277998447418 0
vertex -36.362281799316406 -0.28102779388427734 0
endloop
endfacet
facet normal 0 0 -1
outer loop
vertex -36.362281799316406 -0.28102779388427734 0
vertex -45.812278747558594 -0.4310277998447418 0
vertex -41.26227951049805 4.468972206115723 0
endloop
endfacet
facet normal 0 0 -1
outer loop
vertex -36.362281799316406 -5.181027889251709 0
vertex -41.26227951049805 -0.4310277998447418 0
vertex -31.812280654907227 -0.28102779388427734 0
endloop
endfacet
facet normal 0 0 -1
outer loop
vertex -31.812280654907227 -0.28102779388427734 0
vertex -41.26227951049805 -0.4310277998447418 0
vertex -36.362281799316406 -0.28102779388427734 0
endloop
endfacet
facet normal 0 0 -1
outer loop
vertex -31.812280654907227 -0.9810277819633484 0
vertex -36.362281799316406 -5.181027889251709 0
vertex -31.812280654907227 -0.28102779388427734 0
endloop
endfacet
facet normal 0 0 -1
outer loop
vertex -41.26227951049805 4.468972206115723 0
vertex -41.26227951049805 18.568971633911133 0
vertex -36.362281799316406 -0.28102779388427734 0
endloop
endfacet
facet normal 0 0 -1
outer loop
vertex -36.362281799316406 -0.28102779388427734 0
vertex -41.26227951049805 18.568971633911133 0
vertex -36.362281799316406 13.81897258758545 0
endloop
endfacet
facet normal 0 0 -1
outer loop
vertex -36.362281799316406 13.81897258758545 0
vertex -31.812280654907227 14.518972396850586 0
vertex -31.812280654907227 13.81897258758545 0
endloop
endfacet
facet normal 0 0 -1
outer loop
vertex -26.812280654907227 -0.9810277819633484 0
vertex -26.812280654907227 -4.481027603149414 0
vertex -31.812280654907227 -0.9810277819633484 0
endloop
endfacet
facet normal 0 0 -1
outer loop
vertex -81.55086517333984 -65.56698608398438 0
vertex -81.79606628417969 -64.60517120361328 0
vertex -80.51228332519531 -64.32852172851562 0
endloop
endfacet
facet normal 0 0 -1
outer loop
vertex -22.262279510498047 -0.28102779388427734 0
vertex -22.262279510498047 -5.181027889251709 0
vertex -26.812280654907227 -0.9810277819633484 0
endloop
endfacet
facet normal 0 0 -1
outer loop
vertex -55.362281799316406 -0.4310277998447418 0
vertex -60.26227951049805 -0.4310277998447418 0
vertex -55.362281799316406 4.468972206115723 0
endloop
endfacet
facet normal 0 0 -1
outer loop
vertex -60.26227951049805 -0.4310277998447418 0
vertex -64.8122787475586 -0.4310277998447418 0
vertex -55.362281799316406 4.468972206115723 0
endloop
endfacet
facet normal 0 0 -1
outer loop
vertex -60.26227951049805 23.468971252441406 0
vertex -64.8122787475586 22.768972396850586 0
vertex -64.8122787475586 23.468971252441406 0
endloop
endfacet
facet normal 0 0 -1
outer loop
vertex -60.26227951049805 23.468971252441406 0
vertex -64.8122787475586 19.268972396850586 0
vertex -64.8122787475586 22.768972396850586 0
endloop
endfacet
facet normal 0 0 -1
outer loop
vertex -64.8122787475586 18.568971633911133 0
vertex -64.8122787475586 19.268972396850586 0
vertex -60.26227951049805 23.468971252441406 0
endloop
endfacet
facet normal 0 0 -1
outer loop
vertex -64.8122787475586 19.268972396850586 0
vertex -69.8122787475586 22.768972396850586 0
vertex -64.8122787475586 22.768972396850586 0
endloop
endfacet
facet normal 0 0 -1
outer loop
vertex -69.8122787475586 22.768972396850586 0
vertex -64.8122787475586 19.268972396850586 0
vertex -69.8122787475586 19.268972396850586 0
endloop
endfacet
facet normal 0 0 -1
outer loop
vertex -69.8122787475586 22.768972396850586 0
vertex -74.3622817993164 18.568971633911133 0
vertex -69.8122787475586 23.468971252441406 0
endloop
endfacet
facet normal 0 0 -1
outer loop
vertex -69.8122787475586 19.268972396850586 0
vertex -74.3622817993164 18.568971633911133 0
vertex -69.8122787475586 22.768972396850586 0
endloop
endfacet
facet normal 0 0 -1
outer loop
vertex -74.3622817993164 18.568971633911133 0
vertex -69.8122787475586 19.268972396850586 0
vertex -69.8122787475586 18.568971633911133 0
endloop
endfacet
facet normal 0 0 -1
outer loop
vertex -41.26227951049805 18.568971633911133 0
vertex -45.812278747558594 18.568971633911133 0
vertex -36.362281799316406 18.718971252441406 0
endloop
endfacet
facet normal 0 0 -1
outer loop
vertex -41.26227951049805 18.568971633911133 0
vertex -36.362281799316406 18.718971252441406 0
vertex -36.362281799316406 13.81897258758545 0
endloop
endfacet
facet normal 0 0 -1
outer loop
vertex -36.362281799316406 18.718971252441406 0
vertex -45.812278747558594 18.568971633911133 0
vertex -41.26227951049805 23.468971252441406 0
endloop
endfacet
facet normal 0 0 -1
outer loop
vertex -31.812280654907227 14.518972396850586 0
vertex -36.362281799316406 13.81897258758545 0
vertex -36.362281799316406 18.718971252441406 0
endloop
endfacet
facet normal 0 0 -1
outer loop
vertex -36.362281799316406 18.718971252441406 0
vertex -31.812280654907227 18.018972396850586 0
vertex -31.812280654907227 14.518972396850586 0
endloop
endfacet
facet normal 0 0 -1
outer loop
vertex -31.812280654907227 18.018972396850586 0
vertex -36.362281799316406 18.718971252441406 0
vertex -31.812280654907227 18.718971252441406 0
endloop
endfacet
facet normal 0 0 -1
outer loop
vertex -36.362281799316406 18.718971252441406 0
vertex -41.26227951049805 23.468971252441406 0
vertex -41.26227951049805 37.568973541259766 0
endloop
endfacet
facet normal 0 0 -1
outer loop
vertex -36.362281799316406 18.718971252441406 0
vertex -41.26227951049805 37.568973541259766 0
vertex -36.362281799316406 32.818973541259766 0
endloop
endfacet
facet normal 0 0 -1
outer loop
vertex -31.812280654907227 18.018972396850586 0
vertex -26.812280654907227 18.018972396850586 0
vertex -31.812280654907227 14.518972396850586 0
endloop
endfacet
facet normal 0 0 -1
outer loop
vertex -26.812280654907227 14.518972396850586 0
vertex -31.812280654907227 14.518972396850586 0
vertex -26.812280654907227 18.018972396850586 0
endloop
endfacet
facet normal 0 0 -1
outer loop
vertex -26.812280654907227 13.81897258758545 0
vertex -26.812280654907227 14.518972396850586 0
vertex -22.262279510498047 18.718971252441406 0
endloop
endfacet
facet normal 0 0 -1
outer loop
vertex -22.262279510498047 13.81897258758545 0
vertex -26.812280654907227 13.81897258758545 0
vertex -22.262279510498047 18.718971252441406 0
endloop
endfacet
facet normal 0 0 -1
outer loop
vertex -22.262279510498047 18.718971252441406 0
vertex -26.812280654907227 14.518972396850586 0
vertex -26.812280654907227 18.018972396850586 0
endloop
endfacet
facet normal 0 0 -1
outer loop
vertex -22.262279510498047 18.718971252441406 0
vertex -26.812280654907227 18.018972396850586 0
vertex -26.812280654907227 18.718971252441406 0
endloop
endfacet
facet normal 0 0 -1
outer loop
vertex -22.262279510498047 18.718971252441406 0
vertex -22.262279510498047 32.818973541259766 0
vertex -20.20003890991211 18.943971633911133 0
endloop
endfacet
facet normal 0 0 -1
outer loop
vertex -22.262279510498047 32.818973541259766 0
vertex -22.90093231201172 40.527313232421875 0
vertex -20.20003890991211 18.943971633911133 0
endloop
endfacet
facet normal 0 0 1
outer loop
vertex 68.0819320678711 66.9382095336914 5
vertex 66.51036834716797 66.96021270751953 5
vertex 66.33043670654297 58.6744499206543 5
endloop
endfacet
facet normal 0 0 -1
outer loop
vertex -74.3622817993164 23.468971252441406 0
vertex -80.50260925292969 21.378997802734375 0
vertex -80.5004653930664 40.378997802734375 0
endloop
endfacet
facet normal 0 0 1
outer loop
vertex 66.51036834716797 66.96021270751953 5
vertex 64.9774169921875 66.48224639892578 5
vertex 66.33043670654297 58.6744499206543 5
endloop
endfacet
facet normal 0 0 -1
outer loop
vertex -69.8122787475586 23.468971252441406 0
vertex -81.79956817626953 18.9522647857666 0
vertex -74.3622817993164 23.468971252441406 0
endloop
endfacet
facet normal 0 0 -1
outer loop
vertex -74.3622817993164 18.568971633911133 0
vertex -80.50288391113281 18.952117919921875 0
vertex -69.8122787475586 23.468971252441406 0
endloop
endfacet
facet normal 0 0 -1
outer loop
vertex -22.262279510498047 -0.28102779388427734 0
vertex -17.362279891967773 11.44397258758545 0
vertex -17.362279891967773 -2.6560277938842773 0
endloop
endfacet
facet normal 0 0 -1
outer loop
vertex -17.362279891967773 11.44397258758545 0
vertex -22.262279510498047 -0.28102779388427734 0
vertex -22.262279510498047 13.81897258758545 0
endloop
endfacet
facet normal 0 0 -1
outer loop
vertex -17.362279891967773 11.44397258758545 0
vertex -22.262279510498047 13.81897258758545 0
vertex -22.262279510498047 18.718971252441406 0
endloop
endfacet
facet normal 0 0 -1
outer loop
vertex -17.362279891967773 11.44397258758545 0
vertex -12.81227970123291 12.143972396850586 0
vertex -12.81227970123291 11.44397258758545 0
endloop
endfacet
facet normal 0 0 -1
outer loop
vertex 1.2084146738052368 16.679452896118164 0
vertex -3.262279987335205 -7.556027889251709 0
vertex -3.262279987335205 -2.6560277938842773 0
endloop
endfacet
facet normal 0 0 -1
outer loop
vertex -17.362279891967773 11.44397258758545 0
vertex -1.4013508558273315 17.37873649597168 0
vertex -12.81227970123291 12.143972396850586 0
endloop
endfacet
facet normal 0 0 -1
outer loop
vertex -7.812280178070068 12.143972396850586 0
vertex -12.81227970123291 12.143972396850586 0
vertex -1.4013508558273315 17.37873649597168 0
endloop
endfacet
facet normal 0 0 -1
outer loop
vertex 1.2084146738052368 16.679452896118164 0
vertex -3.262279987335205 -2.6560277938842773 0
vertex -3.262279987335205 11.44397258758545 0
endloop
endfacet
facet normal 0 0 -1
outer loop
vertex 1.2084146738052368 16.679452896118164 0
vertex -7.812280178070068 11.44397258758545 0
vertex -7.812280178070068 12.143972396850586 0
endloop
endfacet
facet normal 0 0 -1
outer loop
vertex -3.262279987335205 11.44397258758545 0
vertex -7.812280178070068 11.44397258758545 0
vertex 1.2084146738052368 16.679452896118164 0
endloop
endfacet
facet normal 0 0 -1
outer loop
vertex -80.50288391113281 18.952117919921875 0
vertex -81.79956817626953 18.9522647857666 0
vertex -69.8122787475586 23.468971252441406 0
endloop
endfacet
facet normal 0 0 1
outer loop
vertex 66.33043670654297 58.6744499206543 5
vertex 73.38043975830078 46.46349334716797 5
vertex 70.4357681274414 63.863704681396484 5
endloop
endfacet
facet normal 0 0 1
outer loop
vertex 81.05174255371094 48.05262756347656 5
vertex 79.92579650878906 47.40346908569336 5
vertex 81.18832397460938 47.81623077392578 5
endloop
endfacet
facet normal 0 0 1
outer loop
vertex 81.18832397460938 47.81623077392578 5
vertex 80.1716537475586 41.94929885864258 5
vertex 81.66619873046875 46.2835693359375 5
endloop
endfacet
facet normal 0 0 -1
outer loop
vertex -81.79956817626953 18.9522647857666 0
vertex -80.50260925292969 21.378997802734375 0
vertex -74.3622817993164 23.468971252441406 0
endloop
endfacet
facet normal 0 0 -1
outer loop
vertex -17.362279891967773 11.44397258758545 0
vertex -22.262279510498047 18.718971252441406 0
vertex -20.20003890991211 18.943971633911133 0
endloop
endfacet
facet normal 0 0 -1
outer loop
vertex -17.362279891967773 11.44397258758545 0
vertex -20.20003890991211 18.943971633911133 0
vertex -4.454707622528076 18.943971633911133 0
endloop
endfacet
facet normal 0 0 -1
outer loop
vertex -3.850038528442383 18.520578384399414 0
vertex -17.362279891967773 11.44397258758545 0
vertex -4.454707622528076 18.943971633911133 0
endloop
endfacet
facet normal 0 0 -1
outer loop
vertex -3.850038528442383 18.520578384399414 0
vertex -1.4013508558273315 17.37873649597168 0
vertex -17.362279891967773 11.44397258758545 0
endloop
endfacet
facet normal 0 0 -1
outer loop
vertex -1.4013508558273315 17.37873649597168 0
vertex 1.2084146738052368 16.679452896118164 0
vertex -7.812280178070068 12.143972396850586 0
endloop
endfacet
facet normal 0.8658704531685102 0.500268286352192 0
outer loop
vertex 81.18832397460938 47.81623077392578 5
vertex 81.05174255371094 48.05262756347656 4.5
vertex 81.05174255371094 48.05262756347656 5
endloop
endfacet
facet normal 0 0 1
outer loop
vertex 80.1716537475586 41.94929885864258 5
vertex 81.64420318603516 44.71200180053711 5
vertex 81.66619873046875 46.2835693359375 5
endloop
endfacet
facet normal -0.9999999991648952 -0.00004086819767049273 0
outer loop
vertex -81.79966735839844 21.37914276123047 0.20000000298023224
vertex -81.79956817626953 18.9522647857666 0
vertex -81.79956817626953 18.9522647857666 0.20000000298023224
endloop
endfacet
facet normal -0.9999999991648952 -0.00004086819767049273 0
outer loop
vertex -81.79966735839844 21.37914276123047 0
vertex -81.79956817626953 18.9522647857666 0
vertex -81.79966735839844 21.37914276123047 0.20000000298023224
endloop
endfacet
facet normal 0 0 -1
outer loop
vertex -81.79956817626953 18.9522647857666 0
vertex -81.79966735839844 21.37914276123047 0
vertex -80.50260925292969 21.378997802734375 0
endloop
endfacet
facet normal 0 0 1
outer loop
vertex 80.1716537475586 41.94929885864258 5
vertex 81.13453674316406 43.2252082824707 5
vertex 81.64420318603516 44.71200180053711 5
endloop
endfacet
facet normal 0 0 1
outer loop
vertex 81.18832397460938 47.81623077392578 5
vertex 79.5491714477539 41.44282913208008 5
vertex 80.1716537475586 41.94929885864258 5
endloop
endfacet
facet normal 0 0 1
outer loop
vertex 79.92579650878906 47.40346908569336 5
vertex 61.99153518676758 31.19341278076172 5
vertex 81.18832397460938 47.81623077392578 5
endloop
endfacet
facet normal 0 0 -1
outer loop
vertex -60.26227951049805 4.468972206115723 0
vertex -64.8122787475586 3.768972158432007 0
vertex -64.8122787475586 4.468972206115723 0
endloop
endfacet
facet normal 0 0 -1
outer loop
vertex -60.26227951049805 4.468972206115723 0
vertex -64.8122787475586 0.2689721882343292 0
vertex -64.8122787475586 3.768972158432007 0
endloop
endfacet
facet normal 0 0 -1
outer loop
vertex -64.8122787475586 0.2689721882343292 0
vertex -69.8122787475586 3.768972158432007 0
vertex -64.8122787475586 3.768972158432007 0
endloop
endfacet
facet normal 0 0 -1
outer loop
vertex -64.8122787475586 -0.4310277998447418 0
vertex -64.8122787475586 0.2689721882343292 0
vertex -60.26227951049805 4.468972206115723 0
endloop
endfacet
facet normal 0 0 -1
outer loop
vertex -69.8122787475586 3.768972158432007 0
vertex -74.3622817993164 -0.4310277998447418 0
vertex -69.8122787475586 4.468972206115723 0
endloop
endfacet
facet normal 0 0 -1
outer loop
vertex -69.8122787475586 0.2689721882343292 0
vertex -69.8122787475586 3.768972158432007 0
vertex -64.8122787475586 0.2689721882343292 0
endloop
endfacet
facet normal 0 0 -1
outer loop
vertex -69.8122787475586 0.2689721882343292 0
vertex -74.3622817993164 -0.4310277998447418 0
vertex -69.8122787475586 3.768972158432007 0
endloop
endfacet
facet normal 0 0 -1
outer loop
vertex -74.3622817993164 -0.4310277998447418 0
vertex -69.8122787475586 0.2689721882343292 0
vertex -69.8122787475586 -0.4310277998447418 0
endloop
endfacet
facet normal 0 0 -1
outer loop
vertex -74.3622817993164 4.468972206115723 0
vertex -80.50288391113281 18.952117919921875 0
vertex -74.3622817993164 18.568971633911133 0
endloop
endfacet
facet normal 0 0 1
outer loop
vertex 73.38043975830078 46.46349334716797 5
vertex 61.99153518676758 31.19341278076172 5
vertex 79.92579650878906 47.40346908569336 5
endloop
endfacet
facet normal 0 0 1
outer loop
vertex 61.99153518676758 31.19341278076172 5
vertex 79.5491714477539 41.44282913208008 5
vertex 81.18832397460938 47.81623077392578 5
endloop
endfacet
facet normal 0 0 -1
outer loop
vertex -80.51228332519531 -64.32852172851562 0
vertex -81.79606628417969 -64.60517120361328 0
vertex -81.79607391357422 -64.32837677001953 0
endloop
endfacet
facet normal 0 0 1
outer loop
vertex 61.16948318481445 39.41349411010742 5
vertex 61.99153518676758 31.19341278076172 5
vertex 73.38043975830078 46.46349334716797 5
endloop
endfacet
facet normal 0 0 1
outer loop
vertex 61.16948318481445 39.41349411010742 5
vertex 61.89007568359375 31.104299545288086 5
vertex 61.99153518676758 31.19341278076172 5
endloop
endfacet
facet normal 0 0 1
outer loop
vertex 61.16948318481445 39.41349411010742 5
vertex 61.249568939208984 30.27521324157715 5
vertex 61.89007568359375 31.104299545288086 5
endloop
endfacet
facet normal 0 0 -1
outer loop
vertex -41.26227951049805 37.568973541259766 0
vertex -45.812278747558594 37.568973541259766 0
vertex -35.59040069580078 43.83610534667969 0
endloop
endfacet
facet normal 0 0 -1
outer loop
vertex -41.26227951049805 37.568973541259766 0
vertex -35.02124786376953 43.27444076538086 0
vertex -33.46365737915039 41.158843994140625 0
endloop
endfacet
facet normal 0 0 -1
outer loop
vertex -36.362281799316406 32.818973541259766 0
vertex -31.812280654907227 33.51897048950195 0
vertex -31.812280654907227 32.818973541259766 0
endloop
endfacet
facet normal 0 0 -1
outer loop
vertex -31.812280654907227 33.51897048950195 0
vertex -36.362281799316406 32.818973541259766 0
vertex -31.273433685302734 40.2740592956543 0
endloop
endfacet
facet normal 0 0 -1
outer loop
vertex -31.273433685302734 40.2740592956543 0
vertex -36.362281799316406 32.818973541259766 0
vertex -41.26227951049805 37.568973541259766 0
endloop
endfacet
facet normal 0 0 -1
outer loop
vertex -41.26227951049805 37.568973541259766 0
vertex -33.35546875 41.062110900878906 0
vertex -32.44345474243164 40.536312103271484 0
endloop
endfacet
facet normal 0 0 -1
outer loop
vertex -41.26227951049805 37.568973541259766 0
vertex -32.44345474243164 40.536312103271484 0
vertex -32.34206771850586 40.497215270996094 0
endloop
endfacet
facet normal 0 0 -1
outer loop
vertex -33.35546875 41.062110900878906 0
vertex -41.26227951049805 37.568973541259766 0
vertex -33.46365737915039 41.158843994140625 0
endloop
endfacet
facet normal 0 0 -1
outer loop
vertex -32.34206771850586 40.497215270996094 0
vertex -31.347623825073242 40.28200149536133 0
vertex -41.26227951049805 37.568973541259766 0
endloop
endfacet
facet normal 0 0 -1
outer loop
vertex -31.273433685302734 40.2740592956543 0
vertex -41.26227951049805 37.568973541259766 0
vertex -31.347623825073242 40.28200149536133 0
endloop
endfacet
facet normal 0 0 -1
outer loop
vertex -38.52973175048828 45.00718688964844 0
vertex -36.96342468261719 44.65467834472656 0
vertex -45.812278747558594 37.568973541259766 0
endloop
endfacet
facet normal 0 0 -1
outer loop
vertex -35.59040069580078 43.83610534667969 0
vertex -45.812278747558594 37.568973541259766 0
vertex -36.96342468261719 44.65467834472656 0
endloop
endfacet
facet normal 0 0 -1
outer loop
vertex -35.02124786376953 43.27444076538086 0
vertex -41.26227951049805 37.568973541259766 0
vertex -35.59040069580078 43.83610534667969 0
endloop
endfacet
facet normal 0 0 -1
outer loop
vertex -31.812280654907227 33.51897048950195 0
vertex -22.90093231201172 40.527313232421875 0
vertex -26.812280654907227 33.51897048950195 0
endloop
endfacet
facet normal 0 0 -1
outer loop
vertex -31.273433685302734 40.2740592956543 0
vertex -24.069364547729492 40.27296447753906 0
vertex -31.812280654907227 33.51897048950195 0
endloop
endfacet
facet normal 0 0 -1
outer loop
vertex -31.812280654907227 33.51897048950195 0
vertex -24.069364547729492 40.27296447753906 0
vertex -23.997333526611328 40.280426025390625 0
endloop
endfacet
facet normal 0 0 -1
outer loop
vertex -23.997333526611328 40.280426025390625 0
vertex -23.002573013305664 40.48888397216797 0
vertex -31.812280654907227 33.51897048950195 0
endloop
endfacet
facet normal 0 0 -1
outer loop
vertex -26.812280654907227 32.818973541259766 0
vertex -26.812280654907227 33.51897048950195 0
vertex -22.262279510498047 32.818973541259766 0
endloop
endfacet
facet normal 0 0 -1
outer loop
vertex -22.90093231201172 40.527313232421875 0
vertex -22.262279510498047 32.818973541259766 0
vertex -26.812280654907227 33.51897048950195 0
endloop
endfacet
facet normal 0 0 -1
outer loop
vertex -22.90093231201172 40.527313232421875 0
vertex -22.008804321289062 41.033870697021484 0
vertex -20.20003890991211 18.943971633911133 0
endloop
endfacet
facet normal 0 0 -1
outer loop
vertex -20.20003890991211 18.943971633911133 0
vertex -22.008804321289062 41.033870697021484 0
vertex -21.935794830322266 41.089019775390625 0
endloop
endfacet
facet normal 0 0 -1
outer loop
vertex -22.90093231201172 40.527313232421875 0
vertex -31.812280654907227 33.51897048950195 0
vertex -23.002573013305664 40.48888397216797 0
endloop
endfacet
facet normal -0.9999999996201295 -0.000027563395799893318 0
outer loop
vertex -81.79607391357422 -64.32837677001953 0
vertex -81.79606628417969 -64.60517120361328 0
vertex -81.79607391357422 -64.32837677001953 0.20000000298023224
endloop
endfacet
facet normal 0 0 1
outer loop
vertex 64.9774169921875 66.48224639892578 5
vertex 48.223419189453125 56.82148742675781 5
vertex 66.33043670654297 58.6744499206543 5
endloop
endfacet
facet normal 0 0 -1
outer loop
vertex -74.3622817993164 4.468972206115723 0
vertex -80.5050277709961 -0.04788186773657799 0
vertex -80.50288391113281 18.952117919921875 0
endloop
endfacet
facet normal 0 0 1
outer loop
vertex 48.223419189453125 56.82148742675781 5
vertex 54.119483947753906 51.62445068359375 5
vertex 66.33043670654297 58.6744499206543 5
endloop
endfacet
facet normal 0 0 -1
outer loop
vertex -69.8122787475586 4.468972206115723 0
vertex -80.5050277709961 -0.04788186773657799 0
vertex -74.3622817993164 4.468972206115723 0
endloop
endfacet
facet normal 0 0 -1
outer loop
vertex -20.20003890991211 18.943971633911133 0
vertex -21.935794830322266 41.089019775390625 0
vertex -20.20003890991211 41.943973541259766 0
endloop
endfacet
facet normal 0 0 -1
outer loop
vertex -20.20003890991211 41.943973541259766 0
vertex -21.935794830322266 41.089019775390625 0
vertex -20.354612350463867 42.64531707763672 0
endloop
endfacet
facet normal 0 0 -1
outer loop
vertex -20.354612350463867 42.64531707763672 0
vertex -7.17374324798584 42.7071647644043 0
vertex -20.20003890991211 41.943973541259766 0
endloop
endfacet
facet normal 0 0 -1
outer loop
vertex -20.20003890991211 41.943973541259766 0
vertex -7.17374324798584 42.7071647644043 0
vertex -7.9369354248046875 41.943973541259766 0
endloop
endfacet
facet normal 0 0 -1
outer loop
vertex -74.3622817993164 -0.4310277998447418 0
vertex -81.79866790771484 -2.4746153354644775 0
vertex -69.8122787475586 4.468972206115723 0
endloop
endfacet
facet normal 0.4994636288921802 0.8663348564001419 0
outer loop
vertex -32.44345474243164 40.536312103271484 0
vertex -33.35546875 41.062110900878906 0
vertex -32.44345474243164 40.536312103271484 5
endloop
endfacet
facet normal 0.35979523301873284 0.9330312911671267 0
outer loop
vertex -32.34206771850586 40.497215270996094 0
vertex -32.44345474243164 40.536312103271484 0
vertex -32.34206771850586 40.497215270996094 5
endloop
endfacet
facet normal 0.10644376600455228 0.9943187238902665 0
outer loop
vertex -31.273433685302734 40.2740592956543 0
vertex -31.347623825073242 40.28200149536133 0
vertex -31.273433685302734 40.2740592956543 5
endloop
endfacet
facet normal 0.21151952474934035 0.9773737722334342 0
outer loop
vertex -31.347623825073242 40.28200149536133 0
vertex -32.34206771850586 40.497215270996094 0
vertex -31.347623825073242 40.28200149536133 5
endloop
endfacet
facet normal 0.21956522815341847 0.9755978221510835 0
outer loop
vertex -36.96342468261719 44.65467834472656 0
vertex -38.52973175048828 45.00718688964844 0
vertex -36.96342468261719 44.65467834472656 5
endloop
endfacet
facet normal 0.8052866893557755 0.5928856111817984 0
outer loop
vertex -33.46365737915039 41.158843994140625 0
vertex -35.02124786376953 43.27444076538086 0
vertex -33.46365737915039 41.158843994140625 5
endloop
endfacet
facet normal 0.5120827582618735 0.8589361144409469 0
outer loop
vertex -35.59040069580078 43.83610534667969 0
vertex -36.96342468261719 44.65467834472656 0
vertex -35.59040069580078 43.83610534667969 5
endloop
endfacet
facet normal 0.7024089335836905 0.7117736227353628 0
outer loop
vertex -35.02124786376953 43.27444076538086 0
vertex -35.59040069580078 43.83610534667969 0
vertex -35.02124786376953 43.27444076538086 5
endloop
endfacet
facet normal 0.6665374279659445 0.7454715669430614 0
outer loop
vertex -33.35546875 41.062110900878906 0
vertex -33.46365737915039 41.158843994140625 0
vertex -33.35546875 41.062110900878906 5
endloop
endfacet
facet normal 0.0001519721815108044 0.999999988452228 0
outer loop
vertex -24.069364547729492 40.27296447753906 0
vertex -31.273433685302734 40.2740592956543 0
vertex -24.069364547729492 40.27296447753906 5
endloop
endfacet
facet normal -0.10303663764051127 0.9946775614759479 0
outer loop
vertex -23.997333526611328 40.280426025390625 0
vertex -24.069364547729492 40.27296447753906 0
vertex -23.997333526611328 40.280426025390625 5
endloop
endfacet
facet normal -0.20510092714808142 0.9787408286584337 0
outer loop
vertex -23.002573013305664 40.48888397216797 0
vertex -23.997333526611328 40.280426025390625 0
vertex -23.002573013305664 40.48888397216797 5
endloop
endfacet
facet normal -0.3536555427360445 0.9353757304378139 0
outer loop
vertex -22.90093231201172 40.527313232421875 0
vertex -23.002573013305664 40.48888397216797 0
vertex -22.90093231201172 40.527313232421875 5
endloop
endfacet
facet normal -0.49376368916926955 0.8695961242197167 0
outer loop
vertex -22.008804321289062 41.033870697021484 0
vertex -22.90093231201172 40.527313232421875 0
vertex -22.008804321289062 41.033870697021484 5
endloop
endfacet
facet normal -0.6027381283057097 0.7979390632664438 0
outer loop
vertex -21.935794830322266 41.089019775390625 0
vertex -22.008804321289062 41.033870697021484 0
vertex -21.935794830322266 41.089019775390625 5
endloop
endfacet
facet normal 0 0 -1
outer loop
vertex -81.79866790771484 -2.4746153354644775 0
vertex -80.5050277709961 -0.04788186773657799 0
vertex -69.8122787475586 4.468972206115723 0
endloop
endfacet
facet normal 0 0 1
outer loop
vertex 48.223419189453125 56.82148742675781 5
vertex 48.32633972167969 48.427490234375 5
vertex 54.119483947753906 51.62445068359375 5
endloop
endfacet
facet normal 0 0 1
outer loop
vertex 48.223419189453125 56.82148742675781 5
vertex 46.9339714050293 55.893402099609375 5
vertex 48.32633972167969 48.427490234375 5
endloop
endfacet
facet normal 0 0 1
outer loop
vertex 46.9339714050293 55.893402099609375 5
vertex 46.83847427368164 55.84476852416992 5
vertex 48.32633972167969 48.427490234375 5
endloop
endfacet
facet normal -0.7014762413086694 0.712692839082491 0
outer loop
vertex -20.354612350463867 42.64531707763672 0
vertex -21.935794830322266 41.089019775390625 0
vertex -20.354612350463867 42.64531707763672 5
endloop
endfacet
facet normal -0.004692179661799382 0.999988991664419 0
outer loop
vertex -7.17374324798584 42.7071647644043 0
vertex -20.354612350463867 42.64531707763672 0
vertex -20.354612350463867 42.64531707763672 5
endloop
endfacet
facet normal 0 0 1
outer loop
vertex 46.83847427368164 55.84476852416992 5
vertex 30.032604217529297 50.307857513427734 5
vertex 48.32633972167969 48.427490234375 5
endloop
endfacet
facet normal 0 0 1
outer loop
vertex 61.16948318481445 39.41349411010742 5
vertex 54.119483947753906 51.62445068359375 5
vertex 52.68347930908203 35.01759338378906 5
endloop
endfacet
facet normal -0.9999999990302461 -0.0000440118788972983 0.0000015691047454936551
outer loop
vertex -81.79865264892578 -2.9746153354644775 0.20000000298023224
vertex -81.79866790771484 -2.4746153354644775 4.5
vertex -81.79877471923828 -0.04773591086268425 4.5
endloop
endfacet
facet normal -0.9999999995053365 -0.000030517577427783058 -0.000007616056511684544
outer loop
vertex -81.79878997802734 0.45226410031318665 4.5
vertex -81.79865264892578 -2.9746153354644775 0.20000000298023224
vertex -81.79877471923828 -0.04773591086268425 4.5
endloop
endfacet
facet normal -0.00011280567607919018 -0.9999999936374396 0
outer loop
vertex -82.50497436523438 0.45234376192092896 4.5
vertex -81.79878997802734 0.45226410031318665 0.20000000298023224
vertex -81.79878997802734 0.45226410031318665 4.5
endloop
endfacet
facet normal -0.9999999935261547 0.000113786971842325 -4.643542097939118e-7
outer loop
vertex -82.50489044189453 1.1723437309265137 0.20000000298023224
vertex -82.50497436523438 0.45234376192092896 4.5
vertex -82.50431060791016 6.285676956176758 4.5
endloop
endfacet
facet normal 0 0 1
outer loop
vertex 48.32633972167969 48.427490234375 5
vertex 52.68347930908203 35.01759338378906 5
vertex 54.119483947753906 51.62445068359375 5
endloop
endfacet
facet normal 0 0 -1
outer loop
vertex -74.3622817993164 -0.4310277998447418 0
vertex -80.50530242919922 -2.4747612476348877 0
vertex -81.79866790771484 -2.4746153354644775 0
endloop
endfacet
facet normal -0.9999999936296223 0.0001128732393402321 6.222083076886373e-7
outer loop
vertex -82.50293731689453 18.452342987060547 4.5
vertex -82.50489044189453 1.1723437309265137 0.20000000298023224
vertex -82.50431060791016 6.285676956176758 4.5
endloop
endfacet
facet normal 0 0 1
outer loop
vertex 52.68347930908203 35.01759338378906 5
vertex 53.73772048950195 23.318971633911133 5
vertex 61.16948318481445 39.41349411010742 5
endloop
endfacet
facet normal 0.8658721757915803 0.5002653048033161 0
outer loop
vertex 71.54666900634766 64.50418853759766 4.5
vertex 71.35010528564453 64.84440612792969 0
vertex 71.35010528564453 64.84440612792969 5
endloop
endfacet
facet normal -0.9999999990314773 -0.00004401187889735249 0
outer loop
vertex -81.79877471923828 -0.04773591086268425 0.20000000298023224
vertex -81.79866790771484 -2.4746153354644775 0
vertex -81.79866790771484 -2.4746153354644775 0.20000000298023224
endloop
endfacet
facet normal 0.7756889940242206 0.6311153496387902 0
outer loop
vertex 71.35010528564453 64.84440612792969 5
vertex 70.84463500976562 65.46566772460938 0
vertex 70.84463500976562 65.46566772460938 5
endloop
endfacet
facet normal 0.6023799966839816 0.798209458472528 0
outer loop
vertex 70.84463500976562 65.46566772460938 5
vertex 69.5687255859375 66.42855072021484 0
vertex 69.5687255859375 66.42855072021484 5
endloop
endfacet
facet normal 0.00011117739505019667 0.9999999938197933 0
outer loop
vertex -81.79954528808594 18.4522647857666 4.5
vertex -82.50293731689453 18.452342987060547 0.20000000298023224
vertex -82.50293731689453 18.452342987060547 4.5
endloop
endfacet
facet normal -0.999999998952262 -0.00004577636713953836 0
outer loop
vertex -81.79954528808594 18.4522647857666 0.20000000298023224
vertex -81.79954528808594 18.4522647857666 4.5
vertex -81.79956817626953 18.9522647857666 4.5
endloop
endfacet
facet normal -0.9999999991647324 -0.000040868197670486075 -5.707173816488545e-7
outer loop
vertex -81.79954528808594 18.4522647857666 0.20000000298023224
vertex -81.79956817626953 18.9522647857666 4.5
vertex -81.79966735839844 21.37914276123047 4.5
endloop
endfacet
facet normal -0.9999999989484253 -0.00004577636713936273 0.000002770122886876825
outer loop
vertex -81.79969024658203 21.87914276123047 4.5
vertex -81.79954528808594 18.4522647857666 0.20000000298023224
vertex -81.79966735839844 21.37914276123047 4.5
endloop
endfacet
facet normal -0.00011397433875129403 -0.9999999935049251 0
outer loop
vertex -82.50255584716797 21.879222869873047 4.5
vertex -81.79969024658203 21.87914276123047 0.20000000298023224
vertex -81.79969024658203 21.87914276123047 4.5
endloop
endfacet
facet normal -0.9999999990314773 -0.00004401187889735249 0
outer loop
vertex -81.79877471923828 -0.04773591086268425 0
vertex -81.79866790771484 -2.4746153354644775 0
vertex -81.79877471923828 -0.04773591086268425 0.20000000298023224
endloop
endfacet
facet normal 0 0 -1
outer loop
vertex -81.79866790771484 -2.4746153354644775 0
vertex -81.79877471923828 -0.04773591086268425 0
vertex -80.5050277709961 -0.04788186773657799 0
endloop
endfacet
facet normal -0.9999999936739971 0.00011247906068992661 -6.833704305539283e-7
outer loop
vertex -82.50247192382812 22.59922218322754 0.20000000298023224
vertex -82.50255584716797 21.879222869873047 4.5
vertex -82.50189971923828 27.712556838989258 4.5
endloop
endfacet
facet normal -0.9999999936291522 0.00011287323934017903 -0.0000011521070305433325
outer loop
vertex -82.50052642822266 39.87922286987305 4.5
vertex -82.50247192382812 22.59922218322754 0.20000000298023224
vertex -82.50189971923828 27.712556838989258 4.5
endloop
endfacet
facet normal 0 0 1
outer loop
vertex -1.4013508558273315 17.37873649597168 5
vertex -3.262279987335205 -40.656028747558594 5
vertex 1.6377201080322266 13.81897258758545 5
endloop
endfacet
facet normal 0 0 1
outer loop
vertex -3.262279987335205 -21.656028747558594 5
vertex -1.4013508558273315 17.37873649597168 5
vertex -3.262279987335205 -7.556027889251709 5
endloop
endfacet
facet normal 0 0 1
outer loop
vertex -3.262279987335205 -26.556028366088867 5
vertex -1.4013508558273315 17.37873649597168 5
vertex -3.262279987335205 -21.656028747558594 5
endloop
endfacet
facet normal 0 0 1
outer loop
vertex -3.262279987335205 -2.6560277938842773 5
vertex -17.362279891967773 -2.6560277938842773 5
vertex -3.262279987335205 -7.556027889251709 5
endloop
endfacet
facet normal 0 0 1
outer loop
vertex -3.262279987335205 -40.656028747558594 5
vertex -1.4013508558273315 17.37873649597168 5
vertex -3.262279987335205 -26.556028366088867 5
endloop
endfacet
facet normal 0 0 1
outer loop
vertex -17.362279891967773 -2.6560277938842773 5
vertex -22.262279510498047 -5.181027889251709 5
vertex -3.262279987335205 -7.556027889251709 5
endloop
endfacet
facet normal 0 0 1
outer loop
vertex -17.362279891967773 -7.556027889251709 5
vertex -3.262279987335205 -7.556027889251709 5
vertex -22.262279510498047 -5.181027889251709 5
endloop
endfacet
facet normal 0 0 1
outer loop
vertex -22.262279510498047 -5.181027889251709 5
vertex -17.362279891967773 -2.6560277938842773 5
vertex -22.262279510498047 -0.28102779388427734 5
endloop
endfacet
facet normal 0 0 1
outer loop
vertex -22.262279510498047 -5.181027889251709 5
vertex -22.262279510498047 -19.281028747558594 5
vertex -17.362279891967773 -7.556027889251709 5
endloop
endfacet
facet normal 0 0 1
outer loop
vertex -17.362279891967773 -21.656028747558594 5
vertex -17.362279891967773 -7.556027889251709 5
vertex -22.262279510498047 -19.281028747558594 5
endloop
endfacet
facet normal 0 0 1
outer loop
vertex -3.262279987335205 -21.656028747558594 5
vertex -17.362279891967773 -21.656028747558594 5
vertex -3.262279987335205 -26.556028366088867 5
endloop
endfacet
facet normal 0 0 1
outer loop
vertex -3.262279987335205 -40.656028747558594 5
vertex -3.262279987335205 -45.556026458740234 5
vertex 1.6377201080322266 -5.181027889251709 5
endloop
endfacet
facet normal 0 0 1
outer loop
vertex -3.262279987335205 -45.556026458740234 5
vertex -3.262279987335205 -59.656028747558594 5
vertex 1.6377201080322266 -5.181027889251709 5
endloop
endfacet
facet normal 0 0 1
outer loop
vertex -17.362279891967773 -21.656028747558594 5
vertex -22.262279510498047 -24.181028366088867 5
vertex -3.262279987335205 -26.556028366088867 5
endloop
endfacet
facet normal 0 0 1
outer loop
vertex -17.362279891967773 -26.556028366088867 5
vertex -3.262279987335205 -26.556028366088867 5
vertex -22.262279510498047 -24.181028366088867 5
endloop
endfacet
facet normal 0 0 1
outer loop
vertex -22.262279510498047 -19.281028747558594 5
vertex -22.262279510498047 -24.181028366088867 5
vertex -17.362279891967773 -21.656028747558594 5
endloop
endfacet
facet normal 0 0 1
outer loop
vertex -22.262279510498047 -24.181028366088867 5
vertex -22.262279510498047 -38.281028747558594 5
vertex -17.362279891967773 -26.556028366088867 5
endloop
endfacet
facet normal 0 0 1
outer loop
vertex -17.362279891967773 -40.656028747558594 5
vertex -17.362279891967773 -26.556028366088867 5
vertex -22.262279510498047 -38.281028747558594 5
endloop
endfacet
facet normal 0 0 1
outer loop
vertex -36.362281799316406 -0.28102779388427734 5
vertex -36.362281799316406 -5.181027889251709 5
vertex -22.262279510498047 -5.181027889251709 5
endloop
endfacet
facet normal 0 0 1
outer loop
vertex -36.362281799316406 -5.181027889251709 5
vertex -36.362281799316406 -0.28102779388427734 5
vertex -41.26227951049805 -14.531027793884277 5
endloop
endfacet
facet normal 0 0 1
outer loop
vertex -41.26227951049805 -14.531027793884277 5
vertex -36.362281799316406 -19.281028747558594 5
vertex -36.362281799316406 -5.181027889251709 5
endloop
endfacet
facet normal 0 0 1
outer loop
vertex -41.26227951049805 -14.531027793884277 5
vertex -41.26227951049805 -19.431028366088867 5
vertex -36.362281799316406 -19.281028747558594 5
endloop
endfacet
facet normal 0 0 1
outer loop
vertex -22.262279510498047 -19.281028747558594 5
vertex -36.362281799316406 -24.181028366088867 5
vertex -22.262279510498047 -24.181028366088867 5
endloop
endfacet
facet normal 0 0 1
outer loop
vertex -36.362281799316406 -19.281028747558594 5
vertex -36.362281799316406 -24.181028366088867 5
vertex -22.262279510498047 -19.281028747558594 5
endloop
endfacet
facet normal 0 0 1
outer loop
vertex -41.26227951049805 -19.431028366088867 5
vertex -36.362281799316406 -24.181028366088867 5
vertex -36.362281799316406 -19.281028747558594 5
endloop
endfacet
facet normal 0 0 1
outer loop
vertex -41.26227951049805 -19.431028366088867 5
vertex -41.26227951049805 -33.531028747558594 5
vertex -36.362281799316406 -24.181028366088867 5
endloop
endfacet
facet normal 0 0 1
outer loop
vertex -41.26227951049805 -33.531028747558594 5
vertex -36.362281799316406 -38.281028747558594 5
vertex -36.362281799316406 -24.181028366088867 5
endloop
endfacet
facet normal 0 0 1
outer loop
vertex -41.26227951049805 -33.531028747558594 5
vertex -41.26227951049805 -38.431026458740234 5
vertex -36.362281799316406 -38.281028747558594 5
endloop
endfacet
facet normal 0 0 1
outer loop
vertex -3.262279987335205 -40.656028747558594 5
vertex -17.362279891967773 -40.656028747558594 5
vertex -3.262279987335205 -45.556026458740234 5
endloop
endfacet
facet normal 0.3242679813867297 0.9459652616493777 0
outer loop
vertex 69.5687255859375 66.42855072021484 5
vertex 68.0819320678711 66.9382095336914 0
vertex 68.0819320678711 66.9382095336914 5
endloop
endfacet
facet normal -0.9999999990314773 -0.00004401187889735249 0
outer loop
vertex -81.79877471923828 -0.04773591086268425 4.5
vertex -81.79866790771484 -2.4746153354644775 4.5
vertex -81.79866790771484 -2.4746153354644775 5
endloop
endfacet
facet normal 0.01399944354340506 0.9999020029885304 0
outer loop
vertex 68.0819320678711 66.9382095336914 5
vertex 66.51036834716797 66.96021270751953 0
vertex 66.51036834716797 66.96021270751953 5
endloop
endfacet
facet normal -0.2976616204752505 0.9546714407041033 0
outer loop
vertex 66.51036834716797 66.96021270751953 5
vertex 64.9774169921875 66.48224639892578 0
vertex 64.9774169921875 66.48224639892578 5
endloop
endfacet
facet normal 0 0 -1
outer loop
vertex -81.55086517333984 -65.56698608398438 0
vertex -69.8122787475586 -52.531028747558594 0
vertex -81.31280517578125 -66.00245666503906 0
endloop
endfacet
facet normal -0.4994768652354246 0.86632722518376 0
outer loop
vertex 72.41815948486328 64.42948913574219 4.5
vertex 71.79680633544922 64.07125091552734 0.20000000298023224
vertex 71.79680633544922 64.07125091552734 4.5
endloop
endfacet
facet normal 0.8658688921254141 0.5002709882145672 5.731213599707879e-7
outer loop
vertex 71.79680633544922 64.07125091552734 4.5
vertex 71.35010528564453 64.84440612792969 0
vertex 71.54666900634766 64.50418853759766 4.5
endloop
endfacet
facet normal -0.9999999990314773 -0.00004401187889735249 0
outer loop
vertex -81.79877471923828 -0.04773591086268425 5
vertex -81.79877471923828 -0.04773591086268425 4.5
vertex -81.79866790771484 -2.4746153354644775 5
endloop
endfacet
facet normal 0.8663282362677988 0.49947511153635016 9.357169895945579e-7
outer loop
vertex 75.3317642211914 59.37590789794922 4.5
vertex 72.77778625488281 63.80573272705078 0.20000000298023224
vertex 72.41815948486328 64.42948913574219 4.5
endloop
endfacet
facet normal 0 0 1
outer loop
vertex -81.79877471923828 -0.04773591086268425 5
vertex -81.79866790771484 -2.4746153354644775 5
vertex -80.50530242919922 -2.4747612476348877 5
endloop
endfacet
facet normal 0 0 1
outer loop
vertex -80.5050277709961 -0.04788186773657799 5
vertex -81.79877471923828 -0.04773591086268425 5
vertex -80.50530242919922 -2.4747612476348877 5
endloop
endfacet
facet normal 0 0 1
outer loop
vertex -80.5050277709961 -0.04788186773657799 5
vertex -80.50530242919922 -2.4747612476348877 5
vertex -74.3622817993164 4.468972206115723 5
endloop
endfacet
facet normal 0 0 1
outer loop
vertex -74.3622817993164 4.468972206115723 5
vertex -80.50530242919922 -2.4747612476348877 5
vertex -74.3622817993164 -0.4310277998447418 5
endloop
endfacet
facet normal 0.866328098678179 0.49947535018162376 0.0000012632885283847939
outer loop
vertex 81.4087142944336 48.8355827331543 4.5
vertex 72.77778625488281 63.80573272705078 0.20000000298023224
vertex 75.3317642211914 59.37590789794922 4.5
endloop
endfacet
facet normal 0.9546716456955303 0.2976609630183098 0
outer loop
vertex 81.66619873046875 46.2835693359375 5
vertex 81.18832397460938 47.81623077392578 0
vertex 81.18832397460938 47.81623077392578 5
endloop
endfacet
facet normal 0.9999020714012001 -0.013994556355571596 0
outer loop
vertex 81.64420318603516 44.71200180053711 5
vertex 81.66619873046875 46.2835693359375 0
vertex 81.66619873046875 46.2835693359375 5
endloop
endfacet
facet normal 0.8658696037998048 0.5002697564461692 9.270669624133789e-7
outer loop
vertex 81.18832397460938 47.81623077392578 5
vertex 80.8016128540039 48.48556137084961 0.20000000298023224
vertex 81.05174255371094 48.05262756347656 4.5
endloop
endfacet
facet normal 0.9459637726446235 -0.3242723251280489 0
outer loop
vertex 81.13453674316406 43.2252082824707 5
vertex 81.64420318603516 44.71200180053711 0
vertex 81.64420318603516 44.71200180053711 5
endloop
endfacet
facet normal 0 0 1
outer loop
vertex -80.50288391113281 18.952117919921875 5
vertex -80.5050277709961 -0.04788186773657799 5
vertex -74.3622817993164 18.568971633911133 5
endloop
endfacet
facet normal 0 0 1
outer loop
vertex -74.3622817993164 18.568971633911133 5
vertex -80.5050277709961 -0.04788186773657799 5
vertex -74.3622817993164 4.468972206115723 5
endloop
endfacet
facet normal 0 0 1
outer loop
vertex -17.362279891967773 -40.656028747558594 5
vertex -22.262279510498047 -43.181026458740234 5
vertex -3.262279987335205 -45.556026458740234 5
endloop
endfacet
facet normal 0 0 1
outer loop
vertex -17.362279891967773 -45.556026458740234 5
vertex -3.262279987335205 -45.556026458740234 5
vertex -22.262279510498047 -43.181026458740234 5
endloop
endfacet
facet normal 0 0 1
outer loop
vertex -74.3622817993164 4.468972206115723 5
vertex -74.3622817993164 -0.4310277998447418 5
vertex -60.26227951049805 -0.4310277998447418 5
endloop
endfacet
facet normal 0 0 1
outer loop
vertex -60.26227951049805 4.468972206115723 5
vertex -74.3622817993164 4.468972206115723 5
vertex -60.26227951049805 -0.4310277998447418 5
endloop
endfacet
facet normal 0 0 1
outer loop
vertex -22.262279510498047 -38.281028747558594 5
vertex -22.262279510498047 -43.181026458740234 5
vertex -17.362279891967773 -40.656028747558594 5
endloop
endfacet
facet normal 0 0 1
outer loop
vertex -22.262279510498047 -43.181026458740234 5
vertex -22.262279510498047 -57.281028747558594 5
vertex -17.362279891967773 -45.556026458740234 5
endloop
endfacet
facet normal 0.798209458472528 -0.6023799966839816 0
outer loop
vertex 80.1716537475586 41.94929885864258 5
vertex 81.13453674316406 43.2252082824707 0
vertex 81.13453674316406 43.2252082824707 5
endloop
endfacet
facet normal 0.6311200457645992 -0.7756851731431317 0
outer loop
vertex 79.5491714477539 41.44282913208008 5
vertex 80.1716537475586 41.94929885864258 0
vertex 80.1716537475586 41.94929885864258 5
endloop
endfacet
facet normal 0.504144847721453 -0.8636191131024794 0
outer loop
vertex 61.99153518676758 31.19341278076172 5
vertex 79.5491714477539 41.44282913208008 0
vertex 79.5491714477539 41.44282913208008 5
endloop
endfacet
facet normal -0.9999999991648952 -0.00004086819767049273 0
outer loop
vertex -81.79966735839844 21.37914276123047 4.5
vertex -81.79956817626953 18.9522647857666 4.5
vertex -81.79956817626953 18.9522647857666 5
endloop
endfacet
facet normal 0 0 -1
outer loop
vertex -80.5467300415039 -66.79631805419922 0
vertex -69.8122787475586 -52.531028747558594 0
vertex -80.1250991821289 -67.04672241210938 0
endloop
endfacet
facet normal 0.49947675547554105 -0.8663272884652927 0
outer loop
vertex 80.8016128540039 48.48556137084961 4.5
vertex 81.4087142944336 48.8355827331543 0.20000000298023224
vertex 81.4087142944336 48.8355827331543 4.5
endloop
endfacet
facet normal -0.9999999991648952 -0.00004086819767049273 0
outer loop
vertex -81.79966735839844 21.37914276123047 5
vertex -81.79966735839844 21.37914276123047 4.5
vertex -81.79956817626953 18.9522647857666 5
endloop
endfacet
facet normal 0.8658735923388355 0.5002628529985412 0
outer loop
vertex 80.8016128540039 48.48556137084961 0.20000000298023224
vertex 80.8016128540039 48.48556137084961 4.5
vertex 81.05174255371094 48.05262756347656 4.5
endloop
endfacet
facet normal 0 0 1
outer loop
vertex -81.79966735839844 21.37914276123047 5
vertex -81.79956817626953 18.9522647857666 5
vertex -80.50288391113281 18.952117919921875 5
endloop
endfacet
facet normal 0 0 1
outer loop
vertex -80.50260925292969 21.378997802734375 5
vertex -81.79966735839844 21.37914276123047 5
vertex -80.50288391113281 18.952117919921875 5
endloop
endfacet
facet normal 0 0 1
outer loop
vertex -80.50260925292969 21.378997802734375 5
vertex -80.50288391113281 18.952117919921875 5
vertex -74.3622817993164 23.468971252441406 5
endloop
endfacet
facet normal 0 0 1
outer loop
vertex -74.3622817993164 23.468971252441406 5
vertex -80.50288391113281 18.952117919921875 5
vertex -74.3622817993164 18.568971633911133 5
endloop
endfacet
facet normal 0 0 -1
outer loop
vertex -69.8122787475586 -52.531028747558594 0
vertex -80.5467300415039 -66.79631805419922 0
vertex -81.31280517578125 -66.00245666503906 0
endloop
endfacet
facet normal 0 0 -1
outer loop
vertex -80.1250991821289 -67.04672241210938 0
vertex -69.8122787475586 -52.531028747558594 0
vertex -79.06179809570312 -67.33942413330078 0
endloop
endfacet
facet normal -0.4995281194182083 0.8662976728068178 0
outer loop
vertex 64.9774169921875 66.48224639892578 5
vertex 48.223419189453125 56.82148742675781 0
vertex 48.223419189453125 56.82148742675781 5
endloop
endfacet
facet normal 0 0 -1
outer loop
vertex -69.8122787475586 -52.531028747558594 0
vertex -81.55086517333984 -65.56698608398438 0
vertex -80.51228332519531 -64.32852172851562 0
endloop
endfacet
facet normal 0 0 1
outer loop
vertex -80.50260925292969 21.378997802734375 5
vertex -74.3622817993164 23.468971252441406 5
vertex -74.3622817993164 37.568973541259766 5
endloop
endfacet
facet normal 0 0 1
outer loop
vertex -17.362279891967773 -59.656028747558594 5
vertex -17.362279891967773 -45.556026458740234 5
vertex -22.262279510498047 -57.281028747558594 5
endloop
endfacet
facet normal 0 0 1
outer loop
vertex -3.262279987335205 -59.656028747558594 5
vertex -5.523258686065674 -68.94975280761719 5
vertex 1.6377201080322266 -43.181026458740234 5
endloop
endfacet
facet normal 0 0 1
outer loop
vertex -74.3622817993164 23.468971252441406 5
vertex -74.3622817993164 18.568971633911133 5
vertex -60.26227951049805 18.568971633911133 5
endloop
endfacet
facet normal 0 0 1
outer loop
vertex -60.26227951049805 23.468971252441406 5
vertex -74.3622817993164 23.468971252441406 5
vertex -60.26227951049805 18.568971633911133 5
endloop
endfacet
facet normal 0 0 1
outer loop
vertex -5.484846115112305 -69.00032043457031 5
vertex -4.737268447875977 -70.19538116455078 5
vertex 1.6377201080322266 -43.181026458740234 5
endloop
endfacet
facet normal 0 0 1
outer loop
vertex -4.737268447875977 -70.19538116455078 5
vertex -3.976933240890503 -70.97051239013672 5
vertex 1.6377201080322266 -43.181026458740234 5
endloop
endfacet
facet normal 0 0 1
outer loop
vertex -60.26227951049805 -0.4310277998447418 5
vertex -55.362281799316406 -0.4310277998447418 5
vertex -55.362281799316406 4.468972206115723 5
endloop
endfacet
facet normal 0 0 1
outer loop
vertex -60.26227951049805 4.468972206115723 5
vertex -60.26227951049805 -0.4310277998447418 5
vertex -55.362281799316406 18.568971633911133 5
endloop
endfacet
facet normal 0 0 1
outer loop
vertex -55.362281799316406 18.568971633911133 5
vertex -60.26227951049805 -0.4310277998447418 5
vertex -55.362281799316406 4.468972206115723 5
endloop
endfacet
facet normal 0 0 1
outer loop
vertex -60.26227951049805 18.568971633911133 5
vertex -60.26227951049805 4.468972206115723 5
vertex -55.362281799316406 18.568971633911133 5
endloop
endfacet
facet normal 0 0 1
outer loop
vertex -5.523258686065674 -68.94975280761719 5
vertex -5.484846115112305 -69.00032043457031 5
vertex 1.6377201080322266 -43.181026458740234 5
endloop
endfacet
facet normal 0 0 1
outer loop
vertex -3.262279987335205 -59.656028747558594 5
vertex -16.562280654907227 -62.85602951049805 5
vertex -8.357351303100586 -67.3607177734375 5
endloop
endfacet
facet normal 0 0 1
outer loop
vertex -55.362281799316406 4.468972206115723 5
vertex -55.362281799316406 -0.4310277998447418 5
vertex -41.26227951049805 -0.4310277998447418 5
endloop
endfacet
facet normal 0 0 1
outer loop
vertex -41.26227951049805 4.468972206115723 5
vertex -55.362281799316406 4.468972206115723 5
vertex -41.26227951049805 -0.4310277998447418 5
endloop
endfacet
facet normal 0 0 1
outer loop
vertex 1.6377201080322266 -57.281028747558594 5
vertex -2.051360845565796 -71.94482421875 5
vertex -0.9502841234207153 -72.1020278930664 5
endloop
endfacet
facet normal 0 0 1
outer loop
vertex 1.6377201080322266 -57.281028747558594 5
vertex -3.0673940181732178 -71.56290435791016 5
vertex -2.051360845565796 -71.94482421875 5
endloop
endfacet
facet normal 0 0 1
outer loop
vertex -60.26227951049805 18.568971633911133 5
vertex -55.362281799316406 18.568971633911133 5
vertex -55.362281799316406 23.468971252441406 5
endloop
endfacet
facet normal 0 0 1
outer loop
vertex -60.26227951049805 23.468971252441406 5
vertex -60.26227951049805 18.568971633911133 5
vertex -55.362281799316406 23.468971252441406 5
endloop
endfacet
facet normal 0 0 1
outer loop
vertex -55.362281799316406 23.468971252441406 5
vertex -55.362281799316406 37.568973541259766 5
vertex -60.26227951049805 23.468971252441406 5
endloop
endfacet
facet normal 0 0 1
outer loop
vertex -3.976933240890503 -70.97051239013672 5
vertex -3.0673940181732178 -71.56290435791016 5
vertex 1.6377201080322266 -57.281028747558594 5
endloop
endfacet
facet normal 0 0 1
outer loop
vertex -6.290603160858154 -68.1347427368164 5
vertex -6.205807209014893 -68.20269775390625 5
vertex -3.262279987335205 -59.656028747558594 5
endloop
endfacet
facet normal 0 0 1
outer loop
vertex -55.362281799316406 23.468971252441406 5
vertex -55.362281799316406 18.568971633911133 5
vertex -41.26227951049805 18.568971633911133 5
endloop
endfacet
facet normal 0 0 1
outer loop
vertex -41.26227951049805 23.468971252441406 5
vertex -55.362281799316406 23.468971252441406 5
vertex -41.26227951049805 18.568971633911133 5
endloop
endfacet
facet normal 0.00011442769729251083 0.9999999934531512 0
outer loop
vertex -81.80044555664062 39.87914276123047 4.5
vertex -82.50052642822266 39.87922286987305 0.20000000298023224
vertex -82.50052642822266 39.87922286987305 4.5
endloop
endfacet
facet normal -0.9999999993472134 -0.000036132715440311946 0
outer loop
vertex -81.80046081542969 40.30144119262695 4.5
vertex -81.80044555664062 39.87914276123047 0.20000000298023224
vertex -81.80044555664062 39.87914276123047 4.5
endloop
endfacet
facet normal -0.9755997541322354 0.21955664357318314 0
outer loop
vertex -81.80046081542969 40.30144119262695 0.20000000298023224
vertex -81.80046081542969 40.30144119262695 4.5
vertex -81.78297424316406 40.37914276123047 4.5
endloop
endfacet
facet normal 0 0 1
outer loop
vertex -6.205807209014893 -68.20269775390625 5
vertex -5.523258686065674 -68.94975280761719 5
vertex -3.262279987335205 -59.656028747558594 5
endloop
endfacet
facet normal -0.9755978438986331 0.21956513152208926 -1.6114660061474916e-7
outer loop
vertex -81.44794464111328 41.8677864074707 5
vertex -81.80046081542969 40.30144119262695 0.20000000298023224
vertex -81.78297424316406 40.37914276123047 4.5
endloop
endfacet
facet normal 0 0 1
outer loop
vertex -3.262279987335205 -59.656028747558594 5
vertex -7.2895026206970215 -67.58129119873047 5
vertex -7.188024997711182 -67.62014770507812 5
endloop
endfacet
facet normal -0.8589346564354853 0.5120852038226207 0
outer loop
vertex -80.6430892944336 43.21779251098633 5
vertex -81.44794464111328 41.8677864074707 0
vertex -81.44794464111328 41.8677864074707 5
endloop
endfacet
facet normal -0.6570875703801862 0.7538142508946509 0
outer loop
vertex -79.45830535888672 44.25054931640625 5
vertex -80.6430892944336 43.21779251098633 0
vertex -80.6430892944336 43.21779251098633 5
endloop
endfacet
facet normal -0.39006813813704055 0.9207859944690203 0
outer loop
vertex -77.98646545410156 44.87405776977539 5
vertex -79.45830535888672 44.25054931640625 0
vertex -79.45830535888672 44.25054931640625 5
endloop
endfacet
facet normal -0.15870976901646555 0.9873252803502706 0
outer loop
vertex -77.19574737548828 45.001163482666016 5
vertex -77.98646545410156 44.87405776977539 0
vertex -77.98646545410156 44.87405776977539 5
endloop
endfacet
facet normal 0 0 1
outer loop
vertex -7.188024997711182 -67.62014770507812 5
vertex -6.290603160858154 -68.1347427368164 5
vertex -3.262279987335205 -59.656028747558594 5
endloop
endfacet
facet normal 0 0 1
outer loop
vertex -3.262279987335205 -59.656028747558594 5
vertex -8.28402042388916 -67.36849212646484 5
vertex -7.2895026206970215 -67.58129119873047 5
endloop
endfacet
facet normal -0.00015578038781530833 0.9999999878662352 0
outer loop
vertex -38.52973175048828 45.00718688964844 5
vertex -77.19574737548828 45.001163482666016 0
vertex -77.19574737548828 45.001163482666016 5
endloop
endfacet
facet normal 0 0 1
outer loop
vertex -8.357351303100586 -67.3607177734375 5
vertex -8.28402042388916 -67.36849212646484 5
vertex -3.262279987335205 -59.656028747558594 5
endloop
endfacet
facet normal 0 0 1
outer loop
vertex -3.262279987335205 -59.656028747558594 5
vertex -17.362279891967773 -59.656028747558594 5
vertex -17.073373794555664 -61.899837493896484 5
endloop
endfacet
facet normal 0 0 1
outer loop
vertex -17.073373794555664 -61.899837493896484 5
vertex -16.899106979370117 -62.04285430908203 5
vertex -3.262279987335205 -59.656028747558594 5
endloop
endfacet
facet normal 0 0 1
outer loop
vertex -16.75609016418457 -62.21712112426758 5
vertex -16.649818420410156 -62.41594314575195 5
vertex -3.262279987335205 -59.656028747558594 5
endloop
endfacet
facet normal 0 0 1
outer loop
vertex -16.649818420410156 -62.41594314575195 5
vertex -16.58437728881836 -62.631675720214844 5
vertex -3.262279987335205 -59.656028747558594 5
endloop
endfacet
facet normal 0 0 1
outer loop
vertex -16.58437728881836 -62.631675720214844 5
vertex -16.562280654907227 -62.85602951049805 5
vertex -3.262279987335205 -59.656028747558594 5
endloop
endfacet
facet normal 0 0 1
outer loop
vertex -16.899106979370117 -62.04285430908203 5
vertex -16.75609016418457 -62.21712112426758 5
vertex -3.262279987335205 -59.656028747558594 5
endloop
endfacet
facet normal 0 0 -1
outer loop
vertex -69.8122787475586 -52.531028747558594 0
vertex -80.51228332519531 -64.32852172851562 0
vertex -74.3622817993164 -52.531028747558594 0
endloop
endfacet
facet normal -0.5841732764720641 0.8116289688372966 0
outer loop
vertex 48.223419189453125 56.82148742675781 5
vertex 46.9339714050293 55.893402099609375 0
vertex 46.9339714050293 55.893402099609375 5
endloop
endfacet
facet normal -0.45380793377399886 0.8910995226369353 0
outer loop
vertex 46.9339714050293 55.893402099609375 5
vertex 46.83847427368164 55.84476852416992 0
vertex 46.83847427368164 55.84476852416992 5
endloop
endfacet
facet normal 0 0 -1
outer loop
vertex -79.06179809570312 -67.33942413330078 0
vertex -69.8122787475586 -52.531028747558594 0
vertex -69.8122787475586 -53.23102951049805 0
endloop
endfacet
facet normal 0 0 -1
outer loop
vertex -69.8122787475586 -53.23102951049805 0
vertex -64.8122787475586 -53.23102951049805 0
vertex -79.06179809570312 -67.33942413330078 0
endloop
endfacet
facet normal 0 0 -1
outer loop
vertex -79.06179809570312 -67.33942413330078 0
vertex -64.8122787475586 -53.23102951049805 0
vertex -60.26227951049805 -52.531028747558594 0
endloop
endfacet
facet normal 0 0 1
outer loop
vertex -80.5004653930664 40.378997802734375 5
vertex -80.50260925292969 21.378997802734375 5
vertex -74.3622817993164 37.568973541259766 5
endloop
endfacet
facet normal -0.9755978554926795 0.219565080006099 0
outer loop
vertex -81.44794464111328 41.8677864074707 5
vertex -81.78297424316406 40.37914276123047 4.5
vertex -81.78297424316406 40.37914276123047 5
endloop
endfacet
facet normal 0 0 -1
outer loop
vertex -79.06179809570312 -67.33942413330078 0
vertex -60.26227951049805 -52.531028747558594 0
vertex -55.362281799316406 -52.531028747558594 0
endloop
endfacet
facet normal 0 0 1
outer loop
vertex -81.44794464111328 41.8677864074707 5
vertex -81.78297424316406 40.37914276123047 5
vertex -80.5004653930664 40.378997802734375 5
endloop
endfacet
facet normal 0 0 1
outer loop
vertex -81.44794464111328 41.8677864074707 5
vertex -80.5004653930664 40.378997802734375 5
vertex -77.98646545410156 44.87405776977539 5
endloop
endfacet
facet normal 0 0 1
outer loop
vertex -80.6430892944336 43.21779251098633 5
vertex -81.44794464111328 41.8677864074707 5
vertex -77.98646545410156 44.87405776977539 5
endloop
endfacet
facet normal 0 0 1
outer loop
vertex -79.45830535888672 44.25054931640625 5
vertex -80.6430892944336 43.21779251098633 5
vertex -77.98646545410156 44.87405776977539 5
endloop
endfacet
facet normal 0 0 1
outer loop
vertex -77.19574737548828 45.001163482666016 5
vertex -77.98646545410156 44.87405776977539 5
vertex -80.5004653930664 40.378997802734375 5
endloop
endfacet
facet normal 0 0 1
outer loop
vertex -17.362279891967773 -59.656028747558594 5
vertex -17.272193908691406 -61.7935676574707 5
vertex -17.073373794555664 -61.899837493896484 5
endloop
endfacet
facet normal 0 0 1
outer loop
vertex -80.5004653930664 40.378997802734375 5
vertex -74.3622817993164 37.568973541259766 5
vertex -60.26227951049805 37.568973541259766 5
endloop
endfacet
facet normal 0 0 1
outer loop
vertex -80.5004653930664 40.378997802734375 5
vertex -60.26227951049805 37.568973541259766 5
vertex -55.362281799316406 37.568973541259766 5
endloop
endfacet
facet normal 0 0 1
outer loop
vertex -38.52973175048828 45.00718688964844 5
vertex -77.19574737548828 45.001163482666016 5
vertex -80.5004653930664 40.378997802734375 5
endloop
endfacet
facet normal 0 0 1
outer loop
vertex -17.487926483154297 -61.728126525878906 5
vertex -17.272193908691406 -61.7935676574707 5
vertex -17.362279891967773 -59.656028747558594 5
endloop
endfacet
facet normal 0 0 1
outer loop
vertex -60.26227951049805 37.568973541259766 5
vertex -60.26227951049805 23.468971252441406 5
vertex -55.362281799316406 37.568973541259766 5
endloop
endfacet
facet normal 0 0 1
outer loop
vertex -80.5004653930664 40.378997802734375 5
vertex -55.362281799316406 37.568973541259766 5
vertex -41.26227951049805 37.568973541259766 5
endloop
endfacet
facet normal 0 0 1
outer loop
vertex -38.52973175048828 45.00718688964844 5
vertex -80.5004653930664 40.378997802734375 5
vertex -41.26227951049805 37.568973541259766 5
endloop
endfacet
facet normal 0 0 1
outer loop
vertex -17.362279891967773 -59.656028747558594 5
vertex -17.7122802734375 -61.70602798461914 5
vertex -17.487926483154297 -61.728126525878906 5
endloop
endfacet
facet normal 0 0 1
outer loop
vertex -17.362279891967773 -59.656028747558594 5
vertex -17.936634063720703 -61.728126525878906 5
vertex -17.7122802734375 -61.70602798461914 5
endloop
endfacet
facet normal 0 0 1
outer loop
vertex -17.362279891967773 -59.656028747558594 5
vertex -18.152366638183594 -61.7935676574707 5
vertex -17.936634063720703 -61.728126525878906 5
endloop
endfacet
facet normal 0 0 1
outer loop
vertex -22.262279510498047 -57.281028747558594 5
vertex -18.152366638183594 -61.7935676574707 5
vertex -17.362279891967773 -59.656028747558594 5
endloop
endfacet
facet normal 0 0 1
outer loop
vertex -22.262279510498047 -57.281028747558594 5
vertex -18.351184844970703 -61.899837493896484 5
vertex -18.152366638183594 -61.7935676574707 5
endloop
endfacet
facet normal 0 0 1
outer loop
vertex -22.262279510498047 -57.281028747558594 5
vertex -18.525453567504883 -62.04285430908203 5
vertex -18.351184844970703 -61.899837493896484 5
endloop
endfacet
facet normal 0 0 1
outer loop
vertex -22.262279510498047 -57.281028747558594 5
vertex -18.66847038269043 -62.21712112426758 5
vertex -18.525453567504883 -62.04285430908203 5
endloop
endfacet
facet normal 0 0 1
outer loop
vertex -22.262279510498047 -57.281028747558594 5
vertex -18.774742126464844 -62.41594314575195 5
vertex -18.66847038269043 -62.21712112426758 5
endloop
endfacet
facet normal 0 0 1
outer loop
vertex -16.562280654907227 -62.85602951049805 5
vertex -16.58437728881836 -63.08038330078125 5
vertex -8.357351303100586 -67.3607177734375 5
endloop
endfacet
facet normal 0 0 1
outer loop
vertex -16.58437728881836 -63.08038330078125 5
vertex -16.649818420410156 -63.296112060546875 5
vertex -8.357351303100586 -67.3607177734375 5
endloop
endfacet
facet normal 0 0 1
outer loop
vertex -16.649818420410156 -63.296112060546875 5
vertex -16.75609016418457 -63.49493408203125 5
vertex -8.357351303100586 -67.3607177734375 5
endloop
endfacet
facet normal 0 0 1
outer loop
vertex -16.75609016418457 -63.49493408203125 5
vertex -16.899106979370117 -63.6692008972168 5
vertex -8.357351303100586 -67.3607177734375 5
endloop
endfacet
facet normal 0 0 1
outer loop
vertex -16.899106979370117 -63.6692008972168 5
vertex -17.073373794555664 -63.812217712402344 5
vertex -8.357351303100586 -67.3607177734375 5
endloop
endfacet
facet normal 0 0 1
outer loop
vertex -17.073373794555664 -63.812217712402344 5
vertex -17.272193908691406 -63.918487548828125 5
vertex -8.357351303100586 -67.3607177734375 5
endloop
endfacet
facet normal 0 0 1
outer loop
vertex -17.487926483154297 -63.98393249511719 5
vertex -17.7122802734375 -64.00602722167969 5
vertex -8.357351303100586 -67.3607177734375 5
endloop
endfacet
facet normal 0 0 1
outer loop
vertex -17.272193908691406 -63.918487548828125 5
vertex -17.487926483154297 -63.98393249511719 5
vertex -8.357351303100586 -67.3607177734375 5
endloop
endfacet
facet normal 0 0 1
outer loop
vertex -17.7122802734375 -64.00602722167969 5
vertex -17.936634063720703 -63.98393249511719 5
vertex -8.357351303100586 -67.3607177734375 5
endloop
endfacet
facet normal 0 0 1
outer loop
vertex -22.262279510498047 -38.281028747558594 5
vertex -36.362281799316406 -43.181026458740234 5
vertex -22.262279510498047 -43.181026458740234 5
endloop
endfacet
facet normal 0 0 1
outer loop
vertex -36.362281799316406 -38.281028747558594 5
vertex -36.362281799316406 -43.181026458740234 5
vertex -22.262279510498047 -38.281028747558594 5
endloop
endfacet
facet normal 0 0 1
outer loop
vertex -41.26227951049805 -38.431026458740234 5
vertex -36.362281799316406 -43.181026458740234 5
vertex -36.362281799316406 -38.281028747558594 5
endloop
endfacet
facet normal 0 0 1
outer loop
vertex -41.26227951049805 -38.431026458740234 5
vertex -41.26227951049805 -52.531028747558594 5
vertex -36.362281799316406 -43.181026458740234 5
endloop
endfacet
facet normal 0 0 1
outer loop
vertex -41.26227951049805 -52.531028747558594 5
vertex -36.362281799316406 -57.281028747558594 5
vertex -36.362281799316406 -43.181026458740234 5
endloop
endfacet
facet normal 0 0 1
outer loop
vertex -22.262279510498047 -57.281028747558594 5
vertex -36.362281799316406 -57.281028747558594 5
vertex -18.774742126464844 -62.41594314575195 5
endloop
endfacet
facet normal 0 0 1
outer loop
vertex -36.362281799316406 -57.281028747558594 5
vertex -18.84018325805664 -62.631675720214844 5
vertex -18.774742126464844 -62.41594314575195 5
endloop
endfacet
facet normal 0 0 1
outer loop
vertex -36.362281799316406 -57.281028747558594 5
vertex -18.862279891967773 -62.85602951049805 5
vertex -18.84018325805664 -62.631675720214844 5
endloop
endfacet
facet normal 0 0 -1
outer loop
vertex -74.3622817993164 -52.531028747558594 0
vertex -80.51228332519531 -64.32852172851562 0
vertex -80.51013946533203 -45.32851791381836 0
endloop
endfacet
facet normal 0.9999999990776409 -0.00004295018347280312 0
outer loop
vertex 61.18669128417969 1.074820876121521 5
vertex 61.18669128417969 1.074820876121521 4.5
vertex 61.18693542480469 6.759095191955566 5
endloop
endfacet
facet normal 0.9999999990776409 -0.00004295018347280312 0
outer loop
vertex 61.18669128417969 1.074820876121521 4.5
vertex 61.18693542480469 6.759095191955566 4.5
vertex 61.18693542480469 6.759095191955566 5
endloop
endfacet
facet normal 0 0 1
outer loop
vertex 61.249568939208984 30.27521324157715 5
vertex 61.16948318481445 39.41349411010742 5
vertex 53.73772048950195 23.318971633911133 5
endloop
endfacet
facet normal 0 0 1
outer loop
vertex -36.362281799316406 -57.281028747558594 5
vertex -18.84018325805664 -63.08038330078125 5
vertex -18.862279891967773 -62.85602951049805 5
endloop
endfacet
facet normal 0 0 1
outer loop
vertex -36.362281799316406 -57.281028747558594 5
vertex -18.774742126464844 -63.296112060546875 5
vertex -18.84018325805664 -63.08038330078125 5
endloop
endfacet
facet normal 0 0 1
outer loop
vertex -41.26227951049805 -0.4310277998447418 5
vertex -41.26227951049805 -14.531027793884277 5
vertex -36.362281799316406 13.81897258758545 5
endloop
endfacet
facet normal 0 0 1
outer loop
vertex -36.362281799316406 13.81897258758545 5
vertex -41.26227951049805 -14.531027793884277 5
vertex -36.362281799316406 -0.28102779388427734 5
endloop
endfacet
facet normal 0 0 1
outer loop
vertex -41.26227951049805 4.468972206115723 5
vertex -41.26227951049805 -0.4310277998447418 5
vertex -36.362281799316406 13.81897258758545 5
endloop
endfacet
facet normal 0 0 1
outer loop
vertex -41.26227951049805 4.468972206115723 5
vertex -36.362281799316406 13.81897258758545 5
vertex -36.362281799316406 18.718971252441406 5
endloop
endfacet
facet normal 0 0 1
outer loop
vertex -17.936634063720703 -63.98393249511719 5
vertex -79.06179809570312 -67.33942413330078 5
vertex -8.357351303100586 -67.3607177734375 5
endloop
endfacet
facet normal 0 0 1
outer loop
vertex -36.362281799316406 -0.28102779388427734 5
vertex -22.262279510498047 -5.181027889251709 5
vertex -22.262279510498047 -0.28102779388427734 5
endloop
endfacet
facet normal 0 0 1
outer loop
vertex -18.152366638183594 -63.918487548828125 5
vertex -18.351184844970703 -63.812217712402344 5
vertex -79.06179809570312 -67.33942413330078 5
endloop
endfacet
facet normal 0 0 1
outer loop
vertex -18.774742126464844 -63.296112060546875 5
vertex -79.06179809570312 -67.33942413330078 5
vertex -18.66847038269043 -63.49493408203125 5
endloop
endfacet
facet normal 0 0 1
outer loop
vertex -41.26227951049805 18.568971633911133 5
vertex -41.26227951049805 4.468972206115723 5
vertex -36.362281799316406 32.818973541259766 5
endloop
endfacet
facet normal 0 0 1
outer loop
vertex -36.362281799316406 32.818973541259766 5
vertex -41.26227951049805 4.468972206115723 5
vertex -36.362281799316406 18.718971252441406 5
endloop
endfacet
facet normal 0 0 1
outer loop
vertex -36.362281799316406 18.718971252441406 5
vertex -36.362281799316406 13.81897258758545 5
vertex -22.262279510498047 13.81897258758545 5
endloop
endfacet
facet normal 0 0 1
outer loop
vertex -41.26227951049805 23.468971252441406 5
vertex -41.26227951049805 18.568971633911133 5
vertex -36.362281799316406 32.818973541259766 5
endloop
endfacet
facet normal 0 0 1
outer loop
vertex -41.26227951049805 37.568973541259766 5
vertex -41.26227951049805 23.468971252441406 5
vertex -36.362281799316406 32.818973541259766 5
endloop
endfacet
facet normal 0 0 1
outer loop
vertex -18.351184844970703 -63.812217712402344 5
vertex -18.525453567504883 -63.6692008972168 5
vertex -79.06179809570312 -67.33942413330078 5
endloop
endfacet
facet normal 0 0 1
outer loop
vertex -36.362281799316406 18.718971252441406 5
vertex -22.262279510498047 13.81897258758545 5
vertex -22.262279510498047 18.718971252441406 5
endloop
endfacet
facet normal 0 0 1
outer loop
vertex -22.262279510498047 32.818973541259766 5
vertex -22.262279510498047 18.718971252441406 5
vertex -20.20003890991211 41.943973541259766 5
endloop
endfacet
facet normal 0 0 1
outer loop
vertex -18.525453567504883 -63.6692008972168 5
vertex -18.66847038269043 -63.49493408203125 5
vertex -79.06179809570312 -67.33942413330078 5
endloop
endfacet
facet normal 0 0 1
outer loop
vertex -22.262279510498047 -0.28102779388427734 5
vertex -17.362279891967773 -2.6560277938842773 5
vertex -17.362279891967773 11.44397258758545 5
endloop
endfacet
facet normal 0 0 1
outer loop
vertex -22.262279510498047 13.81897258758545 5
vertex -22.262279510498047 -0.28102779388427734 5
vertex -17.362279891967773 11.44397258758545 5
endloop
endfacet
facet normal 0 0 1
outer loop
vertex -22.262279510498047 18.718971252441406 5
vertex -22.262279510498047 13.81897258758545 5
vertex -17.362279891967773 11.44397258758545 5
endloop
endfacet
facet normal 0 0 1
outer loop
vertex -17.362279891967773 11.44397258758545 5
vertex -3.262279987335205 11.44397258758545 5
vertex -20.20003890991211 18.943971633911133 5
endloop
endfacet
facet normal 0 0 1
outer loop
vertex -3.262279987335205 -7.556027889251709 5
vertex -1.4013508558273315 17.37873649597168 5
vertex -3.262279987335205 -2.6560277938842773 5
endloop
endfacet
facet normal 0 0 1
outer loop
vertex -18.152366638183594 -63.918487548828125 5
vertex -79.06179809570312 -67.33942413330078 5
vertex -17.936634063720703 -63.98393249511719 5
endloop
endfacet
facet normal 0 0 1
outer loop
vertex -3.262279987335205 -2.6560277938842773 5
vertex -1.4013508558273315 17.37873649597168 5
vertex -3.262279987335205 11.44397258758545 5
endloop
endfacet
facet normal 0 0 1
outer loop
vertex -22.262279510498047 18.718971252441406 5
vertex -17.362279891967773 11.44397258758545 5
vertex -20.20003890991211 18.943971633911133 5
endloop
endfacet
facet normal 0 0 1
outer loop
vertex -20.20003890991211 41.943973541259766 5
vertex -22.262279510498047 18.718971252441406 5
vertex -20.20003890991211 18.943971633911133 5
endloop
endfacet
facet normal 0 0 1
outer loop
vertex -20.20003890991211 18.943971633911133 5
vertex -3.262279987335205 11.44397258758545 5
vertex -3.850038528442383 18.520578384399414 5
endloop
endfacet
facet normal 0 0 1
outer loop
vertex -4.454707622528076 18.943971633911133 5
vertex -20.20003890991211 18.943971633911133 5
vertex -3.850038528442383 18.520578384399414 5
endloop
endfacet
facet normal 0 0 1
outer loop
vertex -3.262279987335205 11.44397258758545 5
vertex -1.4013508558273315 17.37873649597168 5
vertex -3.850038528442383 18.520578384399414 5
endloop
endfacet
facet normal -0.14133941293345062 -0.9899611963868218 0
outer loop
vertex -2.051360845565796 -71.94482421875 5
vertex -0.9502841234207153 -72.1020278930664 0
vertex -0.9502841234207153 -72.1020278930664 5
endloop
endfacet
facet normal -0.3518562581644595 -0.9360540441611827 0
outer loop
vertex -3.0673940181732178 -71.56290435791016 5
vertex -2.051360845565796 -71.94482421875 0
vertex -2.051360845565796 -71.94482421875 5
endloop
endfacet
facet normal 0.35979523301873284 0.9330312911671267 0
outer loop
vertex -32.34206771850586 40.497215270996094 5
vertex -32.44345474243164 40.536312103271484 0
vertex -32.44345474243164 40.536312103271484 5
endloop
endfacet
facet normal 0.21151952474934035 0.9773737722334342 0
outer loop
vertex -31.347623825073242 40.28200149536133 5
vertex -32.34206771850586 40.497215270996094 0
vertex -32.34206771850586 40.497215270996094 5
endloop
endfacet
facet normal 0.10644376600455228 0.9943187238902665 0
outer loop
vertex -31.273433685302734 40.2740592956543 5
vertex -31.347623825073242 40.28200149536133 0
vertex -31.347623825073242 40.28200149536133 5
endloop
endfacet
facet normal 0.21956522815341847 0.9755978221510835 0
outer loop
vertex -36.96342468261719 44.65467834472656 5
vertex -38.52973175048828 45.00718688964844 0
vertex -38.52973175048828 45.00718688964844 5
endloop
endfacet
facet normal 0.5120827582618735 0.8589361144409469 0
outer loop
vertex -35.59040069580078 43.83610534667969 5
vertex -36.96342468261719 44.65467834472656 0
vertex -36.96342468261719 44.65467834472656 5
endloop
endfacet
facet normal 0.8052866893557755 0.5928856111817984 0
outer loop
vertex -33.46365737915039 41.158843994140625 5
vertex -35.02124786376953 43.27444076538086 0
vertex -35.02124786376953 43.27444076538086 5
endloop
endfacet
facet normal 0.7024089335836905 0.7117736227353628 0
outer loop
vertex -35.02124786376953 43.27444076538086 5
vertex -35.59040069580078 43.83610534667969 0
vertex -35.59040069580078 43.83610534667969 5
endloop
endfacet
facet normal 0.6665374279659445 0.7454715669430614 0
outer loop
vertex -33.35546875 41.062110900878906 5
vertex -33.46365737915039 41.158843994140625 0
vertex -33.46365737915039 41.158843994140625 5
endloop
endfacet
facet normal 0.4994636288921802 0.8663348564001419 0
outer loop
vertex -32.44345474243164 40.536312103271484 5
vertex -33.35546875 41.062110900878906 0
vertex -33.35546875 41.062110900878906 5
endloop
endfacet
facet normal 0.0001519721815108044 0.999999988452228 0
outer loop
vertex -24.069364547729492 40.27296447753906 5
vertex -31.273433685302734 40.2740592956543 0
vertex -31.273433685302734 40.2740592956543 5
endloop
endfacet
facet normal -0.10303663764051127 0.9946775614759479 0
outer loop
vertex -23.997333526611328 40.280426025390625 5
vertex -24.069364547729492 40.27296447753906 0
vertex -24.069364547729492 40.27296447753906 5
endloop
endfacet
facet normal -0.20510092714808142 0.9787408286584337 0
outer loop
vertex -23.002573013305664 40.48888397216797 5
vertex -23.997333526611328 40.280426025390625 0
vertex -23.997333526611328 40.280426025390625 5
endloop
endfacet
facet normal -0.3536555427360445 0.9353757304378139 0
outer loop
vertex -22.90093231201172 40.527313232421875 5
vertex -23.002573013305664 40.48888397216797 0
vertex -23.002573013305664 40.48888397216797 5
endloop
endfacet
facet normal -0.49376368916926955 0.8695961242197167 0
outer loop
vertex -22.008804321289062 41.033870697021484 5
vertex -22.90093231201172 40.527313232421875 0
vertex -22.90093231201172 40.527313232421875 5
endloop
endfacet
facet normal -0.7963049859497653 -0.6048953375184374 0
outer loop
vertex -5.523258686065674 -68.94975280761719 5
vertex -5.484846115112305 -69.00032043457031 0
vertex -5.484846115112305 -69.00032043457031 5
endloop
endfacet
facet normal -0.8477863028739234 -0.5303379909636533 0
outer loop
vertex -5.484846115112305 -69.00032043457031 5
vertex -4.737268447875977 -70.19538116455078 0
vertex -4.737268447875977 -70.19538116455078 5
endloop
endfacet
facet normal -0.6027381283057097 0.7979390632664438 0
outer loop
vertex -21.935794830322266 41.089019775390625 5
vertex -22.008804321289062 41.033870697021484 0
vertex -22.008804321289062 41.033870697021484 5
endloop
endfacet
facet normal -0.7014762413086694 0.712692839082491 0
outer loop
vertex -20.354612350463867 42.64531707763672 5
vertex -21.935794830322266 41.089019775390625 0
vertex -21.935794830322266 41.089019775390625 5
endloop
endfacet
facet normal 0 0 1
outer loop
vertex 61.197200775146484 30.18000030517578 5
vertex 61.249568939208984 30.27521324157715 5
vertex 53.73772048950195 23.318971633911133 5
endloop
endfacet
facet normal -0.004692179661799382 0.999988991664419 0
outer loop
vertex -20.354612350463867 42.64531707763672 5
vertex -7.17374324798584 42.7071647644043 5
vertex -7.17374324798584 42.7071647644043 0
endloop
endfacet
facet normal 0 0 1
outer loop
vertex 60.82365036010742 29.100845336914062 5
vertex 59.887760162353516 25.759151458740234 5
vertex 60.78494644165039 28.084903717041016 5
endloop
endfacet
facet normal -0.7138874402031821 -0.7002604677690639 0
outer loop
vertex -4.737268447875977 -70.19538116455078 5
vertex -3.976933240890503 -70.97051239013672 0
vertex -3.976933240890503 -70.97051239013672 5
endloop
endfacet
facet normal 0 0 1
outer loop
vertex -33.46365737915039 41.158843994140625 5
vertex -35.02124786376953 43.27444076538086 5
vertex -41.26227951049805 37.568973541259766 5
endloop
endfacet
facet normal 0 0 1
outer loop
vertex -41.26227951049805 37.568973541259766 5
vertex -36.362281799316406 32.818973541259766 5
vertex -31.273433685302734 40.2740592956543 5
endloop
endfacet
facet normal 0 0 1
outer loop
vertex -32.44345474243164 40.536312103271484 5
vertex -33.35546875 41.062110900878906 5
vertex -41.26227951049805 37.568973541259766 5
endloop
endfacet
facet normal 0 0 1
outer loop
vertex -32.44345474243164 40.536312103271484 5
vertex -41.26227951049805 37.568973541259766 5
vertex -32.34206771850586 40.497215270996094 5
endloop
endfacet
facet normal 0 0 1
outer loop
vertex -33.35546875 41.062110900878906 5
vertex -33.46365737915039 41.158843994140625 5
vertex -41.26227951049805 37.568973541259766 5
endloop
endfacet
facet normal 0 0 1
outer loop
vertex -31.347623825073242 40.28200149536133 5
vertex -32.34206771850586 40.497215270996094 5
vertex -41.26227951049805 37.568973541259766 5
endloop
endfacet
facet normal 0 0 1
outer loop
vertex -31.347623825073242 40.28200149536133 5
vertex -41.26227951049805 37.568973541259766 5
vertex -31.273433685302734 40.2740592956543 5
endloop
endfacet
facet normal 0 0 1
outer loop
vertex -38.52973175048828 45.00718688964844 5
vertex -41.26227951049805 37.568973541259766 5
vertex -36.96342468261719 44.65467834472656 5
endloop
endfacet
facet normal 0 0 1
outer loop
vertex -35.59040069580078 43.83610534667969 5
vertex -36.96342468261719 44.65467834472656 5
vertex -41.26227951049805 37.568973541259766 5
endloop
endfacet
facet normal 0 0 1
outer loop
vertex -35.02124786376953 43.27444076538086 5
vertex -35.59040069580078 43.83610534667969 5
vertex -41.26227951049805 37.568973541259766 5
endloop
endfacet
facet normal -0.5457597767759306 -0.8379416841603516 0
outer loop
vertex -3.976933240890503 -70.97051239013672 5
vertex -3.0673940181732178 -71.56290435791016 0
vertex -3.0673940181732178 -71.56290435791016 5
endloop
endfacet
facet normal 0 0 1
outer loop
vertex -31.273433685302734 40.2740592956543 5
vertex -36.362281799316406 32.818973541259766 5
vertex -22.262279510498047 32.818973541259766 5
endloop
endfacet
facet normal 0 0 1
outer loop
vertex -24.069364547729492 40.27296447753906 5
vertex -31.273433685302734 40.2740592956543 5
vertex -22.262279510498047 32.818973541259766 5
endloop
endfacet
facet normal 0 0 1
outer loop
vertex -24.069364547729492 40.27296447753906 5
vertex -22.262279510498047 32.818973541259766 5
vertex -23.997333526611328 40.280426025390625 5
endloop
endfacet
facet normal 0 0 1
outer loop
vertex -23.002573013305664 40.48888397216797 5
vertex -23.997333526611328 40.280426025390625 5
vertex -22.262279510498047 32.818973541259766 5
endloop
endfacet
facet normal 0 0 1
outer loop
vertex -23.002573013305664 40.48888397216797 5
vertex -22.262279510498047 32.818973541259766 5
vertex -22.90093231201172 40.527313232421875 5
endloop
endfacet
facet normal 0 0 1
outer loop
vertex -22.90093231201172 40.527313232421875 5
vertex -22.262279510498047 32.818973541259766 5
vertex -20.20003890991211 41.943973541259766 5
endloop
endfacet
facet normal 0 0 1
outer loop
vertex -22.008804321289062 41.033870697021484 5
vertex -22.90093231201172 40.527313232421875 5
vertex -20.20003890991211 41.943973541259766 5
endloop
endfacet
facet normal 0 0 1
outer loop
vertex -21.935794830322266 41.089019775390625 5
vertex -22.008804321289062 41.033870697021484 5
vertex -20.20003890991211 41.943973541259766 5
endloop
endfacet
facet normal 0 0 1
outer loop
vertex -20.354612350463867 42.64531707763672 5
vertex -21.935794830322266 41.089019775390625 5
vertex -20.20003890991211 41.943973541259766 5
endloop
endfacet
facet normal 0 0 1
outer loop
vertex -7.17374324798584 42.7071647644043 5
vertex -20.354612350463867 42.64531707763672 5
vertex -20.20003890991211 41.943973541259766 5
endloop
endfacet
facet normal 0 0 1
outer loop
vertex -20.20003890991211 41.943973541259766 5
vertex -7.9369354248046875 41.943973541259766 5
vertex -7.17374324798584 42.7071647644043 5
endloop
endfacet
facet normal 0 0 -1
outer loop
vertex -2.051360845565796 -71.94482421875 0
vertex -3.0673940181732178 -71.56290435791016 0
vertex 6.187719821929932 -57.281028747558594 0
endloop
endfacet
facet normal 0 0 -1
outer loop
vertex -0.9502841234207153 -72.1020278930664 0
vertex -2.051360845565796 -71.94482421875 0
vertex 6.187719821929932 -57.281028747558594 0
endloop
endfacet
facet normal 0 0 -1
outer loop
vertex 6.187719821929932 -57.281028747558594 0
vertex -3.0673940181732178 -71.56290435791016 0
vertex 1.6377201080322266 -57.281028747558594 0
endloop
endfacet
facet normal 0 0 -1
outer loop
vertex -0.9502841234207153 -72.1020278930664 0
vertex 6.187719821929932 -57.281028747558594 0
vertex 6.187719821929932 -57.98102951049805 0
endloop
endfacet
facet normal 0 0 -1
outer loop
vertex 1.6377201080322266 -57.281028747558594 0
vertex 0.20317384600639343 -57.528236389160156 0
vertex 0.23742805421352386 -57.35602951049805 0
endloop
endfacet
facet normal 0 0 -1
outer loop
vertex 1.6377201080322266 -57.281028747558594 0
vertex 0.23742805421352386 -57.35602951049805 0
vertex 0.20317384600639343 -57.18381881713867 0
endloop
endfacet
facet normal 0 0 -1
outer loop
vertex 1.6377201080322266 -57.281028747558594 0
vertex 0.20317384600639343 -57.18381881713867 0
vertex 0.20317384600639343 -56.258235931396484 0
endloop
endfacet
facet normal 0 0 -1
outer loop
vertex -0.3847794830799103 -56.94028091430664 0
vertex -0.5307700037956238 -57.0378303527832 0
vertex -0.21257194876670837 -56.53602600097656 0
endloop
endfacet
facet normal 0 0 -1
outer loop
vertex -0.3847794830799103 -56.94028091430664 0
vertex -0.21257194876670837 -56.53602600097656 0
vertex -0.21257194876670837 -56.906028747558594 0
endloop
endfacet
facet normal 0 0 -1
outer loop
vertex -0.21257194876670837 -56.53602600097656 0
vertex -0.5307700037956238 -57.0378303527832 0
vertex -0.3847794830799103 -56.501773834228516 0
endloop
endfacet
facet normal 0 0 -1
outer loop
vertex -0.21257194876670837 -56.906028747558594 0
vertex -0.21257194876670837 -56.53602600097656 0
vertex -0.040364399552345276 -56.94028091430664 0
endloop
endfacet
facet normal 0 0 -1
outer loop
vertex -0.040364399552345276 -56.94028091430664 0
vertex -0.040364399552345276 -56.501773834228516 0
vertex 0.10562610626220703 -57.0378303527832 0
endloop
endfacet
facet normal 0 0 -1
outer loop
vertex -0.040364399552345276 -56.501773834228516 0
vertex -0.040364399552345276 -56.94028091430664 0
vertex -0.21257194876670837 -56.53602600097656 0
endloop
endfacet
facet normal 0 0 -1
outer loop
vertex 0.10562610626220703 -57.0378303527832 0
vertex -0.040364399552345276 -56.501773834228516 0
vertex 0.10562610626220703 -56.40422439575195 0
endloop
endfacet
facet normal 0 0 -1
outer loop
vertex 0.20317384600639343 -57.18381881713867 0
vertex 0.10562610626220703 -57.0378303527832 0
vertex 0.10562610626220703 -56.40422439575195 0
endloop
endfacet
facet normal 0 0 -1
outer loop
vertex 0.20317384600639343 -56.258235931396484 0
vertex 0.20317384600639343 -57.18381881713867 0
vertex 0.10562610626220703 -56.40422439575195 0
endloop
endfacet
facet normal 0 0 -1
outer loop
vertex 1.6377201080322266 -57.281028747558594 0
vertex 0.20317384600639343 -56.258235931396484 0
vertex 0.23742805421352386 -56.086029052734375 0
endloop
endfacet
facet normal 0 0 -1
outer loop
vertex 1.6377201080322266 -57.281028747558594 0
vertex 0.23742805421352386 -56.086029052734375 0
vertex 0.20317384600639343 -55.913818359375 0
endloop
endfacet
facet normal 0 0 -1
outer loop
vertex 1.6377201080322266 -57.281028747558594 0
vertex 0.20317384600639343 -55.913818359375 0
vertex 0.10562610626220703 -55.76782989501953 0
endloop
endfacet
facet normal 0 0 -1
outer loop
vertex -0.3847794830799103 -55.67028045654297 0
vertex -0.21257194876670837 -55.266029357910156 0
vertex -0.21257194876670837 -55.63602828979492 0
endloop
endfacet
facet normal 0 0 -1
outer loop
vertex -0.21257194876670837 -55.266029357910156 0
vertex -0.3847794830799103 -55.67028045654297 0
vertex -0.3847794830799103 -55.231773376464844 0
endloop
endfacet
facet normal 0 0 -1
outer loop
vertex -0.21257194876670837 -55.266029357910156 0
vertex -0.040364399552345276 -55.67028045654297 0
vertex -0.21257194876670837 -55.63602828979492 0
endloop
endfacet
facet normal 0 0 -1
outer loop
vertex -0.040364399552345276 -55.67028045654297 0
vertex -0.040364399552345276 -55.231773376464844 0
vertex 0.10562610626220703 -55.76782989501953 0
endloop
endfacet
facet normal 0 0 -1
outer loop
vertex -0.040364399552345276 -55.231773376464844 0
vertex 0.10562610626220703 -55.13422775268555 0
vertex 0.10562610626220703 -55.76782989501953 0
endloop
endfacet
facet normal 0 0 -1
outer loop
vertex -0.040364399552345276 -55.67028045654297 0
vertex -0.21257194876670837 -55.266029357910156 0
vertex -0.040364399552345276 -55.231773376464844 0
endloop
endfacet
facet normal 0 0 -1
outer loop
vertex 0.10562610626220703 -55.13422775268555 0
vertex 0.20317384600639343 -54.98823547363281 0
vertex 0.10562610626220703 -55.76782989501953 0
endloop
endfacet
facet normal 0 0 -1
outer loop
vertex 1.6377201080322266 -57.281028747558594 0
vertex 0.10562610626220703 -55.76782989501953 0
vertex 1.6377201080322266 -52.005653381347656 0
endloop
endfacet
facet normal 0 0 -1
outer loop
vertex 6.187719821929932 -57.98102951049805 0
vertex 11.18772029876709 -57.98102951049805 0
vertex -0.9502841234207153 -72.1020278930664 0
endloop
endfacet
facet normal 0 0 -1
outer loop
vertex 11.18772029876709 -57.98102951049805 0
vertex 15.737720489501953 -57.281028747558594 0
vertex -0.9502841234207153 -72.1020278930664 0
endloop
endfacet
facet normal -0.35758896623407516 -0.93387907741187 0
outer loop
vertex -7.2895026206970215 -67.58129119873047 5
vertex -7.188024997711182 -67.62014770507812 0
vertex -7.188024997711182 -67.62014770507812 5
endloop
endfacet
facet normal -0.20923587935014532 -0.9778651986815828 0
outer loop
vertex -8.28402042388916 -67.36849212646484 5
vertex -7.2895026206970215 -67.58129119873047 0
vertex -7.2895026206970215 -67.58129119873047 5
endloop
endfacet
facet normal -0.10542662651972626 -0.9944270845168439 0
outer loop
vertex -8.357351303100586 -67.3607177734375 5
vertex -8.28402042388916 -67.36849212646484 0
vertex -8.28402042388916 -67.36849212646484 5
endloop
endfacet
facet normal -0.738261667313219 -0.6745144257730193 0
outer loop
vertex -6.205807209014893 -68.20269775390625 5
vertex -5.523258686065674 -68.94975280761719 0
vertex -5.523258686065674 -68.94975280761719 5
endloop
endfacet
facet normal -0.6253583899140441 -0.7803376731672734 0
outer loop
vertex -6.290603160858154 -68.1347427368164 5
vertex -6.205807209014893 -68.20269775390625 0
vertex -6.205807209014893 -68.20269775390625 5
endloop
endfacet
facet normal -0.497437350078086 -0.8674999036007393 0
outer loop
vertex -7.188024997711182 -67.62014770507812 5
vertex -6.290603160858154 -68.1347427368164 0
vertex -6.290603160858154 -68.1347427368164 5
endloop
endfacet
facet normal 0 0 1
outer loop
vertex 60.78977584838867 28.012025833129883 5
vertex 60.78494644165039 28.084903717041016 5
vertex 59.887760162353516 25.759151458740234 5
endloop
endfacet
facet normal 0 0 1
outer loop
vertex 61.177467346191406 25.759096145629883 5
vertex 60.78977584838867 28.012025833129883 5
vertex 59.887760162353516 25.759151458740234 5
endloop
endfacet
facet normal 0 0 1
outer loop
vertex 60.8444938659668 29.20749282836914 5
vertex 61.197200775146484 30.18000030517578 5
vertex 53.73772048950195 23.318971633911133 5
endloop
endfacet
facet normal 0 0 1
outer loop
vertex 53.73772048950195 23.318971633911133 5
vertex 60.82365036010742 29.100845336914062 5
vertex 60.8444938659668 29.20749282836914 5
endloop
endfacet
facet normal 0.9855146056799996 0.16959057164652425 0
outer loop
vertex 61.177467346191406 25.759096145629883 4.5
vertex 60.78977584838867 28.012025833129883 5
vertex 61.177467346191406 25.759096145629883 5
endloop
endfacet
facet normal 0 0 1
outer loop
vertex 53.73772048950195 9.218972206115723 5
vertex 59.887760162353516 25.759151458740234 5
vertex 60.82365036010742 29.100845336914062 5
endloop
endfacet
facet normal 0 0 1
outer loop
vertex 53.73772048950195 23.318971633911133 5
vertex 53.73772048950195 9.218972206115723 5
vertex 60.82365036010742 29.100845336914062 5
endloop
endfacet
facet normal 0 0 1
outer loop
vertex 39.273582458496094 30.66045379638672 5
vertex 53.73772048950195 23.318971633911133 5
vertex 52.68347930908203 35.01759338378906 5
endloop
endfacet
facet normal 0 0 1
outer loop
vertex 39.273582458496094 30.66045379638672 5
vertex 39.637718200683594 23.318971633911133 5
vertex 53.73772048950195 23.318971633911133 5
endloop
endfacet
facet normal -0.9999999991648939 -0.00004086822978993296 0
outer loop
vertex -81.796875 -45.328372955322266 0
vertex -81.796875 -45.328372955322266 0.20000000298023224
vertex -81.7969741821289 -42.90149688720703 0
endloop
endfacet
facet normal 0 0 1
outer loop
vertex 53.73772048950195 9.218972206115723 5
vertex 59.88693618774414 6.759151458740234 5
vertex 59.887760162353516 25.759151458740234 5
endloop
endfacet
facet normal 0 0 1
outer loop
vertex 53.73772048950195 9.218972206115723 5
vertex 53.73772048950195 4.318972110748291 5
vertex 59.88693618774414 6.759151458740234 5
endloop
endfacet
facet normal 0 0 1
outer loop
vertex 61.18669128417969 1.074820876121521 5
vertex 61.18693542480469 6.759095191955566 5
vertex 59.88693618774414 6.759151458740234 5
endloop
endfacet
facet normal 0 0 1
outer loop
vertex 59.88693618774414 6.759151458740234 5
vertex 59.886688232421875 1.074877381324768 5
vertex 61.18669128417969 1.074820876121521 5
endloop
endfacet
facet normal 0 0 1
outer loop
vertex 59.88693618774414 6.759151458740234 5
vertex 53.73772048950195 -9.781027793884277 5
vertex 59.886688232421875 1.074877381324768 5
endloop
endfacet
facet normal 0 0 1
outer loop
vertex 53.73772048950195 4.318972110748291 5
vertex 53.73772048950195 -9.781027793884277 5
vertex 59.88693618774414 6.759151458740234 5
endloop
endfacet
facet normal 0 0 1
outer loop
vertex 53.73772048950195 9.218972206115723 5
vertex 39.637718200683594 9.218972206115723 5
vertex 53.73772048950195 4.318972110748291 5
endloop
endfacet
facet normal 0 0 1
outer loop
vertex 39.637718200683594 9.218972206115723 5
vertex 39.637718200683594 4.318972110748291 5
vertex 53.73772048950195 4.318972110748291 5
endloop
endfacet
facet normal 0 0 -1
outer loop
vertex -81.796875 -45.328372955322266 0
vertex -81.7969741821289 -42.90149688720703 0
vertex -80.5098648071289 -42.901641845703125 0
endloop
endfacet
facet normal -0.9999999991648939 -0.00004086822978993296 0
outer loop
vertex -81.7969741821289 -42.90149688720703 0.20000000298023224
vertex -81.7969741821289 -42.90149688720703 0
vertex -81.796875 -45.328372955322266 0.20000000298023224
endloop
endfacet
facet normal 0 0 -1
outer loop
vertex 15.737720489501953 -57.281028747558594 0
vertex 20.637720108032227 -54.906028747558594 0
vertex -0.9502841234207153 -72.1020278930664 0
endloop
endfacet
facet normal 0 0 -1
outer loop
vertex 20.637720108032227 -54.906028747558594 0
vertex 25.187719345092773 -54.906028747558594 0
vertex -0.9502841234207153 -72.1020278930664 0
endloop
endfacet
facet normal 0 0 -1
outer loop
vertex 15.737720489501953 -57.281028747558594 0
vertex 11.18772029876709 -57.98102951049805 0
vertex 11.18772029876709 -57.281028747558594 0
endloop
endfacet
facet normal 0 0 -1
outer loop
vertex -0.9502841234207153 -72.1020278930664 0
vertex 25.187719345092773 -54.906028747558594 0
vertex 25.187719345092773 -55.60602951049805 0
endloop
endfacet
facet normal 0 0 -1
outer loop
vertex 25.187719345092773 -55.60602951049805 0
vertex 30.187719345092773 -55.60602951049805 0
vertex -0.9502841234207153 -72.1020278930664 0
endloop
endfacet
facet normal 0.6599134079221388 -0.7513416626572686 0
outer loop
vertex 61.89007568359375 31.104299545288086 5
vertex 61.99153518676758 31.19341278076172 0
vertex 61.99153518676758 31.19341278076172 5
endloop
endfacet
facet normal 0.7913546621450335 -0.6113573412508596 0
outer loop
vertex 61.249568939208984 30.27521324157715 5
vertex 61.89007568359375 31.104299545288086 0
vertex 61.89007568359375 31.104299545288086 5
endloop
endfacet
facet normal 0.8762118321130368 -0.48192616163175417 0
outer loop
vertex 61.197200775146484 30.18000030517578 5
vertex 61.249568939208984 30.27521324157715 0
vertex 61.249568939208984 30.27521324157715 5
endloop
endfacet
facet normal 0.9855137802986479 0.169595367983528 0
outer loop
vertex 61.18775939941406 25.699289321899414 4.5
vertex 61.18775939941406 25.699289321899414 0.20000000298023224
vertex 61.177467346191406 25.759096145629883 4.5
endloop
endfacet
facet normal 0.999999999061272 -0.000043329621388422845 0
outer loop
vertex 61.187740325927734 25.25909423828125 4.5
vertex 61.18775939941406 25.699289321899414 0.20000000298023224
vertex 61.18775939941406 25.699289321899414 4.5
endloop
endfacet
facet normal 0.00004087171183664196 0.9999999991647516 0
outer loop
vertex 61.88774108886719 25.259065628051758 4.5
vertex 61.187740325927734 25.25909423828125 0.20000000298023224
vertex 61.187740325927734 25.25909423828125 4.5
endloop
endfacet
facet normal 0.9999999990399342 -0.00004381451806199597 -6.478532256833242e-7
outer loop
vertex 61.88748550415039 19.425731658935547 4.5
vertex 61.8877067565918 24.539064407348633 0.20000000298023224
vertex 61.88774108886719 25.259065628051758 4.5
endloop
endfacet
facet normal 0.999999999063937 -0.00004326807192402167 1.951644036456056e-9
outer loop
vertex 61.886959075927734 7.259064674377441 4.5
vertex 61.8877067565918 24.539064407348633 0.20000000298023224
vertex 61.88748550415039 19.425731658935547 4.5
endloop
endfacet
facet normal -0.0000435964926207344 -0.9999999990496728 0
outer loop
vertex 61.18695831298828 7.259095191955566 4.5
vertex 61.886959075927734 7.259064674377441 0.20000000298023224
vertex 61.886959075927734 7.259064674377441 4.5
endloop
endfacet
facet normal 0.999999998952262 -0.00004577636713953836 0
outer loop
vertex 61.18693542480469 6.759095191955566 4.5
vertex 61.18695831298828 7.259095191955566 0.20000000298023224
vertex 61.18695831298828 7.259095191955566 4.5
endloop
endfacet
facet normal 0.9999999990775869 -0.000042950183472800795 3.286260086550283e-7
outer loop
vertex 61.18669128417969 1.074820876121521 4.5
vertex 61.18695831298828 7.259095191955566 0.20000000298023224
vertex 61.18693542480469 6.759095191955566 4.5
endloop
endfacet
facet normal 0.9999999989522619 -0.000045776372596507206 0
outer loop
vertex 61.186668395996094 0.5748209357261658 4.5
vertex 61.186668395996094 0.5748209357261658 0.20000000298023224
vertex 61.18669128417969 1.074820876121521 4.5
endloop
endfacet
facet normal -0.00030116407294034775 -0.9999999546500995 0
outer loop
vertex -79.06179809570312 -67.33942413330078 5
vertex -8.357351303100586 -67.3607177734375 0
vertex -8.357351303100586 -67.3607177734375 5
endloop
endfacet
facet normal 0 0 1
outer loop
vertex -41.26227951049805 -14.531027793884277 5
vertex -55.362281799316406 -14.531027793884277 5
vertex -41.26227951049805 -19.431028366088867 5
endloop
endfacet
facet normal 0 0 1
outer loop
vertex -55.362281799316406 -14.531027793884277 5
vertex -55.362281799316406 -19.431028366088867 5
vertex -41.26227951049805 -19.431028366088867 5
endloop
endfacet
facet normal 0 0 1
outer loop
vertex -60.26227951049805 -0.4310277998447418 5
vertex -60.26227951049805 -14.531027793884277 5
vertex -55.362281799316406 -0.4310277998447418 5
endloop
endfacet
facet normal 0 0 1
outer loop
vertex -55.362281799316406 -14.531027793884277 5
vertex -55.362281799316406 -0.4310277998447418 5
vertex -60.26227951049805 -14.531027793884277 5
endloop
endfacet
facet normal 0 0 1
outer loop
vertex -60.26227951049805 -14.531027793884277 5
vertex -60.26227951049805 -19.431028366088867 5
vertex -55.362281799316406 -14.531027793884277 5
endloop
endfacet
facet normal 0 0 1
outer loop
vertex -41.26227951049805 -33.531028747558594 5
vertex -55.362281799316406 -38.431026458740234 5
vertex -41.26227951049805 -38.431026458740234 5
endloop
endfacet
facet normal 0 0 1
outer loop
vertex -55.362281799316406 -33.531028747558594 5
vertex -55.362281799316406 -38.431026458740234 5
vertex -41.26227951049805 -33.531028747558594 5
endloop
endfacet
facet normal 0 0 1
outer loop
vertex -55.362281799316406 -14.531027793884277 5
vertex -60.26227951049805 -33.531028747558594 5
vertex -55.362281799316406 -19.431028366088867 5
endloop
endfacet
facet normal 0 0 1
outer loop
vertex -60.26227951049805 -19.431028366088867 5
vertex -60.26227951049805 -33.531028747558594 5
vertex -55.362281799316406 -14.531027793884277 5
endloop
endfacet
facet normal 0 0 1
outer loop
vertex -60.26227951049805 -33.531028747558594 5
vertex -60.26227951049805 -38.431026458740234 5
vertex -55.362281799316406 -19.431028366088867 5
endloop
endfacet
facet normal 0 0 1
outer loop
vertex -55.362281799316406 -19.431028366088867 5
vertex -60.26227951049805 -52.531028747558594 5
vertex -55.362281799316406 -33.531028747558594 5
endloop
endfacet
facet normal 0 0 1
outer loop
vertex -60.26227951049805 -38.431026458740234 5
vertex -60.26227951049805 -52.531028747558594 5
vertex -55.362281799316406 -19.431028366088867 5
endloop
endfacet
facet normal 0 0 1
outer loop
vertex -60.26227951049805 -14.531027793884277 5
vertex -74.3622817993164 -14.531027793884277 5
vertex -60.26227951049805 -19.431028366088867 5
endloop
endfacet
facet normal 0 0 1
outer loop
vertex -74.3622817993164 -14.531027793884277 5
vertex -74.3622817993164 -19.431028366088867 5
vertex -60.26227951049805 -19.431028366088867 5
endloop
endfacet
facet normal 0 0 1
outer loop
vertex -80.50530242919922 -2.4747612476348877 5
vertex -80.5074462890625 -21.474761962890625 5
vertex -74.3622817993164 -0.4310277998447418 5
endloop
endfacet
facet normal 0.00004342619382175644 0.9999999990570828 0
outer loop
vertex 61.88666915893555 0.5747905373573303 4.5
vertex 61.186668395996094 0.5748209357261658 0.20000000298023224
vertex 61.186668395996094 0.5748209357261658 4.5
endloop
endfacet
facet normal 0.999999999039934 -0.00004381452119585438 -6.478651513512468e-7
outer loop
vertex 61.88641357421875 -5.258543014526367 4.5
vertex 61.886634826660156 -0.14520946145057678 0.20000000298023224
vertex 61.88666915893555 0.5747905373573303 4.5
endloop
endfacet
facet normal 0 0 -1
outer loop
vertex -0.3847794830799103 -54.40028381347656 0
vertex -0.21257194876670837 -53.996028900146484 0
vertex -0.21257194876670837 -54.36602783203125 0
endloop
endfacet
facet normal 0 0 -1
outer loop
vertex -0.21257194876670837 -54.36602783203125 0
vertex -0.21257194876670837 -53.996028900146484 0
vertex -0.040364399552345276 -54.40028381347656 0
endloop
endfacet
facet normal 0 0 -1
outer loop
vertex 0.10562610626220703 -54.49782943725586 0
vertex -0.040364399552345276 -54.40028381347656 0
vertex -0.040364399552345276 -53.96177291870117 0
endloop
endfacet
facet normal 0 0 -1
outer loop
vertex 0.20317384600639343 -54.643821716308594 0
vertex 0.10562610626220703 -54.49782943725586 0
vertex 0.10562610626220703 -53.864227294921875 0
endloop
endfacet
facet normal 0 0 -1
outer loop
vertex -0.21257194876670837 -53.996028900146484 0
vertex -0.3847794830799103 -54.40028381347656 0
vertex -0.3847794830799103 -53.96177291870117 0
endloop
endfacet
facet normal 0 0 -1
outer loop
vertex -0.040364399552345276 -53.96177291870117 0
vertex -0.040364399552345276 -54.40028381347656 0
vertex -0.21257194876670837 -53.996028900146484 0
endloop
endfacet
facet normal 0 0 -1
outer loop
vertex 0.10562610626220703 -53.864227294921875 0
vertex 0.10562610626220703 -54.49782943725586 0
vertex -0.040364399552345276 -53.96177291870117 0
endloop
endfacet
facet normal 0 0 -1
outer loop
vertex 0.20317384600639343 -54.643821716308594 0
vertex 0.10562610626220703 -53.864227294921875 0
vertex 0.20317384600639343 -53.71823501586914 0
endloop
endfacet
facet normal 0 0 -1
outer loop
vertex 0.20317384600639343 -54.98823547363281 0
vertex 1.6377201080322266 -52.005653381347656 0
vertex 0.10562610626220703 -55.76782989501953 0
endloop
endfacet
facet normal 0 0 -1
outer loop
vertex 1.6377201080322266 -52.005653381347656 0
vertex 0.20317384600639343 -54.98823547363281 0
vertex 0.23742805421352386 -54.8160285949707 0
endloop
endfacet
facet normal 0 0 -1
outer loop
vertex 1.6377201080322266 -52.005653381347656 0
vertex 0.23742805421352386 -54.8160285949707 0
vertex 0.20317384600639343 -54.643821716308594 0
endloop
endfacet
facet normal 0 0 -1
outer loop
vertex -0.3847794830799103 -53.13028335571289 0
vertex -0.3847794830799103 -52.6917724609375 0
vertex -0.21257194876670837 -53.09602737426758 0
endloop
endfacet
facet normal 0 0 -1
outer loop
vertex -0.21257194876670837 -53.09602737426758 0
vertex -0.3847794830799103 -52.6917724609375 0
vertex -0.21257194876670837 -52.72602844238281 0
endloop
endfacet
facet normal 0 0 -1
outer loop
vertex -0.21257194876670837 -53.09602737426758 0
vertex -0.21257194876670837 -52.72602844238281 0
vertex -0.040364399552345276 -53.13028335571289 0
endloop
endfacet
facet normal 0 0 -1
outer loop
vertex -0.040364399552345276 -53.13028335571289 0
vertex -0.040364399552345276 -52.6917724609375 0
vertex 0.10562610626220703 -53.22782897949219 0
endloop
endfacet
facet normal 0 0 -1
outer loop
vertex -0.040364399552345276 -52.6917724609375 0
vertex -0.040364399552345276 -53.13028335571289 0
vertex -0.21257194876670837 -52.72602844238281 0
endloop
endfacet
facet normal 0 0 -1
outer loop
vertex 0.10562610626220703 -53.22782897949219 0
vertex -0.040364399552345276 -52.6917724609375 0
vertex 0.10562610626220703 -52.5942268371582 0
endloop
endfacet
facet normal 0 0 -1
outer loop
vertex 1.6377201080322266 -52.005653381347656 0
vertex 0.20317384600639343 -54.643821716308594 0
vertex 0.20317384600639343 -53.71823501586914 0
endloop
endfacet
facet normal 0 0 -1
outer loop
vertex 0.20317384600639343 -53.37382125854492 0
vertex 1.6377201080322266 -52.005653381347656 0
vertex 0.23742805421352386 -53.54602813720703 0
endloop
endfacet
facet normal 0 0 -1
outer loop
vertex 1.6377201080322266 -52.005653381347656 0
vertex 0.20317384600639343 -53.71823501586914 0
vertex 0.23742805421352386 -53.54602813720703 0
endloop
endfacet
facet normal 0 0 -1
outer loop
vertex 1.6377201080322266 -52.005653381347656 0
vertex 0.20317384600639343 -53.37382125854492 0
vertex 0.10562610626220703 -53.22782897949219 0
endloop
endfacet
facet normal 0 0 -1
outer loop
vertex 1.6377201080322266 -52.005653381347656 0
vertex 0.10562610626220703 -53.22782897949219 0
vertex 0.10562610626220703 -52.5942268371582 0
endloop
endfacet
facet normal 0 0 -1
outer loop
vertex -0.3847794830799103 -51.86028289794922 0
vertex -0.21257194876670837 -51.45602798461914 0
vertex -0.21257194876670837 -51.826026916503906 0
endloop
endfacet
facet normal 0 0 -1
outer loop
vertex -0.21257194876670837 -51.45602798461914 0
vertex -0.3847794830799103 -51.86028289794922 0
vertex -0.3847794830799103 -51.42177200317383 0
endloop
endfacet
facet normal 0 0 -1
outer loop
vertex -0.21257194876670837 -51.826026916503906 0
vertex -0.21257194876670837 -51.45602798461914 0
vertex -0.040364399552345276 -51.86028289794922 0
endloop
endfacet
facet normal 0 0 -1
outer loop
vertex -0.040364399552345276 -51.86028289794922 0
vertex -0.040364399552345276 -51.42177200317383 0
vertex 0.10562610626220703 -51.957828521728516 0
endloop
endfacet
facet normal 0 0 -1
outer loop
vertex -0.040364399552345276 -51.42177200317383 0
vertex -0.040364399552345276 -51.86028289794922 0
vertex -0.21257194876670837 -51.45602798461914 0
endloop
endfacet
facet normal 0 0 -1
outer loop
vertex 0.10562610626220703 -51.957828521728516 0
vertex -0.040364399552345276 -51.42177200317383 0
vertex 0.10562610626220703 -51.32422637939453 0
endloop
endfacet
facet normal 0 0 -1
outer loop
vertex 1.6377201080322266 -52.005653381347656 0
vertex 0.10562610626220703 -52.5942268371582 0
vertex 0.20317384600639343 -52.44823455810547 0
endloop
endfacet
facet normal 0 0 -1
outer loop
vertex 1.6377201080322266 -52.005653381347656 0
vertex 0.20317384600639343 -52.44823455810547 0
vertex 0.23742805421352386 -52.27602767944336 0
endloop
endfacet
facet normal 0 0 -1
outer loop
vertex 0.20317384600639343 -52.10382080078125 0
vertex 0.10562610626220703 -51.957828521728516 0
vertex 1.6377201080322266 -52.005653381347656 0
endloop
endfacet
facet normal 0 0 -1
outer loop
vertex 1.6377201080322266 -52.005653381347656 0
vertex 0.23742805421352386 -52.27602767944336 0
vertex 0.20317384600639343 -52.10382080078125 0
endloop
endfacet
facet normal 0 0 -1
outer loop
vertex 1.6377201080322266 -52.005653381347656 0
vertex 0.10562610626220703 -51.957828521728516 0
vertex 0.10562610626220703 -51.32422637939453 0
endloop
endfacet
facet normal 0 0 -1
outer loop
vertex 1.6377201080322266 -52.005653381347656 0
vertex 0.10562610626220703 -51.32422637939453 0
vertex 0.20317384600639343 -51.1782341003418 0
endloop
endfacet
facet normal 0 0 -1
outer loop
vertex -0.3847794830799103 -50.59028244018555 0
vertex -0.040364399552345276 -50.15177536010742 0
vertex -0.21257194876670837 -50.556026458740234 0
endloop
endfacet
facet normal 0 0 -1
outer loop
vertex -0.21257194876670837 -50.556026458740234 0
vertex -0.040364399552345276 -50.15177536010742 0
vertex -0.040364399552345276 -50.59028244018555 0
endloop
endfacet
facet normal 0 0 -1
outer loop
vertex 0.10562610626220703 -50.687828063964844 0
vertex -0.040364399552345276 -50.59028244018555 0
vertex 0.20317384600639343 -49.908233642578125 0
endloop
endfacet
facet normal 0 0 -1
outer loop
vertex 1.6377201080322266 -52.005653381347656 0
vertex 0.20317384600639343 -51.1782341003418 0
vertex 0.23742805421352386 -51.00602722167969 0
endloop
endfacet
facet normal 0 0 -1
outer loop
vertex 1.6377201080322266 -52.005653381347656 0
vertex 0.23742805421352386 -51.00602722167969 0
vertex 0.20317384600639343 -50.83382034301758 0
endloop
endfacet
facet normal 0 0 -1
outer loop
vertex 1.6377201080322266 -52.005653381347656 0
vertex 0.20317384600639343 -50.83382034301758 0
vertex 0.10562610626220703 -50.687828063964844 0
endloop
endfacet
facet normal 0 0 -1
outer loop
vertex 1.6377201080322266 -52.005653381347656 0
vertex 0.10562610626220703 -50.687828063964844 0
vertex 0.20317384600639343 -49.908233642578125 0
endloop
endfacet
facet normal 0 0 -1
outer loop
vertex 0.20317384600639343 -49.908233642578125 0
vertex 0.23742805421352386 -49.736026763916016 0
vertex 1.6377201080322266 -52.005653381347656 0
endloop
endfacet
facet normal 0 0 -1
outer loop
vertex -0.3847794830799103 -50.15177536010742 0
vertex -0.21257194876670837 -50.18602752685547 0
vertex -0.3847794830799103 -50.59028244018555 0
endloop
endfacet
facet normal 0 0 -1
outer loop
vertex -0.040364399552345276 -50.15177536010742 0
vertex -0.3847794830799103 -50.59028244018555 0
vertex -0.21257194876670837 -50.18602752685547 0
endloop
endfacet
facet normal 0 0 -1
outer loop
vertex -0.040364399552345276 -50.15177536010742 0
vertex 0.10562610626220703 -50.05422592163086 0
vertex -0.040364399552345276 -50.59028244018555 0
endloop
endfacet
facet normal 0 0 -1
outer loop
vertex 0.20317384600639343 -49.908233642578125 0
vertex -0.040364399552345276 -50.59028244018555 0
vertex 0.10562610626220703 -50.05422592163086 0
endloop
endfacet
facet normal 0 0 -1
outer loop
vertex -0.3847794830799103 -49.320281982421875 0
vertex -0.3847794830799103 -48.88177490234375 0
vertex -0.21257194876670837 -49.28602600097656 0
endloop
endfacet
facet normal 0 0 -1
outer loop
vertex -0.3847794830799103 -48.88177490234375 0
vertex -0.21257194876670837 -48.9160270690918 0
vertex -0.21257194876670837 -49.28602600097656 0
endloop
endfacet
facet normal 0 0 -1
outer loop
vertex -0.040364399552345276 -49.320281982421875 0
vertex -0.21257194876670837 -49.28602600097656 0
vertex -0.21257194876670837 -48.9160270690918 0
endloop
endfacet
facet normal 0 0 -1
outer loop
vertex -0.040364399552345276 -49.320281982421875 0
vertex -0.040364399552345276 -48.88177490234375 0
vertex 0.10562610626220703 -49.41783142089844 0
endloop
endfacet
facet normal 0 0 -1
outer loop
vertex -0.040364399552345276 -48.88177490234375 0
vertex 0.10562610626220703 -48.78422546386719 0
vertex 0.10562610626220703 -49.41783142089844 0
endloop
endfacet
facet normal 0 0 -1
outer loop
vertex -0.040364399552345276 -48.88177490234375 0
vertex -0.040364399552345276 -49.320281982421875 0
vertex -0.21257194876670837 -48.9160270690918 0
endloop
endfacet
facet normal 0 0 -1
outer loop
vertex 0.10562610626220703 -48.78422546386719 0
vertex 0.20317384600639343 -48.63823699951172 0
vertex 0.10562610626220703 -49.41783142089844 0
endloop
endfacet
facet normal 0 0 -1
outer loop
vertex 0.20317384600639343 -48.63823699951172 0
vertex 0.23742805421352386 -48.466026306152344 0
vertex 0.10562610626220703 -49.41783142089844 0
endloop
endfacet
facet normal 0 0 -1
outer loop
vertex 0.23742805421352386 -49.736026763916016 0
vertex 1.6377201080322266 -43.181026458740234 0
vertex 1.6377201080322266 -52.005653381347656 0
endloop
endfacet
facet normal 0 0 -1
outer loop
vertex -0.3847794830799103 -47.61177444458008 0
vertex -0.21257194876670837 -47.646026611328125 0
vertex -0.3847794830799103 -48.0502815246582 0
endloop
endfacet
facet normal 0 0 -1
outer loop
vertex -0.3847794830799103 -48.0502815246582 0
vertex -0.040364399552345276 -47.61177444458008 0
vertex -0.21257194876670837 -48.016029357910156 0
endloop
endfacet
facet normal 0 0 -1
outer loop
vertex -0.040364399552345276 -47.61177444458008 0
vertex -0.3847794830799103 -48.0502815246582 0
vertex -0.21257194876670837 -47.646026611328125 0
endloop
endfacet
facet normal 0 0 -1
outer loop
vertex -0.040364399552345276 -48.0502815246582 0
vertex -0.040364399552345276 -47.61177444458008 0
vertex 0.10562610626220703 -48.147830963134766 0
endloop
endfacet
facet normal 0 0 -1
outer loop
vertex 0.20317384600639343 -48.293819427490234 0
vertex 0.10562610626220703 -48.147830963134766 0
vertex 0.10562610626220703 -47.514225006103516 0
endloop
endfacet
facet normal 0 0 -1
outer loop
vertex -0.040364399552345276 -47.61177444458008 0
vertex -0.040364399552345276 -48.0502815246582 0
vertex -0.21257194876670837 -48.016029357910156 0
endloop
endfacet
facet normal 0 0 -1
outer loop
vertex 0.10562610626220703 -47.514225006103516 0
vertex 0.10562610626220703 -48.147830963134766 0
vertex -0.040364399552345276 -47.61177444458008 0
endloop
endfacet
facet normal 0 0 -1
outer loop
vertex 0.20317384600639343 -48.293819427490234 0
vertex 0.10562610626220703 -47.514225006103516 0
vertex 0.20317384600639343 -47.36823654174805 0
endloop
endfacet
facet normal 0 0 -1
outer loop
vertex 0.20317384600639343 -48.293819427490234 0
vertex 0.20317384600639343 -47.36823654174805 0
vertex 0.23742805421352386 -47.19602966308594 0
endloop
endfacet
facet normal 0 0 -1
outer loop
vertex 1.6377201080322266 -43.181026458740234 0
vertex 0.23742805421352386 -49.736026763916016 0
vertex 0.20317384600639343 -49.563819885253906 0
endloop
endfacet
facet normal 0 0 -1
outer loop
vertex 1.6377201080322266 -43.181026458740234 0
vertex 0.20317384600639343 -49.563819885253906 0
vertex 0.10562610626220703 -49.41783142089844 0
endloop
endfacet
facet normal 0 0 -1
outer loop
vertex 1.6377201080322266 -43.181026458740234 0
vertex 0.10562610626220703 -49.41783142089844 0
vertex 0.23742805421352386 -48.466026306152344 0
endloop
endfacet
facet normal 0 0 -1
outer loop
vertex 1.6377201080322266 -43.181026458740234 0
vertex 0.23742805421352386 -48.466026306152344 0
vertex 0.20317384600639343 -48.293819427490234 0
endloop
endfacet
facet normal 0 0 -1
outer loop
vertex 1.6377201080322266 -43.181026458740234 0
vertex 0.20317384600639343 -48.293819427490234 0
vertex 0.23742805421352386 -47.19602966308594 0
endloop
endfacet
facet normal 0.9400824886747597 -0.3409470845850868 0
outer loop
vertex 60.8444938659668 29.20749282836914 5
vertex 61.197200775146484 30.18000030517578 0
vertex 61.197200775146484 30.18000030517578 5
endloop
endfacet
facet normal 0.9814313191838164 -0.1918138830353891 0
outer loop
vertex 60.82365036010742 29.100845336914062 5
vertex 60.8444938659668 29.20749282836914 0
vertex 60.8444938659668 29.20749282836914 5
endloop
endfacet
facet normal 0 0 1
outer loop
vertex -80.5074462890625 -21.474761962890625 5
vertex -74.3622817993164 -14.531027793884277 5
vertex -74.3622817993164 -0.4310277998447418 5
endloop
endfacet
facet normal 0 0 1
outer loop
vertex -74.3622817993164 -14.531027793884277 5
vertex -80.50772094726562 -23.901639938354492 5
vertex -74.3622817993164 -19.431028366088867 5
endloop
endfacet
facet normal 0.999275113601839 -0.03806898128439624 0
outer loop
vertex 60.78494644165039 28.084903717041016 5
vertex 60.82365036010742 29.100845336914062 0
vertex 60.82365036010742 29.100845336914062 5
endloop
endfacet
facet normal 0.9978115401315317 0.06612208693273937 0
outer loop
vertex 60.78977584838867 28.012025833129883 5
vertex 60.78494644165039 28.084903717041016 0
vertex 60.78494644165039 28.084903717041016 5
endloop
endfacet
facet normal 0.9855146056799996 0.16959057164652425 0
outer loop
vertex 61.177467346191406 25.759096145629883 4.5
vertex 60.78977584838867 28.012025833129883 0
vertex 60.78977584838867 28.012025833129883 5
endloop
endfacet
facet normal 0 0 -1
outer loop
vertex -80.51013946533203 -45.32851791381836 0
vertex -81.796875 -45.328372955322266 0
vertex -74.3622817993164 -38.431026458740234 0
endloop
endfacet
facet normal 0 0 1
outer loop
vertex -60.26227951049805 -33.531028747558594 5
vertex -74.3622817993164 -33.531028747558594 5
vertex -60.26227951049805 -38.431026458740234 5
endloop
endfacet
facet normal 0 0 1
outer loop
vertex -74.3622817993164 -33.531028747558594 5
vertex -74.3622817993164 -38.431026458740234 5
vertex -60.26227951049805 -38.431026458740234 5
endloop
endfacet
facet normal 0 0 1
outer loop
vertex -80.5074462890625 -21.474761962890625 5
vertex -80.50772094726562 -23.901639938354492 5
vertex -74.3622817993164 -14.531027793884277 5
endloop
endfacet
facet normal 0 0 1
outer loop
vertex -80.5074462890625 -21.474761962890625 5
vertex -81.7978744506836 -21.4746150970459 5
vertex -80.50772094726562 -23.901639938354492 5
endloop
endfacet
facet normal 0 0 1
outer loop
vertex -81.7978744506836 -21.4746150970459 5
vertex -81.79776763916016 -23.9014949798584 5
vertex -80.50772094726562 -23.901639938354492 5
endloop
endfacet
facet normal 0 0 -1
outer loop
vertex -80.51013946533203 -45.32851791381836 0
vertex -74.3622817993164 -38.431026458740234 0
vertex -74.3622817993164 -52.531028747558594 0
endloop
endfacet
facet normal -0.9999999990314776 -0.000044011870587623506 0
outer loop
vertex -81.7978744506836 -21.4746150970459 5
vertex -81.79776763916016 -23.9014949798584 4.5
vertex -81.79776763916016 -23.9014949798584 5
endloop
endfacet
facet normal 0 0 -1
outer loop
vertex -81.796875 -45.328372955322266 0
vertex -80.5098648071289 -42.901641845703125 0
vertex -69.8122787475586 -33.531028747558594 0
endloop
endfacet
facet normal 0 0 -1
outer loop
vertex -74.3622817993164 -38.431026458740234 0
vertex -81.796875 -45.328372955322266 0
vertex -69.8122787475586 -33.531028747558594 0
endloop
endfacet
facet normal 0 0 -1
outer loop
vertex -60.26227951049805 -52.531028747558594 0
vertex -64.8122787475586 -53.23102951049805 0
vertex -64.8122787475586 -52.531028747558594 0
endloop
endfacet
facet normal -0.9999999990314776 -0.000044011870587623506 0
outer loop
vertex -81.7978744506836 -21.4746150970459 4.5
vertex -81.79776763916016 -23.9014949798584 4.5
vertex -81.7978744506836 -21.4746150970459 5
endloop
endfacet
facet normal 0 0 -1
outer loop
vertex -74.3622817993164 -38.431026458740234 0
vertex -69.8122787475586 -37.73102951049805 0
vertex -69.8122787475586 -38.431026458740234 0
endloop
endfacet
facet normal 0 0 -1
outer loop
vertex -79.06179809570312 -67.33942413330078 0
vertex -55.362281799316406 -52.531028747558594 0
vertex -50.812278747558594 -53.23102951049805 0
endloop
endfacet
facet normal 0 0 -1
outer loop
vertex -79.06179809570312 -67.33942413330078 0
vertex -50.812278747558594 -53.23102951049805 0
vertex -45.812278747558594 -53.23102951049805 0
endloop
endfacet
facet normal 0 0 -1
outer loop
vertex -79.06179809570312 -67.33942413330078 0
vertex -45.812278747558594 -53.23102951049805 0
vertex -36.362281799316406 -57.281028747558594 0
endloop
endfacet
facet normal 0 0 1
outer loop
vertex -74.3622817993164 -19.431028366088867 5
vertex -80.5098648071289 -42.901641845703125 5
vertex -74.3622817993164 -33.531028747558594 5
endloop
endfacet
facet normal 0 0 1
outer loop
vertex -80.50772094726562 -23.901639938354492 5
vertex -80.5098648071289 -42.901641845703125 5
vertex -74.3622817993164 -19.431028366088867 5
endloop
endfacet
facet normal 0 0 -1
outer loop
vertex -79.06179809570312 -67.33942413330078 0
vertex -36.362281799316406 -57.281028747558594 0
vertex -31.812280654907227 -57.98102951049805 0
endloop
endfacet
facet normal 0 0 1
outer loop
vertex 30.032604217529297 50.307857513427734 5
vertex 34.91644287109375 44.070350646972656 5
vertex 48.32633972167969 48.427490234375 5
endloop
endfacet
facet normal 0 0 1
outer loop
vertex 34.91644287109375 44.070350646972656 5
vertex 39.637718200683594 23.318971633911133 5
vertex 39.273582458496094 30.66045379638672 5
endloop
endfacet
facet normal -0.9999999995343386 -0.000030517578110789142 0
outer loop
vertex -81.79865264892578 -2.9746153354644775 0.20000000298023224
vertex -81.79865264892578 -2.9746153354644775 4.5
vertex -81.79866790771484 -2.4746153354644775 4.5
endloop
endfacet
facet normal 0.00011301806057650302 0.9999999936134589 0
outer loop
vertex -81.79865264892578 -2.9746153354644775 4.5
vertex -82.50535583496094 -2.9745354652404785 0.20000000298023224
vertex -82.50535583496094 -2.9745354652404785 4.5
endloop
endfacet
facet normal -0.9999999936296229 0.00011287323491649336 6.222010513858433e-7
outer loop
vertex -82.50535583496094 -2.9745354652404785 4.5
vertex -82.50730895996094 -20.254535675048828 0.20000000298023224
vertex -82.50672912597656 -15.141201972961426 4.5
endloop
endfacet
facet normal -0.9999999936736333 0.00011247907907875379 0.0000010909104364797658
outer loop
vertex -82.50730895996094 -20.254535675048828 0.20000000298023224
vertex -82.50738525390625 -20.97453498840332 4.5
vertex -82.50672912597656 -15.141201972961426 4.5
endloop
endfacet
facet normal -0.000112910509635771 -0.9999999936256084 0
outer loop
vertex -82.50738525390625 -20.97453498840332 4.5
vertex -81.79789733886719 -20.9746150970459 0.20000000298023224
vertex -81.79789733886719 -20.9746150970459 4.5
endloop
endfacet
facet normal -0.9999999989484251 -0.00004577636713936272 0.00000277014319187481
outer loop
vertex -81.79789733886719 -20.9746150970459 4.5
vertex -81.7977523803711 -24.4014949798584 0.20000000298023224
vertex -81.7978744506836 -21.4746150970459 4.5
endloop
endfacet
facet normal -0.9999999990302465 -0.00004401187058756932 0.0000015691037792460974
outer loop
vertex -81.7977523803711 -24.4014949798584 0.20000000298023224
vertex -81.79776763916016 -23.9014949798584 4.5
vertex -81.7978744506836 -21.4746150970459 4.5
endloop
endfacet
facet normal -0.9999999995343386 -0.000030517578110789142 0
outer loop
vertex -81.7977523803711 -24.4014949798584 0.20000000298023224
vertex -81.7977523803711 -24.4014949798584 4.5
vertex -81.79776763916016 -23.9014949798584 4.5
endloop
endfacet
facet normal 0.0001128255816767981 0.9999999936351941 0
outer loop
vertex -81.7977523803711 -24.4014949798584 4.5
vertex -82.50777435302734 -24.40141487121582 0.20000000298023224
vertex -82.50777435302734 -24.40141487121582 4.5
endloop
endfacet
facet normal -0.9999999936296223 0.0001128732393402321 6.22170757348134e-7
outer loop
vertex -82.50777435302734 -24.40141487121582 4.5
vertex -82.50972747802734 -41.68141555786133 0.20000000298023224
vertex -82.50914764404297 -36.56808090209961 4.5
endloop
endfacet
facet normal 0 0 1
outer loop
vertex -41.26227951049805 -52.531028747558594 5
vertex -55.362281799316406 -52.531028747558594 5
vertex -36.362281799316406 -57.281028747558594 5
endloop
endfacet
facet normal 0 0 1
outer loop
vertex -55.362281799316406 -38.431026458740234 5
vertex -55.362281799316406 -33.531028747558594 5
vertex -60.26227951049805 -52.531028747558594 5
endloop
endfacet
facet normal 0 0 1
outer loop
vertex -55.362281799316406 -52.531028747558594 5
vertex -55.362281799316406 -38.431026458740234 5
vertex -60.26227951049805 -52.531028747558594 5
endloop
endfacet
facet normal 0 0 1
outer loop
vertex -36.362281799316406 -57.281028747558594 5
vertex -79.06179809570312 -67.33942413330078 5
vertex -18.774742126464844 -63.296112060546875 5
endloop
endfacet
facet normal 0 0 1
outer loop
vertex -55.362281799316406 -52.531028747558594 5
vertex -79.06179809570312 -67.33942413330078 5
vertex -36.362281799316406 -57.281028747558594 5
endloop
endfacet
facet normal 0 0 1
outer loop
vertex -74.3622817993164 -33.531028747558594 5
vertex -80.51013946533203 -45.32851791381836 5
vertex -74.3622817993164 -38.431026458740234 5
endloop
endfacet
facet normal 0 0 1
outer loop
vertex -80.51013946533203 -45.32851791381836 5
vertex -74.3622817993164 -52.531028747558594 5
vertex -74.3622817993164 -38.431026458740234 5
endloop
endfacet
facet normal 0 0 1
outer loop
vertex -80.5098648071289 -42.901641845703125 5
vertex -80.51013946533203 -45.32851791381836 5
vertex -74.3622817993164 -33.531028747558594 5
endloop
endfacet
facet normal 0 0 1
outer loop
vertex -80.5098648071289 -42.901641845703125 5
vertex -81.7969741821289 -42.90149688720703 5
vertex -80.51013946533203 -45.32851791381836 5
endloop
endfacet
facet normal 0 0 1
outer loop
vertex -81.7969741821289 -42.90149688720703 5
vertex -81.796875 -45.328372955322266 5
vertex -80.51013946533203 -45.32851791381836 5
endloop
endfacet
facet normal 0 0 1
outer loop
vertex 15.773650169372559 41.90718078613281 5
vertex 17.323354721069336 39.693973541259766 5
vertex 28.551362991333008 49.64265060424805 5
endloop
endfacet
facet normal -0.999999999164894 -0.00004086822978993297 0
outer loop
vertex -81.7969741821289 -42.90149688720703 5
vertex -81.796875 -45.328372955322266 4.5
vertex -81.796875 -45.328372955322266 5
endloop
endfacet
facet normal 0 0 1
outer loop
vertex 17.323354721069336 39.693973541259766 5
vertex 18.46519660949707 37.24528503417969 5
vertex 28.551362991333008 49.64265060424805 5
endloop
endfacet
facet normal 0 0 1
outer loop
vertex 30.032604217529297 50.307857513427734 5
vertex 20.637720108032227 16.193971633911133 5
vertex 34.91644287109375 44.070350646972656 5
endloop
endfacet
facet normal 0 0 1
outer loop
vertex 18.46519660949707 37.24528503417969 5
vertex 19.16448211669922 34.63551712036133 5
vertex 28.551362991333008 49.64265060424805 5
endloop
endfacet
facet normal 0 0 1
outer loop
vertex 19.16448211669922 34.63551712036133 5
vertex 19.399961471557617 31.943971633911133 5
vertex 28.551362991333008 49.64265060424805 5
endloop
endfacet
facet normal -0.999999999164894 -0.00004086822978993297 0
outer loop
vertex -81.7969741821289 -42.90149688720703 4.5
vertex -81.796875 -45.328372955322266 4.5
vertex -81.7969741821289 -42.90149688720703 5
endloop
endfacet
facet normal 0 0 1
outer loop
vertex 28.551362991333008 49.64265060424805 5
vertex 19.399961471557617 31.943971633911133 5
vertex 19.16448211669922 29.252426147460938 5
endloop
endfacet
facet normal 0 0 1
outer loop
vertex 30.032604217529297 50.307857513427734 5
vertex 28.660099029541016 49.67301559448242 5
vertex 15.737720489501953 -0.28102779388427734 5
endloop
endfacet
facet normal 0 0 1
outer loop
vertex 28.551362991333008 49.64265060424805 5
vertex 15.737720489501953 -0.28102779388427734 5
vertex 28.660099029541016 49.67301559448242 5
endloop
endfacet
facet normal 0 0 1
outer loop
vertex -80.51013946533203 -45.32851791381836 5
vertex -80.51228332519531 -64.32852172851562 5
vertex -74.3622817993164 -52.531028747558594 5
endloop
endfacet
facet normal 0 0 -1
outer loop
vertex -79.06179809570312 -67.33942413330078 0
vertex -31.812280654907227 -57.98102951049805 0
vertex -17.362279891967773 -59.656028747558594 0
endloop
endfacet
facet normal 0 0 1
outer loop
vertex 28.551362991333008 49.64265060424805 5
vertex 13.282087326049805 47.934959411621094 5
vertex 15.773650169372559 41.90718078613281 5
endloop
endfacet
facet normal 0 0 1
outer loop
vertex 13.86316967010498 43.81766128540039 5
vertex 13.282087326049805 47.934959411621094 5
vertex 11.754730224609375 47.326812744140625 5
endloop
endfacet
facet normal 0 0 1
outer loop
vertex -60.26227951049805 -52.531028747558594 5
vertex -79.06179809570312 -67.33942413330078 5
vertex -55.362281799316406 -52.531028747558594 5
endloop
endfacet
facet normal 0 0 1
outer loop
vertex -74.3622817993164 -52.531028747558594 5
vertex -79.06179809570312 -67.33942413330078 5
vertex -60.26227951049805 -52.531028747558594 5
endloop
endfacet
facet normal 0 0 -1
outer loop
vertex 1.6377201080322266 -43.181026458740234 0
vertex 0.23742805421352386 -47.19602966308594 0
vertex 0.20317384600639343 -47.02381896972656 0
endloop
endfacet
facet normal 0 0 -1
outer loop
vertex 1.6377201080322266 -43.181026458740234 0
vertex 0.20317384600639343 -47.02381896972656 0
vertex 0.10562610626220703 -46.877830505371094 0
endloop
endfacet
facet normal 0 0 -1
outer loop
vertex 1.6377201080322266 -43.181026458740234 0
vertex 0.10562610626220703 -46.877830505371094 0
vertex -0.040364399552345276 -46.78028106689453 0
endloop
endfacet
facet normal 0 0 -1
outer loop
vertex -0.21257194876670837 -46.746028900146484 0
vertex -0.3847794830799103 -46.78028106689453 0
vertex 1.6377201080322266 -38.281028747558594 0
endloop
endfacet
facet normal 0 0 -1
outer loop
vertex -0.3847794830799103 -46.78028106689453 0
vertex -0.5307700037956238 -46.877830505371094 0
vertex 1.6377201080322266 -38.281028747558594 0
endloop
endfacet
facet normal 0 0 -1
outer loop
vertex -0.040364399552345276 -46.78028106689453 0
vertex -0.21257194876670837 -46.746028900146484 0
vertex 1.6377201080322266 -38.281028747558594 0
endloop
endfacet
facet normal 0 0 -1
outer loop
vertex 1.6377201080322266 -43.181026458740234 0
vertex -0.040364399552345276 -46.78028106689453 0
vertex 1.6377201080322266 -38.281028747558594 0
endloop
endfacet
facet normal 0 0 -1
outer loop
vertex 1.6377201080322266 -43.181026458740234 0
vertex 6.187719821929932 -42.48102951049805 0
vertex 6.187719821929932 -43.181026458740234 0
endloop
endfacet
facet normal 0 0 -1
outer loop
vertex -0.6283177137374878 -47.02381896972656 0
vertex -0.6625719666481018 -47.19602966308594 0
vertex 1.6377201080322266 -19.281028747558594 0
endloop
endfacet
facet normal 0 0 -1
outer loop
vertex -0.5307700037956238 -46.877830505371094 0
vertex -0.6283177137374878 -47.02381896972656 0
vertex 1.6377201080322266 -19.281028747558594 0
endloop
endfacet
facet normal 0 0 -1
outer loop
vertex 1.6377201080322266 -38.281028747558594 0
vertex 6.187719821929932 -38.98102951049805 0
vertex 1.6377201080322266 -43.181026458740234 0
endloop
endfacet
facet normal 0 0 -1
outer loop
vertex 6.187719821929932 -42.48102951049805 0
vertex 1.6377201080322266 -43.181026458740234 0
vertex 6.187719821929932 -38.98102951049805 0
endloop
endfacet
facet normal 0 0 -1
outer loop
vertex 6.187719821929932 -38.98102951049805 0
vertex 1.6377201080322266 -38.281028747558594 0
vertex 6.187719821929932 -38.281028747558594 0
endloop
endfacet
facet normal 0 0 -1
outer loop
vertex 6.187719821929932 -38.98102951049805 0
vertex 11.18772029876709 -38.98102951049805 0
vertex 6.187719821929932 -42.48102951049805 0
endloop
endfacet
facet normal 0 0 -1
outer loop
vertex 6.187719821929932 -42.48102951049805 0
vertex 11.18772029876709 -38.98102951049805 0
vertex 11.18772029876709 -42.48102951049805 0
endloop
endfacet
facet normal 0 0 -1
outer loop
vertex 20.637720108032227 -54.906028747558594 0
vertex 15.737720489501953 -57.281028747558594 0
vertex 15.737720489501953 -43.181026458740234 0
endloop
endfacet
facet normal 0 0 -1
outer loop
vertex 20.637720108032227 -54.906028747558594 0
vertex 15.737720489501953 -43.181026458740234 0
vertex 20.637720108032227 -40.806026458740234 0
endloop
endfacet
facet normal 0 0 -1
outer loop
vertex 11.18772029876709 -42.48102951049805 0
vertex 15.737720489501953 -38.281028747558594 0
vertex 11.18772029876709 -43.181026458740234 0
endloop
endfacet
facet normal 0 0 -1
outer loop
vertex 15.737720489501953 -38.281028747558594 0
vertex 11.18772029876709 -42.48102951049805 0
vertex 11.18772029876709 -38.98102951049805 0
endloop
endfacet
facet normal 0 0 -1
outer loop
vertex 11.18772029876709 -43.181026458740234 0
vertex 15.737720489501953 -38.281028747558594 0
vertex 15.737720489501953 -43.181026458740234 0
endloop
endfacet
facet normal 0 0 -1
outer loop
vertex 15.737720489501953 -38.281028747558594 0
vertex 11.18772029876709 -38.98102951049805 0
vertex 11.18772029876709 -38.281028747558594 0
endloop
endfacet
facet normal 0 0 -1
outer loop
vertex 15.737720489501953 -43.181026458740234 0
vertex 15.737720489501953 -38.281028747558594 0
vertex 20.637720108032227 -35.906028747558594 0
endloop
endfacet
facet normal 0 0 1
outer loop
vertex -80.51228332519531 -64.32852172851562 5
vertex -81.31280517578125 -66.00245666503906 5
vertex -74.3622817993164 -52.531028747558594 5
endloop
endfacet
facet normal 0 0 1
outer loop
vertex -74.3622817993164 -52.531028747558594 5
vertex -80.1250991821289 -67.04672241210938 5
vertex -79.06179809570312 -67.33942413330078 5
endloop
endfacet
facet normal 0 0 1
outer loop
vertex -74.3622817993164 -52.531028747558594 5
vertex -80.5467300415039 -66.79631805419922 5
vertex -80.1250991821289 -67.04672241210938 5
endloop
endfacet
facet normal 0 0 1
outer loop
vertex -81.31280517578125 -66.00245666503906 5
vertex -80.5467300415039 -66.79631805419922 5
vertex -74.3622817993164 -52.531028747558594 5
endloop
endfacet
facet normal 0 0 1
outer loop
vertex 11.649961471557617 45.367366790771484 5
vertex 13.86316967010498 43.81766128540039 5
vertex 11.754730224609375 47.326812744140625 5
endloop
endfacet
facet normal 0 0 1
outer loop
vertex 11.754730224609375 47.326812744140625 5
vertex 9.932624816894531 46.2326774597168 5
vertex 11.649961471557617 45.367366790771484 5
endloop
endfacet
facet normal 0 0 1
outer loop
vertex 9.932624816894531 46.2326774597168 5
vertex 9.853239059448242 46.20519256591797 5
vertex 11.649961471557617 45.367366790771484 5
endloop
endfacet
facet normal 0 0 1
outer loop
vertex 13.86316967010498 43.81766128540039 5
vertex 15.773650169372559 41.90718078613281 5
vertex 13.282087326049805 47.934959411621094 5
endloop
endfacet
facet normal 0 0 1
outer loop
vertex -81.55086517333984 -65.56698608398438 5
vertex -81.31280517578125 -66.00245666503906 5
vertex -80.51228332519531 -64.32852172851562 5
endloop
endfacet
facet normal 0 0 1
outer loop
vertex -80.51228332519531 -64.32852172851562 5
vertex -81.79607391357422 -64.32837677001953 5
vertex -81.55086517333984 -65.56698608398438 5
endloop
endfacet
facet normal 0 0 1
outer loop
vertex -81.79606628417969 -64.60517120361328 5
vertex -81.55086517333984 -65.56698608398438 5
vertex -81.79607391357422 -64.32837677001953 5
endloop
endfacet
facet normal -0.3129174042215475 0.9497803420450692 0
outer loop
vertex 46.83847427368164 55.84476852416992 5
vertex 30.032604217529297 50.307857513427734 0
vertex 30.032604217529297 50.307857513427734 5
endloop
endfacet
facet normal -0.9999999996201296 -0.000027563395799893318 0
outer loop
vertex -81.79607391357422 -64.32837677001953 5
vertex -81.79607391357422 -64.32837677001953 4.5
vertex -81.79606628417969 -64.60517120361328 5
endloop
endfacet
facet normal -0.4198092487080635 0.9076123592697332 0
outer loop
vertex 30.032604217529297 50.307857513427734 5
vertex 28.660099029541016 49.67301559448242 0
vertex 28.660099029541016 49.67301559448242 5
endloop
endfacet
facet normal -0.268963723294606 0.9631503078707409 0
outer loop
vertex 28.660099029541016 49.67301559448242 5
vertex 28.551362991333008 49.64265060424805 0
vertex 28.551362991333008 49.64265060424805 5
endloop
endfacet
facet normal -0.9999999936736313 0.00011247909746762766 0.0000010908636232527424
outer loop
vertex -82.50980377197266 -42.40141296386719 4.5
vertex -82.50914764404297 -36.56808090209961 4.5
vertex -82.50972747802734 -41.68141555786133 0.20000000298023224
endloop
endfacet
facet normal -0.00011773646216656165 -0.9999999930690626 0
outer loop
vertex -82.50980377197266 -42.40141296386719 4.5
vertex -81.7969970703125 -42.40149688720703 0.20000000298023224
vertex -81.7969970703125 -42.40149688720703 4.5
endloop
endfacet
facet normal -0.9999999989484253 -0.00004577636713936273 0.000002770102581878839
outer loop
vertex -81.7969970703125 -42.40149688720703 4.5
vertex -81.7968521118164 -45.828372955322266 0.20000000298023224
vertex -81.7969741821289 -42.90149688720703 4.5
endloop
endfacet
facet normal -0.999999999164731 -0.000040868229789926307 -5.707136468302131e-7
outer loop
vertex -81.7968521118164 -45.828372955322266 0.20000000298023224
vertex -81.796875 -45.328372955322266 4.5
vertex -81.7969741821289 -42.90149688720703 4.5
endloop
endfacet
facet normal -0.999999998952262 -0.00004577636713953836 0
outer loop
vertex -81.7968521118164 -45.828372955322266 0.20000000298023224
vertex -81.7968521118164 -45.828372955322266 4.5
vertex -81.796875 -45.328372955322266 4.5
endloop
endfacet
facet normal 0.00011230066560915028 0.9999999936942803 0
outer loop
vertex -81.7968521118164 -45.828372955322266 4.5
vertex -82.51019287109375 -45.82829284667969 0.20000000298023224
vertex -82.51019287109375 -45.82829284667969 4.5
endloop
endfacet
facet normal -0.2654042475213275 -0.964137223323339 0
outer loop
vertex -80.1250991821289 -67.04672241210938 5
vertex -79.06179809570312 -67.33942413330078 0
vertex -79.06179809570312 -67.33942413330078 5
endloop
endfacet
facet normal -0.9690066708011498 -0.2470345561715449 0
outer loop
vertex -81.79606628417969 -64.60517120361328 5
vertex -81.55086517333984 -65.56698608398438 0
vertex -81.55086517333984 -65.56698608398438 5
endloop
endfacet
facet normal -0.7195879215620653 -0.6944013415467938 0
outer loop
vertex -81.31280517578125 -66.00245666503906 5
vertex -80.5467300415039 -66.79631805419922 0
vertex -80.5467300415039 -66.79631805419922 5
endloop
endfacet
facet normal -0.5106307740109955 -0.8598001003913245 0
outer loop
vertex -80.5467300415039 -66.79631805419922 5
vertex -80.1250991821289 -67.04672241210938 0
vertex -80.1250991821289 -67.04672241210938 5
endloop
endfacet
facet normal -0.8774457536543898 -0.4796758795206196 0
outer loop
vertex -81.55086517333984 -65.56698608398438 5
vertex -81.31280517578125 -66.00245666503906 0
vertex -81.31280517578125 -66.00245666503906 5
endloop
endfacet
facet normal -0.9999999996201295 -0.000027563395799893318 0
outer loop
vertex -81.79607391357422 -64.32837677001953 4.5
vertex -81.79606628417969 -64.60517120361328 0
vertex -81.79606628417969 -64.60517120361328 5
endloop
endfacet
facet normal -0.9999999936296243 0.0001128732216452792 6.221917992590792e-7
outer loop
vertex -82.51019287109375 -45.82829284667969 4.5
vertex -82.51214599609375 -63.10829544067383 0.20000000298023224
vertex -82.51156616210938 -57.99496078491211 4.5
endloop
endfacet
facet normal -0.9999999936736313 0.00011247909746762766 0.0000010908636232527424
outer loop
vertex -82.51222229003906 -63.82829284667969 4.5
vertex -82.51156616210938 -57.99496078491211 4.5
vertex -82.51214599609375 -63.10829544067383 0.20000000298023224
endloop
endfacet
facet normal -0.00011186397270842784 -0.9999999937432258 0
outer loop
vertex -82.51222229003906 -63.82829284667969 4.5
vertex -81.79609680175781 -63.828372955322266 0.20000000298023224
vertex -81.79609680175781 -63.828372955322266 4.5
endloop
endfacet
facet normal -0.9999999989516506 -0.00004577601789620977 0.0000011202560938904486
outer loop
vertex -81.79609680175781 -63.828372955322266 4.5
vertex -81.79606628417969 -64.60517120361328 0
vertex -81.79607391357422 -64.32837677001953 4.5
endloop
endfacet
facet normal 0 0 -1
outer loop
vertex 1.2084146738052368 16.679452896118164 0
vertex -3.262279987335205 -21.656028747558594 0
vertex -3.262279987335205 -7.556027889251709 0
endloop
endfacet
facet normal 0 0 -1
outer loop
vertex -7.812280178070068 -7.556027889251709 0
vertex -3.262279987335205 -2.6560277938842773 0
vertex -3.262279987335205 -7.556027889251709 0
endloop
endfacet
facet normal 0 0 -1
outer loop
vertex 1.2084146738052368 16.679452896118164 0
vertex -3.262279987335205 -26.556028366088867 0
vertex -3.262279987335205 -21.656028747558594 0
endloop
endfacet
facet normal 0 0 -1
outer loop
vertex -3.262279987335205 -2.6560277938842773 0
vertex -7.812280178070068 -3.356027841567993 0
vertex -7.812280178070068 -2.6560277938842773 0
endloop
endfacet
facet normal 0 0 -1
outer loop
vertex -3.262279987335205 -2.6560277938842773 0
vertex -7.812280178070068 -6.856027603149414 0
vertex -7.812280178070068 -3.356027841567993 0
endloop
endfacet
facet normal 0 0 -1
outer loop
vertex -7.812280178070068 -7.556027889251709 0
vertex -7.812280178070068 -6.856027603149414 0
vertex -3.262279987335205 -2.6560277938842773 0
endloop
endfacet
facet normal 0 0 -1
outer loop
vertex -7.812280178070068 -6.856027603149414 0
vertex -12.81227970123291 -3.356027841567993 0
vertex -7.812280178070068 -3.356027841567993 0
endloop
endfacet
facet normal 0 0 -1
outer loop
vertex -12.81227970123291 -3.356027841567993 0
vertex -7.812280178070068 -6.856027603149414 0
vertex -12.81227970123291 -6.856027603149414 0
endloop
endfacet
facet normal 0 0 -1
outer loop
vertex -12.81227970123291 -3.356027841567993 0
vertex -17.362279891967773 -2.6560277938842773 0
vertex -12.81227970123291 -2.6560277938842773 0
endloop
endfacet
facet normal 0 0 -1
outer loop
vertex -12.81227970123291 -6.856027603149414 0
vertex -17.362279891967773 -2.6560277938842773 0
vertex -12.81227970123291 -3.356027841567993 0
endloop
endfacet
facet normal 0 0 -1
outer loop
vertex -17.362279891967773 -7.556027889251709 0
vertex -12.81227970123291 -6.856027603149414 0
vertex -12.81227970123291 -7.556027889251709 0
endloop
endfacet
facet normal 0 0 -1
outer loop
vertex -17.362279891967773 -2.6560277938842773 0
vertex -12.81227970123291 -6.856027603149414 0
vertex -17.362279891967773 -7.556027889251709 0
endloop
endfacet
facet normal 0 0 -1
outer loop
vertex -17.362279891967773 -7.556027889251709 0
vertex -22.262279510498047 -0.28102779388427734 0
vertex -17.362279891967773 -2.6560277938842773 0
endloop
endfacet
facet normal 0 0 -1
outer loop
vertex -17.362279891967773 -7.556027889251709 0
vertex -22.262279510498047 -5.181027889251709 0
vertex -22.262279510498047 -0.28102779388427734 0
endloop
endfacet
facet normal 0 0 -1
outer loop
vertex -17.362279891967773 -7.556027889251709 0
vertex -22.262279510498047 -19.281028747558594 0
vertex -22.262279510498047 -5.181027889251709 0
endloop
endfacet
facet normal 0 0 -1
outer loop
vertex -17.362279891967773 -21.656028747558594 0
vertex -22.262279510498047 -19.281028747558594 0
vertex -17.362279891967773 -7.556027889251709 0
endloop
endfacet
facet normal 0 0 -1
outer loop
vertex -7.812280178070068 -26.556028366088867 0
vertex -3.262279987335205 -21.656028747558594 0
vertex -3.262279987335205 -26.556028366088867 0
endloop
endfacet
facet normal 0 0 -1
outer loop
vertex -3.262279987335205 -21.656028747558594 0
vertex -7.812280178070068 -22.356027603149414 0
vertex -7.812280178070068 -21.656028747558594 0
endloop
endfacet
facet normal 0 0 -1
outer loop
vertex -3.262279987335205 -21.656028747558594 0
vertex -7.812280178070068 -25.856027603149414 0
vertex -7.812280178070068 -22.356027603149414 0
endloop
endfacet
facet normal 0 0 -1
outer loop
vertex -7.812280178070068 -25.856027603149414 0
vertex -12.81227970123291 -22.356027603149414 0
vertex -7.812280178070068 -22.356027603149414 0
endloop
endfacet
facet normal 0 0 -1
outer loop
vertex -7.812280178070068 -26.556028366088867 0
vertex -7.812280178070068 -25.856027603149414 0
vertex -3.262279987335205 -21.656028747558594 0
endloop
endfacet
facet normal 0 0 -1
outer loop
vertex 1.6377201080322266 -19.281028747558594 0
vertex -3.262279987335205 -40.656028747558594 0
vertex -3.262279987335205 -26.556028366088867 0
endloop
endfacet
facet normal 0 0 -1
outer loop
vertex 1.6377201080322266 -19.281028747558594 0
vertex -3.262279987335205 -45.556026458740234 0
vertex -3.262279987335205 -40.656028747558594 0
endloop
endfacet
facet normal 0 0 -1
outer loop
vertex -12.81227970123291 -22.356027603149414 0
vertex -17.362279891967773 -21.656028747558594 0
vertex -12.81227970123291 -21.656028747558594 0
endloop
endfacet
facet normal 0 0 -1
outer loop
vertex -12.81227970123291 -25.856027603149414 0
vertex -17.362279891967773 -21.656028747558594 0
vertex -12.81227970123291 -22.356027603149414 0
endloop
endfacet
facet normal 0 0 -1
outer loop
vertex -12.81227970123291 -22.356027603149414 0
vertex -7.812280178070068 -25.856027603149414 0
vertex -12.81227970123291 -25.856027603149414 0
endloop
endfacet
facet normal 0 0 -1
outer loop
vertex -17.362279891967773 -26.556028366088867 0
vertex -12.81227970123291 -25.856027603149414 0
vertex -12.81227970123291 -26.556028366088867 0
endloop
endfacet
facet normal 0 0 -1
outer loop
vertex -17.362279891967773 -21.656028747558594 0
vertex -22.262279510498047 -24.181028366088867 0
vertex -22.262279510498047 -19.281028747558594 0
endloop
endfacet
facet normal 0 0 -1
outer loop
vertex -17.362279891967773 -26.556028366088867 0
vertex -22.262279510498047 -24.181028366088867 0
vertex -17.362279891967773 -21.656028747558594 0
endloop
endfacet
facet normal 0 0 -1
outer loop
vertex -17.362279891967773 -21.656028747558594 0
vertex -12.81227970123291 -25.856027603149414 0
vertex -17.362279891967773 -26.556028366088867 0
endloop
endfacet
facet normal 0 0 -1
outer loop
vertex -17.362279891967773 -26.556028366088867 0
vertex -22.262279510498047 -38.281028747558594 0
vertex -22.262279510498047 -24.181028366088867 0
endloop
endfacet
facet normal 0 0 -1
outer loop
vertex -17.362279891967773 -40.656028747558594 0
vertex -22.262279510498047 -38.281028747558594 0
vertex -17.362279891967773 -26.556028366088867 0
endloop
endfacet
facet normal 0 0 -1
outer loop
vertex -22.262279510498047 -5.181027889251709 0
vertex -26.812280654907227 -4.481027603149414 0
vertex -26.812280654907227 -0.9810277819633484 0
endloop
endfacet
facet normal 0 0 -1
outer loop
vertex -26.812280654907227 -5.181027889251709 0
vertex -26.812280654907227 -4.481027603149414 0
vertex -22.262279510498047 -5.181027889251709 0
endloop
endfacet
facet normal 0 0 -1
outer loop
vertex -31.812280654907227 -4.481027603149414 0
vertex -31.812280654907227 -0.9810277819633484 0
vertex -26.812280654907227 -4.481027603149414 0
endloop
endfacet
facet normal 0 0 -1
outer loop
vertex -22.262279510498047 -19.281028747558594 0
vertex -26.812280654907227 -19.981027603149414 0
vertex -26.812280654907227 -19.281028747558594 0
endloop
endfacet
facet normal 0 0 -1
outer loop
vertex -31.812280654907227 -4.481027603149414 0
vertex -36.362281799316406 -5.181027889251709 0
vertex -31.812280654907227 -0.9810277819633484 0
endloop
endfacet
facet normal 0 0 -1
outer loop
vertex -36.362281799316406 -5.181027889251709 0
vertex -31.812280654907227 -4.481027603149414 0
vertex -31.812280654907227 -5.181027889251709 0
endloop
endfacet
facet normal 0 0 -1
outer loop
vertex -36.362281799316406 -19.281028747558594 0
vertex -41.26227951049805 -0.4310277998447418 0
vertex -36.362281799316406 -5.181027889251709 0
endloop
endfacet
facet normal 0 0 -1
outer loop
vertex -36.362281799316406 -19.281028747558594 0
vertex -31.812280654907227 -19.281028747558594 0
vertex -31.812280654907227 -19.981027603149414 0
endloop
endfacet
facet normal 0 0 -1
outer loop
vertex -36.362281799316406 -19.281028747558594 0
vertex -41.26227951049805 -14.531027793884277 0
vertex -41.26227951049805 -0.4310277998447418 0
endloop
endfacet
facet normal 0 0 -1
outer loop
vertex -36.362281799316406 -19.281028747558594 0
vertex -45.812278747558594 -19.431028366088867 0
vertex -41.26227951049805 -14.531027793884277 0
endloop
endfacet
facet normal 0 0 -1
outer loop
vertex -41.26227951049805 -19.431028366088867 0
vertex -45.812278747558594 -19.431028366088867 0
vertex -36.362281799316406 -19.281028747558594 0
endloop
endfacet
facet normal 0 0 -1
outer loop
vertex -22.262279510498047 -24.181028366088867 0
vertex -26.812280654907227 -19.981027603149414 0
vertex -22.262279510498047 -19.281028747558594 0
endloop
endfacet
facet normal 0 0 -1
outer loop
vertex 30.187719345092773 -55.60602951049805 0
vertex 34.73772048950195 -54.906028747558594 0
vertex -0.9502841234207153 -72.1020278930664 0
endloop
endfacet
facet normal 0 0 -1
outer loop
vertex 34.73772048950195 -54.906028747558594 0
vertex 49.187721252441406 -48.48102951049805 0
vertex -0.9502841234207153 -72.1020278930664 0
endloop
endfacet
facet normal 0 0 -1
outer loop
vertex -0.9502841234207153 -72.1020278930664 0
vertex 57.33092498779297 -71.9686508178711 0
vertex 56.30012130737305 -72.10316467285156 0
endloop
endfacet
facet normal 0 0 -1
outer loop
vertex 57.33092498779297 -71.9686508178711 0
vertex -0.9502841234207153 -72.1020278930664 0
vertex 58.356536865234375 -71.60552978515625 0
endloop
endfacet
facet normal 0 0 -1
outer loop
vertex 58.356536865234375 -71.60552978515625 0
vertex -0.9502841234207153 -72.1020278930664 0
vertex 59.277320861816406 -71.03077697753906 0
endloop
endfacet
facet normal 0 0 -1
outer loop
vertex 59.277320861816406 -71.03077697753906 0
vertex -0.9502841234207153 -72.1020278930664 0
vertex 60.05220413208008 -70.27068328857422 0
endloop
endfacet
facet normal 0 0 -1
outer loop
vertex 60.05220413208008 -70.27068328857422 0
vertex -0.9502841234207153 -72.1020278930664 0
vertex 60.644596099853516 -69.36114501953125 0
endloop
endfacet
facet normal 0 0 -1
outer loop
vertex 60.644596099853516 -69.36114501953125 0
vertex -0.9502841234207153 -72.1020278930664 0
vertex 61.02651596069336 -68.34510803222656 0
endloop
endfacet
facet normal 0 0 -1
outer loop
vertex -0.9502841234207153 -72.1020278930664 0
vertex 59.88372039794922 -67.29367065429688 0
vertex 61.17662811279297 -67.2937240600586 0
endloop
endfacet
facet normal 0 0 -1
outer loop
vertex 61.02651596069336 -68.34510803222656 0
vertex -0.9502841234207153 -72.1020278930664 0
vertex 61.17662811279297 -67.2937240600586 0
endloop
endfacet
facet normal 0 0 -1
outer loop
vertex 34.73772048950195 -54.906028747558594 0
vertex 30.187719345092773 -55.60602951049805 0
vertex 30.187719345092773 -54.906028747558594 0
endloop
endfacet
facet normal 0 0 -1
outer loop
vertex 49.187721252441406 -48.48102951049805 0
vertex 53.73772048950195 -47.781028747558594 0
vertex -0.9502841234207153 -72.1020278930664 0
endloop
endfacet
facet normal 0 0 -1
outer loop
vertex 59.88372039794922 -67.29367065429688 0
vertex -0.9502841234207153 -72.1020278930664 0
vertex 59.884544372558594 -48.293670654296875 0
endloop
endfacet
facet normal 0 0 -1
outer loop
vertex 59.884544372558594 -48.293670654296875 0
vertex -0.9502841234207153 -72.1020278930664 0
vertex 53.73772048950195 -47.781028747558594 0
endloop
endfacet
facet normal 0 0 -1
outer loop
vertex -22.262279510498047 -24.181028366088867 0
vertex -26.812280654907227 -23.481027603149414 0
vertex -26.812280654907227 -19.981027603149414 0
endloop
endfacet
facet normal 0 0 -1
outer loop
vertex -26.812280654907227 -24.181028366088867 0
vertex -26.812280654907227 -23.481027603149414 0
vertex -22.262279510498047 -24.181028366088867 0
endloop
endfacet
facet normal 0 0 -1
outer loop
vertex -26.812280654907227 -23.481027603149414 0
vertex -31.812280654907227 -19.981027603149414 0
vertex -26.812280654907227 -19.981027603149414 0
endloop
endfacet
facet normal 0 0 -1
outer loop
vertex -31.812280654907227 -23.481027603149414 0
vertex -31.812280654907227 -19.981027603149414 0
vertex -26.812280654907227 -23.481027603149414 0
endloop
endfacet
facet normal 0 0 -1
outer loop
vertex -31.812280654907227 -23.481027603149414 0
vertex -36.362281799316406 -19.281028747558594 0
vertex -31.812280654907227 -19.981027603149414 0
endloop
endfacet
facet normal 0 0 -1
outer loop
vertex 20.637720108032227 -40.806026458740234 0
vertex 15.737720489501953 -43.181026458740234 0
vertex 25.187719345092773 -35.906028747558594 0
endloop
endfacet
facet normal 0 0 -1
outer loop
vertex 25.187719345092773 -35.906028747558594 0
vertex 15.737720489501953 -43.181026458740234 0
vertex 20.637720108032227 -35.906028747558594 0
endloop
endfacet
facet normal 0 0 -1
outer loop
vertex 20.637720108032227 -40.806026458740234 0
vertex 25.187719345092773 -40.10602951049805 0
vertex 25.187719345092773 -40.806026458740234 0
endloop
endfacet
facet normal 0 0 -1
outer loop
vertex 20.637720108032227 -40.806026458740234 0
vertex 25.187719345092773 -35.906028747558594 0
vertex 25.187719345092773 -36.60602951049805 0
endloop
endfacet
facet normal 0 0 -1
outer loop
vertex 25.187719345092773 -40.10602951049805 0
vertex 20.637720108032227 -40.806026458740234 0
vertex 30.187719345092773 -36.60602951049805 0
endloop
endfacet
facet normal 0 0 -1
outer loop
vertex 30.187719345092773 -36.60602951049805 0
vertex 20.637720108032227 -40.806026458740234 0
vertex 25.187719345092773 -36.60602951049805 0
endloop
endfacet
facet normal 0 0 -1
outer loop
vertex 25.187719345092773 -40.10602951049805 0
vertex 30.187719345092773 -36.60602951049805 0
vertex 30.187719345092773 -40.10602951049805 0
endloop
endfacet
facet normal 0 0 -1
outer loop
vertex 34.73772048950195 -54.906028747558594 0
vertex 39.637718200683594 -47.781028747558594 0
vertex 44.187721252441406 -48.48102951049805 0
endloop
endfacet
facet normal 0 0 -1
outer loop
vertex 39.637718200683594 -47.781028747558594 0
vertex 34.73772048950195 -54.906028747558594 0
vertex 34.73772048950195 -40.806026458740234 0
endloop
endfacet
facet normal 0 0 -1
outer loop
vertex 30.187719345092773 -40.10602951049805 0
vertex 34.73772048950195 -35.906028747558594 0
vertex 30.187719345092773 -40.806026458740234 0
endloop
endfacet
facet normal 0 0 -1
outer loop
vertex 34.73772048950195 -35.906028747558594 0
vertex 30.187719345092773 -40.10602951049805 0
vertex 30.187719345092773 -36.60602951049805 0
endloop
endfacet
facet normal 0 0 -1
outer loop
vertex 30.187719345092773 -40.806026458740234 0
vertex 39.637718200683594 -33.681026458740234 0
vertex 34.73772048950195 -40.806026458740234 0
endloop
endfacet
facet normal 0 0 -1
outer loop
vertex 39.637718200683594 -47.781028747558594 0
vertex 34.73772048950195 -40.806026458740234 0
vertex 39.637718200683594 -33.681026458740234 0
endloop
endfacet
facet normal 0 0 -1
outer loop
vertex -36.362281799316406 -24.181028366088867 0
vertex -31.812280654907227 -23.481027603149414 0
vertex -31.812280654907227 -24.181028366088867 0
endloop
endfacet
facet normal 0 0 -1
outer loop
vertex -36.362281799316406 -24.181028366088867 0
vertex -36.362281799316406 -19.281028747558594 0
vertex -31.812280654907227 -23.481027603149414 0
endloop
endfacet
facet normal 0 0 -1
outer loop
vertex -36.362281799316406 -24.181028366088867 0
vertex -41.26227951049805 -19.431028366088867 0
vertex -36.362281799316406 -19.281028747558594 0
endloop
endfacet
facet normal 0 0 -1
outer loop
vertex -36.362281799316406 -24.181028366088867 0
vertex -41.26227951049805 -33.531028747558594 0
vertex -41.26227951049805 -19.431028366088867 0
endloop
endfacet
facet normal 0 0 -1
outer loop
vertex -36.362281799316406 -38.281028747558594 0
vertex -41.26227951049805 -33.531028747558594 0
vertex -36.362281799316406 -24.181028366088867 0
endloop
endfacet
facet normal 0 0 -1
outer loop
vertex -36.362281799316406 -38.281028747558594 0
vertex -45.812278747558594 -38.431026458740234 0
vertex -41.26227951049805 -33.531028747558594 0
endloop
endfacet
facet normal -0.14133941293345062 -0.9899611963868218 0
outer loop
vertex -2.051360845565796 -71.94482421875 0
vertex -0.9502841234207153 -72.1020278930664 0
vertex -2.051360845565796 -71.94482421875 5
endloop
endfacet
facet normal -0.3518562581644595 -0.9360540441611827 0
outer loop
vertex -3.0673940181732178 -71.56290435791016 0
vertex -2.051360845565796 -71.94482421875 0
vertex -3.0673940181732178 -71.56290435791016 5
endloop
endfacet
facet normal -0.7963049859497653 -0.6048953375184374 0
outer loop
vertex -5.523258686065674 -68.94975280761719 0
vertex -5.484846115112305 -69.00032043457031 0
vertex -5.523258686065674 -68.94975280761719 5
endloop
endfacet
facet normal -0.8477863028739234 -0.5303379909636533 0
outer loop
vertex -5.484846115112305 -69.00032043457031 0
vertex -4.737268447875977 -70.19538116455078 0
vertex -5.484846115112305 -69.00032043457031 5
endloop
endfacet
facet normal -0.5457597767759306 -0.8379416841603516 0
outer loop
vertex -3.976933240890503 -70.97051239013672 0
vertex -3.0673940181732178 -71.56290435791016 0
vertex -3.976933240890503 -70.97051239013672 5
endloop
endfacet
facet normal -0.7138874402031821 -0.7002604677690639 0
outer loop
vertex -4.737268447875977 -70.19538116455078 0
vertex -3.976933240890503 -70.97051239013672 0
vertex -4.737268447875977 -70.19538116455078 5
endloop
endfacet
facet normal -0.35758896623407516 -0.93387907741187 0
outer loop
vertex -7.2895026206970215 -67.58129119873047 0
vertex -7.188024997711182 -67.62014770507812 0
vertex -7.2895026206970215 -67.58129119873047 5
endloop
endfacet
facet normal -0.20923587935014532 -0.9778651986815828 0
outer loop
vertex -8.28402042388916 -67.36849212646484 0
vertex -7.2895026206970215 -67.58129119873047 0
vertex -8.28402042388916 -67.36849212646484 5
endloop
endfacet
facet normal -0.10542662651972626 -0.9944270845168439 0
outer loop
vertex -8.357351303100586 -67.3607177734375 0
vertex -8.28402042388916 -67.36849212646484 0
vertex -8.357351303100586 -67.3607177734375 5
endloop
endfacet
facet normal -0.738261667313219 -0.6745144257730193 0
outer loop
vertex -6.205807209014893 -68.20269775390625 0
vertex -5.523258686065674 -68.94975280761719 0
vertex -6.205807209014893 -68.20269775390625 5
endloop
endfacet
facet normal -0.6253583899140441 -0.7803376731672734 0
outer loop
vertex -6.290603160858154 -68.1347427368164 0
vertex -6.205807209014893 -68.20269775390625 0
vertex -6.290603160858154 -68.1347427368164 5
endloop
endfacet
facet normal -0.497437350078086 -0.8674999036007393 0
outer loop
vertex -7.188024997711182 -67.62014770507812 0
vertex -6.290603160858154 -68.1347427368164 0
vertex -7.188024997711182 -67.62014770507812 5
endloop
endfacet
facet normal 0 0 -1
outer loop
vertex -55.362281799316406 -52.531028747558594 0
vertex -60.26227951049805 -52.531028747558594 0
vertex -60.26227951049805 -38.431026458740234 0
endloop
endfacet
facet normal 0 0 -1
outer loop
vertex -50.812278747558594 -53.23102951049805 0
vertex -55.362281799316406 -52.531028747558594 0
vertex -50.812278747558594 -52.531028747558594 0
endloop
endfacet
facet normal -0.11114545514168078 0.9938041496197069 0
outer loop
vertex 28.551362991333008 49.64265060424805 5
vertex 13.282087326049805 47.934959411621094 0
vertex 13.282087326049805 47.934959411621094 5
endloop
endfacet
facet normal -0.3699239559434024 0.9290620360445172 0
outer loop
vertex 13.282087326049805 47.934959411621094 5
vertex 11.754730224609375 47.326812744140625 0
vertex 11.754730224609375 47.326812744140625 5
endloop
endfacet
facet normal -0.5147974148447511 0.8573118578843765 0
outer loop
vertex 11.754730224609375 47.326812744140625 5
vertex 9.932624816894531 46.2326774597168 0
vertex 9.932624816894531 46.2326774597168 5
endloop
endfacet
facet normal -0.3271659289084182 0.9449669068075833 0
outer loop
vertex 9.853239059448242 46.20519256591797 5
vertex 9.932624816894531 46.2326774597168 5
vertex 9.932624816894531 46.2326774597168 0
endloop
endfacet
facet normal 0 0 1
outer loop
vertex 34.91644287109375 44.070350646972656 5
vertex 34.73772048950195 16.193971633911133 5
vertex 39.637718200683594 23.318971633911133 5
endloop
endfacet
facet normal 0 0 1
outer loop
vertex 20.637720108032227 16.193971633911133 5
vertex 34.73772048950195 16.193971633911133 5
vertex 34.91644287109375 44.070350646972656 5
endloop
endfacet
facet normal 0 0 1
outer loop
vertex 15.737720489501953 13.81897258758545 5
vertex 28.551362991333008 49.64265060424805 5
vertex 19.16448211669922 29.252426147460938 5
endloop
endfacet
facet normal 0 0 1
outer loop
vertex 15.737720489501953 -0.28102779388427734 5
vertex 20.637720108032227 16.193971633911133 5
vertex 30.032604217529297 50.307857513427734 5
endloop
endfacet
facet normal 0 0 -1
outer loop
vertex -60.26227951049805 -38.431026458740234 0
vertex -55.362281799316406 -38.431026458740234 0
vertex -55.362281799316406 -52.531028747558594 0
endloop
endfacet
facet normal 0 0 -1
outer loop
vertex -55.362281799316406 -38.431026458740234 0
vertex -50.812278747558594 -37.73102951049805 0
vertex -50.812278747558594 -38.431026458740234 0
endloop
endfacet
facet normal -0.000019856274839945508 -0.999999999802864 0
outer loop
vertex -0.9502841234207153 -72.1020278930664 5
vertex -0.9502841234207153 -72.1020278930664 0
vertex 56.30012130737305 -72.10316467285156 0
endloop
endfacet
facet normal 0 0 1
outer loop
vertex 34.73772048950195 16.193971633911133 5
vertex 34.73772048950195 2.0939722061157227 5
vertex 39.637718200683594 23.318971633911133 5
endloop
endfacet
facet normal 0 0 1
outer loop
vertex 39.637718200683594 9.218972206115723 5
vertex 39.637718200683594 23.318971633911133 5
vertex 34.73772048950195 2.0939722061157227 5
endloop
endfacet
facet normal 0 0 1
outer loop
vertex 39.637718200683594 9.218972206115723 5
vertex 34.73772048950195 -2.806027889251709 5
vertex 39.637718200683594 4.318972110748291 5
endloop
endfacet
facet normal 0 0 1
outer loop
vertex 34.73772048950195 2.0939722061157227 5
vertex 34.73772048950195 -2.806027889251709 5
vertex 39.637718200683594 9.218972206115723 5
endloop
endfacet
facet normal 0 0 1
outer loop
vertex 34.73772048950195 2.0939722061157227 5
vertex 20.637720108032227 2.0939722061157227 5
vertex 34.73772048950195 -2.806027889251709 5
endloop
endfacet
facet normal 0 0 1
outer loop
vertex 20.637720108032227 2.0939722061157227 5
vertex 20.637720108032227 -2.806027889251709 5
vertex 34.73772048950195 -2.806027889251709 5
endloop
endfacet
facet normal 0 0 -1
outer loop
vertex -45.812278747558594 -53.23102951049805 0
vertex -45.812278747558594 -52.531028747558594 0
vertex -41.26227951049805 -52.531028747558594 0
endloop
endfacet
facet normal -0.8774457536543898 -0.4796758795206196 0
outer loop
vertex -81.55086517333984 -65.56698608398438 0
vertex -81.31280517578125 -66.00245666503906 0
vertex -81.55086517333984 -65.56698608398438 5
endloop
endfacet
facet normal 0 0 1
outer loop
vertex 15.737720489501953 13.81897258758545 5
vertex 19.16448211669922 29.252426147460938 5
vertex 18.46519660949707 26.64266014099121 5
endloop
endfacet
facet normal 0 0 1
outer loop
vertex 15.737720489501953 13.81897258758545 5
vertex 15.737720489501953 -0.28102779388427734 5
vertex 28.551362991333008 49.64265060424805 5
endloop
endfacet
facet normal 0 0 1
outer loop
vertex 15.737720489501953 13.81897258758545 5
vertex 18.46519660949707 26.64266014099121 5
vertex 17.323354721069336 24.193971633911133 5
endloop
endfacet
facet normal 0 0 1
outer loop
vertex 17.323354721069336 24.193971633911133 5
vertex 15.773650169372559 21.980764389038086 5
vertex 15.737720489501953 13.81897258758545 5
endloop
endfacet
facet normal 0 0 1
outer loop
vertex 13.86316967010498 20.070283889770508 5
vertex 15.737720489501953 13.81897258758545 5
vertex 15.773650169372559 21.980764389038086 5
endloop
endfacet
facet normal 0 0 1
outer loop
vertex 11.649961471557617 18.520578384399414 5
vertex 15.737720489501953 13.81897258758545 5
vertex 13.86316967010498 20.070283889770508 5
endloop
endfacet
facet normal 0 0 1
outer loop
vertex 9.201273918151855 17.37873649597168 5
vertex 15.737720489501953 13.81897258758545 5
vertex 11.649961471557617 18.520578384399414 5
endloop
endfacet
facet normal 0 0 1
outer loop
vertex 6.591507911682129 16.679452896118164 5
vertex 15.737720489501953 13.81897258758545 5
vertex 9.201273918151855 17.37873649597168 5
endloop
endfacet
facet normal 0 0 1
outer loop
vertex 6.591507911682129 16.679452896118164 5
vertex 3.899961471557617 16.443971633911133 5
vertex 1.6377201080322266 13.81897258758545 5
endloop
endfacet
facet normal 0 0 1
outer loop
vertex 1.2084146738052368 16.679452896118164 5
vertex 1.6377201080322266 13.81897258758545 5
vertex 3.899961471557617 16.443971633911133 5
endloop
endfacet
facet normal 0 0 1
outer loop
vertex -1.4013508558273315 17.37873649597168 5
vertex 1.6377201080322266 13.81897258758545 5
vertex 1.2084146738052368 16.679452896118164 5
endloop
endfacet
facet normal 0 0 1
outer loop
vertex 15.737720489501953 -0.28102779388427734 5
vertex 20.637720108032227 2.0939722061157227 5
vertex 20.637720108032227 16.193971633911133 5
endloop
endfacet
facet normal 0 0 -1
outer loop
vertex 1.6377201080322266 -19.281028747558594 0
vertex -3.262279987335205 -59.656028747558594 0
vertex -3.262279987335205 -45.556026458740234 0
endloop
endfacet
facet normal 0 0 -1
outer loop
vertex -0.6625719666481018 -47.19602966308594 0
vertex -3.262279987335205 -59.656028747558594 0
vertex 1.6377201080322266 -19.281028747558594 0
endloop
endfacet
facet normal 0 0 -1
outer loop
vertex -7.812280178070068 -45.556026458740234 0
vertex -3.262279987335205 -40.656028747558594 0
vertex -3.262279987335205 -45.556026458740234 0
endloop
endfacet
facet normal 0 0 -1
outer loop
vertex -3.262279987335205 -40.656028747558594 0
vertex -7.812280178070068 -41.35602951049805 0
vertex -7.812280178070068 -40.656028747558594 0
endloop
endfacet
facet normal 0 0 -1
outer loop
vertex -3.262279987335205 -40.656028747558594 0
vertex -7.812280178070068 -44.85602951049805 0
vertex -7.812280178070068 -41.35602951049805 0
endloop
endfacet
facet normal 0 0 -1
outer loop
vertex -7.812280178070068 -45.556026458740234 0
vertex -7.812280178070068 -44.85602951049805 0
vertex -3.262279987335205 -40.656028747558594 0
endloop
endfacet
facet normal 0 0 -1
outer loop
vertex -12.81227970123291 -44.85602951049805 0
vertex -7.812280178070068 -41.35602951049805 0
vertex -7.812280178070068 -44.85602951049805 0
endloop
endfacet
facet normal 0 0 -1
outer loop
vertex -0.5307700037956238 -47.514225006103516 0
vertex -0.5307700037956238 -48.147830963134766 0
vertex -0.6283177137374878 -47.36823654174805 0
endloop
endfacet
facet normal 0 0 -1
outer loop
vertex -0.3847794830799103 -48.0502815246582 0
vertex -0.5307700037956238 -47.514225006103516 0
vertex -0.3847794830799103 -47.61177444458008 0
endloop
endfacet
facet normal 0 0 -1
outer loop
vertex -0.5307700037956238 -47.514225006103516 0
vertex -0.3847794830799103 -48.0502815246582 0
vertex -0.5307700037956238 -48.147830963134766 0
endloop
endfacet
facet normal 0 0 -1
outer loop
vertex -0.6283177137374878 -48.293819427490234 0
vertex -0.6283177137374878 -47.36823654174805 0
vertex -0.5307700037956238 -48.147830963134766 0
endloop
endfacet
facet normal 0 0 -1
outer loop
vertex -0.6625719666481018 -48.466026306152344 0
vertex -0.6283177137374878 -47.36823654174805 0
vertex -0.6283177137374878 -48.293819427490234 0
endloop
endfacet
facet normal 0 0 -1
outer loop
vertex -0.3847794830799103 -48.88177490234375 0
vertex -0.5307700037956238 -49.41783142089844 0
vertex -0.5307700037956238 -48.78422546386719 0
endloop
endfacet
facet normal 0 0 -1
outer loop
vertex -0.6283177137374878 -49.563819885253906 0
vertex -0.5307700037956238 -48.78422546386719 0
vertex -0.5307700037956238 -49.41783142089844 0
endloop
endfacet
facet normal 0 0 -1
outer loop
vertex -0.5307700037956238 -49.41783142089844 0
vertex -0.3847794830799103 -48.88177490234375 0
vertex -0.3847794830799103 -49.320281982421875 0
endloop
endfacet
facet normal 0 0 -1
outer loop
vertex -0.5307700037956238 -50.05422592163086 0
vertex -0.5307700037956238 -50.687828063964844 0
vertex -0.6283177137374878 -49.908233642578125 0
endloop
endfacet
facet normal 0 0 -1
outer loop
vertex -0.3847794830799103 -50.59028244018555 0
vertex -0.5307700037956238 -50.05422592163086 0
vertex -0.3847794830799103 -50.15177536010742 0
endloop
endfacet
facet normal 0 0 -1
outer loop
vertex -0.5307700037956238 -50.05422592163086 0
vertex -0.3847794830799103 -50.59028244018555 0
vertex -0.5307700037956238 -50.687828063964844 0
endloop
endfacet
facet normal 0 0 -1
outer loop
vertex -0.6283177137374878 -50.83382034301758 0
vertex -0.6283177137374878 -49.908233642578125 0
vertex -0.5307700037956238 -50.687828063964844 0
endloop
endfacet
facet normal 0 0 -1
outer loop
vertex -0.6625719666481018 -51.00602722167969 0
vertex -0.6283177137374878 -49.908233642578125 0
vertex -0.6283177137374878 -50.83382034301758 0
endloop
endfacet
facet normal 0 0 -1
outer loop
vertex -0.6283177137374878 -47.36823654174805 0
vertex -3.262279987335205 -59.656028747558594 0
vertex -0.6625719666481018 -47.19602966308594 0
endloop
endfacet
facet normal 0 0 -1
outer loop
vertex -0.3847794830799103 -51.42177200317383 0
vertex -0.6283177137374878 -52.10382080078125 0
vertex -0.5307700037956238 -51.32422637939453 0
endloop
endfacet
facet normal 0 0 -1
outer loop
vertex -0.5307700037956238 -51.957828521728516 0
vertex -0.3847794830799103 -51.42177200317383 0
vertex -0.3847794830799103 -51.86028289794922 0
endloop
endfacet
facet normal 0 0 -1
outer loop
vertex -0.6283177137374878 -52.10382080078125 0
vertex -0.3847794830799103 -51.42177200317383 0
vertex -0.5307700037956238 -51.957828521728516 0
endloop
endfacet
facet normal 0 0 -1
outer loop
vertex -0.6625719666481018 -48.466026306152344 0
vertex -3.262279987335205 -59.656028747558594 0
vertex -0.6283177137374878 -47.36823654174805 0
endloop
endfacet
facet normal 0 0 -1
outer loop
vertex -0.6283177137374878 -48.63823699951172 0
vertex -3.262279987335205 -59.656028747558594 0
vertex -0.6625719666481018 -48.466026306152344 0
endloop
endfacet
facet normal 0 0 -1
outer loop
vertex -0.5307700037956238 -48.78422546386719 0
vertex -3.262279987335205 -59.656028747558594 0
vertex -0.6283177137374878 -48.63823699951172 0
endloop
endfacet
facet normal 0 0 -1
outer loop
vertex -0.3847794830799103 -53.13028335571289 0
vertex -0.5307700037956238 -52.5942268371582 0
vertex -0.3847794830799103 -52.6917724609375 0
endloop
endfacet
facet normal 0 0 -1
outer loop
vertex -0.5307700037956238 -53.22782897949219 0
vertex -0.5307700037956238 -52.5942268371582 0
vertex -0.3847794830799103 -53.13028335571289 0
endloop
endfacet
facet normal 0 0 -1
outer loop
vertex -0.6283177137374878 -53.37382125854492 0
vertex -0.5307700037956238 -52.5942268371582 0
vertex -0.5307700037956238 -53.22782897949219 0
endloop
endfacet
facet normal 0 0 -1
outer loop
vertex -0.6625719666481018 -53.54602813720703 0
vertex -0.5307700037956238 -52.5942268371582 0
vertex -0.6283177137374878 -53.37382125854492 0
endloop
endfacet
facet normal 0 0 -1
outer loop
vertex -0.6283177137374878 -49.563819885253906 0
vertex -3.262279987335205 -59.656028747558594 0
vertex -0.5307700037956238 -48.78422546386719 0
endloop
endfacet
facet normal 0 0 -1
outer loop
vertex -0.6625719666481018 -49.736026763916016 0
vertex -3.262279987335205 -59.656028747558594 0
vertex -0.6283177137374878 -49.563819885253906 0
endloop
endfacet
facet normal 0 0 -1
outer loop
vertex -0.6283177137374878 -49.908233642578125 0
vertex -3.262279987335205 -59.656028747558594 0
vertex -0.6625719666481018 -49.736026763916016 0
endloop
endfacet
facet normal 0 0 -1
outer loop
vertex -0.6625719666481018 -51.00602722167969 0
vertex -3.262279987335205 -59.656028747558594 0
vertex -0.6283177137374878 -49.908233642578125 0
endloop
endfacet
facet normal 0 0 -1
outer loop
vertex -0.3847794830799103 -54.40028381347656 0
vertex -0.5307700037956238 -53.864227294921875 0
vertex -0.3847794830799103 -53.96177291870117 0
endloop
endfacet
facet normal 0 0 -1
outer loop
vertex -0.5307700037956238 -54.49782943725586 0
vertex -0.5307700037956238 -53.864227294921875 0
vertex -0.3847794830799103 -54.40028381347656 0
endloop
endfacet
facet normal 0 0 -1
outer loop
vertex -0.6283177137374878 -54.643821716308594 0
vertex -0.5307700037956238 -53.864227294921875 0
vertex -0.5307700037956238 -54.49782943725586 0
endloop
endfacet
facet normal 0 0 -1
outer loop
vertex -0.6625719666481018 -54.8160285949707 0
vertex -0.5307700037956238 -53.864227294921875 0
vertex -0.6283177137374878 -54.643821716308594 0
endloop
endfacet
facet normal 0 0 -1
outer loop
vertex -0.6283177137374878 -51.1782341003418 0
vertex -3.262279987335205 -59.656028747558594 0
vertex -0.6625719666481018 -51.00602722167969 0
endloop
endfacet
facet normal 0 0 -1
outer loop
vertex -0.5307700037956238 -51.32422637939453 0
vertex -3.262279987335205 -59.656028747558594 0
vertex -0.6283177137374878 -51.1782341003418 0
endloop
endfacet
facet normal 0 0 -1
outer loop
vertex -12.81227970123291 -41.35602951049805 0
vertex -17.362279891967773 -40.656028747558594 0
vertex -12.81227970123291 -40.656028747558594 0
endloop
endfacet
facet normal 0 0 -1
outer loop
vertex -12.81227970123291 -41.35602951049805 0
vertex -7.812280178070068 -41.35602951049805 0
vertex -12.81227970123291 -44.85602951049805 0
endloop
endfacet
facet normal 0 0 -1
outer loop
vertex -12.81227970123291 -44.85602951049805 0
vertex -17.362279891967773 -40.656028747558594 0
vertex -12.81227970123291 -41.35602951049805 0
endloop
endfacet
facet normal 0 0 -1
outer loop
vertex -17.362279891967773 -45.556026458740234 0
vertex -12.81227970123291 -44.85602951049805 0
vertex -12.81227970123291 -45.556026458740234 0
endloop
endfacet
facet normal 0 0 -1
outer loop
vertex -17.362279891967773 -40.656028747558594 0
vertex -22.262279510498047 -43.181026458740234 0
vertex -22.262279510498047 -38.281028747558594 0
endloop
endfacet
facet normal 0 0 -1
outer loop
vertex -17.362279891967773 -40.656028747558594 0
vertex -12.81227970123291 -44.85602951049805 0
vertex -17.362279891967773 -45.556026458740234 0
endloop
endfacet
facet normal 0 0 -1
outer loop
vertex -17.362279891967773 -45.556026458740234 0
vertex -22.262279510498047 -43.181026458740234 0
vertex -17.362279891967773 -40.656028747558594 0
endloop
endfacet
facet normal 0 0 -1
outer loop
vertex -17.362279891967773 -45.556026458740234 0
vertex -19.2122802734375 -46.746028900146484 0
vertex -22.262279510498047 -43.181026458740234 0
endloop
endfacet
facet normal 0 0 -1
outer loop
vertex -19.2122802734375 -46.746028900146484 0
vertex -19.38448715209961 -46.78028106689453 0
vertex -22.262279510498047 -43.181026458740234 0
endloop
endfacet
facet normal 0 0 -1
outer loop
vertex -19.38448715209961 -46.78028106689453 0
vertex -19.53047752380371 -46.877830505371094 0
vertex -22.262279510498047 -43.181026458740234 0
endloop
endfacet
facet normal 0 0 -1
outer loop
vertex -19.53047752380371 -46.877830505371094 0
vertex -19.62802505493164 -47.02381896972656 0
vertex -22.262279510498047 -43.181026458740234 0
endloop
endfacet
facet normal 0 0 -1
outer loop
vertex -19.66227912902832 -47.19602966308594 0
vertex -22.262279510498047 -43.181026458740234 0
vertex -19.62802505493164 -47.02381896972656 0
endloop
endfacet
facet normal 0 0 -1
outer loop
vertex -17.362279891967773 -45.556026458740234 0
vertex -18.796533584594727 -47.02381896972656 0
vertex -18.894081115722656 -46.877830505371094 0
endloop
endfacet
facet normal 0 0 -1
outer loop
vertex -17.362279891967773 -45.556026458740234 0
vertex -18.796533584594727 -47.36823654174805 0
vertex -18.762279510498047 -47.19602966308594 0
endloop
endfacet
facet normal 0 0 -1
outer loop
vertex -18.762279510498047 -47.19602966308594 0
vertex -18.796533584594727 -47.02381896972656 0
vertex -17.362279891967773 -45.556026458740234 0
endloop
endfacet
facet normal 0 0 -1
outer loop
vertex -17.362279891967773 -45.556026458740234 0
vertex -18.796533584594727 -48.293819427490234 0
vertex -18.796533584594727 -47.36823654174805 0
endloop
endfacet
facet normal 0 0 -1
outer loop
vertex 1.6377201080322266 -38.281028747558594 0
vertex -0.5307700037956238 -46.877830505371094 0
vertex 1.6377201080322266 -24.181028366088867 0
endloop
endfacet
facet normal 0 0 -1
outer loop
vertex 1.6377201080322266 -24.181028366088867 0
vertex -0.5307700037956238 -46.877830505371094 0
vertex 1.6377201080322266 -19.281028747558594 0
endloop
endfacet
facet normal 0 0 -1
outer loop
vertex 1.6377201080322266 -24.181028366088867 0
vertex 6.187719821929932 -23.481027603149414 0
vertex 6.187719821929932 -24.181028366088867 0
endloop
endfacet
facet normal 0 0 -1
outer loop
vertex 6.187719821929932 -23.481027603149414 0
vertex 1.6377201080322266 -24.181028366088867 0
vertex 6.187719821929932 -19.981027603149414 0
endloop
endfacet
facet normal 0 0 -1
outer loop
vertex 6.187719821929932 -19.981027603149414 0
vertex 1.6377201080322266 -24.181028366088867 0
vertex 1.6377201080322266 -19.281028747558594 0
endloop
endfacet
facet normal 0 0 -1
outer loop
vertex 6.187719821929932 -23.481027603149414 0
vertex 11.18772029876709 -19.981027603149414 0
vertex 11.18772029876709 -23.481027603149414 0
endloop
endfacet
facet normal 0 0 -1
outer loop
vertex 11.18772029876709 -19.981027603149414 0
vertex 6.187719821929932 -23.481027603149414 0
vertex 6.187719821929932 -19.981027603149414 0
endloop
endfacet
facet normal 0 0 -1
outer loop
vertex 20.637720108032227 -35.906028747558594 0
vertex 15.737720489501953 -38.281028747558594 0
vertex 15.737720489501953 -24.181028366088867 0
endloop
endfacet
facet normal 0 0 -1
outer loop
vertex 11.18772029876709 -23.481027603149414 0
vertex 15.737720489501953 -19.281028747558594 0
vertex 11.18772029876709 -24.181028366088867 0
endloop
endfacet
facet normal 0 0 -1
outer loop
vertex 11.18772029876709 -24.181028366088867 0
vertex 15.737720489501953 -19.281028747558594 0
vertex 15.737720489501953 -24.181028366088867 0
endloop
endfacet
facet normal 0 0 -1
outer loop
vertex 15.737720489501953 -19.281028747558594 0
vertex 11.18772029876709 -23.481027603149414 0
vertex 11.18772029876709 -19.981027603149414 0
endloop
endfacet
facet normal 0 0 -1
outer loop
vertex 20.637720108032227 -35.906028747558594 0
vertex 15.737720489501953 -24.181028366088867 0
vertex 20.637720108032227 -21.806028366088867 0
endloop
endfacet
facet normal 0 0 -1
outer loop
vertex 15.737720489501953 -24.181028366088867 0
vertex 15.737720489501953 -19.281028747558594 0
vertex 20.637720108032227 -16.906028747558594 0
endloop
endfacet
facet normal 0 0 -1
outer loop
vertex 20.637720108032227 -21.806028366088867 0
vertex 15.737720489501953 -24.181028366088867 0
vertex 20.637720108032227 -16.906028747558594 0
endloop
endfacet
facet normal 0 0 -1
outer loop
vertex -17.362279891967773 -45.556026458740234 0
vertex -18.762279510498047 -48.466026306152344 0
vertex -18.796533584594727 -48.293819427490234 0
endloop
endfacet
facet normal 0 0 -1
outer loop
vertex -17.362279891967773 -45.556026458740234 0
vertex -18.796533584594727 -48.63823699951172 0
vertex -18.762279510498047 -48.466026306152344 0
endloop
endfacet
facet normal 0 0 -1
outer loop
vertex -17.362279891967773 -45.556026458740234 0
vertex -18.796533584594727 -49.563819885253906 0
vertex -18.796533584594727 -48.63823699951172 0
endloop
endfacet
facet normal 0 0 -1
outer loop
vertex -17.362279891967773 -45.556026458740234 0
vertex -18.762279510498047 -49.736026763916016 0
vertex -18.796533584594727 -49.563819885253906 0
endloop
endfacet
facet normal 0 0 -1
outer loop
vertex -19.040071487426758 -46.78028106689453 0
vertex -17.362279891967773 -45.556026458740234 0
vertex -18.894081115722656 -46.877830505371094 0
endloop
endfacet
facet normal 0 0 -1
outer loop
vertex -19.2122802734375 -46.746028900146484 0
vertex -17.362279891967773 -45.556026458740234 0
vertex -19.040071487426758 -46.78028106689453 0
endloop
endfacet
facet normal 0 0 -1
outer loop
vertex 1.6377201080322266 -19.281028747558594 0
vertex -3.262279987335205 -26.556028366088867 0
vertex 1.6377201080322266 -5.181027889251709 0
endloop
endfacet
facet normal 0 0 -1
outer loop
vertex 1.6377201080322266 -19.281028747558594 0
vertex 6.187719821929932 -19.281028747558594 0
vertex 6.187719821929932 -19.981027603149414 0
endloop
endfacet
facet normal 0 0 -1
outer loop
vertex 1.6377201080322266 -5.181027889251709 0
vertex -3.262279987335205 -26.556028366088867 0
vertex 1.6377201080322266 -0.28102779388427734 0
endloop
endfacet
facet normal 0 0 -1
outer loop
vertex 1.6377201080322266 -0.28102779388427734 0
vertex -3.262279987335205 -26.556028366088867 0
vertex 1.6377201080322266 13.81897258758545 0
endloop
endfacet
facet normal 0 0 -1
outer loop
vertex 1.6377201080322266 -5.181027889251709 0
vertex 6.187719821929932 -4.481027603149414 0
vertex 6.187719821929932 -5.181027889251709 0
endloop
endfacet
facet normal 0 0 -1
outer loop
vertex 6.187719821929932 -4.481027603149414 0
vertex 1.6377201080322266 -5.181027889251709 0
vertex 6.187719821929932 -0.9810277819633484 0
endloop
endfacet
facet normal 0 0 -1
outer loop
vertex 6.187719821929932 -4.481027603149414 0
vertex 6.187719821929932 -0.9810277819633484 0
vertex 11.18772029876709 -4.481027603149414 0
endloop
endfacet
facet normal 0 0 -1
outer loop
vertex 15.737720489501953 -19.281028747558594 0
vertex 11.18772029876709 -19.981027603149414 0
vertex 11.18772029876709 -19.281028747558594 0
endloop
endfacet
facet normal 0 0 -1
outer loop
vertex 20.637720108032227 -16.906028747558594 0
vertex 15.737720489501953 -19.281028747558594 0
vertex 15.737720489501953 -5.181027889251709 0
endloop
endfacet
facet normal 0 0 -1
outer loop
vertex 11.18772029876709 -5.181027889251709 0
vertex 11.18772029876709 -4.481027603149414 0
vertex 15.737720489501953 -0.28102779388427734 0
endloop
endfacet
facet normal 0 0 -1
outer loop
vertex 11.18772029876709 -5.181027889251709 0
vertex 15.737720489501953 -0.28102779388427734 0
vertex 15.737720489501953 -5.181027889251709 0
endloop
endfacet
facet normal 0 0 -1
outer loop
vertex 20.637720108032227 -16.906028747558594 0
vertex 15.737720489501953 -5.181027889251709 0
vertex 20.637720108032227 -2.806027889251709 0
endloop
endfacet
facet normal 0 0 -1
outer loop
vertex 20.637720108032227 -2.806027889251709 0
vertex 15.737720489501953 -5.181027889251709 0
vertex 15.737720489501953 -0.28102779388427734 0
endloop
endfacet
facet normal 0 0 -1
outer loop
vertex -18.796533584594727 -48.293819427490234 0
vertex -18.894081115722656 -47.514225006103516 0
vertex -18.796533584594727 -47.36823654174805 0
endloop
endfacet
facet normal 0 0 -1
outer loop
vertex -18.894081115722656 -48.147830963134766 0
vertex -19.040071487426758 -47.61177444458008 0
vertex -18.894081115722656 -47.514225006103516 0
endloop
endfacet
facet normal 0 0 -1
outer loop
vertex -18.796533584594727 -48.293819427490234 0
vertex -18.894081115722656 -48.147830963134766 0
vertex -18.894081115722656 -47.514225006103516 0
endloop
endfacet
facet normal 0 0 -1
outer loop
vertex -19.040071487426758 -48.0502815246582 0
vertex -19.040071487426758 -47.61177444458008 0
vertex -18.894081115722656 -48.147830963134766 0
endloop
endfacet
facet normal 0 0 -1
outer loop
vertex -19.040071487426758 -48.0502815246582 0
vertex -19.2122802734375 -47.646026611328125 0
vertex -19.040071487426758 -47.61177444458008 0
endloop
endfacet
facet normal 0 0 -1
outer loop
vertex -19.2122802734375 -48.016029357910156 0
vertex -19.2122802734375 -47.646026611328125 0
vertex -19.040071487426758 -48.0502815246582 0
endloop
endfacet
facet normal 0 0 -1
outer loop
vertex -19.2122802734375 -48.016029357910156 0
vertex -19.38448715209961 -47.61177444458008 0
vertex -19.2122802734375 -47.646026611328125 0
endloop
endfacet
facet normal 0 0 -1
outer loop
vertex -19.38448715209961 -48.0502815246582 0
vertex -19.38448715209961 -47.61177444458008 0
vertex -19.2122802734375 -48.016029357910156 0
endloop
endfacet
facet normal 0 0 -1
outer loop
vertex -19.38448715209961 -48.0502815246582 0
vertex -19.53047752380371 -47.514225006103516 0
vertex -19.38448715209961 -47.61177444458008 0
endloop
endfacet
facet normal 0 0 -1
outer loop
vertex 20.637720108032227 -21.806028366088867 0
vertex 25.187719345092773 -21.106027603149414 0
vertex 25.187719345092773 -21.806028366088867 0
endloop
endfacet
facet normal 0 0 -1
outer loop
vertex 25.187719345092773 -21.106027603149414 0
vertex 20.637720108032227 -21.806028366088867 0
vertex 30.187719345092773 -17.606027603149414 0
endloop
endfacet
facet normal 0 0 -1
outer loop
vertex 34.73772048950195 -35.906028747558594 0
vertex 30.187719345092773 -36.60602951049805 0
vertex 30.187719345092773 -35.906028747558594 0
endloop
endfacet
facet normal 0 0 -1
outer loop
vertex 39.637718200683594 -33.681026458740234 0
vertex 30.187719345092773 -40.806026458740234 0
vertex 34.73772048950195 -35.906028747558594 0
endloop
endfacet
facet normal 0 0 -1
outer loop
vertex 39.637718200683594 -33.681026458740234 0
vertex 34.73772048950195 -35.906028747558594 0
vertex 34.73772048950195 -21.806028366088867 0
endloop
endfacet
facet normal 0 0 -1
outer loop
vertex 30.187719345092773 -21.806028366088867 0
vertex 34.73772048950195 -16.906028747558594 0
vertex 34.73772048950195 -21.806028366088867 0
endloop
endfacet
facet normal 0 0 -1
outer loop
vertex 39.637718200683594 -33.681026458740234 0
vertex 34.73772048950195 -21.806028366088867 0
vertex 39.637718200683594 -28.781028747558594 0
endloop
endfacet
facet normal 0 0 -1
outer loop
vertex 39.637718200683594 -28.781028747558594 0
vertex 34.73772048950195 -21.806028366088867 0
vertex 34.73772048950195 -16.906028747558594 0
endloop
endfacet
facet normal 0 0 -1
outer loop
vertex 39.637718200683594 -28.781028747558594 0
vertex 34.73772048950195 -16.906028747558594 0
vertex 39.637718200683594 -14.68102741241455 0
endloop
endfacet
facet normal 0 0 -1
outer loop
vertex -19.53047752380371 -48.147830963134766 0
vertex -19.53047752380371 -47.514225006103516 0
vertex -19.38448715209961 -48.0502815246582 0
endloop
endfacet
facet normal 0 0 -1
outer loop
vertex -19.53047752380371 -48.147830963134766 0
vertex -19.62802505493164 -47.36823654174805 0
vertex -19.53047752380371 -47.514225006103516 0
endloop
endfacet
facet normal 0 0 -1
outer loop
vertex -19.62802505493164 -47.36823654174805 0
vertex -19.66227912902832 -48.466026306152344 0
vertex -19.66227912902832 -47.19602966308594 0
endloop
endfacet
facet normal 0 0 -1
outer loop
vertex -19.62802505493164 -48.293819427490234 0
vertex -19.62802505493164 -47.36823654174805 0
vertex -19.53047752380371 -48.147830963134766 0
endloop
endfacet
facet normal 0 0 -1
outer loop
vertex -19.66227912902832 -48.466026306152344 0
vertex -19.62802505493164 -47.36823654174805 0
vertex -19.62802505493164 -48.293819427490234 0
endloop
endfacet
facet normal 0 0 -1
outer loop
vertex -19.66227912902832 -48.466026306152344 0
vertex -22.262279510498047 -43.181026458740234 0
vertex -19.66227912902832 -47.19602966308594 0
endloop
endfacet
facet normal 0 0 -1
outer loop
vertex -19.66227912902832 -49.736026763916016 0
vertex -22.262279510498047 -43.181026458740234 0
vertex -19.66227912902832 -48.466026306152344 0
endloop
endfacet
facet normal 0 0 -1
outer loop
vertex -18.796533584594727 -49.563819885253906 0
vertex -18.894081115722656 -48.78422546386719 0
vertex -18.796533584594727 -48.63823699951172 0
endloop
endfacet
facet normal 0 0 -1
outer loop
vertex -18.894081115722656 -48.78422546386719 0
vertex -18.894081115722656 -49.41783142089844 0
vertex -19.040071487426758 -48.88177490234375 0
endloop
endfacet
facet normal 0 0 -1
outer loop
vertex -18.796533584594727 -49.563819885253906 0
vertex -18.894081115722656 -49.41783142089844 0
vertex -18.894081115722656 -48.78422546386719 0
endloop
endfacet
facet normal 0 0 -1
outer loop
vertex 20.637720108032227 -16.906028747558594 0
vertex 25.187719345092773 -17.606027603149414 0
vertex 20.637720108032227 -21.806028366088867 0
endloop
endfacet
facet normal 0 0 -1
outer loop
vertex 25.187719345092773 -17.606027603149414 0
vertex 20.637720108032227 -16.906028747558594 0
vertex 25.187719345092773 -16.906028747558594 0
endloop
endfacet
facet normal 0 0 -1
outer loop
vertex 30.187719345092773 -17.606027603149414 0
vertex 20.637720108032227 -21.806028366088867 0
vertex 25.187719345092773 -17.606027603149414 0
endloop
endfacet
facet normal 0 0 -1
outer loop
vertex 30.187719345092773 -21.106027603149414 0
vertex 25.187719345092773 -21.106027603149414 0
vertex 34.73772048950195 -16.906028747558594 0
endloop
endfacet
facet normal 0 0 -1
outer loop
vertex 34.73772048950195 -16.906028747558594 0
vertex 25.187719345092773 -21.106027603149414 0
vertex 30.187719345092773 -17.606027603149414 0
endloop
endfacet
facet normal 0 0 -1
outer loop
vertex 20.637720108032227 -2.806027889251709 0
vertex 25.187719345092773 -2.106027841567993 0
vertex 25.187719345092773 -2.806027889251709 0
endloop
endfacet
facet normal 0 0 -1
outer loop
vertex 34.73772048950195 -16.906028747558594 0
vertex 30.187719345092773 -21.806028366088867 0
vertex 30.187719345092773 -21.106027603149414 0
endloop
endfacet
facet normal 0 0 -1
outer loop
vertex 34.73772048950195 -16.906028747558594 0
vertex 30.187719345092773 -17.606027603149414 0
vertex 30.187719345092773 -16.906028747558594 0
endloop
endfacet
facet normal 0 0 -1
outer loop
vertex 39.637718200683594 -14.68102741241455 0
vertex 34.73772048950195 -16.906028747558594 0
vertex 34.73772048950195 -2.806027889251709 0
endloop
endfacet
facet normal 0 0 -1
outer loop
vertex 39.637718200683594 -14.68102741241455 0
vertex 34.73772048950195 -2.806027889251709 0
vertex 39.637718200683594 -9.781027793884277 0
endloop
endfacet
facet normal 0 0 -1
outer loop
vertex 39.637718200683594 -9.781027793884277 0
vertex 34.73772048950195 -2.806027889251709 0
vertex 39.637718200683594 4.318972110748291 0
endloop
endfacet
facet normal 0 0 -1
outer loop
vertex -19.040071487426758 -49.320281982421875 0
vertex -19.040071487426758 -48.88177490234375 0
vertex -18.894081115722656 -49.41783142089844 0
endloop
endfacet
facet normal 0 0 -1
outer loop
vertex -19.040071487426758 -49.320281982421875 0
vertex -19.2122802734375 -48.9160270690918 0
vertex -19.040071487426758 -48.88177490234375 0
endloop
endfacet
facet normal 0 0 -1
outer loop
vertex -19.040071487426758 -49.320281982421875 0
vertex -19.2122802734375 -49.28602600097656 0
vertex -19.2122802734375 -48.9160270690918 0
endloop
endfacet
facet normal 0 0 -1
outer loop
vertex -19.2122802734375 -49.28602600097656 0
vertex -19.38448715209961 -48.88177490234375 0
vertex -19.2122802734375 -48.9160270690918 0
endloop
endfacet
facet normal 0 0 -1
outer loop
vertex -19.38448715209961 -49.320281982421875 0
vertex -19.38448715209961 -48.88177490234375 0
vertex -19.2122802734375 -49.28602600097656 0
endloop
endfacet
facet normal 0 0 -1
outer loop
vertex -19.38448715209961 -49.320281982421875 0
vertex -19.53047752380371 -48.78422546386719 0
vertex -19.38448715209961 -48.88177490234375 0
endloop
endfacet
facet normal 0 0 -1
outer loop
vertex -19.53047752380371 -48.78422546386719 0
vertex -19.53047752380371 -49.41783142089844 0
vertex -19.62802505493164 -48.63823699951172 0
endloop
endfacet
facet normal 0 0 -1
outer loop
vertex -19.62802505493164 -48.63823699951172 0
vertex -19.62802505493164 -49.563819885253906 0
vertex -19.66227912902832 -48.466026306152344 0
endloop
endfacet
facet normal 0 0 -1
outer loop
vertex -19.53047752380371 -49.41783142089844 0
vertex -19.53047752380371 -48.78422546386719 0
vertex -19.38448715209961 -49.320281982421875 0
endloop
endfacet
facet normal 0 0 -1
outer loop
vertex -19.62802505493164 -49.563819885253906 0
vertex -19.62802505493164 -48.63823699951172 0
vertex -19.53047752380371 -49.41783142089844 0
endloop
endfacet
facet normal 0 0 -1
outer loop
vertex -19.66227912902832 -49.736026763916016 0
vertex -19.66227912902832 -48.466026306152344 0
vertex -19.62802505493164 -49.563819885253906 0
endloop
endfacet
facet normal 0 0 -1
outer loop
vertex -18.796533584594727 -49.908233642578125 0
vertex -18.796533584594727 -50.83382034301758 0
vertex -18.894081115722656 -50.05422592163086 0
endloop
endfacet
facet normal 0 0 -1
outer loop
vertex -18.894081115722656 -50.05422592163086 0
vertex -18.894081115722656 -50.687828063964844 0
vertex -19.040071487426758 -50.15177536010742 0
endloop
endfacet
facet normal 0 0 -1
outer loop
vertex -19.040071487426758 -50.15177536010742 0
vertex -19.040071487426758 -50.59028244018555 0
vertex -19.2122802734375 -50.18602752685547 0
endloop
endfacet
facet normal 0 0 -1
outer loop
vertex -19.2122802734375 -50.18602752685547 0
vertex -19.38448715209961 -50.59028244018555 0
vertex -19.38448715209961 -50.15177536010742 0
endloop
endfacet
facet normal 0 0 -1
outer loop
vertex -19.38448715209961 -50.59028244018555 0
vertex -19.53047752380371 -50.05422592163086 0
vertex -19.38448715209961 -50.15177536010742 0
endloop
endfacet
facet normal -0.999999998952262 -0.00004577636713953836 0
outer loop
vertex -81.79969024658203 21.87914276123047 0.20000000298023224
vertex -81.79966735839844 21.37914276123047 0.20000000298023224
vertex -81.79969024658203 21.87914276123047 4.5
endloop
endfacet
facet normal 0 0 -1
outer loop
vertex -19.62802505493164 -49.908233642578125 0
vertex -19.62802505493164 -50.83382034301758 0
vertex -19.66227912902832 -49.736026763916016 0
endloop
endfacet
facet normal 0 0 -1
outer loop
vertex -18.762279510498047 -49.736026763916016 0
vertex -17.362279891967773 -45.556026458740234 0
vertex -17.362279891967773 -59.656028747558594 0
endloop
endfacet
facet normal 0 0 -1
outer loop
vertex -18.796533584594727 -49.908233642578125 0
vertex -18.762279510498047 -49.736026763916016 0
vertex -17.362279891967773 -59.656028747558594 0
endloop
endfacet
facet normal 0 0 -1
outer loop
vertex -18.762279510498047 -51.00602722167969 0
vertex -18.796533584594727 -49.908233642578125 0
vertex -17.362279891967773 -59.656028747558594 0
endloop
endfacet
facet normal 0 0 -1
outer loop
vertex -18.762279510498047 -52.27602767944336 0
vertex -18.762279510498047 -51.00602722167969 0
vertex -17.362279891967773 -59.656028747558594 0
endloop
endfacet
facet normal 0 0 -1
outer loop
vertex -18.762279510498047 -51.00602722167969 0
vertex -18.796533584594727 -50.83382034301758 0
vertex -18.796533584594727 -49.908233642578125 0
endloop
endfacet
facet normal 0 0 -1
outer loop
vertex -19.040071487426758 -50.59028244018555 0
vertex -19.040071487426758 -50.15177536010742 0
vertex -18.894081115722656 -50.687828063964844 0
endloop
endfacet
facet normal 0 0 -1
outer loop
vertex -18.894081115722656 -50.687828063964844 0
vertex -18.894081115722656 -50.05422592163086 0
vertex -18.796533584594727 -50.83382034301758 0
endloop
endfacet
facet normal 0 0 -1
outer loop
vertex -19.2122802734375 -50.556026458740234 0
vertex -19.2122802734375 -50.18602752685547 0
vertex -19.040071487426758 -50.59028244018555 0
endloop
endfacet
facet normal 0 0 -1
outer loop
vertex -19.38448715209961 -50.59028244018555 0
vertex -19.2122802734375 -50.18602752685547 0
vertex -19.2122802734375 -50.556026458740234 0
endloop
endfacet
facet normal 0 0 -1
outer loop
vertex -19.53047752380371 -50.687828063964844 0
vertex -19.53047752380371 -50.05422592163086 0
vertex -19.38448715209961 -50.59028244018555 0
endloop
endfacet
facet normal 0 0 -1
outer loop
vertex -19.62802505493164 -50.83382034301758 0
vertex -19.62802505493164 -49.908233642578125 0
vertex -19.53047752380371 -50.687828063964844 0
endloop
endfacet
facet normal 0 0 -1
outer loop
vertex -19.66227912902832 -51.00602722167969 0
vertex -19.66227912902832 -49.736026763916016 0
vertex -19.62802505493164 -50.83382034301758 0
endloop
endfacet
facet normal 0 0 -1
outer loop
vertex -18.762279510498047 -52.27602767944336 0
vertex -18.796533584594727 -51.1782341003418 0
vertex -18.762279510498047 -51.00602722167969 0
endloop
endfacet
facet normal 0 0 -1
outer loop
vertex -18.796533584594727 -51.1782341003418 0
vertex -18.796533584594727 -52.10382080078125 0
vertex -18.894081115722656 -51.32422637939453 0
endloop
endfacet
facet normal 0 0 -1
outer loop
vertex -18.894081115722656 -51.32422637939453 0
vertex -18.894081115722656 -51.957828521728516 0
vertex -19.040071487426758 -51.42177200317383 0
endloop
endfacet
facet normal 0 0 -1
outer loop
vertex -18.762279510498047 -52.27602767944336 0
vertex -18.796533584594727 -52.10382080078125 0
vertex -18.796533584594727 -51.1782341003418 0
endloop
endfacet
facet normal 0 0 -1
outer loop
vertex -18.796533584594727 -52.10382080078125 0
vertex -18.894081115722656 -51.957828521728516 0
vertex -18.894081115722656 -51.32422637939453 0
endloop
endfacet
facet normal 0 0 -1
outer loop
vertex -19.040071487426758 -51.86028289794922 0
vertex -19.040071487426758 -51.42177200317383 0
vertex -18.894081115722656 -51.957828521728516 0
endloop
endfacet
facet normal 0 0 -1
outer loop
vertex -19.040071487426758 -51.86028289794922 0
vertex -19.2122802734375 -51.45602798461914 0
vertex -19.040071487426758 -51.42177200317383 0
endloop
endfacet
facet normal 0 0 1
outer loop
vertex 15.737720489501953 -0.28102779388427734 5
vertex 20.637720108032227 -2.806027889251709 5
vertex 20.637720108032227 2.0939722061157227 5
endloop
endfacet
facet normal 0.989960768883613 -0.14134240719389818 0
outer loop
vertex 61.02651596069336 -68.34510803222656 0
vertex 61.17662811279297 -67.2937240600586 0
vertex 61.17662811279297 -67.2937240600586 0.20000000298023224
endloop
endfacet
facet normal 0 0 1
outer loop
vertex 1.6377201080322266 -0.28102779388427734 5
vertex 15.737720489501953 -5.181027889251709 5
vertex 15.737720489501953 -0.28102779388427734 5
endloop
endfacet
facet normal 0 0 1
outer loop
vertex 6.591507911682129 16.679452896118164 5
vertex 1.6377201080322266 13.81897258758545 5
vertex 15.737720489501953 13.81897258758545 5
endloop
endfacet
facet normal -0.5106307740109955 -0.8598001003913245 0
outer loop
vertex -80.5467300415039 -66.79631805419922 0
vertex -80.1250991821289 -67.04672241210938 0
vertex -80.5467300415039 -66.79631805419922 5
endloop
endfacet
facet normal -0.7195879215620653 -0.6944013415467938 0
outer loop
vertex -81.31280517578125 -66.00245666503906 0
vertex -80.5467300415039 -66.79631805419922 0
vertex -81.31280517578125 -66.00245666503906 5
endloop
endfacet
facet normal -0.999999999662108 -0.000025892830238107025 -0.000002312016209428927
outer loop
vertex -81.79607391357422 -64.32837677001953 0.20000000298023224
vertex -81.79606628417969 -64.60517120361328 0
vertex -81.79609680175781 -63.828372955322266 4.5
endloop
endfacet
facet normal -0.00011186397270842784 -0.9999999937432258 0
outer loop
vertex -81.79609680175781 -63.828372955322266 0.20000000298023224
vertex -82.51222229003906 -63.82829284667969 4.5
vertex -82.51222229003906 -63.82829284667969 0.20000000298023224
endloop
endfacet
facet normal 0 0 -1
outer loop
vertex 49.187721252441406 -48.48102951049805 0
vertex 34.73772048950195 -54.906028747558594 0
vertex 44.187721252441406 -48.48102951049805 0
endloop
endfacet
facet normal 0 0 -1
outer loop
vertex 44.187721252441406 -48.48102951049805 0
vertex 39.637718200683594 -47.781028747558594 0
vertex 44.187721252441406 -47.781028747558594 0
endloop
endfacet
facet normal 0 0 -1
outer loop
vertex 53.73772048950195 -47.781028747558594 0
vertex 49.187721252441406 -48.48102951049805 0
vertex 49.187721252441406 -47.781028747558594 0
endloop
endfacet
facet normal -0.9999999943857948 0.00010596419410370661 0
outer loop
vertex -82.51214599609375 -63.10829544067383 0.20000000298023224
vertex -82.51222229003906 -63.82829284667969 0.20000000298023224
vertex -82.51222229003906 -63.82829284667969 4.5
endloop
endfacet
facet normal -0.999999998952278 -0.0000457760178962385 0
outer loop
vertex -81.79609680175781 -63.828372955322266 0.20000000298023224
vertex -81.79607391357422 -64.32837677001953 0.20000000298023224
vertex -81.79609680175781 -63.828372955322266 4.5
endloop
endfacet
facet normal -0.9690066708011498 -0.2470345561715449 0
outer loop
vertex -81.79606628417969 -64.60517120361328 0
vertex -81.55086517333984 -65.56698608398438 0
vertex -81.79606628417969 -64.60517120361328 5
endloop
endfacet
facet normal 0 0 -1
outer loop
vertex 61.184547424316406 -48.29372787475586 0
vertex 59.884544372558594 -48.293670654296875 0
vertex 61.184791564941406 -42.60945510864258 0
endloop
endfacet
facet normal -0.2654042475213275 -0.964137223323339 0
outer loop
vertex -80.1250991821289 -67.04672241210938 0
vertex -79.06179809570312 -67.33942413330078 0
vertex -80.1250991821289 -67.04672241210938 5
endloop
endfacet
facet normal -0.99999999361233 0.0001130280494403926 0
outer loop
vertex -82.51019287109375 -45.82829284667969 0.20000000298023224
vertex -82.51214599609375 -63.10829544067383 0.20000000298023224
vertex -82.51019287109375 -45.82829284667969 4.5
endloop
endfacet
facet normal 0 0 -1
outer loop
vertex 59.884544372558594 -48.293670654296875 0
vertex 53.73772048950195 -47.781028747558594 0
vertex 53.73772048950195 -33.681026458740234 0
endloop
endfacet
facet normal 0 0 -1
outer loop
vertex 61.184791564941406 -42.60945510864258 0
vertex 59.884544372558594 -48.293670654296875 0
vertex 59.88479232788086 -42.609397888183594 0
endloop
endfacet
facet normal 0.00011230066560915028 0.9999999936942803 0
outer loop
vertex -81.7968521118164 -45.828372955322266 0.20000000298023224
vertex -82.51019287109375 -45.82829284667969 0.20000000298023224
vertex -81.7968521118164 -45.828372955322266 4.5
endloop
endfacet
facet normal -0.9999999989484253 -0.00004577636713936273 0.000002770102581878839
outer loop
vertex -81.796875 -45.328372955322266 0.20000000298023224
vertex -81.7968521118164 -45.828372955322266 0.20000000298023224
vertex -81.7969970703125 -42.40149688720703 4.5
endloop
endfacet
facet normal -0.999999999164731 -0.000040868229789926307 -5.707136468302131e-7
outer loop
vertex -81.7969741821289 -42.90149688720703 0.20000000298023224
vertex -81.796875 -45.328372955322266 0.20000000298023224
vertex -81.7969970703125 -42.40149688720703 4.5
endloop
endfacet
facet normal 0 0 -1
outer loop
vertex 59.88479232788086 -42.609397888183594 0
vertex 59.884544372558594 -48.293670654296875 0
vertex 53.73772048950195 -33.681026458740234 0
endloop
endfacet
facet normal 0 0 -1
outer loop
vertex -19.2122802734375 -51.826026916503906 0
vertex -19.2122802734375 -51.45602798461914 0
vertex -19.040071487426758 -51.86028289794922 0
endloop
endfacet
facet normal 0 0 -1
outer loop
vertex -19.2122802734375 -51.826026916503906 0
vertex -19.38448715209961 -51.42177200317383 0
vertex -19.2122802734375 -51.45602798461914 0
endloop
endfacet
facet normal 0 0 -1
outer loop
vertex -19.38448715209961 -51.86028289794922 0
vertex -19.38448715209961 -51.42177200317383 0
vertex -19.2122802734375 -51.826026916503906 0
endloop
endfacet
facet normal 0 0 -1
outer loop
vertex -19.38448715209961 -51.86028289794922 0
vertex -19.53047752380371 -51.32422637939453 0
vertex -19.38448715209961 -51.42177200317383 0
endloop
endfacet
facet normal 0 0 -1
outer loop
vertex -19.53047752380371 -51.957828521728516 0
vertex -19.53047752380371 -51.32422637939453 0
vertex -19.38448715209961 -51.86028289794922 0
endloop
endfacet
facet normal -0.00011773646216656165 -0.9999999930690626 0
outer loop
vertex -81.7969970703125 -42.40149688720703 0.20000000298023224
vertex -82.50980377197266 -42.40141296386719 4.5
vertex -82.50980377197266 -42.40141296386719 0.20000000298023224
endloop
endfacet
facet normal 0.9999999990776404 -0.000042950195182443694 0
outer loop
vertex 61.184547424316406 -48.29372787475586 0.20000000298023224
vertex 61.184547424316406 -48.29372787475586 0
vertex 61.184791564941406 -42.60945510864258 0
endloop
endfacet
facet normal -0.9999999943857948 0.00010596419410370661 0
outer loop
vertex -82.50972747802734 -41.68141555786133 0.20000000298023224
vertex -82.50980377197266 -42.40141296386719 0.20000000298023224
vertex -82.50980377197266 -42.40141296386719 4.5
endloop
endfacet
facet normal 0.9999999990776404 -0.000042950195182443694 0
outer loop
vertex 61.184547424316406 -48.29372787475586 0.20000000298023224
vertex 61.184791564941406 -42.60945510864258 0
vertex 61.184791564941406 -42.60945510864258 0.20000000298023224
endloop
endfacet
facet normal 0.12939707196591266 -0.9915928588723542 0
outer loop
vertex 56.30012130737305 -72.10316467285156 0
vertex 57.33092498779297 -71.9686508178711 0
vertex 56.30012130737305 -72.10316467285156 5
endloop
endfacet
facet normal 0.33375199132441946 -0.9426609190408737 0
outer loop
vertex 57.33092498779297 -71.9686508178711 0
vertex 58.356536865234375 -71.60552978515625 0
vertex 57.33092498779297 -71.9686508178711 5
endloop
endfacet
facet normal 0.5295104663416651 -0.8483034044695519 0
outer loop
vertex 58.356536865234375 -71.60552978515625 0
vertex 59.277320861816406 -71.03077697753906 0
vertex 58.356536865234375 -71.60552978515625 5
endloop
endfacet
facet normal 0.7002612679357164 -0.7138866553095546 0
outer loop
vertex 59.277320861816406 -71.03077697753906 0
vertex 60.05220413208008 -70.27068328857422 0
vertex 59.277320861816406 -71.03077697753906 5
endloop
endfacet
facet normal 0.8379414224650181 -0.5457601785741626 0
outer loop
vertex 60.05220413208008 -70.27068328857422 0
vertex 60.644596099853516 -69.36114501953125 0
vertex 60.05220413208008 -70.27068328857422 5
endloop
endfacet
facet normal 0.9360544792536165 -0.35185510067247955 0
outer loop
vertex 60.644596099853516 -69.36114501953125 0
vertex 61.02651596069336 -68.34510803222656 0
vertex 60.644596099853516 -69.36114501953125 5
endloop
endfacet
facet normal 0.989960768883613 -0.14134240719389818 0
outer loop
vertex 61.02651596069336 -68.34510803222656 0
vertex 61.17662811279297 -67.2937240600586 0.20000000298023224
vertex 61.02651596069336 -68.34510803222656 5
endloop
endfacet
facet normal 0.9899616479589624 -0.14133625001563324 0.000001376149674622375
outer loop
vertex 61.17662811279297 -67.2937240600586 0.20000000298023224
vertex 61.18372344970703 -67.24402618408203 0.20000000298023224
vertex 61.02651596069336 -68.34510803222656 5
endloop
endfacet
facet normal 0 0 -1
outer loop
vertex -19.53047752380371 -51.957828521728516 0
vertex -19.62802505493164 -51.1782341003418 0
vertex -19.53047752380371 -51.32422637939453 0
endloop
endfacet
facet normal 0 0 -1
outer loop
vertex -19.62802505493164 -51.1782341003418 0
vertex -19.66227912902832 -52.27602767944336 0
vertex -19.66227912902832 -51.00602722167969 0
endloop
endfacet
facet normal 0 0 -1
outer loop
vertex -19.62802505493164 -52.10382080078125 0
vertex -19.62802505493164 -51.1782341003418 0
vertex -19.53047752380371 -51.957828521728516 0
endloop
endfacet
facet normal 0 0 -1
outer loop
vertex -19.66227912902832 -52.27602767944336 0
vertex -19.62802505493164 -51.1782341003418 0
vertex -19.62802505493164 -52.10382080078125 0
endloop
endfacet
facet normal 0.9999999991029386 -0.00004235708714983136 0
outer loop
vertex 61.18374252319336 -66.7937240600586 0.20000000298023224
vertex 61.18372344970703 -67.24402618408203 4.5
vertex 61.18372344970703 -67.24402618408203 0.20000000298023224
endloop
endfacet
facet normal -0.0000435964926207344 -0.9999999990496728 0
outer loop
vertex 61.88374328613281 -66.79375457763672 0.20000000298023224
vertex 61.18374252319336 -66.7937240600586 4.5
vertex 61.18374252319336 -66.7937240600586 0.20000000298023224
endloop
endfacet
facet normal 0.9999999990639156 -0.00004326856951604049 0
outer loop
vertex 61.88374328613281 -66.79375457763672 0.20000000298023224
vertex 61.884490966796875 -49.51375961303711 0.20000000298023224
vertex 61.88374328613281 -66.79375457763672 4.5
endloop
endfacet
facet normal 0.0000435964926207344 0.9999999990496728 0
outer loop
vertex 61.884525299072266 -48.793758392333984 0.20000000298023224
vertex 61.18452453613281 -48.79372787475586 0.20000000298023224
vertex 61.884525299072266 -48.793758392333984 4.5
endloop
endfacet
facet normal 0.999999998952262 -0.00004577636713953836 0
outer loop
vertex 61.18452453613281 -48.79372787475586 0.20000000298023224
vertex 61.184547424316406 -48.29372787475586 0.20000000298023224
vertex 61.184547424316406 -48.29372787475586 4.5
endloop
endfacet
facet normal 0.9999999988631355 -0.00004768363492226624 0
outer loop
vertex 61.884525299072266 -48.793758392333984 0.20000000298023224
vertex 61.884525299072266 -48.793758392333984 4.5
vertex 61.884490966796875 -49.51375961303711 0.20000000298023224
endloop
endfacet
facet normal 0.9999999990776404 -0.000042950195182443694 0
outer loop
vertex 61.184547424316406 -48.29372787475586 4.5
vertex 61.184547424316406 -48.29372787475586 0.20000000298023224
vertex 61.184791564941406 -42.60945510864258 0.20000000298023224
endloop
endfacet
facet normal 0.9999999989452831 -0.0000457763671392189 -0.0000037359842627205178
outer loop
vertex 61.184547424316406 -48.29372787475586 4.5
vertex 61.184791564941406 -42.60945510864258 0.20000000298023224
vertex 61.184814453125 -42.10945510864258 0.20000000298023224
endloop
endfacet
facet normal -0.00003814693105163918 -0.9999999992724058 0
outer loop
vertex 61.88481521606445 -42.10948181152344 0.20000000298023224
vertex 61.184814453125 -42.10945510864258 4.5
vertex 61.184814453125 -42.10945510864258 0.20000000298023224
endloop
endfacet
facet normal 0 0 -1
outer loop
vertex 39.637718200683594 -33.681026458740234 0
vertex 44.187721252441406 -32.98102951049805 0
vertex 44.187721252441406 -33.681026458740234 0
endloop
endfacet
facet normal 0 0 -1
outer loop
vertex 39.637718200683594 -28.781028747558594 0
vertex 44.187721252441406 -29.481027603149414 0
vertex 39.637718200683594 -33.681026458740234 0
endloop
endfacet
facet normal 0 0 -1
outer loop
vertex 44.187721252441406 -29.481027603149414 0
vertex 39.637718200683594 -28.781028747558594 0
vertex 44.187721252441406 -28.781028747558594 0
endloop
endfacet
facet normal 0 0 -1
outer loop
vertex 44.187721252441406 -32.98102951049805 0
vertex 39.637718200683594 -33.681026458740234 0
vertex 49.187721252441406 -29.481027603149414 0
endloop
endfacet
facet normal 0 0 -1
outer loop
vertex 49.187721252441406 -29.481027603149414 0
vertex 39.637718200683594 -33.681026458740234 0
vertex 44.187721252441406 -29.481027603149414 0
endloop
endfacet
facet normal 0 0 -1
outer loop
vertex 49.187721252441406 -33.681026458740234 0
vertex 49.187721252441406 -32.98102951049805 0
vertex 53.73772048950195 -33.681026458740234 0
endloop
endfacet
facet normal 0 0 -1
outer loop
vertex 44.187721252441406 -32.98102951049805 0
vertex 49.187721252441406 -29.481027603149414 0
vertex 49.187721252441406 -32.98102951049805 0
endloop
endfacet
facet normal 0 0 -1
outer loop
vertex 49.187721252441406 -32.98102951049805 0
vertex 49.187721252441406 -29.481027603149414 0
vertex 53.73772048950195 -28.781028747558594 0
endloop
endfacet
facet normal 0 0 -1
outer loop
vertex 53.73772048950195 -28.781028747558594 0
vertex 49.187721252441406 -29.481027603149414 0
vertex 49.187721252441406 -28.781028747558594 0
endloop
endfacet
facet normal 0 0 -1
outer loop
vertex 53.73772048950195 -33.681026458740234 0
vertex 49.187721252441406 -32.98102951049805 0
vertex 59.885616302490234 -23.60939598083496 0
endloop
endfacet
facet normal 0 0 -1
outer loop
vertex 59.88479232788086 -42.609397888183594 0
vertex 53.73772048950195 -33.681026458740234 0
vertex 59.885616302490234 -23.60939598083496 0
endloop
endfacet
facet normal -0.999999998952262 -0.00004577636713953836 0
outer loop
vertex -81.7969970703125 -42.40149688720703 0.20000000298023224
vertex -81.7969741821289 -42.90149688720703 0.20000000298023224
vertex -81.7969970703125 -42.40149688720703 4.5
endloop
endfacet
facet normal -0.00030116407294034775 -0.9999999546500995 0
outer loop
vertex -79.06179809570312 -67.33942413330078 0
vertex -8.357351303100586 -67.3607177734375 0
vertex -79.06179809570312 -67.33942413330078 5
endloop
endfacet
facet normal 0 0 -1
outer loop
vertex -80.5098648071289 -42.901641845703125 0
vertex -80.50772094726562 -23.901639938354492 0
vertex -74.3622817993164 -33.531028747558594 0
endloop
endfacet
facet normal 0 0 -1
outer loop
vertex -69.8122787475586 -33.531028747558594 0
vertex -80.5098648071289 -42.901641845703125 0
vertex -74.3622817993164 -33.531028747558594 0
endloop
endfacet
facet normal 0 0 -1
outer loop
vertex 59.885616302490234 -23.60939598083496 0
vertex 49.187721252441406 -32.98102951049805 0
vertex 53.73772048950195 -28.781028747558594 0
endloop
endfacet
facet normal 0 0 -1
outer loop
vertex 59.885616302490234 -23.60939598083496 0
vertex 53.73772048950195 -28.781028747558594 0
vertex 53.73772048950195 -14.68102741241455 0
endloop
endfacet
facet normal 0 0 -1
outer loop
vertex -81.79776763916016 -23.9014949798584 0
vertex -81.7978744506836 -21.4746150970459 0
vertex -80.5074462890625 -21.474761962890625 0
endloop
endfacet
facet normal -0.9999999990314776 -0.000044011870587623506 0
outer loop
vertex -81.7978744506836 -21.4746150970459 0
vertex -81.79776763916016 -23.9014949798584 0
vertex -81.79776763916016 -23.9014949798584 0.20000000298023224
endloop
endfacet
facet normal 0 0 -1
outer loop
vertex 61.18561935424805 -23.609453201293945 0
vertex 59.885616302490234 -23.60939598083496 0
vertex 61.18586349487305 -17.92517852783203 0
endloop
endfacet
facet normal -0.9999999990314776 -0.000044011870587623506 0
outer loop
vertex -81.7978744506836 -21.4746150970459 0
vertex -81.79776763916016 -23.9014949798584 0.20000000298023224
vertex -81.7978744506836 -21.4746150970459 0.20000000298023224
endloop
endfacet
facet normal -0.4994768652354246 0.86632722518376 0
outer loop
vertex 72.41815948486328 64.42948913574219 0.20000000298023224
vertex 71.79680633544922 64.07125091552734 0.20000000298023224
vertex 72.41815948486328 64.42948913574219 4.5
endloop
endfacet
facet normal 0 0 -1
outer loop
vertex -18.762279510498047 -52.27602767944336 0
vertex -18.762279510498047 -53.54602813720703 0
vertex -18.796533584594727 -52.44823455810547 0
endloop
endfacet
facet normal 0 0 -1
outer loop
vertex -18.796533584594727 -52.44823455810547 0
vertex -18.796533584594727 -53.37382125854492 0
vertex -18.894081115722656 -52.5942268371582 0
endloop
endfacet
facet normal 0 0 -1
outer loop
vertex -18.894081115722656 -53.22782897949219 0
vertex -19.040071487426758 -52.6917724609375 0
vertex -18.894081115722656 -52.5942268371582 0
endloop
endfacet
facet normal 0 0 -1
outer loop
vertex -18.796533584594727 -53.37382125854492 0
vertex -18.894081115722656 -53.22782897949219 0
vertex -18.894081115722656 -52.5942268371582 0
endloop
endfacet
facet normal 0 0 -1
outer loop
vertex -19.040071487426758 -53.13028335571289 0
vertex -19.040071487426758 -52.6917724609375 0
vertex -18.894081115722656 -53.22782897949219 0
endloop
endfacet
facet normal 0 0 -1
outer loop
vertex -18.762279510498047 -53.54602813720703 0
vertex -18.796533584594727 -53.37382125854492 0
vertex -18.796533584594727 -52.44823455810547 0
endloop
endfacet
facet normal 0 0 -1
outer loop
vertex -19.040071487426758 -53.13028335571289 0
vertex -19.2122802734375 -52.72602844238281 0
vertex -19.040071487426758 -52.6917724609375 0
endloop
endfacet
facet normal 0 0 -1
outer loop
vertex -19.2122802734375 -53.09602737426758 0
vertex -19.2122802734375 -52.72602844238281 0
vertex -19.040071487426758 -53.13028335571289 0
endloop
endfacet
facet normal 0 0 -1
outer loop
vertex -19.2122802734375 -53.09602737426758 0
vertex -19.38448715209961 -52.6917724609375 0
vertex -19.2122802734375 -52.72602844238281 0
endloop
endfacet
facet normal 0 0 -1
outer loop
vertex -19.38448715209961 -53.13028335571289 0
vertex -19.38448715209961 -52.6917724609375 0
vertex -19.2122802734375 -53.09602737426758 0
endloop
endfacet
facet normal 0 0 -1
outer loop
vertex 39.637718200683594 -14.68102741241455 0
vertex 44.187721252441406 -13.981027603149414 0
vertex 44.187721252441406 -14.68102741241455 0
endloop
endfacet
facet normal 0 0 -1
outer loop
vertex 44.187721252441406 -13.981027603149414 0
vertex 39.637718200683594 -14.68102741241455 0
vertex 39.637718200683594 -9.781027793884277 0
endloop
endfacet
facet normal 0 0 -1
outer loop
vertex 44.187721252441406 -13.981027603149414 0
vertex 39.637718200683594 -9.781027793884277 0
vertex 44.187721252441406 -10.481027603149414 0
endloop
endfacet
facet normal 0 0 -1
outer loop
vertex 44.187721252441406 -10.481027603149414 0
vertex 49.187721252441406 -10.481027603149414 0
vertex 44.187721252441406 -13.981027603149414 0
endloop
endfacet
facet normal 0 0 -1
outer loop
vertex 49.187721252441406 -14.68102741241455 0
vertex 49.187721252441406 -13.981027603149414 0
vertex 53.73772048950195 -14.68102741241455 0
endloop
endfacet
facet normal 0 0 -1
outer loop
vertex 44.187721252441406 -13.981027603149414 0
vertex 53.73772048950195 -9.781027793884277 0
vertex 49.187721252441406 -13.981027603149414 0
endloop
endfacet
facet normal 0 0 -1
outer loop
vertex 53.73772048950195 -9.781027793884277 0
vertex 44.187721252441406 -13.981027603149414 0
vertex 49.187721252441406 -10.481027603149414 0
endloop
endfacet
facet normal 0 0 -1
outer loop
vertex 44.187721252441406 -10.481027603149414 0
vertex 39.637718200683594 -9.781027793884277 0
vertex 44.187721252441406 -9.781027793884277 0
endloop
endfacet
facet normal 0 0 -1
outer loop
vertex 53.73772048950195 -9.781027793884277 0
vertex 49.187721252441406 -10.481027603149414 0
vertex 49.187721252441406 -9.781027793884277 0
endloop
endfacet
facet normal 0 0 -1
outer loop
vertex 53.73772048950195 -14.68102741241455 0
vertex 49.187721252441406 -13.981027603149414 0
vertex 53.73772048950195 -9.781027793884277 0
endloop
endfacet
facet normal 0 0 -1
outer loop
vertex 53.73772048950195 -14.68102741241455 0
vertex 53.73772048950195 -9.781027793884277 0
vertex 59.8858642578125 -17.92512321472168 0
endloop
endfacet
facet normal 0 0 -1
outer loop
vertex 59.885616302490234 -23.60939598083496 0
vertex 53.73772048950195 -14.68102741241455 0
vertex 59.8858642578125 -17.92512321472168 0
endloop
endfacet
facet normal 0 0 -1
outer loop
vertex 61.18586349487305 -17.92517852783203 0
vertex 59.885616302490234 -23.60939598083496 0
vertex 59.8858642578125 -17.92512321472168 0
endloop
endfacet
facet normal 0.8663254450423372 0.4994799528231301 0
outer loop
vertex 72.77778625488281 63.80573272705078 0.20000000298023224
vertex 72.41815948486328 64.42948913574219 0.20000000298023224
vertex 72.41815948486328 64.42948913574219 4.5
endloop
endfacet
facet normal 0.8658688921255563 0.5002709882146493 0
outer loop
vertex 71.79680633544922 64.07125091552734 0.20000000298023224
vertex 71.54666900634766 64.50418853759766 0.20000000298023224
vertex 71.79680633544922 64.07125091552734 4.5
endloop
endfacet
facet normal 0.8658723823698078 0.5002649472515289 -8.112559501697347e-7
outer loop
vertex 71.54666900634766 64.50418853759766 0.20000000298023224
vertex 71.35010528564453 64.84440612792969 0
vertex 71.79680633544922 64.07125091552734 4.5
endloop
endfacet
facet normal 0.8663282556939184 0.4994750778430619 0
outer loop
vertex 81.4087142944336 48.8355827331543 0.20000000298023224
vertex 72.77778625488281 63.80573272705078 0.20000000298023224
vertex 81.4087142944336 48.8355827331543 4.5
endloop
endfacet
facet normal 0.7756889940242206 0.6311153496387902 0
outer loop
vertex 71.35010528564453 64.84440612792969 0
vertex 70.84463500976562 65.46566772460938 0
vertex 71.35010528564453 64.84440612792969 5
endloop
endfacet
facet normal 0 0 -1
outer loop
vertex 59.8858642578125 -17.92512321472168 0
vertex 53.73772048950195 -9.781027793884277 0
vertex 53.73772048950195 4.318972110748291 0
endloop
endfacet
facet normal 0 0 -1
outer loop
vertex 59.8858642578125 -17.92512321472168 0
vertex 53.73772048950195 4.318972110748291 0
vertex 59.886688232421875 1.074877381324768 0
endloop
endfacet
facet normal 0.6023799966839816 0.798209458472528 0
outer loop
vertex 70.84463500976562 65.46566772460938 0
vertex 69.5687255859375 66.42855072021484 0
vertex 70.84463500976562 65.46566772460938 5
endloop
endfacet
facet normal 0.3242679813867297 0.9459652616493777 0
outer loop
vertex 69.5687255859375 66.42855072021484 0
vertex 68.0819320678711 66.9382095336914 0
vertex 69.5687255859375 66.42855072021484 5
endloop
endfacet
facet normal 0 0 -1
outer loop
vertex -19.38448715209961 -53.13028335571289 0
vertex -19.53047752380371 -52.5942268371582 0
vertex -19.38448715209961 -52.6917724609375 0
endloop
endfacet
facet normal 0 0 -1
outer loop
vertex -19.53047752380371 -52.5942268371582 0
vertex -19.53047752380371 -53.22782897949219 0
vertex -19.62802505493164 -52.44823455810547 0
endloop
endfacet
facet normal 0 0 -1
outer loop
vertex -19.62802505493164 -52.44823455810547 0
vertex -19.62802505493164 -53.37382125854492 0
vertex -19.66227912902832 -52.27602767944336 0
endloop
endfacet
facet normal 0 0 -1
outer loop
vertex -19.53047752380371 -53.22782897949219 0
vertex -19.53047752380371 -52.5942268371582 0
vertex -19.38448715209961 -53.13028335571289 0
endloop
endfacet
facet normal 0 0 -1
outer loop
vertex -19.62802505493164 -53.37382125854492 0
vertex -19.62802505493164 -52.44823455810547 0
vertex -19.53047752380371 -53.22782897949219 0
endloop
endfacet
facet normal 0 0 -1
outer loop
vertex -19.66227912902832 -53.54602813720703 0
vertex -19.66227912902832 -52.27602767944336 0
vertex -19.62802505493164 -53.37382125854492 0
endloop
endfacet
facet normal 0 0 -1
outer loop
vertex -18.894081115722656 -53.864227294921875 0
vertex -18.894081115722656 -54.49782943725586 0
vertex -19.040071487426758 -53.96177291870117 0
endloop
endfacet
facet normal 0 0 -1
outer loop
vertex -18.894081115722656 -53.864227294921875 0
vertex -18.762279510498047 -54.8160285949707 0
vertex -18.796533584594727 -54.643821716308594 0
endloop
endfacet
facet normal 0 0 -1
outer loop
vertex -19.040071487426758 -53.96177291870117 0
vertex -18.894081115722656 -54.49782943725586 0
vertex -19.040071487426758 -54.40028381347656 0
endloop
endfacet
facet normal 0 0 -1
outer loop
vertex -18.894081115722656 -54.49782943725586 0
vertex -18.894081115722656 -53.864227294921875 0
vertex -18.796533584594727 -54.643821716308594 0
endloop
endfacet
facet normal 0.01399944354340506 0.9999020029885304 0
outer loop
vertex 68.0819320678711 66.9382095336914 0
vertex 66.51036834716797 66.96021270751953 0
vertex 68.0819320678711 66.9382095336914 5
endloop
endfacet
facet normal -0.2976616204752505 0.9546714407041033 0
outer loop
vertex 66.51036834716797 66.96021270751953 0
vertex 64.9774169921875 66.48224639892578 0
vertex 66.51036834716797 66.96021270751953 5
endloop
endfacet
facet normal 0.9999999990776408 -0.00004295018077057927 0
outer loop
vertex 61.18561935424805 -23.609453201293945 0.20000000298023224
vertex 61.18561935424805 -23.609453201293945 0
vertex 61.18586349487305 -17.92517852783203 0.20000000298023224
endloop
endfacet
facet normal 0.9999999990776408 -0.00004295018077057927 0
outer loop
vertex 61.18586349487305 -17.92517852783203 0.20000000298023224
vertex 61.18561935424805 -23.609453201293945 0
vertex 61.18586349487305 -17.92517852783203 0
endloop
endfacet
facet normal 0 0 -1
outer loop
vertex -80.50772094726562 -23.901639938354492 0
vertex -81.79776763916016 -23.9014949798584 0
vertex -74.3622817993164 -19.431028366088867 0
endloop
endfacet
facet normal 0 0 -1
outer loop
vertex -19.53047752380371 -54.49782943725586 0
vertex -19.2122802734375 -53.996028900146484 0
vertex -19.040071487426758 -53.96177291870117 0
endloop
endfacet
facet normal 0 0 -1
outer loop
vertex -19.2122802734375 -54.36602783203125 0
vertex -19.040071487426758 -53.96177291870117 0
vertex -19.040071487426758 -54.40028381347656 0
endloop
endfacet
facet normal 0 0 -1
outer loop
vertex -19.040071487426758 -53.96177291870117 0
vertex -19.38448715209961 -54.40028381347656 0
vertex -19.53047752380371 -54.49782943725586 0
endloop
endfacet
facet normal 0 0 -1
outer loop
vertex -19.38448715209961 -54.40028381347656 0
vertex -19.040071487426758 -53.96177291870117 0
vertex -19.2122802734375 -54.36602783203125 0
endloop
endfacet
facet normal 0 0 -1
outer loop
vertex -19.66227912902832 -51.00602722167969 0
vertex -22.262279510498047 -57.281028747558594 0
vertex -19.66227912902832 -49.736026763916016 0
endloop
endfacet
facet normal 0 0 -1
outer loop
vertex -19.66227912902832 -52.27602767944336 0
vertex -22.262279510498047 -57.281028747558594 0
vertex -19.66227912902832 -51.00602722167969 0
endloop
endfacet
facet normal 0 0 -1
outer loop
vertex -19.66227912902832 -53.54602813720703 0
vertex -22.262279510498047 -57.281028747558594 0
vertex -19.66227912902832 -52.27602767944336 0
endloop
endfacet
facet normal 0 0 -1
outer loop
vertex -0.6283177137374878 -55.913818359375 0
vertex -0.5307700037956238 -55.13422775268555 0
vertex -0.3847794830799103 -55.231773376464844 0
endloop
endfacet
facet normal 0 0 -1
outer loop
vertex -0.3847794830799103 -55.231773376464844 0
vertex -0.5307700037956238 -55.76782989501953 0
vertex -0.6283177137374878 -55.913818359375 0
endloop
endfacet
facet normal 0 0 -1
outer loop
vertex -0.5307700037956238 -55.76782989501953 0
vertex -0.3847794830799103 -55.231773376464844 0
vertex -0.3847794830799103 -55.67028045654297 0
endloop
endfacet
facet normal 0 0 -1
outer loop
vertex -0.5307700037956238 -56.40422439575195 0
vertex -0.5307700037956238 -57.0378303527832 0
vertex -0.6283177137374878 -56.258235931396484 0
endloop
endfacet
facet normal 0 0 -1
outer loop
vertex -0.5307700037956238 -56.40422439575195 0
vertex -0.3847794830799103 -56.501773834228516 0
vertex -0.5307700037956238 -57.0378303527832 0
endloop
endfacet
facet normal 0 0 -1
outer loop
vertex -0.6283177137374878 -57.18381881713867 0
vertex -0.6283177137374878 -56.258235931396484 0
vertex -0.5307700037956238 -57.0378303527832 0
endloop
endfacet
facet normal 0.9999999990639159 -0.0000432685599641594 0
outer loop
vertex 61.88481521606445 -42.10948181152344 0.20000000298023224
vertex 61.885562896728516 -24.829483032226562 0.20000000298023224
vertex 61.88481521606445 -42.10948181152344 4.5
endloop
endfacet
facet normal 0.9999999988631294 -0.00004768376124088069 0
outer loop
vertex 61.885597229003906 -24.10948371887207 0.20000000298023224
vertex 61.885597229003906 -24.10948371887207 4.5
vertex 61.885562896728516 -24.829483032226562 0.20000000298023224
endloop
endfacet
facet normal 0.999999998952262 -0.00004577636713953836 0
outer loop
vertex 61.18559646606445 -24.109453201293945 0.20000000298023224
vertex 61.18561935424805 -23.609453201293945 0.20000000298023224
vertex 61.18561935424805 -23.609453201293945 4.5
endloop
endfacet
facet normal 0.0000435964926207344 0.9999999990496728 0
outer loop
vertex 61.885597229003906 -24.10948371887207 0.20000000298023224
vertex 61.18559646606445 -24.109453201293945 0.20000000298023224
vertex 61.885597229003906 -24.10948371887207 4.5
endloop
endfacet
facet normal 0.999999999077641 -0.00004295018077057928 0
outer loop
vertex 61.18561935424805 -23.609453201293945 4.5
vertex 61.18561935424805 -23.609453201293945 0.20000000298023224
vertex 61.18586349487305 -17.92517852783203 0.20000000298023224
endloop
endfacet
facet normal 0.9999999989452831 -0.0000457763671392189 -0.000003736004567718504
outer loop
vertex 61.18561935424805 -23.609453201293945 4.5
vertex 61.18586349487305 -17.92517852783203 0.20000000298023224
vertex 61.18588638305664 -17.42517852783203 0.20000000298023224
endloop
endfacet
facet normal -0.0000435964926207344 -0.9999999990496728 0
outer loop
vertex 61.885887145996094 -17.425209045410156 0.20000000298023224
vertex 61.18588638305664 -17.42517852783203 4.5
vertex 61.18588638305664 -17.42517852783203 0.20000000298023224
endloop
endfacet
facet normal 0.999999999063916 -0.00004326855794931002 0
outer loop
vertex 61.885887145996094 -17.425209045410156 0.20000000298023224
vertex 61.886634826660156 -0.14520946145057678 0.20000000298023224
vertex 61.885887145996094 -17.425209045410156 4.5
endloop
endfacet
facet normal 0 0 -1
outer loop
vertex -0.6283177137374878 -52.10382080078125 0
vertex -5.523258686065674 -68.94975280761719 0
vertex -0.5307700037956238 -51.32422637939453 0
endloop
endfacet
facet normal 0 0 -1
outer loop
vertex -0.6625719666481018 -52.27602767944336 0
vertex -5.523258686065674 -68.94975280761719 0
vertex -0.6283177137374878 -52.10382080078125 0
endloop
endfacet
facet normal 0 0 -1
outer loop
vertex -0.6283177137374878 -52.44823455810547 0
vertex -5.484846115112305 -69.00032043457031 0
vertex -0.6625719666481018 -52.27602767944336 0
endloop
endfacet
facet normal 0 0 -1
outer loop
vertex -0.5307700037956238 -52.5942268371582 0
vertex -5.484846115112305 -69.00032043457031 0
vertex -0.6283177137374878 -52.44823455810547 0
endloop
endfacet
facet normal 0 0 -1
outer loop
vertex -0.6625719666481018 -53.54602813720703 0
vertex -5.484846115112305 -69.00032043457031 0
vertex -0.5307700037956238 -52.5942268371582 0
endloop
endfacet
facet normal 0 0 -1
outer loop
vertex -0.6283177137374878 -53.71823501586914 0
vertex -5.484846115112305 -69.00032043457031 0
vertex -0.6625719666481018 -53.54602813720703 0
endloop
endfacet
facet normal 0 0 -1
outer loop
vertex -0.5307700037956238 -53.864227294921875 0
vertex -5.484846115112305 -69.00032043457031 0
vertex -0.6283177137374878 -53.71823501586914 0
endloop
endfacet
facet normal 0 0 -1
outer loop
vertex -0.6625719666481018 -54.8160285949707 0
vertex -5.484846115112305 -69.00032043457031 0
vertex -0.5307700037956238 -53.864227294921875 0
endloop
endfacet
facet normal 0 0 -1
outer loop
vertex -0.6283177137374878 -54.98823547363281 0
vertex -5.484846115112305 -69.00032043457031 0
vertex -0.6625719666481018 -54.8160285949707 0
endloop
endfacet
facet normal 0 0 -1
outer loop
vertex -5.484846115112305 -69.00032043457031 0
vertex -0.6283177137374878 -54.98823547363281 0
vertex -0.5307700037956238 -55.13422775268555 0
endloop
endfacet
facet normal 0 0 -1
outer loop
vertex -0.6283177137374878 -55.913818359375 0
vertex -5.484846115112305 -69.00032043457031 0
vertex -0.5307700037956238 -55.13422775268555 0
endloop
endfacet
facet normal 0 0 -1
outer loop
vertex -0.6625719666481018 -56.086029052734375 0
vertex -5.484846115112305 -69.00032043457031 0
vertex -0.6283177137374878 -55.913818359375 0
endloop
endfacet
facet normal 0 0 -1
outer loop
vertex -0.6283177137374878 -56.258235931396484 0
vertex -5.484846115112305 -69.00032043457031 0
vertex -0.6625719666481018 -56.086029052734375 0
endloop
endfacet
facet normal 0 0 -1
outer loop
vertex -0.6283177137374878 -57.18381881713867 0
vertex -5.484846115112305 -69.00032043457031 0
vertex -0.6283177137374878 -56.258235931396484 0
endloop
endfacet
facet normal 0 0 -1
outer loop
vertex -0.6625719666481018 -57.35602951049805 0
vertex -5.484846115112305 -69.00032043457031 0
vertex -0.6283177137374878 -57.18381881713867 0
endloop
endfacet
facet normal 0 0 -1
outer loop
vertex 1.6377201080322266 -57.281028747558594 0
vertex -4.737268447875977 -70.19538116455078 0
vertex 0.20317384600639343 -57.528236389160156 0
endloop
endfacet
facet normal 0 0 -1
outer loop
vertex -4.737268447875977 -70.19538116455078 0
vertex 0.10562610626220703 -57.674224853515625 0
vertex 0.20317384600639343 -57.528236389160156 0
endloop
endfacet
facet normal 0 0 -1
outer loop
vertex -4.737268447875977 -70.19538116455078 0
vertex -0.040364399552345276 -57.77177429199219 0
vertex 0.10562610626220703 -57.674224853515625 0
endloop
endfacet
facet normal -0.000019856274839945508 -0.999999999802864 0
outer loop
vertex -0.9502841234207153 -72.1020278930664 5
vertex 56.30012130737305 -72.10316467285156 0
vertex 56.30012130737305 -72.10316467285156 5
endloop
endfacet
facet normal 0 0 -1
outer loop
vertex -4.737268447875977 -70.19538116455078 0
vertex -0.21257194876670837 -57.806026458740234 0
vertex -0.040364399552345276 -57.77177429199219 0
endloop
endfacet
facet normal 0 0 -1
outer loop
vertex -0.3847794830799103 -57.77177429199219 0
vertex -5.484846115112305 -69.00032043457031 0
vertex -0.5307700037956238 -57.674224853515625 0
endloop
endfacet
facet normal 0 0 -1
outer loop
vertex -0.6283177137374878 -57.528236389160156 0
vertex -5.484846115112305 -69.00032043457031 0
vertex -0.6625719666481018 -57.35602951049805 0
endloop
endfacet
facet normal 0 0 -1
outer loop
vertex -5.484846115112305 -69.00032043457031 0
vertex -0.6283177137374878 -57.528236389160156 0
vertex -0.5307700037956238 -57.674224853515625 0
endloop
endfacet
facet normal 0 0 -1
outer loop
vertex -0.21257194876670837 -57.806026458740234 0
vertex -5.484846115112305 -69.00032043457031 0
vertex -0.3847794830799103 -57.77177429199219 0
endloop
endfacet
facet normal 0 0 -1
outer loop
vertex -5.523258686065674 -68.94975280761719 0
vertex -3.262279987335205 -59.656028747558594 0
vertex -0.5307700037956238 -51.32422637939453 0
endloop
endfacet
facet normal 0 0 -1
outer loop
vertex -5.484846115112305 -69.00032043457031 0
vertex -5.523258686065674 -68.94975280761719 0
vertex -0.6625719666481018 -52.27602767944336 0
endloop
endfacet
facet normal 0 0 -1
outer loop
vertex -3.262279987335205 -59.656028747558594 0
vertex -7.812280178070068 -60.35602951049805 0
vertex -7.812280178070068 -59.656028747558594 0
endloop
endfacet
facet normal 0 0 -1
outer loop
vertex -3.262279987335205 -59.656028747558594 0
vertex -7.2895026206970215 -67.58129119873047 0
vertex -7.812280178070068 -60.35602951049805 0
endloop
endfacet
facet normal 0 0 1
outer loop
vertex 1.6377201080322266 -43.181026458740234 5
vertex -3.976933240890503 -70.97051239013672 5
vertex 1.6377201080322266 -57.281028747558594 5
endloop
endfacet
facet normal 0 0 1
outer loop
vertex 1.6377201080322266 -57.281028747558594 5
vertex -0.9502841234207153 -72.1020278930664 5
vertex 15.737720489501953 -57.281028747558594 5
endloop
endfacet
facet normal 0 0 1
outer loop
vertex 15.737720489501953 -57.281028747558594 5
vertex -0.9502841234207153 -72.1020278930664 5
vertex 20.637720108032227 -54.906028747558594 5
endloop
endfacet
facet normal 0 0 1
outer loop
vertex 20.637720108032227 -54.906028747558594 5
vertex -0.9502841234207153 -72.1020278930664 5
vertex 34.73772048950195 -54.906028747558594 5
endloop
endfacet
facet normal 0 0 -1
outer loop
vertex -8.357351303100586 -67.3607177734375 0
vertex -12.81227970123291 -60.35602951049805 0
vertex -7.812280178070068 -60.35602951049805 0
endloop
endfacet
facet normal 0 0 -1
outer loop
vertex -3.976933240890503 -70.97051239013672 0
vertex 1.6377201080322266 -57.281028747558594 0
vertex -3.0673940181732178 -71.56290435791016 0
endloop
endfacet
facet normal 0 0 1
outer loop
vertex 1.6377201080322266 -43.181026458740234 5
vertex 1.6377201080322266 -38.281028747558594 5
vertex -3.262279987335205 -59.656028747558594 5
endloop
endfacet
facet normal 0 0 -1
outer loop
vertex -4.737268447875977 -70.19538116455078 0
vertex 1.6377201080322266 -57.281028747558594 0
vertex -3.976933240890503 -70.97051239013672 0
endloop
endfacet
facet normal 0 0 -1
outer loop
vertex -3.262279987335205 -59.656028747558594 0
vertex -6.205807209014893 -68.20269775390625 0
vertex -6.290603160858154 -68.1347427368164 0
endloop
endfacet
facet normal 0 0 1
outer loop
vertex -3.262279987335205 -59.656028747558594 5
vertex 1.6377201080322266 -38.281028747558594 5
vertex 1.6377201080322266 -24.181028366088867 5
endloop
endfacet
facet normal 0 0 1
outer loop
vertex 1.6377201080322266 -38.281028747558594 5
vertex 1.6377201080322266 -43.181026458740234 5
vertex 15.737720489501953 -43.181026458740234 5
endloop
endfacet
facet normal 0 0 1
outer loop
vertex 20.637720108032227 -54.906028747558594 5
vertex 20.637720108032227 -40.806026458740234 5
vertex 15.737720489501953 -57.281028747558594 5
endloop
endfacet
facet normal 0 0 1
outer loop
vertex 15.737720489501953 -43.181026458740234 5
vertex 15.737720489501953 -57.281028747558594 5
vertex 20.637720108032227 -40.806026458740234 5
endloop
endfacet
facet normal 0 0 1
outer loop
vertex 15.737720489501953 -38.281028747558594 5
vertex 1.6377201080322266 -38.281028747558594 5
vertex 15.737720489501953 -43.181026458740234 5
endloop
endfacet
facet normal 0 0 1
outer loop
vertex 15.737720489501953 -38.281028747558594 5
vertex 15.737720489501953 -43.181026458740234 5
vertex 20.637720108032227 -35.906028747558594 5
endloop
endfacet
facet normal 0 0 1
outer loop
vertex 20.637720108032227 -35.906028747558594 5
vertex 15.737720489501953 -43.181026458740234 5
vertex 20.637720108032227 -40.806026458740234 5
endloop
endfacet
facet normal 0 0 -1
outer loop
vertex -4.737268447875977 -70.19538116455078 0
vertex -5.484846115112305 -69.00032043457031 0
vertex -0.21257194876670837 -57.806026458740234 0
endloop
endfacet
facet normal 0 0 -1
outer loop
vertex -6.205807209014893 -68.20269775390625 0
vertex -3.262279987335205 -59.656028747558594 0
vertex -5.523258686065674 -68.94975280761719 0
endloop
endfacet
facet normal 0 0 1
outer loop
vertex 34.73772048950195 -54.906028747558594 5
vertex -0.9502841234207153 -72.1020278930664 5
vertex 53.73772048950195 -47.781028747558594 5
endloop
endfacet
facet normal 0 0 1
outer loop
vertex -0.9502841234207153 -72.1020278930664 5
vertex 56.30012130737305 -72.10316467285156 5
vertex 57.33092498779297 -71.9686508178711 5
endloop
endfacet
facet normal 0 0 1
outer loop
vertex 57.33092498779297 -71.9686508178711 5
vertex 58.356536865234375 -71.60552978515625 5
vertex -0.9502841234207153 -72.1020278930664 5
endloop
endfacet
facet normal 0 0 1
outer loop
vertex 58.356536865234375 -71.60552978515625 5
vertex 59.277320861816406 -71.03077697753906 5
vertex -0.9502841234207153 -72.1020278930664 5
endloop
endfacet
facet normal 0 0 1
outer loop
vertex 59.277320861816406 -71.03077697753906 5
vertex 60.05220413208008 -70.27068328857422 5
vertex -0.9502841234207153 -72.1020278930664 5
endloop
endfacet
facet normal 0 0 1
outer loop
vertex 60.05220413208008 -70.27068328857422 5
vertex 60.644596099853516 -69.36114501953125 5
vertex -0.9502841234207153 -72.1020278930664 5
endloop
endfacet
facet normal 0 0 1
outer loop
vertex 60.644596099853516 -69.36114501953125 5
vertex 61.02651596069336 -68.34510803222656 5
vertex -0.9502841234207153 -72.1020278930664 5
endloop
endfacet
facet normal 0 0 1
outer loop
vertex -0.9502841234207153 -72.1020278930664 5
vertex 61.02651596069336 -68.34510803222656 5
vertex 59.88372039794922 -67.29367065429688 5
endloop
endfacet
facet normal 0 0 1
outer loop
vertex -0.9502841234207153 -72.1020278930664 5
vertex 59.88372039794922 -67.29367065429688 5
vertex 59.884544372558594 -48.293670654296875 5
endloop
endfacet
facet normal 0 0 1
outer loop
vertex 53.73772048950195 -47.781028747558594 5
vertex -0.9502841234207153 -72.1020278930664 5
vertex 59.884544372558594 -48.293670654296875 5
endloop
endfacet
facet normal 0 0 -1
outer loop
vertex -3.262279987335205 -59.656028747558594 0
vertex -7.188024997711182 -67.62014770507812 0
vertex -7.2895026206970215 -67.58129119873047 0
endloop
endfacet
facet normal 0 0 -1
outer loop
vertex -6.290603160858154 -68.1347427368164 0
vertex -7.188024997711182 -67.62014770507812 0
vertex -3.262279987335205 -59.656028747558594 0
endloop
endfacet
facet normal 0 0 1
outer loop
vertex 20.637720108032227 -35.906028747558594 5
vertex 20.637720108032227 -40.806026458740234 5
vertex 34.73772048950195 -40.806026458740234 5
endloop
endfacet
facet normal 0 0 1
outer loop
vertex 20.637720108032227 -35.906028747558594 5
vertex 34.73772048950195 -40.806026458740234 5
vertex 34.73772048950195 -35.906028747558594 5
endloop
endfacet
facet normal 0 0 1
outer loop
vertex 39.637718200683594 -47.781028747558594 5
vertex 39.637718200683594 -33.681026458740234 5
vertex 34.73772048950195 -54.906028747558594 5
endloop
endfacet
facet normal 0 0 1
outer loop
vertex 34.73772048950195 -40.806026458740234 5
vertex 34.73772048950195 -54.906028747558594 5
vertex 39.637718200683594 -33.681026458740234 5
endloop
endfacet
facet normal 0 0 -1
outer loop
vertex -8.28402042388916 -67.36849212646484 0
vertex -7.812280178070068 -60.35602951049805 0
vertex -7.2895026206970215 -67.58129119873047 0
endloop
endfacet
facet normal 0 0 -1
outer loop
vertex -8.357351303100586 -67.3607177734375 0
vertex -7.812280178070068 -60.35602951049805 0
vertex -8.28402042388916 -67.36849212646484 0
endloop
endfacet
facet normal 0 0 -1
outer loop
vertex -8.357351303100586 -67.3607177734375 0
vertex -17.362279891967773 -59.656028747558594 0
vertex -12.81227970123291 -60.35602951049805 0
endloop
endfacet
facet normal 0 0 -1
outer loop
vertex -17.362279891967773 -59.656028747558594 0
vertex -12.81227970123291 -59.656028747558594 0
vertex -12.81227970123291 -60.35602951049805 0
endloop
endfacet
facet normal 0 0 -1
outer loop
vertex -8.357351303100586 -67.3607177734375 0
vertex -17.073373794555664 -61.899837493896484 0
vertex -17.362279891967773 -59.656028747558594 0
endloop
endfacet
facet normal 0 0 -1
outer loop
vertex -18.762279510498047 -53.54602813720703 0
vertex -18.762279510498047 -52.27602767944336 0
vertex -17.362279891967773 -59.656028747558594 0
endloop
endfacet
facet normal 0 0 -1
outer loop
vertex -18.796533584594727 -53.71823501586914 0
vertex -18.762279510498047 -53.54602813720703 0
vertex -17.362279891967773 -59.656028747558594 0
endloop
endfacet
facet normal 0 0 -1
outer loop
vertex -18.894081115722656 -53.864227294921875 0
vertex -18.796533584594727 -53.71823501586914 0
vertex -17.362279891967773 -59.656028747558594 0
endloop
endfacet
facet normal 0 0 -1
outer loop
vertex -17.362279891967773 -59.656028747558594 0
vertex -18.762279510498047 -54.8160285949707 0
vertex -18.894081115722656 -53.864227294921875 0
endloop
endfacet
facet normal 0 0 -1
outer loop
vertex -17.362279891967773 -59.656028747558594 0
vertex -18.762279510498047 -56.086029052734375 0
vertex -18.762279510498047 -54.8160285949707 0
endloop
endfacet
facet normal 0 0 -1
outer loop
vertex -17.362279891967773 -59.656028747558594 0
vertex -18.796533584594727 -56.258235931396484 0
vertex -18.762279510498047 -56.086029052734375 0
endloop
endfacet
facet normal 0 0 -1
outer loop
vertex -17.362279891967773 -59.656028747558594 0
vertex -18.796533584594727 -57.18381881713867 0
vertex -18.796533584594727 -56.258235931396484 0
endloop
endfacet
facet normal 0 0 -1
outer loop
vertex -17.362279891967773 -59.656028747558594 0
vertex -18.762279510498047 -57.35602951049805 0
vertex -18.796533584594727 -57.18381881713867 0
endloop
endfacet
facet normal 0 0 -1
outer loop
vertex -17.362279891967773 -59.656028747558594 0
vertex -18.796533584594727 -57.528236389160156 0
vertex -18.762279510498047 -57.35602951049805 0
endloop
endfacet
facet normal 0 0 -1
outer loop
vertex -17.362279891967773 -59.656028747558594 0
vertex -18.894081115722656 -57.674224853515625 0
vertex -18.796533584594727 -57.528236389160156 0
endloop
endfacet
facet normal 0 0 -1
outer loop
vertex -18.762279510498047 -54.8160285949707 0
vertex -18.796533584594727 -55.913818359375 0
vertex -18.796533584594727 -54.98823547363281 0
endloop
endfacet
facet normal 0 0 -1
outer loop
vertex -18.796533584594727 -55.913818359375 0
vertex -18.894081115722656 -55.13422775268555 0
vertex -18.796533584594727 -54.98823547363281 0
endloop
endfacet
facet normal 0 0 -1
outer loop
vertex -18.894081115722656 -55.76782989501953 0
vertex -19.040071487426758 -55.231773376464844 0
vertex -18.894081115722656 -55.13422775268555 0
endloop
endfacet
facet normal 0 0 -1
outer loop
vertex -18.762279510498047 -56.086029052734375 0
vertex -18.796533584594727 -55.913818359375 0
vertex -18.762279510498047 -54.8160285949707 0
endloop
endfacet
facet normal 0 0 -1
outer loop
vertex -18.796533584594727 -55.913818359375 0
vertex -18.894081115722656 -55.76782989501953 0
vertex -18.894081115722656 -55.13422775268555 0
endloop
endfacet
facet normal 0 0 -1
outer loop
vertex -19.040071487426758 -55.67028045654297 0
vertex -19.040071487426758 -55.231773376464844 0
vertex -18.894081115722656 -55.76782989501953 0
endloop
endfacet
facet normal 0 0 -1
outer loop
vertex -19.040071487426758 -55.67028045654297 0
vertex -19.2122802734375 -55.266029357910156 0
vertex -19.040071487426758 -55.231773376464844 0
endloop
endfacet
facet normal 0 0 -1
outer loop
vertex -19.2122802734375 -55.63602828979492 0
vertex -19.2122802734375 -55.266029357910156 0
vertex -19.040071487426758 -55.67028045654297 0
endloop
endfacet
facet normal 0 0 -1
outer loop
vertex -19.38448715209961 -55.67028045654297 0
vertex -19.2122802734375 -55.266029357910156 0
vertex -19.2122802734375 -55.63602828979492 0
endloop
endfacet
facet normal 0 0 -1
outer loop
vertex -19.53047752380371 -55.76782989501953 0
vertex -19.2122802734375 -55.266029357910156 0
vertex -19.38448715209961 -55.67028045654297 0
endloop
endfacet
facet normal 0 0 -1
outer loop
vertex -18.796533584594727 -57.18381881713867 0
vertex -18.894081115722656 -56.40422439575195 0
vertex -18.796533584594727 -56.258235931396484 0
endloop
endfacet
facet normal 0 0 -1
outer loop
vertex -18.894081115722656 -56.40422439575195 0
vertex -18.894081115722656 -57.0378303527832 0
vertex -19.040071487426758 -56.501773834228516 0
endloop
endfacet
facet normal 0 0 -1
outer loop
vertex -18.796533584594727 -57.18381881713867 0
vertex -18.894081115722656 -57.0378303527832 0
vertex -18.894081115722656 -56.40422439575195 0
endloop
endfacet
facet normal 0 0 -1
outer loop
vertex -19.040071487426758 -56.94028091430664 0
vertex -19.040071487426758 -56.501773834228516 0
vertex -18.894081115722656 -57.0378303527832 0
endloop
endfacet
facet normal 0 0 -1
outer loop
vertex -19.040071487426758 -56.94028091430664 0
vertex -19.2122802734375 -56.53602600097656 0
vertex -19.040071487426758 -56.501773834228516 0
endloop
endfacet
facet normal 0 0 -1
outer loop
vertex -19.2122802734375 -56.906028747558594 0
vertex -19.2122802734375 -56.53602600097656 0
vertex -19.040071487426758 -56.94028091430664 0
endloop
endfacet
facet normal 0 0 -1
outer loop
vertex -19.2122802734375 -56.906028747558594 0
vertex -19.38448715209961 -56.501773834228516 0
vertex -19.2122802734375 -56.53602600097656 0
endloop
endfacet
facet normal 0 0 -1
outer loop
vertex -19.38448715209961 -56.94028091430664 0
vertex -19.38448715209961 -56.501773834228516 0
vertex -19.2122802734375 -56.906028747558594 0
endloop
endfacet
facet normal 0 0 -1
outer loop
vertex -19.38448715209961 -56.501773834228516 0
vertex -19.53047752380371 -57.0378303527832 0
vertex -19.53047752380371 -56.40422439575195 0
endloop
endfacet
facet normal 0 0 -1
outer loop
vertex -19.53047752380371 -57.0378303527832 0
vertex -19.38448715209961 -56.501773834228516 0
vertex -19.38448715209961 -56.94028091430664 0
endloop
endfacet
facet normal 0 0 -1
outer loop
vertex -22.262279510498047 -57.281028747558594 0
vertex -19.38448715209961 -53.96177291870117 0
vertex -19.2122802734375 -53.996028900146484 0
endloop
endfacet
facet normal 0 0 -1
outer loop
vertex -19.62802505493164 -53.71823501586914 0
vertex -22.262279510498047 -57.281028747558594 0
vertex -19.66227912902832 -53.54602813720703 0
endloop
endfacet
facet normal 0 0 1
outer loop
vertex -3.262279987335205 -59.656028747558594 5
vertex 1.6377201080322266 -24.181028366088867 5
vertex 1.6377201080322266 -19.281028747558594 5
endloop
endfacet
facet normal 0 0 -1
outer loop
vertex -19.53047752380371 -53.864227294921875 0
vertex -22.262279510498047 -57.281028747558594 0
vertex -19.62802505493164 -53.71823501586914 0
endloop
endfacet
facet normal 0 0 1
outer loop
vertex 1.6377201080322266 -5.181027889251709 5
vertex -3.262279987335205 -59.656028747558594 5
vertex 1.6377201080322266 -19.281028747558594 5
endloop
endfacet
facet normal 0 0 1
outer loop
vertex 1.6377201080322266 -19.281028747558594 5
vertex 1.6377201080322266 -24.181028366088867 5
vertex 15.737720489501953 -24.181028366088867 5
endloop
endfacet
facet normal 0 0 1
outer loop
vertex 20.637720108032227 -35.906028747558594 5
vertex 20.637720108032227 -21.806028366088867 5
vertex 15.737720489501953 -38.281028747558594 5
endloop
endfacet
facet normal 0 0 1
outer loop
vertex 1.6377201080322266 -19.281028747558594 5
vertex 15.737720489501953 -24.181028366088867 5
vertex 15.737720489501953 -19.281028747558594 5
endloop
endfacet
facet normal 0 0 1
outer loop
vertex 15.737720489501953 -38.281028747558594 5
vertex 20.637720108032227 -21.806028366088867 5
vertex 20.637720108032227 -16.906028747558594 5
endloop
endfacet
facet normal 0 0 1
outer loop
vertex 15.737720489501953 -24.181028366088867 5
vertex 15.737720489501953 -38.281028747558594 5
vertex 20.637720108032227 -2.806027889251709 5
endloop
endfacet
facet normal 0 0 -1
outer loop
vertex -22.262279510498047 -57.281028747558594 0
vertex -19.53047752380371 -53.864227294921875 0
vertex -19.38448715209961 -53.96177291870117 0
endloop
endfacet
facet normal 0 0 -1
outer loop
vertex -19.53047752380371 -54.49782943725586 0
vertex -22.262279510498047 -57.281028747558594 0
vertex -19.2122802734375 -53.996028900146484 0
endloop
endfacet
facet normal 0 0 -1
outer loop
vertex -19.62802505493164 -54.643821716308594 0
vertex -22.262279510498047 -57.281028747558594 0
vertex -19.53047752380371 -54.49782943725586 0
endloop
endfacet
facet normal 0 0 1
outer loop
vertex 1.6377201080322266 -5.181027889251709 5
vertex 1.6377201080322266 -0.28102779388427734 5
vertex -3.262279987335205 -40.656028747558594 5
endloop
endfacet
facet normal 0 0 -1
outer loop
vertex -19.66227912902832 -54.8160285949707 0
vertex -22.262279510498047 -57.281028747558594 0
vertex -19.62802505493164 -54.643821716308594 0
endloop
endfacet
facet normal 0 0 1
outer loop
vertex 1.6377201080322266 13.81897258758545 5
vertex -3.262279987335205 -40.656028747558594 5
vertex 1.6377201080322266 -0.28102779388427734 5
endloop
endfacet
facet normal 0 0 1
outer loop
vertex 1.6377201080322266 -0.28102779388427734 5
vertex 1.6377201080322266 -5.181027889251709 5
vertex 15.737720489501953 -5.181027889251709 5
endloop
endfacet
facet normal 0 0 1
outer loop
vertex 20.637720108032227 -2.806027889251709 5
vertex 15.737720489501953 -38.281028747558594 5
vertex 20.637720108032227 -16.906028747558594 5
endloop
endfacet
facet normal 0 0 1
outer loop
vertex 15.737720489501953 -19.281028747558594 5
vertex 15.737720489501953 -24.181028366088867 5
vertex 20.637720108032227 -2.806027889251709 5
endloop
endfacet
facet normal 0 0 1
outer loop
vertex 15.737720489501953 -5.181027889251709 5
vertex 15.737720489501953 -19.281028747558594 5
vertex 20.637720108032227 -2.806027889251709 5
endloop
endfacet
facet normal 0 0 1
outer loop
vertex 15.737720489501953 -5.181027889251709 5
vertex 20.637720108032227 -2.806027889251709 5
vertex 15.737720489501953 -0.28102779388427734 5
endloop
endfacet
facet normal 0 0 -1
outer loop
vertex -19.53047752380371 -55.13422775268555 0
vertex -22.262279510498047 -57.281028747558594 0
vertex -19.62802505493164 -54.98823547363281 0
endloop
endfacet
facet normal 0 0 -1
outer loop
vertex -22.262279510498047 -57.281028747558594 0
vertex -19.66227912902832 -54.8160285949707 0
vertex -19.62802505493164 -54.98823547363281 0
endloop
endfacet
facet normal 0 0 -1
outer loop
vertex -19.2122802734375 -55.266029357910156 0
vertex -22.262279510498047 -57.281028747558594 0
vertex -19.38448715209961 -55.231773376464844 0
endloop
endfacet
facet normal 0 0 -1
outer loop
vertex -22.262279510498047 -57.281028747558594 0
vertex -19.53047752380371 -55.13422775268555 0
vertex -19.38448715209961 -55.231773376464844 0
endloop
endfacet
facet normal 0 0 1
outer loop
vertex 20.637720108032227 -16.906028747558594 5
vertex 20.637720108032227 -21.806028366088867 5
vertex 34.73772048950195 -21.806028366088867 5
endloop
endfacet
facet normal 0 0 1
outer loop
vertex 34.73772048950195 -35.906028747558594 5
vertex 34.73772048950195 -40.806026458740234 5
vertex 39.637718200683594 -33.681026458740234 5
endloop
endfacet
facet normal 0 0 1
outer loop
vertex 34.73772048950195 -35.906028747558594 5
vertex 39.637718200683594 -33.681026458740234 5
vertex 39.637718200683594 -28.781028747558594 5
endloop
endfacet
facet normal 0 0 1
outer loop
vertex 39.637718200683594 -28.781028747558594 5
vertex 39.637718200683594 -14.68102741241455 5
vertex 34.73772048950195 -35.906028747558594 5
endloop
endfacet
facet normal 0 0 1
outer loop
vertex 34.73772048950195 -21.806028366088867 5
vertex 34.73772048950195 -35.906028747558594 5
vertex 39.637718200683594 -14.68102741241455 5
endloop
endfacet
facet normal 0 0 -1
outer loop
vertex -19.53047752380371 -55.76782989501953 0
vertex -22.262279510498047 -57.281028747558594 0
vertex -19.2122802734375 -55.266029357910156 0
endloop
endfacet
facet normal 0 0 -1
outer loop
vertex -19.62802505493164 -55.913818359375 0
vertex -22.262279510498047 -57.281028747558594 0
vertex -19.53047752380371 -55.76782989501953 0
endloop
endfacet
facet normal 0 0 -1
outer loop
vertex -19.66227912902832 -56.086029052734375 0
vertex -22.262279510498047 -57.281028747558594 0
vertex -19.62802505493164 -55.913818359375 0
endloop
endfacet
facet normal 0 0 1
outer loop
vertex 20.637720108032227 -16.906028747558594 5
vertex 34.73772048950195 -21.806028366088867 5
vertex 34.73772048950195 -16.906028747558594 5
endloop
endfacet
facet normal 0 0 -1
outer loop
vertex -19.62802505493164 -56.258235931396484 0
vertex -22.262279510498047 -57.281028747558594 0
vertex -19.66227912902832 -56.086029052734375 0
endloop
endfacet
facet normal 0 0 1
outer loop
vertex 34.73772048950195 -16.906028747558594 5
vertex 34.73772048950195 -21.806028366088867 5
vertex 39.637718200683594 -14.68102741241455 5
endloop
endfacet
facet normal 0 0 1
outer loop
vertex 34.73772048950195 -16.906028747558594 5
vertex 39.637718200683594 -14.68102741241455 5
vertex 39.637718200683594 -9.781027793884277 5
endloop
endfacet
facet normal 0 0 1
outer loop
vertex 34.73772048950195 -16.906028747558594 5
vertex 39.637718200683594 -9.781027793884277 5
vertex 39.637718200683594 4.318972110748291 5
endloop
endfacet
facet normal 0 0 1
outer loop
vertex 34.73772048950195 -2.806027889251709 5
vertex 34.73772048950195 -16.906028747558594 5
vertex 39.637718200683594 4.318972110748291 5
endloop
endfacet
facet normal 0.12939707196591266 -0.9915928588723542 0
outer loop
vertex 56.30012130737305 -72.10316467285156 5
vertex 57.33092498779297 -71.9686508178711 0
vertex 57.33092498779297 -71.9686508178711 5
endloop
endfacet
facet normal 0.33375199132441946 -0.9426609190408737 0
outer loop
vertex 57.33092498779297 -71.9686508178711 5
vertex 58.356536865234375 -71.60552978515625 0
vertex 58.356536865234375 -71.60552978515625 5
endloop
endfacet
facet normal 0.5295104663416651 -0.8483034044695519 0
outer loop
vertex 58.356536865234375 -71.60552978515625 5
vertex 59.277320861816406 -71.03077697753906 0
vertex 59.277320861816406 -71.03077697753906 5
endloop
endfacet
facet normal 0.7002612679357164 -0.7138866553095546 0
outer loop
vertex 59.277320861816406 -71.03077697753906 5
vertex 60.05220413208008 -70.27068328857422 0
vertex 60.05220413208008 -70.27068328857422 5
endloop
endfacet
facet normal 0.8379414224650181 -0.5457601785741626 0
outer loop
vertex 60.05220413208008 -70.27068328857422 5
vertex 60.644596099853516 -69.36114501953125 0
vertex 60.644596099853516 -69.36114501953125 5
endloop
endfacet
facet normal 0.9360544792536165 -0.35185510067247955 0
outer loop
vertex 60.644596099853516 -69.36114501953125 5
vertex 61.02651596069336 -68.34510803222656 0
vertex 61.02651596069336 -68.34510803222656 5
endloop
endfacet
facet normal 0.9899607640250527 -0.14134244122318093 -7.301434278270169e-8
outer loop
vertex 61.02651596069336 -68.34510803222656 5
vertex 61.18372344970703 -67.24402618408203 0.20000000298023224
vertex 61.17662811279297 -67.2937240600586 4.5
endloop
endfacet
facet normal 0 0 -1
outer loop
vertex -19.53047752380371 -56.40422439575195 0
vertex -22.262279510498047 -57.281028747558594 0
vertex -19.62802505493164 -56.258235931396484 0
endloop
endfacet
facet normal 0 0 -1
outer loop
vertex -17.362279891967773 -59.656028747558594 0
vertex -19.040071487426758 -57.77177429199219 0
vertex -18.894081115722656 -57.674224853515625 0
endloop
endfacet
facet normal 0 0 -1
outer loop
vertex -17.362279891967773 -59.656028747558594 0
vertex -19.2122802734375 -57.806026458740234 0
vertex -19.040071487426758 -57.77177429199219 0
endloop
endfacet
facet normal 0 0 -1
outer loop
vertex -17.362279891967773 -59.656028747558594 0
vertex -19.38448715209961 -57.77177429199219 0
vertex -19.2122802734375 -57.806026458740234 0
endloop
endfacet
facet normal 0 0 -1
outer loop
vertex -19.53047752380371 -57.0378303527832 0
vertex -22.262279510498047 -57.281028747558594 0
vertex -19.53047752380371 -56.40422439575195 0
endloop
endfacet
facet normal 0.9899616479598999 -0.1413362500157671 0
outer loop
vertex 61.17662811279297 -67.2937240600586 4.5
vertex 61.18372344970703 -67.24402618408203 0.20000000298023224
vertex 61.18372344970703 -67.24402618408203 4.5
endloop
endfacet
facet normal 0.9999999991029386 -0.00004235708714983136 0
outer loop
vertex 61.18372344970703 -67.24402618408203 4.5
vertex 61.18374252319336 -66.7937240600586 0.20000000298023224
vertex 61.18374252319336 -66.7937240600586 4.5
endloop
endfacet
facet normal -0.0000435964926207344 -0.9999999990496728 0
outer loop
vertex 61.18374252319336 -66.7937240600586 4.5
vertex 61.88374328613281 -66.79375457763672 0.20000000298023224
vertex 61.88374328613281 -66.79375457763672 4.5
endloop
endfacet
facet normal 0.9999999990639366 -0.000043268082098622144 1.958737338635821e-9
outer loop
vertex 61.88374328613281 -66.79375457763672 4.5
vertex 61.884490966796875 -49.51375961303711 0.20000000298023224
vertex 61.88426971435547 -54.62709045410156 4.5
endloop
endfacet
facet normal 0.9999999990399335 -0.000043814532388209545 -6.478508268713964e-7
outer loop
vertex 61.88426971435547 -54.62709045410156 4.5
vertex 61.884490966796875 -49.51375961303711 0.20000000298023224
vertex 61.884525299072266 -48.793758392333984 4.5
endloop
endfacet
facet normal 0.0000435964926207344 0.9999999990496728 0
outer loop
vertex 61.884525299072266 -48.793758392333984 4.5
vertex 61.18452453613281 -48.79372787475586 0.20000000298023224
vertex 61.18452453613281 -48.79372787475586 4.5
endloop
endfacet
facet normal 0.999999998952262 -0.00004577636713953836 0
outer loop
vertex 61.18452453613281 -48.79372787475586 4.5
vertex 61.18452453613281 -48.79372787475586 0.20000000298023224
vertex 61.184547424316406 -48.29372787475586 4.5
endloop
endfacet
facet normal 0.9999999990775863 -0.00004295019518244137 3.286246470689111e-7
outer loop
vertex 61.184547424316406 -48.29372787475586 4.5
vertex 61.184814453125 -42.10945510864258 0.20000000298023224
vertex 61.184791564941406 -42.60945510864258 4.5
endloop
endfacet
facet normal 0.999999998952262 -0.00004577636713953836 0
outer loop
vertex 61.184791564941406 -42.60945510864258 4.5
vertex 61.184814453125 -42.10945510864258 0.20000000298023224
vertex 61.184814453125 -42.10945510864258 4.5
endloop
endfacet
facet normal -0.00003814693105163918 -0.9999999992724058 0
outer loop
vertex 61.184814453125 -42.10945510864258 4.5
vertex 61.88481521606445 -42.10948181152344 0.20000000298023224
vertex 61.88481521606445 -42.10948181152344 4.5
endloop
endfacet
facet normal 0.8658735923387804 0.5002628529985094 -3.5691243834851704e-7
outer loop
vertex 81.05174255371094 48.05262756347656 0.20000000298023224
vertex 80.8016128540039 48.48556137084961 0.20000000298023224
vertex 81.18832397460938 47.81623077392578 5
endloop
endfacet
facet normal 0.8658704531685103 0.500268286352192 0
outer loop
vertex 81.05174255371094 48.05262756347656 0.20000000298023224
vertex 81.18832397460938 47.81623077392578 5
vertex 81.18832397460938 47.81623077392578 0
endloop
endfacet
facet normal 0.49947675547554105 -0.8663272884652927 0
outer loop
vertex 81.4087142944336 48.8355827331543 0.20000000298023224
vertex 80.8016128540039 48.48556137084961 4.5
vertex 80.8016128540039 48.48556137084961 0.20000000298023224
endloop
endfacet
facet normal 0.9546716456955303 0.2976609630183098 0
outer loop
vertex 81.66619873046875 46.2835693359375 0
vertex 81.18832397460938 47.81623077392578 0
vertex 81.66619873046875 46.2835693359375 5
endloop
endfacet
facet normal 0.9899607688836131 -0.1413424071938982 0
outer loop
vertex 61.17662811279297 -67.2937240600586 4.5
vertex 61.17662811279297 -67.2937240600586 5
vertex 61.02651596069336 -68.34510803222656 5
endloop
endfacet
facet normal 0 0 1
outer loop
vertex 59.88372039794922 -67.29367065429688 5
vertex 61.02651596069336 -68.34510803222656 5
vertex 61.17662811279297 -67.2937240600586 5
endloop
endfacet
facet normal 0.9999020714012001 -0.013994556355571596 0
outer loop
vertex 81.64420318603516 44.71200180053711 0
vertex 81.66619873046875 46.2835693359375 0
vertex 81.64420318603516 44.71200180053711 5
endloop
endfacet
facet normal 0.9459637726446235 -0.3242723251280489 0
outer loop
vertex 81.13453674316406 43.2252082824707 0
vertex 81.64420318603516 44.71200180053711 0
vertex 81.13453674316406 43.2252082824707 5
endloop
endfacet
facet normal 0.798209458472528 -0.6023799966839816 0
outer loop
vertex 80.1716537475586 41.94929885864258 0
vertex 81.13453674316406 43.2252082824707 0
vertex 80.1716537475586 41.94929885864258 5
endloop
endfacet
facet normal 0 0 -1
outer loop
vertex -19.62802505493164 -57.18381881713867 0
vertex -22.262279510498047 -57.281028747558594 0
vertex -19.53047752380371 -57.0378303527832 0
endloop
endfacet
facet normal 0 0 -1
outer loop
vertex -19.66227912902832 -57.35602951049805 0
vertex -22.262279510498047 -57.281028747558594 0
vertex -19.62802505493164 -57.18381881713867 0
endloop
endfacet
facet normal 0 0 1
outer loop
vertex 39.637718200683594 -47.781028747558594 5
vertex 34.73772048950195 -54.906028747558594 5
vertex 53.73772048950195 -47.781028747558594 5
endloop
endfacet
facet normal 0.6311200457645992 -0.7756851731431317 0
outer loop
vertex 79.5491714477539 41.44282913208008 0
vertex 80.1716537475586 41.94929885864258 0
vertex 79.5491714477539 41.44282913208008 5
endloop
endfacet
facet normal 0.504144847721453 -0.8636191131024794 0
outer loop
vertex 61.99153518676758 31.19341278076172 0
vertex 79.5491714477539 41.44282913208008 0
vertex 61.99153518676758 31.19341278076172 5
endloop
endfacet
facet normal -0.4995281194182083 0.8662976728068178 0
outer loop
vertex 64.9774169921875 66.48224639892578 0
vertex 48.223419189453125 56.82148742675781 0
vertex 64.9774169921875 66.48224639892578 5
endloop
endfacet
facet normal -0.5841732764720641 0.8116289688372966 0
outer loop
vertex 48.223419189453125 56.82148742675781 0
vertex 46.9339714050293 55.893402099609375 0
vertex 48.223419189453125 56.82148742675781 5
endloop
endfacet
facet normal -0.45380793377399886 0.8910995226369353 0
outer loop
vertex 46.9339714050293 55.893402099609375 0
vertex 46.83847427368164 55.84476852416992 0
vertex 46.9339714050293 55.893402099609375 5
endloop
endfacet
facet normal 0 0 1
outer loop
vertex 53.73772048950195 -47.781028747558594 5
vertex 59.884544372558594 -48.293670654296875 5
vertex 59.88479232788086 -42.609397888183594 5
endloop
endfacet
facet normal 0 0 1
outer loop
vertex 59.88479232788086 -42.609397888183594 5
vertex 59.884544372558594 -48.293670654296875 5
vertex 61.184547424316406 -48.29372787475586 5
endloop
endfacet
facet normal -0.3129174042215475 0.9497803420450692 0
outer loop
vertex 46.83847427368164 55.84476852416992 0
vertex 30.032604217529297 50.307857513427734 0
vertex 46.83847427368164 55.84476852416992 5
endloop
endfacet
facet normal 0 0 -1
outer loop
vertex -74.3622817993164 -33.531028747558594 0
vertex -80.50772094726562 -23.901639938354492 0
vertex -74.3622817993164 -19.431028366088867 0
endloop
endfacet
facet normal 0 0 -1
outer loop
vertex -81.79776763916016 -23.9014949798584 0
vertex -80.5074462890625 -21.474761962890625 0
vertex -69.8122787475586 -14.531027793884277 0
endloop
endfacet
facet normal 0 0 -1
outer loop
vertex -69.8122787475586 -37.73102951049805 0
vertex -74.3622817993164 -38.431026458740234 0
vertex -69.8122787475586 -34.23102951049805 0
endloop
endfacet
facet normal 0 0 1
outer loop
vertex 61.184791564941406 -42.60945510864258 5
vertex 59.88479232788086 -42.609397888183594 5
vertex 61.184547424316406 -48.29372787475586 5
endloop
endfacet
facet normal 0 0 1
outer loop
vertex 53.73772048950195 -47.781028747558594 5
vertex 59.88479232788086 -42.609397888183594 5
vertex 59.885616302490234 -23.60939598083496 5
endloop
endfacet
facet normal 0 0 -1
outer loop
vertex -69.8122787475586 -34.23102951049805 0
vertex -74.3622817993164 -38.431026458740234 0
vertex -69.8122787475586 -33.531028747558594 0
endloop
endfacet
facet normal 0 0 -1
outer loop
vertex -64.8122787475586 -37.73102951049805 0
vertex -69.8122787475586 -37.73102951049805 0
vertex -69.8122787475586 -34.23102951049805 0
endloop
endfacet
facet normal 0.9999999990776404 -0.000042950195182443694 0
outer loop
vertex 61.184547424316406 -48.29372787475586 5
vertex 61.184547424316406 -48.29372787475586 4.5
vertex 61.184791564941406 -42.60945510864258 5
endloop
endfacet
facet normal 0.9999999990776404 -0.000042950195182443694 0
outer loop
vertex 61.184791564941406 -42.60945510864258 5
vertex 61.184547424316406 -48.29372787475586 4.5
vertex 61.184791564941406 -42.60945510864258 4.5
endloop
endfacet
facet normal 0 0 -1
outer loop
vertex -64.8122787475586 -37.73102951049805 0
vertex -69.8122787475586 -34.23102951049805 0
vertex -64.8122787475586 -34.23102951049805 0
endloop
endfacet
facet normal 0 0 -1
outer loop
vertex -17.272193908691406 -61.7935676574707 0
vertex -17.362279891967773 -59.656028747558594 0
vertex -17.073373794555664 -61.899837493896484 0
endloop
endfacet
facet normal 0 0 -1
outer loop
vertex -17.487926483154297 -61.728126525878906 0
vertex -17.362279891967773 -59.656028747558594 0
vertex -17.272193908691406 -61.7935676574707 0
endloop
endfacet
facet normal 0 0 -1
outer loop
vertex -17.7122802734375 -61.70602798461914 0
vertex -17.362279891967773 -59.656028747558594 0
vertex -17.487926483154297 -61.728126525878906 0
endloop
endfacet
facet normal 0 0 -1
outer loop
vertex -17.936634063720703 -61.728126525878906 0
vertex -17.362279891967773 -59.656028747558594 0
vertex -17.7122802734375 -61.70602798461914 0
endloop
endfacet
facet normal 0 0 -1
outer loop
vertex -18.152366638183594 -61.7935676574707 0
vertex -17.362279891967773 -59.656028747558594 0
vertex -17.936634063720703 -61.728126525878906 0
endloop
endfacet
facet normal 0 0 -1
outer loop
vertex -8.357351303100586 -67.3607177734375 0
vertex -16.58437728881836 -62.631675720214844 0
vertex -16.649818420410156 -62.41594314575195 0
endloop
endfacet
facet normal 0 0 -1
outer loop
vertex -8.357351303100586 -67.3607177734375 0
vertex -16.562280654907227 -62.85602951049805 0
vertex -16.58437728881836 -62.631675720214844 0
endloop
endfacet
facet normal 0 0 -1
outer loop
vertex -8.357351303100586 -67.3607177734375 0
vertex -16.58437728881836 -63.08038330078125 0
vertex -16.562280654907227 -62.85602951049805 0
endloop
endfacet
facet normal 0 0 -1
outer loop
vertex -8.357351303100586 -67.3607177734375 0
vertex -16.75609016418457 -62.21712112426758 0
vertex -16.899106979370117 -62.04285430908203 0
endloop
endfacet
facet normal 0 0 -1
outer loop
vertex -17.073373794555664 -61.899837493896484 0
vertex -8.357351303100586 -67.3607177734375 0
vertex -16.899106979370117 -62.04285430908203 0
endloop
endfacet
facet normal 0 0 -1
outer loop
vertex -16.649818420410156 -62.41594314575195 0
vertex -16.75609016418457 -62.21712112426758 0
vertex -8.357351303100586 -67.3607177734375 0
endloop
endfacet
facet normal 0 0 -1
outer loop
vertex -8.357351303100586 -67.3607177734375 0
vertex -16.649818420410156 -63.296112060546875 0
vertex -16.58437728881836 -63.08038330078125 0
endloop
endfacet
facet normal 0 0 -1
outer loop
vertex -8.357351303100586 -67.3607177734375 0
vertex -16.75609016418457 -63.49493408203125 0
vertex -16.649818420410156 -63.296112060546875 0
endloop
endfacet
facet normal 0 0 -1
outer loop
vertex -8.357351303100586 -67.3607177734375 0
vertex -16.899106979370117 -63.6692008972168 0
vertex -16.75609016418457 -63.49493408203125 0
endloop
endfacet
facet normal 0 0 -1
outer loop
vertex -8.357351303100586 -67.3607177734375 0
vertex -17.073373794555664 -63.812217712402344 0
vertex -16.899106979370117 -63.6692008972168 0
endloop
endfacet
facet normal 0 0 -1
outer loop
vertex -8.357351303100586 -67.3607177734375 0
vertex -17.272193908691406 -63.918487548828125 0
vertex -17.073373794555664 -63.812217712402344 0
endloop
endfacet
facet normal 0 0 -1
outer loop
vertex -8.357351303100586 -67.3607177734375 0
vertex -17.7122802734375 -64.00602722167969 0
vertex -17.487926483154297 -63.98393249511719 0
endloop
endfacet
facet normal 0 0 -1
outer loop
vertex -17.487926483154297 -63.98393249511719 0
vertex -17.272193908691406 -63.918487548828125 0
vertex -8.357351303100586 -67.3607177734375 0
endloop
endfacet
facet normal 0.9999999990639366 -0.000043268082098622144 1.920352539895159e-9
outer loop
vertex 61.88481521606445 -42.10948181152344 4.5
vertex 61.885562896728516 -24.829483032226562 0.20000000298023224
vertex 61.88534164428711 -29.94281768798828 4.5
endloop
endfacet
facet normal 0.9999999990399342 -0.00004381451806199597 -6.478726604649941e-7
outer loop
vertex 61.88534164428711 -29.94281768798828 4.5
vertex 61.885562896728516 -24.829483032226562 0.20000000298023224
vertex 61.885597229003906 -24.10948371887207 4.5
endloop
endfacet
facet normal 0.0000435964926207344 0.9999999990496728 0
outer loop
vertex 61.885597229003906 -24.10948371887207 4.5
vertex 61.18559646606445 -24.109453201293945 0.20000000298023224
vertex 61.18559646606445 -24.109453201293945 4.5
endloop
endfacet
facet normal 0.999999998952262 -0.00004577636713953836 0
outer loop
vertex 61.18559646606445 -24.109453201293945 4.5
vertex 61.18559646606445 -24.109453201293945 0.20000000298023224
vertex 61.18561935424805 -23.609453201293945 4.5
endloop
endfacet
facet normal 0.999999999077587 -0.000042950180770576954 3.286263228671037e-7
outer loop
vertex 61.18561935424805 -23.609453201293945 4.5
vertex 61.18588638305664 -17.42517852783203 0.20000000298023224
vertex 61.18586349487305 -17.92517852783203 4.5
endloop
endfacet
facet normal 0.999999998952262 -0.00004577636713953836 0
outer loop
vertex 61.18586349487305 -17.92517852783203 4.5
vertex 61.18588638305664 -17.42517852783203 0.20000000298023224
vertex 61.18588638305664 -17.42517852783203 4.5
endloop
endfacet
facet normal -0.0000435964926207344 -0.9999999990496728 0
outer loop
vertex 61.18588638305664 -17.42517852783203 4.5
vertex 61.885887145996094 -17.425209045410156 0.20000000298023224
vertex 61.885887145996094 -17.425209045410156 4.5
endloop
endfacet
facet normal 0.9999999990639368 -0.00004326807531555463 1.939514212476415e-9
outer loop
vertex 61.885887145996094 -17.425209045410156 4.5
vertex 61.886634826660156 -0.14520946145057678 0.20000000298023224
vertex 61.88641357421875 -5.258543014526367 4.5
endloop
endfacet
facet normal 0 0 -1
outer loop
vertex -8.357351303100586 -67.3607177734375 0
vertex -17.936634063720703 -63.98393249511719 0
vertex -17.7122802734375 -64.00602722167969 0
endloop
endfacet
facet normal 0 0 -1
outer loop
vertex -22.262279510498047 -38.281028747558594 0
vertex -26.812280654907227 -38.98102951049805 0
vertex -26.812280654907227 -38.281028747558594 0
endloop
endfacet
facet normal 0 0 -1
outer loop
vertex -22.262279510498047 -43.181026458740234 0
vertex -26.812280654907227 -38.98102951049805 0
vertex -22.262279510498047 -38.281028747558594 0
endloop
endfacet
facet normal 0 0 -1
outer loop
vertex -22.262279510498047 -43.181026458740234 0
vertex -26.812280654907227 -42.48102951049805 0
vertex -26.812280654907227 -38.98102951049805 0
endloop
endfacet
facet normal 0 0 1
outer loop
vertex 39.637718200683594 -28.781028747558594 5
vertex 39.637718200683594 -33.681026458740234 5
vertex 53.73772048950195 -33.681026458740234 5
endloop
endfacet
facet normal 0 0 1
outer loop
vertex 53.73772048950195 -28.781028747558594 5
vertex 39.637718200683594 -28.781028747558594 5
vertex 53.73772048950195 -33.681026458740234 5
endloop
endfacet
facet normal 0.8658721757915802 0.500265304803316 0
outer loop
vertex 71.54666900634766 64.50418853759766 0
vertex 71.35010528564453 64.84440612792969 0
vertex 71.54666900634766 64.50418853759766 0.20000000298023224
endloop
endfacet
facet normal 0 0 -1
outer loop
vertex 79.92579650878906 47.40346908569336 0
vertex 66.33043670654297 58.6744499206543 0
vertex 70.4357681274414 63.863704681396484 0
endloop
endfacet
facet normal 0 0 1
outer loop
vertex 53.73772048950195 -33.681026458740234 5
vertex 53.73772048950195 -47.781028747558594 5
vertex 59.885616302490234 -23.60939598083496 5
endloop
endfacet
facet normal 0 0 1
outer loop
vertex 53.73772048950195 -28.781028747558594 5
vertex 53.73772048950195 -33.681026458740234 5
vertex 59.885616302490234 -23.60939598083496 5
endloop
endfacet
facet normal 0 0 -1
outer loop
vertex 79.92579650878906 47.40346908569336 0
vertex 73.38043975830078 46.46349334716797 0
vertex 66.33043670654297 58.6744499206543 0
endloop
endfacet
facet normal 0 0 -1
outer loop
vertex 71.35010528564453 64.84440612792969 0
vertex 71.54666900634766 64.50418853759766 0
vertex 70.4357681274414 63.863704681396484 0
endloop
endfacet
facet normal 0 0 -1
outer loop
vertex 70.4357681274414 63.863704681396484 0
vertex 70.84463500976562 65.46566772460938 0
vertex 71.35010528564453 64.84440612792969 0
endloop
endfacet
facet normal 0 0 -1
outer loop
vertex 70.84463500976562 65.46566772460938 0
vertex 66.33043670654297 58.6744499206543 0
vertex 69.5687255859375 66.42855072021484 0
endloop
endfacet
facet normal 0 0 1
outer loop
vertex 53.73772048950195 -14.68102741241455 5
vertex 53.73772048950195 -28.781028747558594 5
vertex 59.8858642578125 -17.92512321472168 5
endloop
endfacet
facet normal 0 0 -1
outer loop
vertex 66.33043670654297 58.6744499206543 0
vertex 70.84463500976562 65.46566772460938 0
vertex 70.4357681274414 63.863704681396484 0
endloop
endfacet
facet normal 0 0 1
outer loop
vertex 59.8858642578125 -17.92512321472168 5
vertex 53.73772048950195 -28.781028747558594 5
vertex 59.885616302490234 -23.60939598083496 5
endloop
endfacet
facet normal 0 0 1
outer loop
vertex 59.8858642578125 -17.92512321472168 5
vertex 59.885616302490234 -23.60939598083496 5
vertex 61.18561935424805 -23.609453201293945 5
endloop
endfacet
facet normal 0 0 -1
outer loop
vertex -26.812280654907227 -43.181026458740234 0
vertex -26.812280654907227 -42.48102951049805 0
vertex -22.262279510498047 -43.181026458740234 0
endloop
endfacet
facet normal 0 0 -1
outer loop
vertex -26.812280654907227 -42.48102951049805 0
vertex -31.812280654907227 -38.98102951049805 0
vertex -26.812280654907227 -38.98102951049805 0
endloop
endfacet
facet normal 0 0 -1
outer loop
vertex -31.812280654907227 -42.48102951049805 0
vertex -31.812280654907227 -38.98102951049805 0
vertex -26.812280654907227 -42.48102951049805 0
endloop
endfacet
facet normal 0 0 1
outer loop
vertex 39.637718200683594 -9.781027793884277 5
vertex 39.637718200683594 -14.68102741241455 5
vertex 53.73772048950195 -14.68102741241455 5
endloop
endfacet
facet normal 0 0 1
outer loop
vertex 39.637718200683594 -9.781027793884277 5
vertex 53.73772048950195 -14.68102741241455 5
vertex 53.73772048950195 -9.781027793884277 5
endloop
endfacet
facet normal 0 0 -1
outer loop
vertex -22.262279510498047 -57.281028747558594 0
vertex -22.262279510498047 -43.181026458740234 0
vertex -19.66227912902832 -49.736026763916016 0
endloop
endfacet
facet normal 0 0 -1
outer loop
vertex 69.5687255859375 66.42855072021484 0
vertex 62.3900260925293 56.399452209472656 0
vertex 68.0819320678711 66.9382095336914 0
endloop
endfacet
facet normal 0 0 -1
outer loop
vertex 66.51036834716797 66.96021270751953 0
vertex 68.0819320678711 66.9382095336914 0
vertex 62.3900260925293 56.399452209472656 0
endloop
endfacet
facet normal 0 0 -1
outer loop
vertex 66.51036834716797 66.96021270751953 0
vertex 57.709896087646484 54.50566864013672 0
vertex 64.9774169921875 66.48224639892578 0
endloop
endfacet
facet normal 0 0 -1
outer loop
vertex 62.3900260925293 56.399452209472656 0
vertex 69.5687255859375 66.42855072021484 0
vertex 66.33043670654297 58.6744499206543 0
endloop
endfacet
facet normal 0 0 1
outer loop
vertex 61.18586349487305 -17.92517852783203 5
vertex 59.8858642578125 -17.92512321472168 5
vertex 61.18561935424805 -23.609453201293945 5
endloop
endfacet
facet normal 0 0 -1
outer loop
vertex 62.04002380371094 57.00566864013672 0
vertex 66.51036834716797 66.96021270751953 0
vertex 62.3900260925293 56.399452209472656 0
endloop
endfacet
facet normal 0 0 -1
outer loop
vertex 62.04002380371094 57.00566864013672 0
vertex 57.709896087646484 54.50566864013672 0
vertex 66.51036834716797 66.96021270751953 0
endloop
endfacet
facet normal 0 0 -1
outer loop
vertex -64.8122787475586 -37.73102951049805 0
vertex -60.26227951049805 -33.531028747558594 0
vertex -64.8122787475586 -38.431026458740234 0
endloop
endfacet
facet normal 0 0 1
outer loop
vertex 53.73772048950195 -9.781027793884277 5
vertex 53.73772048950195 -14.68102741241455 5
vertex 59.886688232421875 1.074877381324768 5
endloop
endfacet
facet normal 0 0 1
outer loop
vertex 59.886688232421875 1.074877381324768 5
vertex 53.73772048950195 -14.68102741241455 5
vertex 59.8858642578125 -17.92512321472168 5
endloop
endfacet
facet normal 0 0 -1
outer loop
vertex -60.26227951049805 -33.531028747558594 0
vertex -64.8122787475586 -37.73102951049805 0
vertex -64.8122787475586 -34.23102951049805 0
endloop
endfacet
facet normal 0.9999999990776409 -0.00004295018077057927 0
outer loop
vertex 61.18561935424805 -23.609453201293945 5
vertex 61.18561935424805 -23.609453201293945 4.5
vertex 61.18586349487305 -17.92517852783203 5
endloop
endfacet
facet normal 0.9999999990776409 -0.00004295018077057927 0
outer loop
vertex 61.18586349487305 -17.92517852783203 5
vertex 61.18561935424805 -23.609453201293945 4.5
vertex 61.18586349487305 -17.92517852783203 4.5
endloop
endfacet
facet normal 0 0 -1
outer loop
vertex -60.26227951049805 -33.531028747558594 0
vertex -64.8122787475586 -34.23102951049805 0
vertex -64.8122787475586 -33.531028747558594 0
endloop
endfacet
facet normal 0 0 -1
outer loop
vertex -3.262279987335205 -26.556028366088867 0
vertex 1.2084146738052368 16.679452896118164 0
vertex 1.6377201080322266 13.81897258758545 0
endloop
endfacet
facet normal 0 0 -1
outer loop
vertex 1.6377201080322266 -0.28102779388427734 0
vertex 6.187719821929932 -0.28102779388427734 0
vertex 1.6377201080322266 -5.181027889251709 0
endloop
endfacet
facet normal 0 0 -1
outer loop
vertex 6.187719821929932 -0.9810277819633484 0
vertex 1.6377201080322266 -5.181027889251709 0
vertex 6.187719821929932 -0.28102779388427734 0
endloop
endfacet
facet normal 0 0 -1
outer loop
vertex 6.187719821929932 -0.9810277819633484 0
vertex 11.18772029876709 -0.9810277819633484 0
vertex 11.18772029876709 -4.481027603149414 0
endloop
endfacet
facet normal 0 0 -1
outer loop
vertex 1.6377201080322266 13.81897258758545 0
vertex 6.187719821929932 14.518972396850586 0
vertex 6.187719821929932 13.81897258758545 0
endloop
endfacet
facet normal 0 0 -1
outer loop
vertex 15.737720489501953 -0.28102779388427734 0
vertex 11.18772029876709 -4.481027603149414 0
vertex 11.18772029876709 -0.9810277819633484 0
endloop
endfacet
facet normal 0 0 -1
outer loop
vertex 15.737720489501953 -0.28102779388427734 0
vertex 11.18772029876709 -0.9810277819633484 0
vertex 11.18772029876709 -0.28102779388427734 0
endloop
endfacet
facet normal 0 0 -1
outer loop
vertex 20.637720108032227 -2.806027889251709 0
vertex 15.737720489501953 -0.28102779388427734 0
vertex 20.637720108032227 2.0939722061157227 0
endloop
endfacet
facet normal 0 0 -1
outer loop
vertex 20.637720108032227 2.0939722061157227 0
vertex 15.737720489501953 -0.28102779388427734 0
vertex 15.737720489501953 13.81897258758545 0
endloop
endfacet
facet normal 0 0 -1
outer loop
vertex 11.18772029876709 13.81897258758545 0
vertex 11.18772029876709 14.518972396850586 0
vertex 15.737720489501953 13.81897258758545 0
endloop
endfacet
facet normal 0 0 -1
outer loop
vertex 20.637720108032227 2.0939722061157227 0
vertex 15.737720489501953 13.81897258758545 0
vertex 20.637720108032227 16.193971633911133 0
endloop
endfacet
facet normal 0 0 -1
outer loop
vertex -31.812280654907227 -38.98102951049805 0
vertex -36.362281799316406 -38.281028747558594 0
vertex -31.812280654907227 -38.281028747558594 0
endloop
endfacet
facet normal 0 0 -1
outer loop
vertex -31.812280654907227 -42.48102951049805 0
vertex -36.362281799316406 -38.281028747558594 0
vertex -31.812280654907227 -38.98102951049805 0
endloop
endfacet
facet normal 0 0 -1
outer loop
vertex -31.812280654907227 -42.48102951049805 0
vertex -36.362281799316406 -43.181026458740234 0
vertex -36.362281799316406 -38.281028747558594 0
endloop
endfacet
facet normal 0 0 -1
outer loop
vertex -36.362281799316406 -43.181026458740234 0
vertex -31.812280654907227 -42.48102951049805 0
vertex -31.812280654907227 -43.181026458740234 0
endloop
endfacet
facet normal 0 0 -1
outer loop
vertex -36.362281799316406 -43.181026458740234 0
vertex -41.26227951049805 -38.431026458740234 0
vertex -36.362281799316406 -38.281028747558594 0
endloop
endfacet
facet normal 0 0 -1
outer loop
vertex -41.26227951049805 -38.431026458740234 0
vertex -45.812278747558594 -38.431026458740234 0
vertex -36.362281799316406 -38.281028747558594 0
endloop
endfacet
facet normal 0 0 -1
outer loop
vertex -36.362281799316406 -43.181026458740234 0
vertex -41.26227951049805 -52.531028747558594 0
vertex -41.26227951049805 -38.431026458740234 0
endloop
endfacet
facet normal 0 0 -1
outer loop
vertex -41.26227951049805 -52.531028747558594 0
vertex -36.362281799316406 -43.181026458740234 0
vertex -36.362281799316406 -57.281028747558594 0
endloop
endfacet
facet normal 0 0 -1
outer loop
vertex -36.362281799316406 -57.281028747558594 0
vertex -45.812278747558594 -53.23102951049805 0
vertex -41.26227951049805 -52.531028747558594 0
endloop
endfacet
facet normal 0 0 -1
outer loop
vertex -19.62802505493164 -57.528236389160156 0
vertex -26.812280654907227 -57.98102951049805 0
vertex -19.66227912902832 -57.35602951049805 0
endloop
endfacet
facet normal 0 0 -1
outer loop
vertex 3.899961471557617 16.443971633911133 0
vertex 1.6377201080322266 13.81897258758545 0
vertex 1.2084146738052368 16.679452896118164 0
endloop
endfacet
facet normal 0 0 -1
outer loop
vertex 3.899961471557617 16.443971633911133 0
vertex 6.187719821929932 14.518972396850586 0
vertex 1.6377201080322266 13.81897258758545 0
endloop
endfacet
facet normal 0 0 -1
outer loop
vertex 6.187719821929932 14.518972396850586 0
vertex 3.899961471557617 16.443971633911133 0
vertex 6.591507911682129 16.679452896118164 0
endloop
endfacet
facet normal 0 0 -1
outer loop
vertex 9.201273918151855 17.37873649597168 0
vertex 6.187719821929932 14.518972396850586 0
vertex 6.591507911682129 16.679452896118164 0
endloop
endfacet
facet normal 0 0 -1
outer loop
vertex 11.18772029876709 14.518972396850586 0
vertex 6.187719821929932 14.518972396850586 0
vertex 9.201273918151855 17.37873649597168 0
endloop
endfacet
facet normal 0 0 -1
outer loop
vertex 11.18772029876709 14.518972396850586 0
vertex 9.201273918151855 17.37873649597168 0
vertex 11.649961471557617 18.520578384399414 0
endloop
endfacet
facet normal 0 0 -1
outer loop
vertex 15.737720489501953 13.81897258758545 0
vertex 11.18772029876709 14.518972396850586 0
vertex 11.649961471557617 18.520578384399414 0
endloop
endfacet
facet normal 0 0 -1
outer loop
vertex 13.86316967010498 20.070283889770508 0
vertex 15.737720489501953 13.81897258758545 0
vertex 11.649961471557617 18.520578384399414 0
endloop
endfacet
facet normal 0 0 -1
outer loop
vertex 15.737720489501953 13.81897258758545 0
vertex 13.86316967010498 20.070283889770508 0
vertex 15.773650169372559 21.980764389038086 0
endloop
endfacet
facet normal 0 0 -1
outer loop
vertex 15.737720489501953 13.81897258758545 0
vertex 15.773650169372559 21.980764389038086 0
vertex 17.323354721069336 24.193971633911133 0
endloop
endfacet
facet normal 0 0 -1
outer loop
vertex 18.46519660949707 26.64266014099121 0
vertex 15.737720489501953 13.81897258758545 0
vertex 17.323354721069336 24.193971633911133 0
endloop
endfacet
facet normal 0 0 -1
outer loop
vertex 18.46519660949707 26.64266014099121 0
vertex 19.16448211669922 29.252426147460938 0
vertex 15.737720489501953 13.81897258758545 0
endloop
endfacet
facet normal 0 0 -1
outer loop
vertex 20.637720108032227 2.0939722061157227 0
vertex 25.187719345092773 2.0939722061157227 0
vertex 20.637720108032227 -2.806027889251709 0
endloop
endfacet
facet normal 0 0 -1
outer loop
vertex 20.637720108032227 -2.806027889251709 0
vertex 25.187719345092773 2.0939722061157227 0
vertex 25.187719345092773 1.3939721584320068 0
endloop
endfacet
facet normal 0 0 -1
outer loop
vertex 25.187719345092773 -2.106027841567993 0
vertex 20.637720108032227 -2.806027889251709 0
vertex 30.187719345092773 1.3939721584320068 0
endloop
endfacet
facet normal 0 0 -1
outer loop
vertex 30.187719345092773 1.3939721584320068 0
vertex 20.637720108032227 -2.806027889251709 0
vertex 25.187719345092773 1.3939721584320068 0
endloop
endfacet
facet normal 0 0 -1
outer loop
vertex 25.187719345092773 -2.106027841567993 0
vertex 30.187719345092773 1.3939721584320068 0
vertex 30.187719345092773 -2.106027841567993 0
endloop
endfacet
facet normal 0 0 -1
outer loop
vertex 30.187719345092773 -2.106027841567993 0
vertex 34.73772048950195 2.0939722061157227 0
vertex 30.187719345092773 -2.806027889251709 0
endloop
endfacet
facet normal 0 0 -1
outer loop
vertex 34.73772048950195 2.0939722061157227 0
vertex 30.187719345092773 -2.106027841567993 0
vertex 30.187719345092773 1.3939721584320068 0
endloop
endfacet
facet normal 0 0 -1
outer loop
vertex 34.73772048950195 -2.806027889251709 0
vertex 30.187719345092773 -2.806027889251709 0
vertex 34.73772048950195 2.0939722061157227 0
endloop
endfacet
facet normal 0 0 -1
outer loop
vertex 34.73772048950195 2.0939722061157227 0
vertex 30.187719345092773 1.3939721584320068 0
vertex 30.187719345092773 2.0939722061157227 0
endloop
endfacet
facet normal 0 0 -1
outer loop
vertex 34.73772048950195 -2.806027889251709 0
vertex 34.73772048950195 2.0939722061157227 0
vertex 39.637718200683594 9.218972206115723 0
endloop
endfacet
facet normal 0 0 -1
outer loop
vertex 39.637718200683594 4.318972110748291 0
vertex 34.73772048950195 -2.806027889251709 0
vertex 39.637718200683594 9.218972206115723 0
endloop
endfacet
facet normal 0 0 -1
outer loop
vertex 39.637718200683594 9.218972206115723 0
vertex 34.73772048950195 2.0939722061157227 0
vertex 34.73772048950195 16.193971633911133 0
endloop
endfacet
facet normal 0 0 -1
outer loop
vertex -19.38448715209961 -57.77177429199219 0
vertex -26.812280654907227 -57.98102951049805 0
vertex -19.53047752380371 -57.674224853515625 0
endloop
endfacet
facet normal 0 0 -1
outer loop
vertex -26.812280654907227 -57.98102951049805 0
vertex -19.62802505493164 -57.528236389160156 0
vertex -19.53047752380371 -57.674224853515625 0
endloop
endfacet
facet normal 0 0 -1
outer loop
vertex -17.362279891967773 -59.656028747558594 0
vertex -26.812280654907227 -57.98102951049805 0
vertex -19.38448715209961 -57.77177429199219 0
endloop
endfacet
facet normal 0 0 -1
outer loop
vertex -19.66227912902832 -57.35602951049805 0
vertex -26.812280654907227 -57.281028747558594 0
vertex -22.262279510498047 -57.281028747558594 0
endloop
endfacet
facet normal 0 0 -1
outer loop
vertex -26.812280654907227 -57.98102951049805 0
vertex -26.812280654907227 -57.281028747558594 0
vertex -19.66227912902832 -57.35602951049805 0
endloop
endfacet
facet normal 0 0 -1
outer loop
vertex -17.362279891967773 -59.656028747558594 0
vertex -31.812280654907227 -57.98102951049805 0
vertex -26.812280654907227 -57.98102951049805 0
endloop
endfacet
facet normal 0 0 -1
outer loop
vertex -31.812280654907227 -57.98102951049805 0
vertex -36.362281799316406 -57.281028747558594 0
vertex -31.812280654907227 -57.281028747558594 0
endloop
endfacet
facet normal 0 0 -1
outer loop
vertex 20.637720108032227 16.193971633911133 0
vertex 25.187719345092773 16.893972396850586 0
vertex 25.187719345092773 16.193971633911133 0
endloop
endfacet
facet normal 0 0 -1
outer loop
vertex 20.637720108032227 16.193971633911133 0
vertex 15.737720489501953 13.81897258758545 0
vertex 30.032604217529297 50.307857513427734 0
endloop
endfacet
facet normal 0 0 -1
outer loop
vertex 19.16448211669922 29.252426147460938 0
vertex 28.551362991333008 49.64265060424805 0
vertex 15.737720489501953 13.81897258758545 0
endloop
endfacet
facet normal 0 0 -1
outer loop
vertex 25.187719345092773 16.893972396850586 0
vertex 20.637720108032227 16.193971633911133 0
vertex 34.91644287109375 44.070350646972656 0
endloop
endfacet
facet normal 0 0 -1
outer loop
vertex 30.187719345092773 16.193971633911133 0
vertex 39.637718200683594 23.318971633911133 0
vertex 34.73772048950195 16.193971633911133 0
endloop
endfacet
facet normal 0 0 -1
outer loop
vertex 25.187719345092773 16.893972396850586 0
vertex 39.273582458496094 30.66045379638672 0
vertex 30.187719345092773 16.893972396850586 0
endloop
endfacet
facet normal 0 0 -1
outer loop
vertex 30.187719345092773 16.193971633911133 0
vertex 30.187719345092773 16.893972396850586 0
vertex 39.273582458496094 30.66045379638672 0
endloop
endfacet
facet normal 0 0 -1
outer loop
vertex 39.637718200683594 9.218972206115723 0
vertex 34.73772048950195 16.193971633911133 0
vertex 39.637718200683594 23.318971633911133 0
endloop
endfacet
facet normal 0 0 -1
outer loop
vertex 39.637718200683594 23.318971633911133 0
vertex 30.187719345092773 16.193971633911133 0
vertex 39.273582458496094 30.66045379638672 0
endloop
endfacet
facet normal 0 0 -1
outer loop
vertex 39.273582458496094 30.66045379638672 0
vertex 25.187719345092773 16.893972396850586 0
vertex 34.91644287109375 44.070350646972656 0
endloop
endfacet
facet normal 0 0 -1
outer loop
vertex -18.152366638183594 -61.7935676574707 0
vertex -79.06179809570312 -67.33942413330078 0
vertex -17.362279891967773 -59.656028747558594 0
endloop
endfacet
facet normal 0 0 -1
outer loop
vertex -8.357351303100586 -67.3607177734375 0
vertex -79.06179809570312 -67.33942413330078 0
vertex -17.936634063720703 -63.98393249511719 0
endloop
endfacet
facet normal 0 0 -1
outer loop
vertex -18.351184844970703 -61.899837493896484 0
vertex -79.06179809570312 -67.33942413330078 0
vertex -18.152366638183594 -61.7935676574707 0
endloop
endfacet
facet normal 0 0 -1
outer loop
vertex -18.525453567504883 -62.04285430908203 0
vertex -79.06179809570312 -67.33942413330078 0
vertex -18.351184844970703 -61.899837493896484 0
endloop
endfacet
facet normal 0 0 -1
outer loop
vertex -18.66847038269043 -62.21712112426758 0
vertex -79.06179809570312 -67.33942413330078 0
vertex -18.525453567504883 -62.04285430908203 0
endloop
endfacet
facet normal 0 0 -1
outer loop
vertex -18.774742126464844 -62.41594314575195 0
vertex -79.06179809570312 -67.33942413330078 0
vertex -18.66847038269043 -62.21712112426758 0
endloop
endfacet
facet normal 0 0 -1
outer loop
vertex -18.84018325805664 -62.631675720214844 0
vertex -79.06179809570312 -67.33942413330078 0
vertex -18.774742126464844 -62.41594314575195 0
endloop
endfacet
facet normal 0 0 -1
outer loop
vertex -79.06179809570312 -67.33942413330078 0
vertex -18.351184844970703 -63.812217712402344 0
vertex -18.152366638183594 -63.918487548828125 0
endloop
endfacet
facet normal 0 0 -1
outer loop
vertex -18.774742126464844 -63.296112060546875 0
vertex -79.06179809570312 -67.33942413330078 0
vertex -18.84018325805664 -63.08038330078125 0
endloop
endfacet
facet normal 0 0 -1
outer loop
vertex -18.66847038269043 -63.49493408203125 0
vertex -79.06179809570312 -67.33942413330078 0
vertex -18.774742126464844 -63.296112060546875 0
endloop
endfacet
facet normal 0 0 -1
outer loop
vertex -79.06179809570312 -67.33942413330078 0
vertex -18.525453567504883 -63.6692008972168 0
vertex -18.351184844970703 -63.812217712402344 0
endloop
endfacet
facet normal 0 0 -1
outer loop
vertex -18.66847038269043 -63.49493408203125 0
vertex -18.525453567504883 -63.6692008972168 0
vertex -79.06179809570312 -67.33942413330078 0
endloop
endfacet
facet normal 0 0 -1
outer loop
vertex -79.06179809570312 -67.33942413330078 0
vertex -18.152366638183594 -63.918487548828125 0
vertex -17.936634063720703 -63.98393249511719 0
endloop
endfacet
facet normal 0 0 -1
outer loop
vertex -80.5074462890625 -21.474761962890625 0
vertex -80.50530242919922 -2.4747612476348877 0
vertex -74.3622817993164 -14.531027793884277 0
endloop
endfacet
facet normal 0.8658704531685102 0.500268286352192 0
outer loop
vertex 81.18832397460938 47.81623077392578 0
vertex 81.05174255371094 48.05262756347656 0
vertex 81.05174255371094 48.05262756347656 0.20000000298023224
endloop
endfacet
facet normal 0 0 -1
outer loop
vertex 81.66619873046875 46.2835693359375 0
vertex 80.1716537475586 41.94929885864258 0
vertex 81.18832397460938 47.81623077392578 0
endloop
endfacet
facet normal 0 0 -1
outer loop
vertex 81.64420318603516 44.71200180053711 0
vertex 80.1716537475586 41.94929885864258 0
vertex 81.66619873046875 46.2835693359375 0
endloop
endfacet
facet normal 0 0 -1
outer loop
vertex 80.1716537475586 41.94929885864258 0
vertex 81.64420318603516 44.71200180053711 0
vertex 81.13453674316406 43.2252082824707 0
endloop
endfacet
facet normal 0 0 -1
outer loop
vertex 79.5491714477539 41.44282913208008 0
vertex 81.18832397460938 47.81623077392578 0
vertex 80.1716537475586 41.94929885864258 0
endloop
endfacet
facet normal 0 0 -1
outer loop
vertex 81.18832397460938 47.81623077392578 0
vertex 61.99153518676758 31.19341278076172 0
vertex 81.05174255371094 48.05262756347656 0
endloop
endfacet
facet normal 0 0 -1
outer loop
vertex 61.99153518676758 31.19341278076172 0
vertex 79.92579650878906 47.40346908569336 0
vertex 81.05174255371094 48.05262756347656 0
endloop
endfacet
facet normal 0 0 -1
outer loop
vertex 61.99153518676758 31.19341278076172 0
vertex 73.38043975830078 46.46349334716797 0
vertex 79.92579650878906 47.40346908569336 0
endloop
endfacet
facet normal 0 0 -1
outer loop
vertex 61.99153518676758 31.19341278076172 0
vertex 81.18832397460938 47.81623077392578 0
vertex 79.5491714477539 41.44282913208008 0
endloop
endfacet
facet normal 0 0 -1
outer loop
vertex -18.862279891967773 -62.85602951049805 0
vertex -79.06179809570312 -67.33942413330078 0
vertex -18.84018325805664 -62.631675720214844 0
endloop
endfacet
facet normal 0 0 -1
outer loop
vertex -79.06179809570312 -67.33942413330078 0
vertex -18.862279891967773 -62.85602951049805 0
vertex -18.84018325805664 -63.08038330078125 0
endloop
endfacet
facet normal 0.00011301806057650302 0.9999999936134589 0
outer loop
vertex -81.79865264892578 -2.9746153354644775 0.20000000298023224
vertex -82.50535583496094 -2.9745354652404785 0.20000000298023224
vertex -81.79865264892578 -2.9746153354644775 4.5
endloop
endfacet
facet normal -0.9999999936123282 0.00011302806503529207 0
outer loop
vertex -82.50535583496094 -2.9745354652404785 0.20000000298023224
vertex -82.50730895996094 -20.254535675048828 0.20000000298023224
vertex -82.50535583496094 -2.9745354652404785 4.5
endloop
endfacet
facet normal -0.9999999943858244 0.000105963913394191 0
outer loop
vertex -82.50730895996094 -20.254535675048828 0.20000000298023224
vertex -82.50738525390625 -20.97453498840332 0.20000000298023224
vertex -82.50738525390625 -20.97453498840332 4.5
endloop
endfacet
facet normal -0.000112910509635771 -0.9999999936256084 0
outer loop
vertex -81.79789733886719 -20.9746150970459 0.20000000298023224
vertex -82.50738525390625 -20.97453498840332 4.5
vertex -82.50738525390625 -20.97453498840332 0.20000000298023224
endloop
endfacet
facet normal -0.999999998952262 -0.00004577636713953836 0
outer loop
vertex -81.79789733886719 -20.9746150970459 0.20000000298023224
vertex -81.7978744506836 -21.4746150970459 0.20000000298023224
vertex -81.79789733886719 -20.9746150970459 4.5
endloop
endfacet
facet normal -0.9999999990314565 -0.00004401187058762258 -2.051740182283667e-7
outer loop
vertex -81.7978744506836 -21.4746150970459 0.20000000298023224
vertex -81.79776763916016 -23.9014949798584 0.20000000298023224
vertex -81.79789733886719 -20.9746150970459 4.5
endloop
endfacet
facet normal -0.9999999994902494 -0.000030517578109443647 -0.000009390330593588634
outer loop
vertex -81.79776763916016 -23.9014949798584 0.20000000298023224
vertex -81.7977523803711 -24.4014949798584 0.20000000298023224
vertex -81.79789733886719 -20.9746150970459 4.5
endloop
endfacet
facet normal 0.0001128255816767981 0.9999999936351941 0
outer loop
vertex -81.7977523803711 -24.4014949798584 0.20000000298023224
vertex -82.50777435302734 -24.40141487121582 0.20000000298023224
vertex -81.7977523803711 -24.4014949798584 4.5
endloop
endfacet
facet normal -0.9999999936123286 0.00011302806191631182 0
outer loop
vertex -82.50777435302734 -24.40141487121582 0.20000000298023224
vertex -82.50972747802734 -41.68141555786133 0.20000000298023224
vertex -82.50777435302734 -24.40141487121582 4.5
endloop
endfacet
facet normal 0 0 -1
outer loop
vertex 9.853239059448242 46.20519256591797 0
vertex 9.932624816894531 46.2326774597168 0
vertex 11.649961471557617 45.367366790771484 0
endloop
endfacet
facet normal 0 0 -1
outer loop
vertex 9.932624816894531 46.2326774597168 0
vertex 11.754730224609375 47.326812744140625 0
vertex 11.649961471557617 45.367366790771484 0
endloop
endfacet
facet normal 0 0 -1
outer loop
vertex 11.649961471557617 45.367366790771484 0
vertex 11.754730224609375 47.326812744140625 0
vertex 13.282087326049805 47.934959411621094 0
endloop
endfacet
facet normal 0 0 -1
outer loop
vertex 11.649961471557617 45.367366790771484 0
vertex 13.282087326049805 47.934959411621094 0
vertex 13.86316967010498 43.81766128540039 0
endloop
endfacet
facet normal 0 0 -1
outer loop
vertex 15.773650169372559 41.90718078613281 0
vertex 13.86316967010498 43.81766128540039 0
vertex 28.551362991333008 49.64265060424805 0
endloop
endfacet
facet normal 0 0 -1
outer loop
vertex 13.86316967010498 43.81766128540039 0
vertex 13.282087326049805 47.934959411621094 0
vertex 28.551362991333008 49.64265060424805 0
endloop
endfacet
facet normal 0 0 -1
outer loop
vertex 19.16448211669922 29.252426147460938 0
vertex 19.399961471557617 31.943971633911133 0
vertex 28.551362991333008 49.64265060424805 0
endloop
endfacet
facet normal 0 0 -1
outer loop
vertex 19.399961471557617 31.943971633911133 0
vertex 19.16448211669922 34.63551712036133 0
vertex 28.551362991333008 49.64265060424805 0
endloop
endfacet
facet normal 0 0 -1
outer loop
vertex 19.16448211669922 34.63551712036133 0
vertex 18.46519660949707 37.24528503417969 0
vertex 28.551362991333008 49.64265060424805 0
endloop
endfacet
facet normal 0 0 -1
outer loop
vertex 28.551362991333008 49.64265060424805 0
vertex 28.660099029541016 49.67301559448242 0
vertex 15.737720489501953 13.81897258758545 0
endloop
endfacet
facet normal 0 0 -1
outer loop
vertex 30.032604217529297 50.307857513427734 0
vertex 15.737720489501953 13.81897258758545 0
vertex 28.660099029541016 49.67301559448242 0
endloop
endfacet
facet normal 0 0 -1
outer loop
vertex 34.91644287109375 44.070350646972656 0
vertex 20.637720108032227 16.193971633911133 0
vertex 30.032604217529297 50.307857513427734 0
endloop
endfacet
facet normal 0 0 -1
outer loop
vertex 18.46519660949707 37.24528503417969 0
vertex 17.323354721069336 39.693973541259766 0
vertex 28.551362991333008 49.64265060424805 0
endloop
endfacet
facet normal 0 0 -1
outer loop
vertex 17.323354721069336 39.693973541259766 0
vertex 15.773650169372559 41.90718078613281 0
vertex 28.551362991333008 49.64265060424805 0
endloop
endfacet
facet normal 0 0 -1
outer loop
vertex 34.91644287109375 44.070350646972656 0
vertex 30.032604217529297 50.307857513427734 0
vertex 39.02743911743164 46.14211654663086 0
endloop
endfacet
facet normal 0 0 -1
outer loop
vertex 34.91644287109375 44.070350646972656 0
vertex 39.02743911743164 46.14211654663086 0
vertex 39.243751525878906 45.47637939453125 0
endloop
endfacet
facet normal 0 0 -1
outer loop
vertex -41.26227951049805 -14.531027793884277 0
vertex -45.812278747558594 -15.231027603149414 0
vertex -45.812278747558594 -14.531027793884277 0
endloop
endfacet
facet normal 0 0 -1
outer loop
vertex -41.26227951049805 -14.531027793884277 0
vertex -45.812278747558594 -18.731027603149414 0
vertex -45.812278747558594 -15.231027603149414 0
endloop
endfacet
facet normal 0 0 -1
outer loop
vertex 30.032604217529297 50.307857513427734 0
vertex 46.83847427368164 55.84476852416992 0
vertex 39.02743911743164 46.14211654663086 0
endloop
endfacet
facet normal 0 0 -1
outer loop
vertex 73.38043975830078 46.46349334716797 0
vertex 69.79002380371094 43.582275390625 0
vertex 69.44002532958984 44.18849182128906 0
endloop
endfacet
facet normal 0 0 -1
outer loop
vertex 61.99153518676758 31.19341278076172 0
vertex 69.79002380371094 43.582275390625 0
vertex 73.38043975830078 46.46349334716797 0
endloop
endfacet
facet normal 0 0 -1
outer loop
vertex 61.99153518676758 31.19341278076172 0
vertex 65.45989990234375 41.082275390625 0
vertex 69.79002380371094 43.582275390625 0
endloop
endfacet
facet normal 0 0 -1
outer loop
vertex 61.99153518676758 31.19341278076172 0
vertex 65.10990142822266 41.68849182128906 0
vertex 65.45989990234375 41.082275390625 0
endloop
endfacet
facet normal 0 0 -1
outer loop
vertex 65.10990142822266 41.68849182128906 0
vertex 61.249568939208984 30.27521324157715 0
vertex 61.16948318481445 39.41349411010742 0
endloop
endfacet
facet normal -0.3271659289084182 0.9449669068075833 0
outer loop
vertex 9.932624816894531 46.2326774597168 0
vertex 9.853239059448242 46.20519256591797 0
vertex 9.853239059448242 46.20519256591797 5
endloop
endfacet
facet normal 0 0 -1
outer loop
vertex 61.99153518676758 31.19341278076172 0
vertex 61.89007568359375 31.104299545288086 0
vertex 65.10990142822266 41.68849182128906 0
endloop
endfacet
facet normal -0.5147974148447511 0.8573118578843765 0
outer loop
vertex 11.754730224609375 47.326812744140625 0
vertex 9.932624816894531 46.2326774597168 0
vertex 11.754730224609375 47.326812744140625 5
endloop
endfacet
facet normal -0.3699239559434024 0.9290620360445172 0
outer loop
vertex 13.282087326049805 47.934959411621094 0
vertex 11.754730224609375 47.326812744140625 0
vertex 13.282087326049805 47.934959411621094 5
endloop
endfacet
facet normal 0 0 -1
outer loop
vertex 61.89007568359375 31.104299545288086 0
vertex 61.249568939208984 30.27521324157715 0
vertex 65.10990142822266 41.68849182128906 0
endloop
endfacet
facet normal -0.11114545514168078 0.9938041496197069 0
outer loop
vertex 28.551362991333008 49.64265060424805 0
vertex 13.282087326049805 47.934959411621094 0
vertex 28.551362991333008 49.64265060424805 5
endloop
endfacet
facet normal 0 0 -1
outer loop
vertex -45.812278747558594 -19.431028366088867 0
vertex -45.812278747558594 -18.731027603149414 0
vertex -41.26227951049805 -14.531027793884277 0
endloop
endfacet
facet normal 0 0 -1
outer loop
vertex -50.812278747558594 -18.731027603149414 0
vertex -45.812278747558594 -15.231027603149414 0
vertex -45.812278747558594 -18.731027603149414 0
endloop
endfacet
facet normal 0 0 -1
outer loop
vertex -50.812278747558594 -15.231027603149414 0
vertex -45.812278747558594 -15.231027603149414 0
vertex -50.812278747558594 -18.731027603149414 0
endloop
endfacet
facet normal -0.268963723294606 0.9631503078707409 0
outer loop
vertex 28.660099029541016 49.67301559448242 0
vertex 28.551362991333008 49.64265060424805 0
vertex 28.660099029541016 49.67301559448242 5
endloop
endfacet
facet normal -0.4198092487080635 0.9076123592697332 0
outer loop
vertex 30.032604217529297 50.307857513427734 0
vertex 28.660099029541016 49.67301559448242 0
vertex 30.032604217529297 50.307857513427734 5
endloop
endfacet
facet normal 0 0 -1
outer loop
vertex 39.637718200683594 4.318972110748291 0
vertex 44.187721252441406 5.018972396850586 0
vertex 44.187721252441406 4.318972110748291 0
endloop
endfacet
facet normal 0 0 -1
outer loop
vertex 44.187721252441406 5.018972396850586 0
vertex 39.637718200683594 4.318972110748291 0
vertex 44.187721252441406 8.518972396850586 0
endloop
endfacet
facet normal 0 0 -1
outer loop
vertex 49.187721252441406 4.318972110748291 0
vertex 49.187721252441406 5.018972396850586 0
vertex 53.73772048950195 4.318972110748291 0
endloop
endfacet
facet normal 0 0 -1
outer loop
vertex 39.637718200683594 9.218972206115723 0
vertex 44.187721252441406 9.218972206115723 0
vertex 39.637718200683594 4.318972110748291 0
endloop
endfacet
facet normal 0 0 -1
outer loop
vertex 44.187721252441406 8.518972396850586 0
vertex 39.637718200683594 4.318972110748291 0
vertex 44.187721252441406 9.218972206115723 0
endloop
endfacet
facet normal 0 0 -1
outer loop
vertex 44.187721252441406 8.518972396850586 0
vertex 49.187721252441406 8.518972396850586 0
vertex 44.187721252441406 5.018972396850586 0
endloop
endfacet
facet normal 0 0 -1
outer loop
vertex 44.187721252441406 5.018972396850586 0
vertex 53.73772048950195 9.218972206115723 0
vertex 49.187721252441406 5.018972396850586 0
endloop
endfacet
facet normal 0 0 -1
outer loop
vertex 53.73772048950195 9.218972206115723 0
vertex 44.187721252441406 5.018972396850586 0
vertex 49.187721252441406 8.518972396850586 0
endloop
endfacet
facet normal 0 0 -1
outer loop
vertex 53.73772048950195 9.218972206115723 0
vertex 49.187721252441406 8.518972396850586 0
vertex 49.187721252441406 9.218972206115723 0
endloop
endfacet
facet normal 0 0 -1
outer loop
vertex -74.3622817993164 -19.431028366088867 0
vertex -81.79776763916016 -23.9014949798584 0
vertex -69.8122787475586 -14.531027793884277 0
endloop
endfacet
facet normal 0 0 -1
outer loop
vertex -69.8122787475586 -14.531027793884277 0
vertex -80.5074462890625 -21.474761962890625 0
vertex -74.3622817993164 -14.531027793884277 0
endloop
endfacet
facet normal 0 0 -1
outer loop
vertex 57.709896087646484 54.50566864013672 0
vertex 48.223419189453125 56.82148742675781 0
vertex 64.9774169921875 66.48224639892578 0
endloop
endfacet
facet normal 0 0 -1
outer loop
vertex 54.119483947753906 51.62445068359375 0
vertex 57.709896087646484 54.50566864013672 0
vertex 58.059898376464844 53.899452209472656 0
endloop
endfacet
facet normal 0 0 -1
outer loop
vertex 59.886688232421875 1.074877381324768 0
vertex 53.73772048950195 4.318972110748291 0
vertex 61.18693542480469 6.759095191955566 0
endloop
endfacet
facet normal 0 0 -1
outer loop
vertex 61.18693542480469 6.759095191955566 0
vertex 53.73772048950195 4.318972110748291 0
vertex 59.88693618774414 6.759151458740234 0
endloop
endfacet
facet normal 0 0 -1
outer loop
vertex 61.18669128417969 1.074820876121521 0
vertex 59.886688232421875 1.074877381324768 0
vertex 61.18693542480469 6.759095191955566 0
endloop
endfacet
facet normal 0 0 -1
outer loop
vertex 53.73772048950195 4.318972110748291 0
vertex 49.187721252441406 5.018972396850586 0
vertex 53.73772048950195 9.218972206115723 0
endloop
endfacet
facet normal 0 0 -1
outer loop
vertex 59.88693618774414 6.759151458740234 0
vertex 53.73772048950195 4.318972110748291 0
vertex 53.73772048950195 9.218972206115723 0
endloop
endfacet
facet normal 0 0 -1
outer loop
vertex 59.88693618774414 6.759151458740234 0
vertex 53.73772048950195 9.218972206115723 0
vertex 53.73772048950195 23.318971633911133 0
endloop
endfacet
facet normal 0 0 -1
outer loop
vertex 54.119483947753906 51.62445068359375 0
vertex 48.223419189453125 56.82148742675781 0
vertex 57.709896087646484 54.50566864013672 0
endloop
endfacet
facet normal 0 0 -1
outer loop
vertex 54.119483947753906 51.62445068359375 0
vertex 48.32633972167969 48.427490234375 0
vertex 48.223419189453125 56.82148742675781 0
endloop
endfacet
facet normal 0 0 -1
outer loop
vertex 48.223419189453125 56.82148742675781 0
vertex 43.99903106689453 47.021461486816406 0
vertex 46.9339714050293 55.893402099609375 0
endloop
endfacet
facet normal 0 0 -1
outer loop
vertex 46.9339714050293 55.893402099609375 0
vertex 43.78272247314453 47.68720245361328 0
vertex 46.83847427368164 55.84476852416992 0
endloop
endfacet
facet normal 0 0 -1
outer loop
vertex 48.32633972167969 48.427490234375 0
vertex 43.99903106689453 47.021461486816406 0
vertex 48.223419189453125 56.82148742675781 0
endloop
endfacet
facet normal 0 0 -1
outer loop
vertex -55.362281799316406 -14.531027793884277 0
vertex -60.26227951049805 -0.4310277998447418 0
vertex -55.362281799316406 -0.4310277998447418 0
endloop
endfacet
facet normal 0 0 -1
outer loop
vertex -55.362281799316406 -14.531027793884277 0
vertex -60.26227951049805 -14.531027793884277 0
vertex -60.26227951049805 -0.4310277998447418 0
endloop
endfacet
facet normal 0 0 -1
outer loop
vertex -50.812278747558594 -15.231027603149414 0
vertex -55.362281799316406 -19.431028366088867 0
vertex -50.812278747558594 -14.531027793884277 0
endloop
endfacet
facet normal 0 0 -1
outer loop
vertex -50.812278747558594 -18.731027603149414 0
vertex -55.362281799316406 -19.431028366088867 0
vertex -50.812278747558594 -15.231027603149414 0
endloop
endfacet
facet normal 0 0 -1
outer loop
vertex -55.362281799316406 -19.431028366088867 0
vertex -50.812278747558594 -18.731027603149414 0
vertex -50.812278747558594 -19.431028366088867 0
endloop
endfacet
facet normal 0 0 -1
outer loop
vertex -50.812278747558594 -14.531027793884277 0
vertex -60.26227951049805 -19.431028366088867 0
vertex -55.362281799316406 -14.531027793884277 0
endloop
endfacet
facet normal 0 0 -1
outer loop
vertex -55.362281799316406 -19.431028366088867 0
vertex -60.26227951049805 -19.431028366088867 0
vertex -50.812278747558594 -14.531027793884277 0
endloop
endfacet
facet normal 0 0 -1
outer loop
vertex -60.26227951049805 -19.431028366088867 0
vertex -60.26227951049805 -14.531027793884277 0
vertex -55.362281799316406 -14.531027793884277 0
endloop
endfacet
facet normal 0 0 -1
outer loop
vertex -60.26227951049805 -19.431028366088867 0
vertex -64.8122787475586 -19.431028366088867 0
vertex -60.26227951049805 -14.531027793884277 0
endloop
endfacet
facet normal 0 0 -1
outer loop
vertex -41.26227951049805 -33.531028747558594 0
vertex -45.812278747558594 -34.23102951049805 0
vertex -45.812278747558594 -33.531028747558594 0
endloop
endfacet
facet normal 0 0 -1
outer loop
vertex 39.637718200683594 23.318971633911133 0
vertex 44.187721252441406 24.018972396850586 0
vertex 44.187721252441406 23.318971633911133 0
endloop
endfacet
facet normal 0 0 -1
outer loop
vertex 44.187721252441406 24.018972396850586 0
vertex 39.637718200683594 23.318971633911133 0
vertex 39.273582458496094 30.66045379638672 0
endloop
endfacet
facet normal 0 0 -1
outer loop
vertex 44.187721252441406 24.018972396850586 0
vertex 39.273582458496094 30.66045379638672 0
vertex 43.817203521728516 31.400741577148438 0
endloop
endfacet
facet normal 0 0 -1
outer loop
vertex 43.817203521728516 31.400741577148438 0
vertex 39.273582458496094 30.66045379638672 0
vertex 43.60089111328125 32.06648254394531 0
endloop
endfacet
facet normal 0 0 -1
outer loop
vertex 43.817203521728516 31.400741577148438 0
vertex 48.57248306274414 32.94582748413086 0
vertex 44.187721252441406 24.018972396850586 0
endloop
endfacet
facet normal 0 0 -1
outer loop
vertex 44.187721252441406 24.018972396850586 0
vertex 52.68347930908203 35.01759338378906 0
vertex 49.187721252441406 24.018972396850586 0
endloop
endfacet
facet normal 0 0 -1
outer loop
vertex 52.68347930908203 35.01759338378906 0
vertex 44.187721252441406 24.018972396850586 0
vertex 48.57248306274414 32.94582748413086 0
endloop
endfacet
facet normal 0 0 -1
outer loop
vertex 59.88693618774414 6.759151458740234 0
vertex 53.73772048950195 23.318971633911133 0
vertex 59.887760162353516 25.759151458740234 0
endloop
endfacet
facet normal 0 0 -1
outer loop
vertex 43.78272247314453 47.68720245361328 0
vertex 46.9339714050293 55.893402099609375 0
vertex 43.99903106689453 47.021461486816406 0
endloop
endfacet
facet normal 0 0 -1
outer loop
vertex 43.78272247314453 47.68720245361328 0
vertex 39.02743911743164 46.14211654663086 0
vertex 46.83847427368164 55.84476852416992 0
endloop
endfacet
facet normal 0 0 -1
outer loop
vertex 49.187721252441406 23.318971633911133 0
vertex 61.249568939208984 30.27521324157715 0
vertex 53.73772048950195 23.318971633911133 0
endloop
endfacet
facet normal 0 0 -1
outer loop
vertex 49.187721252441406 23.318971633911133 0
vertex 49.187721252441406 24.018972396850586 0
vertex 61.16948318481445 39.41349411010742 0
endloop
endfacet
facet normal 0 0 -1
outer loop
vertex 59.887760162353516 25.759151458740234 0
vertex 53.73772048950195 23.318971633911133 0
vertex 60.78977584838867 28.012025833129883 0
endloop
endfacet
facet normal 0 0 -1
outer loop
vertex 60.78977584838867 28.012025833129883 0
vertex 53.73772048950195 23.318971633911133 0
vertex 60.78494644165039 28.084903717041016 0
endloop
endfacet
facet normal 0 0 -1
outer loop
vertex 60.78494644165039 28.084903717041016 0
vertex 53.73772048950195 23.318971633911133 0
vertex 60.82365036010742 29.100845336914062 0
endloop
endfacet
facet normal 0 0 -1
outer loop
vertex 60.82365036010742 29.100845336914062 0
vertex 53.73772048950195 23.318971633911133 0
vertex 60.8444938659668 29.20749282836914 0
endloop
endfacet
facet normal 0 0 -1
outer loop
vertex 60.8444938659668 29.20749282836914 0
vertex 53.73772048950195 23.318971633911133 0
vertex 61.197200775146484 30.18000030517578 0
endloop
endfacet
facet normal 0 0 -1
outer loop
vertex 60.78977584838867 28.012025833129883 0
vertex 61.177467346191406 25.759096145629883 0
vertex 59.887760162353516 25.759151458740234 0
endloop
endfacet
facet normal 0 0 -1
outer loop
vertex -74.3622817993164 -14.531027793884277 0
vertex -80.50530242919922 -2.4747612476348877 0
vertex -74.3622817993164 -0.4310277998447418 0
endloop
endfacet
facet normal 0.9855146056799996 0.16959057164652425 0
outer loop
vertex 61.177467346191406 25.759096145629883 0
vertex 60.78977584838867 28.012025833129883 0
vertex 61.177467346191406 25.759096145629883 0.20000000298023224
endloop
endfacet
facet normal 0 0 -1
outer loop
vertex 61.16948318481445 39.41349411010742 0
vertex 48.32633972167969 48.427490234375 0
vertex 54.119483947753906 51.62445068359375 0
endloop
endfacet
facet normal 0 0 -1
outer loop
vertex 61.16948318481445 39.41349411010742 0
vertex 52.68347930908203 35.01759338378906 0
vertex 48.32633972167969 48.427490234375 0
endloop
endfacet
facet normal 0 0 -1
outer loop
vertex 61.16948318481445 39.41349411010742 0
vertex 49.187721252441406 24.018972396850586 0
vertex 52.68347930908203 35.01759338378906 0
endloop
endfacet
facet normal 0 0 -1
outer loop
vertex 52.68347930908203 35.01759338378906 0
vertex 48.57248306274414 32.94582748413086 0
vertex 48.356170654296875 33.61156463623047 0
endloop
endfacet
facet normal 0 0 -1
outer loop
vertex 61.249568939208984 30.27521324157715 0
vertex 49.187721252441406 23.318971633911133 0
vertex 61.16948318481445 39.41349411010742 0
endloop
endfacet
facet normal 0 0 -1
outer loop
vertex 61.197200775146484 30.18000030517578 0
vertex 53.73772048950195 23.318971633911133 0
vertex 61.249568939208984 30.27521324157715 0
endloop
endfacet
facet normal 0 0 -1
outer loop
vertex -41.26227951049805 -33.531028747558594 0
vertex -45.812278747558594 -37.73102951049805 0
vertex -45.812278747558594 -34.23102951049805 0
endloop
endfacet
facet normal 0 0 -1
outer loop
vertex -45.812278747558594 -38.431026458740234 0
vertex -45.812278747558594 -37.73102951049805 0
vertex -41.26227951049805 -33.531028747558594 0
endloop
endfacet
facet normal 0 0 -1
outer loop
vertex -45.812278747558594 -37.73102951049805 0
vertex -50.812278747558594 -34.23102951049805 0
vertex -45.812278747558594 -34.23102951049805 0
endloop
endfacet
facet normal 0 0 -1
outer loop
vertex -45.812278747558594 -37.73102951049805 0
vertex -50.812278747558594 -37.73102951049805 0
vertex -50.812278747558594 -34.23102951049805 0
endloop
endfacet
facet normal 0 0 -1
outer loop
vertex -55.362281799316406 -33.531028747558594 0
vertex -60.26227951049805 -19.431028366088867 0
vertex -55.362281799316406 -19.431028366088867 0
endloop
endfacet
facet normal 0 0 -1
outer loop
vertex -50.812278747558594 -34.23102951049805 0
vertex -55.362281799316406 -33.531028747558594 0
vertex -50.812278747558594 -33.531028747558594 0
endloop
endfacet
facet normal 0 0 -1
outer loop
vertex -50.812278747558594 -37.73102951049805 0
vertex -55.362281799316406 -33.531028747558594 0
vertex -50.812278747558594 -34.23102951049805 0
endloop
endfacet
facet normal 0 0 -1
outer loop
vertex -50.812278747558594 -37.73102951049805 0
vertex -55.362281799316406 -38.431026458740234 0
vertex -55.362281799316406 -33.531028747558594 0
endloop
endfacet
facet normal 0.6599134079221388 -0.7513416626572686 0
outer loop
vertex 61.89007568359375 31.104299545288086 0
vertex 61.99153518676758 31.19341278076172 0
vertex 61.89007568359375 31.104299545288086 5
endloop
endfacet
facet normal 0.9999999990776408 -0.00004295018347280311 0
outer loop
vertex 61.18669128417969 1.074820876121521 0.20000000298023224
vertex 61.18669128417969 1.074820876121521 0
vertex 61.18693542480469 6.759095191955566 0
endloop
endfacet
facet normal 0.9999999990776408 -0.00004295018347280311 0
outer loop
vertex 61.18669128417969 1.074820876121521 0.20000000298023224
vertex 61.18693542480469 6.759095191955566 0
vertex 61.18693542480469 6.759095191955566 0.20000000298023224
endloop
endfacet
facet normal 0.7913546621450335 -0.6113573412508596 0
outer loop
vertex 61.249568939208984 30.27521324157715 0
vertex 61.89007568359375 31.104299545288086 0
vertex 61.249568939208984 30.27521324157715 5
endloop
endfacet
facet normal 0.8762118321130368 -0.48192616163175417 0
outer loop
vertex 61.197200775146484 30.18000030517578 0
vertex 61.249568939208984 30.27521324157715 0
vertex 61.197200775146484 30.18000030517578 5
endloop
endfacet
facet normal 0 0 -1
outer loop
vertex -55.362281799316406 -33.531028747558594 0
vertex -60.26227951049805 -33.531028747558594 0
vertex -60.26227951049805 -19.431028366088867 0
endloop
endfacet
facet normal 0 0 -1
outer loop
vertex -55.362281799316406 -38.431026458740234 0
vertex -60.26227951049805 -38.431026458740234 0
vertex -55.362281799316406 -33.531028747558594 0
endloop
endfacet
facet normal 0 0 -1
outer loop
vertex -55.362281799316406 -33.531028747558594 0
vertex -64.8122787475586 -38.431026458740234 0
vertex -60.26227951049805 -33.531028747558594 0
endloop
endfacet
facet normal 0 0 -1
outer loop
vertex -60.26227951049805 -38.431026458740234 0
vertex -64.8122787475586 -38.431026458740234 0
vertex -55.362281799316406 -33.531028747558594 0
endloop
endfacet
facet normal 0 0 -1
outer loop
vertex -60.26227951049805 -14.531027793884277 0
vertex -64.8122787475586 -15.231027603149414 0
vertex -64.8122787475586 -14.531027793884277 0
endloop
endfacet
facet normal 0 0 -1
outer loop
vertex -64.8122787475586 -18.731027603149414 0
vertex -60.26227951049805 -14.531027793884277 0
vertex -64.8122787475586 -19.431028366088867 0
endloop
endfacet
facet normal 0 0 -1
outer loop
vertex -60.26227951049805 -14.531027793884277 0
vertex -69.8122787475586 -18.731027603149414 0
vertex -64.8122787475586 -15.231027603149414 0
endloop
endfacet
facet normal 0 0 -1
outer loop
vertex -69.8122787475586 -18.731027603149414 0
vertex -60.26227951049805 -14.531027793884277 0
vertex -64.8122787475586 -18.731027603149414 0
endloop
endfacet
facet normal 0.9855146056799996 0.16959057164652425 0
outer loop
vertex 61.177467346191406 25.759096145629883 0.20000000298023224
vertex 60.78977584838867 28.012025833129883 0
vertex 61.177467346191406 25.759096145629883 4.5
endloop
endfacet
facet normal 0.9978115401315317 0.06612208693273937 0
outer loop
vertex 60.78977584838867 28.012025833129883 0
vertex 60.78494644165039 28.084903717041016 0
vertex 60.78977584838867 28.012025833129883 5
endloop
endfacet
facet normal 0.999275113601839 -0.03806898128439624 0
outer loop
vertex 60.78494644165039 28.084903717041016 0
vertex 60.82365036010742 29.100845336914062 0
vertex 60.78494644165039 28.084903717041016 5
endloop
endfacet
facet normal 0.9814313191838164 -0.1918138830353891 0
outer loop
vertex 60.82365036010742 29.100845336914062 0
vertex 60.8444938659668 29.20749282836914 0
vertex 60.82365036010742 29.100845336914062 5
endloop
endfacet
facet normal 0.9400824886747597 -0.3409470845850868 0
outer loop
vertex 60.8444938659668 29.20749282836914 0
vertex 61.197200775146484 30.18000030517578 0
vertex 60.8444938659668 29.20749282836914 5
endloop
endfacet
facet normal 0 0 -1
outer loop
vertex -69.8122787475586 -15.231027603149414 0
vertex -64.8122787475586 -15.231027603149414 0
vertex -69.8122787475586 -18.731027603149414 0
endloop
endfacet
facet normal 0 0 -1
outer loop
vertex -69.8122787475586 -15.231027603149414 0
vertex -74.3622817993164 -19.431028366088867 0
vertex -69.8122787475586 -14.531027793884277 0
endloop
endfacet
facet normal 0 0 -1
outer loop
vertex -69.8122787475586 -18.731027603149414 0
vertex -74.3622817993164 -19.431028366088867 0
vertex -69.8122787475586 -15.231027603149414 0
endloop
endfacet
facet normal 0 0 -1
outer loop
vertex -74.3622817993164 -19.431028366088867 0
vertex -69.8122787475586 -18.731027603149414 0
vertex -69.8122787475586 -19.431028366088867 0
endloop
endfacet
facet normal 0.00004342619382175644 0.9999999990570828 0
outer loop
vertex 61.88666915893555 0.5747905373573303 0.20000000298023224
vertex 61.186668395996094 0.5748209357261658 0.20000000298023224
vertex 61.88666915893555 0.5747905373573303 4.5
endloop
endfacet
facet normal 0.9999999988631317 -0.00004768371584505159 0
outer loop
vertex 61.88666915893555 0.5747905373573303 0.20000000298023224
vertex 61.88666915893555 0.5747905373573303 4.5
vertex 61.886634826660156 -0.14520946145057678 0.20000000298023224
endloop
endfacet
facet normal 0.9999999989522619 -0.000045776372596507206 0
outer loop
vertex 61.186668395996094 0.5748209357261658 0.20000000298023224
vertex 61.18669128417969 1.074820876121521 0.20000000298023224
vertex 61.18669128417969 1.074820876121521 4.5
endloop
endfacet
facet normal 0.9999999990776409 -0.00004295018347280312 0
outer loop
vertex 61.18669128417969 1.074820876121521 4.5
vertex 61.18669128417969 1.074820876121521 0.20000000298023224
vertex 61.18693542480469 6.759095191955566 0.20000000298023224
endloop
endfacet
facet normal 0.9999999989452831 -0.0000457763671392189 -0.000003736000760531381
outer loop
vertex 61.18669128417969 1.074820876121521 4.5
vertex 61.18693542480469 6.759095191955566 0.20000000298023224
vertex 61.18695831298828 7.259095191955566 0.20000000298023224
endloop
endfacet
facet normal -0.0000435964926207344 -0.9999999990496728 0
outer loop
vertex 61.886959075927734 7.259064674377441 0.20000000298023224
vertex 61.18695831298828 7.259095191955566 4.5
vertex 61.18695831298828 7.259095191955566 0.20000000298023224
endloop
endfacet
facet normal 0.999999999063916 -0.00004326855757618978 0
outer loop
vertex 61.886959075927734 7.259064674377441 0.20000000298023224
vertex 61.8877067565918 24.539064407348633 0.20000000298023224
vertex 61.886959075927734 7.259064674377441 4.5
endloop
endfacet
facet normal 0.999999999061272 -0.000043329621388422845 0
outer loop
vertex 61.18775939941406 25.699289321899414 0.20000000298023224
vertex 61.187740325927734 25.25909423828125 4.5
vertex 61.187740325927734 25.25909423828125 0.20000000298023224
endloop
endfacet
facet normal 0.00004087171183664196 0.9999999991647516 0
outer loop
vertex 61.88774108886719 25.259065628051758 0.20000000298023224
vertex 61.187740325927734 25.25909423828125 0.20000000298023224
vertex 61.88774108886719 25.259065628051758 4.5
endloop
endfacet
facet normal 0.9999999988631355 -0.00004768363492226624 0
outer loop
vertex 61.88774108886719 25.259065628051758 0.20000000298023224
vertex 61.88774108886719 25.259065628051758 4.5
vertex 61.8877067565918 24.539064407348633 0.20000000298023224
endloop
endfacet
facet normal 0 0 -1
outer loop
vertex -19.53047752380371 -50.05422592163086 0
vertex -19.53047752380371 -50.687828063964844 0
vertex -19.62802505493164 -49.908233642578125 0
endloop
endfacet
facet normal 0 0 1
outer loop
vertex 61.88426971435547 -54.62709045410156 4.5
vertex 61.18374252319336 -66.7937240600586 4.5
vertex 61.88374328613281 -66.79375457763672 4.5
endloop
endfacet
facet normal 0 0 1
outer loop
vertex 61.884525299072266 -48.793758392333984 4.5
vertex 61.18452453613281 -48.79372787475586 4.5
vertex 61.88426971435547 -54.62709045410156 4.5
endloop
endfacet
facet normal 0 0 1
outer loop
vertex 61.17662811279297 -67.2937240600586 4.5
vertex 61.18372344970703 -67.24402618408203 4.5
vertex 59.88372039794922 -67.29367065429688 4.5
endloop
endfacet
facet normal 0 0 1
outer loop
vertex 59.88372039794922 -67.29367065429688 4.5
vertex 61.18372344970703 -67.24402618408203 4.5
vertex 61.18374252319336 -66.7937240600586 4.5
endloop
endfacet
facet normal 0.000041306708174173546 0.9999999991468779 0
outer loop
vertex 61.17662811279297 -67.2937240600586 4.5
vertex 59.88372039794922 -67.29367065429688 4.5
vertex 59.88372039794922 -67.29367065429688 5
endloop
endfacet
facet normal 0.000041306708174173546 0.9999999991468779 0
outer loop
vertex 61.17662811279297 -67.2937240600586 4.5
vertex 59.88372039794922 -67.29367065429688 5
vertex 61.17662811279297 -67.2937240600586 5
endloop
endfacet
facet normal 0 0 1
outer loop
vertex 59.88372039794922 -67.29367065429688 4.5
vertex 61.18374252319336 -66.7937240600586 4.5
vertex 61.88426971435547 -54.62709045410156 4.5
endloop
endfacet
facet normal 0 0 1
outer loop
vertex 59.88372039794922 -67.29367065429688 4.5
vertex 61.88426971435547 -54.62709045410156 4.5
vertex 59.884544372558594 -48.293670654296875 4.5
endloop
endfacet
facet normal 0.9999999990596479 -0.00004336708466316704 0
outer loop
vertex 59.884544372558594 -48.293670654296875 5
vertex 59.88372039794922 -67.29367065429688 5
vertex 59.88372039794922 -67.29367065429688 4.5
endloop
endfacet
facet normal -0.00004401563431068489 -0.999999999031312 0
outer loop
vertex 59.884544372558594 -48.293670654296875 5
vertex 59.884544372558594 -48.293670654296875 4.5
vertex 61.184547424316406 -48.29372787475586 5
endloop
endfacet
facet normal -0.00004401563431068489 -0.999999999031312 0
outer loop
vertex 59.884544372558594 -48.293670654296875 4.5
vertex 61.184547424316406 -48.29372787475586 4.5
vertex 61.184547424316406 -48.29372787475586 5
endloop
endfacet
facet normal 0 0 1
outer loop
vertex 61.18452453613281 -48.79372787475586 4.5
vertex 61.184547424316406 -48.29372787475586 4.5
vertex 59.884544372558594 -48.293670654296875 4.5
endloop
endfacet
facet normal 0.9999999990596479 -0.00004336708466316704 0
outer loop
vertex 59.884544372558594 -48.293670654296875 5
vertex 59.88372039794922 -67.29367065429688 4.5
vertex 59.884544372558594 -48.293670654296875 4.5
endloop
endfacet
facet normal 0 0 1
outer loop
vertex 59.884544372558594 -48.293670654296875 4.5
vertex 61.88426971435547 -54.62709045410156 4.5
vertex 61.18452453613281 -48.79372787475586 4.5
endloop
endfacet
facet normal 0 0 1
outer loop
vertex 81.05174255371094 48.05262756347656 4.5
vertex 80.8016128540039 48.48556137084961 4.5
vertex 79.92579650878906 47.40346908569336 4.5
endloop
endfacet
facet normal 0 0 1
outer loop
vertex 79.92579650878906 47.40346908569336 4.5
vertex 75.3317642211914 59.37590789794922 4.5
vertex 70.4357681274414 63.863704681396484 4.5
endloop
endfacet
facet normal 0.4994764013250153 -0.8663274926489476 0
outer loop
vertex 70.4357681274414 63.863704681396484 4.5
vertex 71.54666900634766 64.50418853759766 5
vertex 70.4357681274414 63.863704681396484 5
endloop
endfacet
facet normal 0.4994764013250153 -0.8663274926489476 0
outer loop
vertex 70.4357681274414 63.863704681396484 4.5
vertex 71.54666900634766 64.50418853759766 4.5
vertex 71.54666900634766 64.50418853759766 5
endloop
endfacet
facet normal 0 0 1
outer loop
vertex 71.79680633544922 64.07125091552734 4.5
vertex 71.54666900634766 64.50418853759766 4.5
vertex 70.4357681274414 63.863704681396484 4.5
endloop
endfacet
facet normal -0.4994766398148513 0.8663273551488868 0
outer loop
vertex 81.05174255371094 48.05262756347656 5
vertex 79.92579650878906 47.40346908569336 4.5
vertex 79.92579650878906 47.40346908569336 5
endloop
endfacet
facet normal -0.4994766398148513 0.8663273551488868 0
outer loop
vertex 81.05174255371094 48.05262756347656 4.5
vertex 79.92579650878906 47.40346908569336 4.5
vertex 81.05174255371094 48.05262756347656 5
endloop
endfacet
facet normal 0 0 1
outer loop
vertex 75.3317642211914 59.37590789794922 4.5
vertex 79.92579650878906 47.40346908569336 4.5
vertex 80.8016128540039 48.48556137084961 4.5
endloop
endfacet
facet normal 0.866328195793187 0.49947518173951505 0
outer loop
vertex 70.4357681274414 63.863704681396484 5
vertex 79.92579650878906 47.40346908569336 5
vertex 70.4357681274414 63.863704681396484 4.5
endloop
endfacet
facet normal 0 0 1
outer loop
vertex 72.41815948486328 64.42948913574219 4.5
vertex 71.79680633544922 64.07125091552734 4.5
vertex 75.3317642211914 59.37590789794922 4.5
endloop
endfacet
facet normal 0 0 1
outer loop
vertex 71.79680633544922 64.07125091552734 4.5
vertex 70.4357681274414 63.863704681396484 4.5
vertex 75.3317642211914 59.37590789794922 4.5
endloop
endfacet
facet normal 0.866328195793187 0.49947518173951505 0
outer loop
vertex 79.92579650878906 47.40346908569336 5
vertex 79.92579650878906 47.40346908569336 4.5
vertex 70.4357681274414 63.863704681396484 4.5
endloop
endfacet
facet normal 0 0 1
outer loop
vertex 75.3317642211914 59.37590789794922 4.5
vertex 80.8016128540039 48.48556137084961 4.5
vertex 81.4087142944336 48.8355827331543 4.5
endloop
endfacet
facet normal 0 0 1
outer loop
vertex -82.50052642822266 39.87922286987305 4.5
vertex -82.50189971923828 27.712556838989258 4.5
vertex -81.80044555664062 39.87914276123047 4.5
endloop
endfacet
facet normal -0.999999993634162 0.00011283472892809398 0
outer loop
vertex -80.50260925292969 21.378997802734375 5
vertex -80.5004653930664 40.378997802734375 4.5
vertex -80.50260925292969 21.378997802734375 4.5
endloop
endfacet
facet normal 0 0 1
outer loop
vertex -81.80044555664062 39.87914276123047 4.5
vertex -82.50189971923828 27.712556838989258 4.5
vertex -80.5004653930664 40.378997802734375 4.5
endloop
endfacet
facet normal 0 0 1
outer loop
vertex -81.80046081542969 40.30144119262695 4.5
vertex -81.80044555664062 39.87914276123047 4.5
vertex -80.5004653930664 40.378997802734375 4.5
endloop
endfacet
facet normal 0 0 1
outer loop
vertex -81.78297424316406 40.37914276123047 4.5
vertex -81.80046081542969 40.30144119262695 4.5
vertex -80.5004653930664 40.378997802734375 4.5
endloop
endfacet
facet normal -0.0001130272864446726 -0.9999999936124162 0
outer loop
vertex -81.78297424316406 40.37914276123047 4.5
vertex -80.5004653930664 40.378997802734375 4.5
vertex -80.5004653930664 40.378997802734375 5
endloop
endfacet
facet normal -0.999999993634162 0.00011283472892809398 0
outer loop
vertex -80.5004653930664 40.378997802734375 4.5
vertex -80.50260925292969 21.378997802734375 5
vertex -80.5004653930664 40.378997802734375 5
endloop
endfacet
facet normal -0.0001130272864446726 -0.9999999936124162 0
outer loop
vertex -81.78297424316406 40.37914276123047 5
vertex -81.78297424316406 40.37914276123047 4.5
vertex -80.5004653930664 40.378997802734375 5
endloop
endfacet
facet normal 0 0 1
outer loop
vertex -82.50189971923828 27.712556838989258 4.5
vertex -81.79969024658203 21.87914276123047 4.5
vertex -80.50260925292969 21.378997802734375 4.5
endloop
endfacet
facet normal 0 0 1
outer loop
vertex -82.50189971923828 27.712556838989258 4.5
vertex -82.50255584716797 21.879222869873047 4.5
vertex -81.79969024658203 21.87914276123047 4.5
endloop
endfacet
facet normal 0.00011175944591632951 0.999999993754913 0
outer loop
vertex -80.50260925292969 21.378997802734375 4.5
vertex -81.79966735839844 21.37914276123047 5
vertex -80.50260925292969 21.378997802734375 5
endloop
endfacet
facet normal 0.00011175944591632951 0.999999993754913 0
outer loop
vertex -80.50260925292969 21.378997802734375 4.5
vertex -81.79966735839844 21.37914276123047 4.5
vertex -81.79966735839844 21.37914276123047 5
endloop
endfacet
facet normal 0 0 1
outer loop
vertex -81.79969024658203 21.87914276123047 4.5
vertex -81.79966735839844 21.37914276123047 4.5
vertex -80.50260925292969 21.378997802734375 4.5
endloop
endfacet
facet normal 0 0 1
outer loop
vertex -82.50189971923828 27.712556838989258 4.5
vertex -80.50260925292969 21.378997802734375 4.5
vertex -80.5004653930664 40.378997802734375 4.5
endloop
endfacet
facet normal 0.00011291443984856466 0.9999999936251646 0
outer loop
vertex -81.79607391357422 -64.32837677001953 5
vertex -80.51228332519531 -64.32852172851562 5
vertex -80.51228332519531 -64.32852172851562 4.5
endloop
endfacet
facet normal 0 0 1
outer loop
vertex -82.51156616210938 -57.99496078491211 4.5
vertex -80.51228332519531 -64.32852172851562 4.5
vertex -80.51013946533203 -45.32851791381836 4.5
endloop
endfacet
facet normal 0 0 1
outer loop
vertex -82.51156616210938 -57.99496078491211 4.5
vertex -81.79609680175781 -63.828372955322266 4.5
vertex -80.51228332519531 -64.32852172851562 4.5
endloop
endfacet
facet normal 0 0 1
outer loop
vertex -82.51156616210938 -57.99496078491211 4.5
vertex -82.51222229003906 -63.82829284667969 4.5
vertex -81.79609680175781 -63.828372955322266 4.5
endloop
endfacet
facet normal 0 0 1
outer loop
vertex -81.79609680175781 -63.828372955322266 4.5
vertex -81.79607391357422 -64.32837677001953 4.5
vertex -80.51228332519531 -64.32852172851562 4.5
endloop
endfacet
facet normal 0.00011291443984856466 0.9999999936251646 0
outer loop
vertex -80.51228332519531 -64.32852172851562 4.5
vertex -81.79607391357422 -64.32837677001953 4.5
vertex -81.79607391357422 -64.32837677001953 5
endloop
endfacet
facet normal -0.00011265601304101221 -0.9999999936543114 0
outer loop
vertex -81.796875 -45.328372955322266 4.5
vertex -80.51013946533203 -45.32851791381836 5
vertex -81.796875 -45.328372955322266 5
endloop
endfacet
facet normal -0.00011265601304101221 -0.9999999936543114 0
outer loop
vertex -81.796875 -45.328372955322266 4.5
vertex -80.51013946533203 -45.32851791381836 4.5
vertex -80.51013946533203 -45.32851791381836 5
endloop
endfacet
facet normal 0 0 1
outer loop
vertex -81.796875 -45.328372955322266 4.5
vertex -81.7968521118164 -45.828372955322266 4.5
vertex -80.51013946533203 -45.32851791381836 4.5
endloop
endfacet
facet normal -0.9999999936341645 0.00011283470627387079 0
outer loop
vertex -80.51013946533203 -45.32851791381836 4.5
vertex -80.51228332519531 -64.32852172851562 5
vertex -80.51013946533203 -45.32851791381836 5
endloop
endfacet
facet normal 0 0 1
outer loop
vertex -81.7968521118164 -45.828372955322266 4.5
vertex -82.51156616210938 -57.99496078491211 4.5
vertex -80.51013946533203 -45.32851791381836 4.5
endloop
endfacet
facet normal 0 0 1
outer loop
vertex -82.51019287109375 -45.82829284667969 4.5
vertex -82.51156616210938 -57.99496078491211 4.5
vertex -81.7968521118164 -45.828372955322266 4.5
endloop
endfacet
facet normal -0.9999999936341645 0.00011283470627387079 0
outer loop
vertex -80.51013946533203 -45.32851791381836 4.5
vertex -80.51228332519531 -64.32852172851562 4.5
vertex -80.51228332519531 -64.32852172851562 5
endloop
endfacet
facet normal -0.00004288811522014741 -0.9999999990803047 0
outer loop
vertex 59.887760162353516 25.759151458740234 5
vertex 59.887760162353516 25.759151458740234 4.5
vertex 61.177467346191406 25.759096145629883 5
endloop
endfacet
facet normal -0.00004288811522014741 -0.9999999990803047 0
outer loop
vertex 59.887760162353516 25.759151458740234 4.5
vertex 61.177467346191406 25.759096145629883 4.5
vertex 61.177467346191406 25.759096145629883 5
endloop
endfacet
facet normal 0 0 1
outer loop
vertex 59.88693618774414 6.759151458740234 4.5
vertex 61.18693542480469 6.759095191955566 4.5
vertex 61.18695831298828 7.259095191955566 4.5
endloop
endfacet
facet normal 0.00004328216741302947 0.999999999063327 0
outer loop
vertex 61.18693542480469 6.759095191955566 4.5
vertex 59.88693618774414 6.759151458740234 4.5
vertex 59.88693618774414 6.759151458740234 5
endloop
endfacet
facet normal 0 0 1
outer loop
vertex 59.88693618774414 6.759151458740234 4.5
vertex 61.18695831298828 7.259095191955566 4.5
vertex 61.88748550415039 19.425731658935547 4.5
endloop
endfacet
facet normal 0 0 1
outer loop
vertex 61.88748550415039 19.425731658935547 4.5
vertex 61.18695831298828 7.259095191955566 4.5
vertex 61.886959075927734 7.259064674377441 4.5
endloop
endfacet
facet normal 0 0 1
outer loop
vertex 61.88774108886719 25.259065628051758 4.5
vertex 61.187740325927734 25.25909423828125 4.5
vertex 61.88748550415039 19.425731658935547 4.5
endloop
endfacet
facet normal 0.00004328216741302947 0.999999999063327 0
outer loop
vertex 61.18693542480469 6.759095191955566 4.5
vertex 59.88693618774414 6.759151458740234 5
vertex 61.18693542480469 6.759095191955566 5
endloop
endfacet
facet normal 0.9999999990596479 -0.00004336708466316704 0
outer loop
vertex 59.88693618774414 6.759151458740234 5
vertex 59.88693618774414 6.759151458740234 4.5
vertex 59.887760162353516 25.759151458740234 5
endloop
endfacet
facet normal 0 0 1
outer loop
vertex 61.18775939941406 25.699289321899414 4.5
vertex 61.177467346191406 25.759096145629883 4.5
vertex 59.887760162353516 25.759151458740234 4.5
endloop
endfacet
facet normal 0 0 1
outer loop
vertex 59.88693618774414 6.759151458740234 4.5
vertex 61.88748550415039 19.425731658935547 4.5
vertex 59.887760162353516 25.759151458740234 4.5
endloop
endfacet
facet normal 0 0 1
outer loop
vertex 61.187740325927734 25.25909423828125 4.5
vertex 61.18775939941406 25.699289321899414 4.5
vertex 59.887760162353516 25.759151458740234 4.5
endloop
endfacet
facet normal 0.9999999990596479 -0.00004336708466316704 0
outer loop
vertex 59.887760162353516 25.759151458740234 5
vertex 59.88693618774414 6.759151458740234 4.5
vertex 59.887760162353516 25.759151458740234 4.5
endloop
endfacet
facet normal 0 0 1
outer loop
vertex 59.887760162353516 25.759151458740234 4.5
vertex 61.88748550415039 19.425731658935547 4.5
vertex 61.187740325927734 25.25909423828125 4.5
endloop
endfacet
facet normal 0 0 1
outer loop
vertex 59.88479232788086 -42.609397888183594 4.5
vertex 61.88534164428711 -29.94281768798828 4.5
vertex 59.885616302490234 -23.60939598083496 4.5
endloop
endfacet
facet normal 0 0 1
outer loop
vertex 61.885597229003906 -24.10948371887207 4.5
vertex 61.18559646606445 -24.109453201293945 4.5
vertex 61.88534164428711 -29.94281768798828 4.5
endloop
endfacet
facet normal 0.9999999990596482 -0.00004336708030968593 0
outer loop
vertex 59.88479232788086 -42.609397888183594 4.5
vertex 59.885616302490234 -23.60939598083496 4.5
vertex 59.885616302490234 -23.60939598083496 5
endloop
endfacet
facet normal 0 0 1
outer loop
vertex 61.88534164428711 -29.94281768798828 4.5
vertex 61.184814453125 -42.10945510864258 4.5
vertex 61.88481521606445 -42.10948181152344 4.5
endloop
endfacet
facet normal 0.9999999990596482 -0.00004336708030968593 0
outer loop
vertex 59.88479232788086 -42.609397888183594 5
vertex 59.88479232788086 -42.609397888183594 4.5
vertex 59.885616302490234 -23.60939598083496 5
endloop
endfacet
facet normal -0.00004401563431068489 -0.999999999031312 0
outer loop
vertex 59.885616302490234 -23.60939598083496 5
vertex 59.885616302490234 -23.60939598083496 4.5
vertex 61.18561935424805 -23.609453201293945 5
endloop
endfacet
facet normal 0.00004401576346946801 0.9999999990313063 0
outer loop
vertex 61.184791564941406 -42.60945510864258 4.5
vertex 59.88479232788086 -42.609397888183594 5
vertex 61.184791564941406 -42.60945510864258 5
endloop
endfacet
facet normal 0 0 1
outer loop
vertex 59.88479232788086 -42.609397888183594 4.5
vertex 61.184814453125 -42.10945510864258 4.5
vertex 61.88534164428711 -29.94281768798828 4.5
endloop
endfacet
facet normal 0.00004401576346946801 0.9999999990313063 0
outer loop
vertex 61.184791564941406 -42.60945510864258 4.5
vertex 59.88479232788086 -42.609397888183594 4.5
vertex 59.88479232788086 -42.609397888183594 5
endloop
endfacet
facet normal 0 0 1
outer loop
vertex 59.885616302490234 -23.60939598083496 4.5
vertex 61.88534164428711 -29.94281768798828 4.5
vertex 61.18559646606445 -24.109453201293945 4.5
endloop
endfacet
facet normal 0 0 1
outer loop
vertex 59.88479232788086 -42.609397888183594 4.5
vertex 61.184791564941406 -42.60945510864258 4.5
vertex 61.184814453125 -42.10945510864258 4.5
endloop
endfacet
facet normal 0 0 1
outer loop
vertex 61.18559646606445 -24.109453201293945 4.5
vertex 61.18561935424805 -23.609453201293945 4.5
vertex 59.885616302490234 -23.60939598083496 4.5
endloop
endfacet
facet normal -0.00004401563431068489 -0.999999999031312 0
outer loop
vertex 59.885616302490234 -23.60939598083496 4.5
vertex 61.18561935424805 -23.609453201293945 4.5
vertex 61.18561935424805 -23.609453201293945 5
endloop
endfacet
facet normal -0.00004346543888284735 -0.9999999990553778 0
outer loop
vertex 59.886688232421875 1.074877381324768 4.5
vertex 61.18669128417969 1.074820876121521 4.5
vertex 61.18669128417969 1.074820876121521 5
endloop
endfacet
facet normal 0.9999999990596481 -0.000043367083302704104 0
outer loop
vertex 59.886688232421875 1.074877381324768 5
vertex 59.8858642578125 -17.92512321472168 4.5
vertex 59.886688232421875 1.074877381324768 4.5
endloop
endfacet
facet normal 0 0 1
outer loop
vertex 61.88666915893555 0.5747905373573303 4.5
vertex 61.186668395996094 0.5748209357261658 4.5
vertex 61.88641357421875 -5.258543014526367 4.5
endloop
endfacet
facet normal 0 0 1
outer loop
vertex 59.8858642578125 -17.92512321472168 4.5
vertex 61.18586349487305 -17.92517852783203 4.5
vertex 61.18588638305664 -17.42517852783203 4.5
endloop
endfacet
facet normal 0 0 1
outer loop
vertex 59.886688232421875 1.074877381324768 4.5
vertex 61.88641357421875 -5.258543014526367 4.5
vertex 61.186668395996094 0.5748209357261658 4.5
endloop
endfacet
facet normal 0 0 1
outer loop
vertex 61.186668395996094 0.5748209357261658 4.5
vertex 61.18669128417969 1.074820876121521 4.5
vertex 59.886688232421875 1.074877381324768 4.5
endloop
endfacet
facet normal 0.00004254857135652105 0.9999999990948095 0
outer loop
vertex 61.18586349487305 -17.92517852783203 4.5
vertex 59.8858642578125 -17.92512321472168 4.5
vertex 59.8858642578125 -17.92512321472168 5
endloop
endfacet
facet normal -0.00004346543888284735 -0.9999999990553778 0
outer loop
vertex 59.886688232421875 1.074877381324768 5
vertex 59.886688232421875 1.074877381324768 4.5
vertex 61.18669128417969 1.074820876121521 5
endloop
endfacet
facet normal 0 0 1
outer loop
vertex 59.8858642578125 -17.92512321472168 4.5
vertex 61.18588638305664 -17.42517852783203 4.5
vertex 61.88641357421875 -5.258543014526367 4.5
endloop
endfacet
facet normal 0 0 1
outer loop
vertex 61.88641357421875 -5.258543014526367 4.5
vertex 61.18588638305664 -17.42517852783203 4.5
vertex 61.885887145996094 -17.425209045410156 4.5
endloop
endfacet
facet normal 0.00004254857135652105 0.9999999990948095 0
outer loop
vertex 61.18586349487305 -17.92517852783203 4.5
vertex 59.8858642578125 -17.92512321472168 5
vertex 61.18586349487305 -17.92517852783203 5
endloop
endfacet
facet normal 0 0 1
outer loop
vertex 59.8858642578125 -17.92512321472168 4.5
vertex 61.88641357421875 -5.258543014526367 4.5
vertex 59.886688232421875 1.074877381324768 4.5
endloop
endfacet
facet normal 0.9999999990596481 -0.000043367083302704104 0
outer loop
vertex 59.8858642578125 -17.92512321472168 5
vertex 59.8858642578125 -17.92512321472168 4.5
vertex 59.886688232421875 1.074877381324768 5
endloop
endfacet
facet normal 0 0 1
outer loop
vertex -81.79954528808594 18.4522647857666 4.5
vertex -82.50431060791016 6.285676956176758 4.5
vertex -80.50288391113281 18.952117919921875 4.5
endloop
endfacet
facet normal -0.00011326260966778146 -0.9999999935857906 0
outer loop
vertex -81.79956817626953 18.9522647857666 4.5
vertex -80.50288391113281 18.952117919921875 4.5
vertex -80.50288391113281 18.952117919921875 5
endloop
endfacet
facet normal 0 0 1
outer loop
vertex -81.79878997802734 0.45226410031318665 4.5
vertex -81.79877471923828 -0.04773591086268425 4.5
vertex -80.5050277709961 -0.04788186773657799 4.5
endloop
endfacet
facet normal 0 0 1
outer loop
vertex -81.79956817626953 18.9522647857666 4.5
vertex -81.79954528808594 18.4522647857666 4.5
vertex -80.50288391113281 18.952117919921875 4.5
endloop
endfacet
facet normal 0.00011281717275793425 0.9999999936361427 0
outer loop
vertex -80.5050277709961 -0.04788186773657799 4.5
vertex -81.79877471923828 -0.04773591086268425 4.5
vertex -81.79877471923828 -0.04773591086268425 5
endloop
endfacet
facet normal 0 0 1
outer loop
vertex -82.50431060791016 6.285676956176758 4.5
vertex -82.50497436523438 0.45234376192092896 4.5
vertex -81.79878997802734 0.45226410031318665 4.5
endloop
endfacet
facet normal 0 0 1
outer loop
vertex -82.50431060791016 6.285676956176758 4.5
vertex -81.79878997802734 0.45226410031318665 4.5
vertex -80.5050277709961 -0.04788186773657799 4.5
endloop
endfacet
facet normal -0.9999999936341618 0.00011283473018912032 0
outer loop
vertex -80.50288391113281 18.952117919921875 4.5
vertex -80.5050277709961 -0.04788186773657799 5
vertex -80.50288391113281 18.952117919921875 5
endloop
endfacet
facet normal 0.00011281717275793425 0.9999999936361427 0
outer loop
vertex -80.5050277709961 -0.04788186773657799 4.5
vertex -81.79877471923828 -0.04773591086268425 5
vertex -80.5050277709961 -0.04788186773657799 5
endloop
endfacet
facet normal 0 0 1
outer loop
vertex -82.50431060791016 6.285676956176758 4.5
vertex -80.5050277709961 -0.04788186773657799 4.5
vertex -80.50288391113281 18.952117919921875 4.5
endloop
endfacet
facet normal -0.00011326260966778146 -0.9999999935857906 0
outer loop
vertex -81.79956817626953 18.9522647857666 5
vertex -81.79956817626953 18.9522647857666 4.5
vertex -80.50288391113281 18.952117919921875 5
endloop
endfacet
facet normal -0.9999999936341618 0.00011283473018912032 0
outer loop
vertex -80.50288391113281 18.952117919921875 4.5
vertex -80.5050277709961 -0.04788186773657799 4.5
vertex -80.5050277709961 -0.04788186773657799 5
endloop
endfacet
facet normal 0 0 1
outer loop
vertex -82.50293731689453 18.452342987060547 4.5
vertex -82.50431060791016 6.285676956176758 4.5
vertex -81.79954528808594 18.4522647857666 4.5
endloop
endfacet
facet normal 0 0 1
outer loop
vertex -81.79865264892578 -2.9746153354644775 4.5
vertex -82.50672912597656 -15.141201972961426 4.5
vertex -80.50530242919922 -2.4747612476348877 4.5
endloop
endfacet
facet normal -0.00011281588375860651 -0.9999999936362881 0
outer loop
vertex -81.79866790771484 -2.4746153354644775 5
vertex -81.79866790771484 -2.4746153354644775 4.5
vertex -80.50530242919922 -2.4747612476348877 5
endloop
endfacet
facet normal -0.00011281588375860651 -0.9999999936362881 0
outer loop
vertex -81.79866790771484 -2.4746153354644775 4.5
vertex -80.50530242919922 -2.4747612476348877 4.5
vertex -80.50530242919922 -2.4747612476348877 5
endloop
endfacet
facet normal 0 0 1
outer loop
vertex -81.79789733886719 -20.9746150970459 4.5
vertex -81.7978744506836 -21.4746150970459 4.5
vertex -80.5074462890625 -21.474761962890625 4.5
endloop
endfacet
facet normal 0.0001138117162530602 0.9999999935234466 0
outer loop
vertex -80.5074462890625 -21.474761962890625 4.5
vertex -81.7978744506836 -21.4746150970459 4.5
vertex -81.7978744506836 -21.4746150970459 5
endloop
endfacet
facet normal 0.0001138117162530602 0.9999999935234466 0
outer loop
vertex -80.5074462890625 -21.474761962890625 4.5
vertex -81.7978744506836 -21.4746150970459 5
vertex -80.5074462890625 -21.474761962890625 5
endloop
endfacet
facet normal 0 0 1
outer loop
vertex -82.50672912597656 -15.141201972961426 4.5
vertex -82.50738525390625 -20.97453498840332 4.5
vertex -81.79789733886719 -20.9746150970459 4.5
endloop
endfacet
facet normal 0 0 1
outer loop
vertex -82.50672912597656 -15.141201972961426 4.5
vertex -81.79789733886719 -20.9746150970459 4.5
vertex -80.5074462890625 -21.474761962890625 4.5
endloop
endfacet
facet normal 0 0 1
outer loop
vertex -82.50672912597656 -15.141201972961426 4.5
vertex -80.5074462890625 -21.474761962890625 4.5
vertex -80.50530242919922 -2.4747612476348877 4.5
endloop
endfacet
facet normal -0.9999999936341625 0.00011283472468042644 0
outer loop
vertex -80.50530242919922 -2.4747612476348877 4.5
vertex -80.5074462890625 -21.474761962890625 4.5
vertex -80.5074462890625 -21.474761962890625 5
endloop
endfacet
facet normal -0.9999999936341625 0.00011283472468042644 0
outer loop
vertex -80.50530242919922 -2.4747612476348877 4.5
vertex -80.5074462890625 -21.474761962890625 5
vertex -80.50530242919922 -2.4747612476348877 5
endloop
endfacet
facet normal 0 0 1
outer loop
vertex -81.79866790771484 -2.4746153354644775 4.5
vertex -81.79865264892578 -2.9746153354644775 4.5
vertex -80.50530242919922 -2.4747612476348877 4.5
endloop
endfacet
facet normal 0 0 1
outer loop
vertex -82.50535583496094 -2.9745354652404785 4.5
vertex -82.50672912597656 -15.141201972961426 4.5
vertex -81.79865264892578 -2.9746153354644775 4.5
endloop
endfacet
facet normal 0 0 1
outer loop
vertex -81.79776763916016 -23.9014949798584 4.5
vertex -81.7977523803711 -24.4014949798584 4.5
vertex -80.50772094726562 -23.901639938354492 4.5
endloop
endfacet
facet normal 0 0 1
outer loop
vertex -80.5098648071289 -42.901641845703125 4.5
vertex -82.50914764404297 -36.56808090209961 4.5
vertex -81.7969970703125 -42.40149688720703 4.5
endloop
endfacet
facet normal 0 0 1
outer loop
vertex -82.50777435302734 -24.40141487121582 4.5
vertex -82.50914764404297 -36.56808090209961 4.5
vertex -81.7977523803711 -24.4014949798584 4.5
endloop
endfacet
facet normal -0.0001123668593465574 -0.9999999936868444 0
outer loop
vertex -81.79776763916016 -23.9014949798584 4.5
vertex -80.50772094726562 -23.901639938354492 4.5
vertex -80.50772094726562 -23.901639938354492 5
endloop
endfacet
facet normal 0 0 1
outer loop
vertex -81.7977523803711 -24.4014949798584 4.5
vertex -82.50914764404297 -36.56808090209961 4.5
vertex -80.50772094726562 -23.901639938354492 4.5
endloop
endfacet
facet normal -0.9999999936341633 0.00011283471760098125 0
outer loop
vertex -80.50772094726562 -23.901639938354492 4.5
vertex -80.5098648071289 -42.901641845703125 5
vertex -80.50772094726562 -23.901639938354492 5
endloop
endfacet
facet normal -0.9999999936341633 0.00011283471760098125 0
outer loop
vertex -80.50772094726562 -23.901639938354492 4.5
vertex -80.5098648071289 -42.901641845703125 4.5
vertex -80.5098648071289 -42.901641845703125 5
endloop
endfacet
facet normal 0 0 1
outer loop
vertex -82.50914764404297 -36.56808090209961 4.5
vertex -80.5098648071289 -42.901641845703125 4.5
vertex -80.50772094726562 -23.901639938354492 4.5
endloop
endfacet
facet normal 0.00011262329215372453 0.9999999936579971 0
outer loop
vertex -80.5098648071289 -42.901641845703125 4.5
vertex -81.7969741821289 -42.90149688720703 5
vertex -80.5098648071289 -42.901641845703125 5
endloop
endfacet
facet normal 0 0 1
outer loop
vertex -81.7969970703125 -42.40149688720703 4.5
vertex -81.7969741821289 -42.90149688720703 4.5
vertex -80.5098648071289 -42.901641845703125 4.5
endloop
endfacet
facet normal -0.0001123668593465574 -0.9999999936868444 0
outer loop
vertex -81.79776763916016 -23.9014949798584 4.5
vertex -80.50772094726562 -23.901639938354492 5
vertex -81.79776763916016 -23.9014949798584 5
endloop
endfacet
facet normal 0.00011262329215372453 0.9999999936579971 0
outer loop
vertex -80.5098648071289 -42.901641845703125 4.5
vertex -81.7969741821289 -42.90149688720703 4.5
vertex -81.7969741821289 -42.90149688720703 5
endloop
endfacet
facet normal 0 0 1
outer loop
vertex -82.50914764404297 -36.56808090209961 4.5
vertex -82.50980377197266 -42.40141296386719 4.5
vertex -81.7969970703125 -42.40149688720703 4.5
endloop
endfacet
facet normal -0.00004401563431068488 -0.999999999031312 0
outer loop
vertex 59.884544372558594 -48.293670654296875 0
vertex 61.184547424316406 -48.29372787475586 0
vertex 61.184547424316406 -48.29372787475586 0.20000000298023224
endloop
endfacet
facet normal 0 0 -1
outer loop
vertex 61.17662811279297 -67.2937240600586 0.20000000298023224
vertex 59.88372039794922 -67.29367065429688 0.20000000298023224
vertex 61.18372344970703 -67.24402618408203 0.20000000298023224
endloop
endfacet
facet normal 0 0 -1
outer loop
vertex 61.18452453613281 -48.79372787475586 0.20000000298023224
vertex 61.884525299072266 -48.793758392333984 0.20000000298023224
vertex 61.884490966796875 -49.51375961303711 0.20000000298023224
endloop
endfacet
facet normal 0.00004130670817417354 0.9999999991468779 0
outer loop
vertex 61.17662811279297 -67.2937240600586 0
vertex 59.88372039794922 -67.29367065429688 0
vertex 59.88372039794922 -67.29367065429688 0.20000000298023224
endloop
endfacet
facet normal 0 0 -1
outer loop
vertex 61.18452453613281 -48.79372787475586 0.20000000298023224
vertex 59.884544372558594 -48.293670654296875 0.20000000298023224
vertex 61.184547424316406 -48.29372787475586 0.20000000298023224
endloop
endfacet
facet normal 0 0 -1
outer loop
vertex 61.884490966796875 -49.51375961303711 0.20000000298023224
vertex 59.884544372558594 -48.293670654296875 0.20000000298023224
vertex 61.18452453613281 -48.79372787475586 0.20000000298023224
endloop
endfacet
facet normal -0.00004401563431068488 -0.999999999031312 0
outer loop
vertex 59.884544372558594 -48.293670654296875 0.20000000298023224
vertex 59.884544372558594 -48.293670654296875 0
vertex 61.184547424316406 -48.29372787475586 0.20000000298023224
endloop
endfacet
facet normal 0.00004130670817417354 0.9999999991468779 0
outer loop
vertex 61.17662811279297 -67.2937240600586 0
vertex 59.88372039794922 -67.29367065429688 0.20000000298023224
vertex 61.17662811279297 -67.2937240600586 0.20000000298023224
endloop
endfacet
facet normal 0.999999999059648 -0.00004336708466316704 0
outer loop
vertex 59.884544372558594 -48.293670654296875 0.20000000298023224
vertex 59.88372039794922 -67.29367065429688 0.20000000298023224
vertex 59.884544372558594 -48.293670654296875 0
endloop
endfacet
facet normal 0 0 -1
outer loop
vertex 61.884490966796875 -49.51375961303711 0.20000000298023224
vertex 59.88372039794922 -67.29367065429688 0.20000000298023224
vertex 59.884544372558594 -48.293670654296875 0.20000000298023224
endloop
endfacet
facet normal 0 0 -1
outer loop
vertex 61.18374252319336 -66.7937240600586 0.20000000298023224
vertex 59.88372039794922 -67.29367065429688 0.20000000298023224
vertex 61.884490966796875 -49.51375961303711 0.20000000298023224
endloop
endfacet
facet normal 0.999999999059648 -0.00004336708466316704 0
outer loop
vertex 59.88372039794922 -67.29367065429688 0.20000000298023224
vertex 59.88372039794922 -67.29367065429688 0
vertex 59.884544372558594 -48.293670654296875 0
endloop
endfacet
facet normal 0 0 -1
outer loop
vertex 61.18372344970703 -67.24402618408203 0.20000000298023224
vertex 59.88372039794922 -67.29367065429688 0.20000000298023224
vertex 61.18374252319336 -66.7937240600586 0.20000000298023224
endloop
endfacet
facet normal 0 0 -1
outer loop
vertex 61.18374252319336 -66.7937240600586 0.20000000298023224
vertex 61.884490966796875 -49.51375961303711 0.20000000298023224
vertex 61.88374328613281 -66.79375457763672 0.20000000298023224
endloop
endfacet
facet normal 0.8663281957931869 0.49947518173951505 0
outer loop
vertex 70.4357681274414 63.863704681396484 0.20000000298023224
vertex 79.92579650878906 47.40346908569336 0
vertex 70.4357681274414 63.863704681396484 0
endloop
endfacet
facet normal 0 0 -1
outer loop
vertex 72.77778625488281 63.80573272705078 0.20000000298023224
vertex 79.92579650878906 47.40346908569336 0.20000000298023224
vertex 70.4357681274414 63.863704681396484 0.20000000298023224
endloop
endfacet
facet normal 0 0 -1
outer loop
vertex 80.8016128540039 48.48556137084961 0.20000000298023224
vertex 72.77778625488281 63.80573272705078 0.20000000298023224
vertex 81.4087142944336 48.8355827331543 0.20000000298023224
endloop
endfacet
facet normal 0 0 -1
outer loop
vertex 80.8016128540039 48.48556137084961 0.20000000298023224
vertex 79.92579650878906 47.40346908569336 0.20000000298023224
vertex 72.77778625488281 63.80573272705078 0.20000000298023224
endloop
endfacet
facet normal 0.8663281957931869 0.49947518173951505 0
outer loop
vertex 79.92579650878906 47.40346908569336 0.20000000298023224
vertex 79.92579650878906 47.40346908569336 0
vertex 70.4357681274414 63.863704681396484 0.20000000298023224
endloop
endfacet
facet normal 0 0 -1
outer loop
vertex 70.4357681274414 63.863704681396484 0.20000000298023224
vertex 71.54666900634766 64.50418853759766 0.20000000298023224
vertex 71.79680633544922 64.07125091552734 0.20000000298023224
endloop
endfacet
facet normal 0 0 -1
outer loop
vertex 81.05174255371094 48.05262756347656 0.20000000298023224
vertex 79.92579650878906 47.40346908569336 0.20000000298023224
vertex 80.8016128540039 48.48556137084961 0.20000000298023224
endloop
endfacet
facet normal 0.49947640132501525 -0.8663274926489476 0
outer loop
vertex 70.4357681274414 63.863704681396484 0
vertex 71.54666900634766 64.50418853759766 0.20000000298023224
vertex 70.4357681274414 63.863704681396484 0.20000000298023224
endloop
endfacet
facet normal 0 0 -1
outer loop
vertex 72.77778625488281 63.80573272705078 0.20000000298023224
vertex 70.4357681274414 63.863704681396484 0.20000000298023224
vertex 71.79680633544922 64.07125091552734 0.20000000298023224
endloop
endfacet
facet normal -0.4994766398148512 0.8663273551488866 0
outer loop
vertex 81.05174255371094 48.05262756347656 0
vertex 79.92579650878906 47.40346908569336 0
vertex 79.92579650878906 47.40346908569336 0.20000000298023224
endloop
endfacet
facet normal 0.49947640132501525 -0.8663274926489476 0
outer loop
vertex 70.4357681274414 63.863704681396484 0
vertex 71.54666900634766 64.50418853759766 0
vertex 71.54666900634766 64.50418853759766 0.20000000298023224
endloop
endfacet
facet normal 0 0 -1
outer loop
vertex 72.77778625488281 63.80573272705078 0.20000000298023224
vertex 71.79680633544922 64.07125091552734 0.20000000298023224
vertex 72.41815948486328 64.42948913574219 0.20000000298023224
endloop
endfacet
facet normal -0.4994766398148512 0.8663273551488866 0
outer loop
vertex 81.05174255371094 48.05262756347656 0.20000000298023224
vertex 81.05174255371094 48.05262756347656 0
vertex 79.92579650878906 47.40346908569336 0.20000000298023224
endloop
endfacet
facet normal -0.999999993634162 0.00011283472892809396 0
outer loop
vertex -80.5004653930664 40.378997802734375 0
vertex -80.50260925292969 21.378997802734375 0.20000000298023224
vertex -80.5004653930664 40.378997802734375 0.20000000298023224
endloop
endfacet
facet normal 0.00011175944591632952 0.9999999937549131 0
outer loop
vertex -80.50260925292969 21.378997802734375 0
vertex -81.79966735839844 21.37914276123047 0.20000000298023224
vertex -80.50260925292969 21.378997802734375 0.20000000298023224
endloop
endfacet
facet normal 0 0 -1
outer loop
vertex -82.50247192382812 22.59922218322754 0.20000000298023224
vertex -82.50052642822266 39.87922286987305 0.20000000298023224
vertex -81.80044555664062 39.87914276123047 0.20000000298023224
endloop
endfacet
facet normal 0 0 -1
outer loop
vertex -80.5004653930664 40.378997802734375 0.20000000298023224
vertex -82.50247192382812 22.59922218322754 0.20000000298023224
vertex -81.80044555664062 39.87914276123047 0.20000000298023224
endloop
endfacet
facet normal -0.0001130272864446726 -0.9999999936124163 0
outer loop
vertex -81.78297424316406 40.37914276123047 0
vertex -80.5004653930664 40.378997802734375 0
vertex -80.5004653930664 40.378997802734375 0.20000000298023224
endloop
endfacet
facet normal -0.0001130272864446726 -0.9999999936124163 0
outer loop
vertex -81.78297424316406 40.37914276123047 0.20000000298023224
vertex -81.78297424316406 40.37914276123047 0
vertex -80.5004653930664 40.378997802734375 0.20000000298023224
endloop
endfacet
facet normal 0 0 -1
outer loop
vertex -80.5004653930664 40.378997802734375 0.20000000298023224
vertex -81.80044555664062 39.87914276123047 0.20000000298023224
vertex -81.80046081542969 40.30144119262695 0.20000000298023224
endloop
endfacet
facet normal 0 0 -1
outer loop
vertex -80.5004653930664 40.378997802734375 0.20000000298023224
vertex -81.80046081542969 40.30144119262695 0.20000000298023224
vertex -81.78297424316406 40.37914276123047 0.20000000298023224
endloop
endfacet
facet normal 0 0 -1
outer loop
vertex -80.50260925292969 21.378997802734375 0.20000000298023224
vertex -82.50247192382812 22.59922218322754 0.20000000298023224
vertex -80.5004653930664 40.378997802734375 0.20000000298023224
endloop
endfacet
facet normal 0.00011175944591632952 0.9999999937549131 0
outer loop
vertex -80.50260925292969 21.378997802734375 0
vertex -81.79966735839844 21.37914276123047 0
vertex -81.79966735839844 21.37914276123047 0.20000000298023224
endloop
endfacet
facet normal -0.999999993634162 0.00011283472892809396 0
outer loop
vertex -80.50260925292969 21.378997802734375 0
vertex -80.50260925292969 21.378997802734375 0.20000000298023224
vertex -80.5004653930664 40.378997802734375 0
endloop
endfacet
facet normal 0 0 -1
outer loop
vertex -80.50260925292969 21.378997802734375 0.20000000298023224
vertex -81.79969024658203 21.87914276123047 0.20000000298023224
vertex -82.50247192382812 22.59922218322754 0.20000000298023224
endloop
endfacet
facet normal 0 0 -1
outer loop
vertex -80.50260925292969 21.378997802734375 0.20000000298023224
vertex -81.79966735839844 21.37914276123047 0.20000000298023224
vertex -81.79969024658203 21.87914276123047 0.20000000298023224
endloop
endfacet
facet normal 0 0 -1
outer loop
vertex -82.50255584716797 21.879222869873047 0.20000000298023224
vertex -82.50247192382812 22.59922218322754 0.20000000298023224
vertex -81.79969024658203 21.87914276123047 0.20000000298023224
endloop
endfacet
facet normal 0 0 -1
outer loop
vertex -80.51013946533203 -45.32851791381836 0.20000000298023224
vertex -81.7968521118164 -45.828372955322266 0.20000000298023224
vertex -81.796875 -45.328372955322266 0.20000000298023224
endloop
endfacet
facet normal -0.00011265601304101223 -0.9999999936543114 0
outer loop
vertex -81.796875 -45.328372955322266 0.20000000298023224
vertex -81.796875 -45.328372955322266 0
vertex -80.51013946533203 -45.32851791381836 0.20000000298023224
endloop
endfacet
facet normal 0.00011291443984856464 0.9999999936251645 0
outer loop
vertex -80.51228332519531 -64.32852172851562 0
vertex -81.79607391357422 -64.32837677001953 0
vertex -81.79607391357422 -64.32837677001953 0.20000000298023224
endloop
endfacet
facet normal 0.00011291443984856464 0.9999999936251645 0
outer loop
vertex -80.51228332519531 -64.32852172851562 0
vertex -81.79607391357422 -64.32837677001953 0.20000000298023224
vertex -80.51228332519531 -64.32852172851562 0.20000000298023224
endloop
endfacet
facet normal 0 0 -1
outer loop
vertex -82.51222229003906 -63.82829284667969 0.20000000298023224
vertex -82.51214599609375 -63.10829544067383 0.20000000298023224
vertex -81.79609680175781 -63.828372955322266 0.20000000298023224
endloop
endfacet
facet normal -0.00011265601304101223 -0.9999999936543114 0
outer loop
vertex -80.51013946533203 -45.32851791381836 0
vertex -80.51013946533203 -45.32851791381836 0.20000000298023224
vertex -81.796875 -45.328372955322266 0
endloop
endfacet
facet normal 0 0 -1
outer loop
vertex -80.51228332519531 -64.32852172851562 0.20000000298023224
vertex -81.79607391357422 -64.32837677001953 0.20000000298023224
vertex -81.79609680175781 -63.828372955322266 0.20000000298023224
endloop
endfacet
facet normal 0 0 -1
outer loop
vertex -80.51228332519531 -64.32852172851562 0.20000000298023224
vertex -81.79609680175781 -63.828372955322266 0.20000000298023224
vertex -82.51214599609375 -63.10829544067383 0.20000000298023224
endloop
endfacet
facet normal -0.9999999936341646 0.0001128347062738708 0
outer loop
vertex -80.51228332519531 -64.32852172851562 0
vertex -80.51228332519531 -64.32852172851562 0.20000000298023224
vertex -80.51013946533203 -45.32851791381836 0.20000000298023224
endloop
endfacet
facet normal 0 0 -1
outer loop
vertex -80.51013946533203 -45.32851791381836 0.20000000298023224
vertex -80.51228332519531 -64.32852172851562 0.20000000298023224
vertex -82.51214599609375 -63.10829544067383 0.20000000298023224
endloop
endfacet
facet normal 0 0 -1
outer loop
vertex -80.51013946533203 -45.32851791381836 0.20000000298023224
vertex -82.51214599609375 -63.10829544067383 0.20000000298023224
vertex -81.7968521118164 -45.828372955322266 0.20000000298023224
endloop
endfacet
facet normal -0.9999999936341646 0.0001128347062738708 0
outer loop
vertex -80.51228332519531 -64.32852172851562 0
vertex -80.51013946533203 -45.32851791381836 0.20000000298023224
vertex -80.51013946533203 -45.32851791381836 0
endloop
endfacet
facet normal 0 0 -1
outer loop
vertex -82.51214599609375 -63.10829544067383 0.20000000298023224
vertex -82.51019287109375 -45.82829284667969 0.20000000298023224
vertex -81.7968521118164 -45.828372955322266 0.20000000298023224
endloop
endfacet
facet normal 0 0 -1
outer loop
vertex 61.18695831298828 7.259095191955566 0.20000000298023224
vertex 61.8877067565918 24.539064407348633 0.20000000298023224
vertex 61.886959075927734 7.259064674377441 0.20000000298023224
endloop
endfacet
facet normal 0.999999999059648 -0.00004336708466316704 0
outer loop
vertex 59.887760162353516 25.759151458740234 0.20000000298023224
vertex 59.88693618774414 6.759151458740234 0
vertex 59.887760162353516 25.759151458740234 0
endloop
endfacet
facet normal 0 0 -1
outer loop
vertex 61.18775939941406 25.699289321899414 0.20000000298023224
vertex 59.887760162353516 25.759151458740234 0.20000000298023224
vertex 61.177467346191406 25.759096145629883 0.20000000298023224
endloop
endfacet
facet normal 0.00004328216741302947 0.9999999990633269 0
outer loop
vertex 61.18693542480469 6.759095191955566 0
vertex 59.88693618774414 6.759151458740234 0
vertex 59.88693618774414 6.759151458740234 0.20000000298023224
endloop
endfacet
facet normal 0 0 -1
outer loop
vertex 61.8877067565918 24.539064407348633 0.20000000298023224
vertex 59.887760162353516 25.759151458740234 0.20000000298023224
vertex 61.187740325927734 25.25909423828125 0.20000000298023224
endloop
endfacet
facet normal 0 0 -1
outer loop
vertex 59.887760162353516 25.759151458740234 0.20000000298023224
vertex 61.18775939941406 25.699289321899414 0.20000000298023224
vertex 61.187740325927734 25.25909423828125 0.20000000298023224
endloop
endfacet
facet normal -0.000042888115220147415 -0.9999999990803048 0
outer loop
vertex 59.887760162353516 25.759151458740234 0.20000000298023224
vertex 61.177467346191406 25.759096145629883 0
vertex 61.177467346191406 25.759096145629883 0.20000000298023224
endloop
endfacet
facet normal -0.000042888115220147415 -0.9999999990803048 0
outer loop
vertex 59.887760162353516 25.759151458740234 0.20000000298023224
vertex 59.887760162353516 25.759151458740234 0
vertex 61.177467346191406 25.759096145629883 0
endloop
endfacet
facet normal 0.00004328216741302947 0.9999999990633269 0
outer loop
vertex 61.18693542480469 6.759095191955566 0
vertex 59.88693618774414 6.759151458740234 0.20000000298023224
vertex 61.18693542480469 6.759095191955566 0.20000000298023224
endloop
endfacet
facet normal 0 0 -1
outer loop
vertex 61.18693542480469 6.759095191955566 0.20000000298023224
vertex 59.88693618774414 6.759151458740234 0.20000000298023224
vertex 61.18695831298828 7.259095191955566 0.20000000298023224
endloop
endfacet
facet normal 0.999999999059648 -0.00004336708466316704 0
outer loop
vertex 59.88693618774414 6.759151458740234 0.20000000298023224
vertex 59.88693618774414 6.759151458740234 0
vertex 59.887760162353516 25.759151458740234 0.20000000298023224
endloop
endfacet
facet normal 0 0 -1
outer loop
vertex 61.18695831298828 7.259095191955566 0.20000000298023224
vertex 59.88693618774414 6.759151458740234 0.20000000298023224
vertex 61.8877067565918 24.539064407348633 0.20000000298023224
endloop
endfacet
facet normal 0 0 -1
outer loop
vertex 61.187740325927734 25.25909423828125 0.20000000298023224
vertex 61.88774108886719 25.259065628051758 0.20000000298023224
vertex 61.8877067565918 24.539064407348633 0.20000000298023224
endloop
endfacet
facet normal 0 0 -1
outer loop
vertex 61.8877067565918 24.539064407348633 0.20000000298023224
vertex 59.88693618774414 6.759151458740234 0.20000000298023224
vertex 59.887760162353516 25.759151458740234 0.20000000298023224
endloop
endfacet
facet normal 0.9999999990596481 -0.000043367080309685924 0
outer loop
vertex 59.885616302490234 -23.60939598083496 0
vertex 59.885616302490234 -23.60939598083496 0.20000000298023224
vertex 59.88479232788086 -42.609397888183594 0.20000000298023224
endloop
endfacet
facet normal 0 0 -1
outer loop
vertex 61.885562896728516 -24.829483032226562 0.20000000298023224
vertex 59.88479232788086 -42.609397888183594 0.20000000298023224
vertex 59.885616302490234 -23.60939598083496 0.20000000298023224
endloop
endfacet
facet normal 0 0 -1
outer loop
vertex 61.88481521606445 -42.10948181152344 0.20000000298023224
vertex 61.184814453125 -42.10945510864258 0.20000000298023224
vertex 61.885562896728516 -24.829483032226562 0.20000000298023224
endloop
endfacet
facet normal 0 0 -1
outer loop
vertex 61.184814453125 -42.10945510864258 0.20000000298023224
vertex 59.88479232788086 -42.609397888183594 0.20000000298023224
vertex 61.885562896728516 -24.829483032226562 0.20000000298023224
endloop
endfacet
facet normal 0.9999999990596481 -0.000043367080309685924 0
outer loop
vertex 59.88479232788086 -42.609397888183594 0.20000000298023224
vertex 59.88479232788086 -42.609397888183594 0
vertex 59.885616302490234 -23.60939598083496 0
endloop
endfacet
facet normal 0 0 -1
outer loop
vertex 61.885562896728516 -24.829483032226562 0.20000000298023224
vertex 59.885616302490234 -23.60939598083496 0.20000000298023224
vertex 61.18559646606445 -24.109453201293945 0.20000000298023224
endloop
endfacet
facet normal 0 0 -1
outer loop
vertex 59.885616302490234 -23.60939598083496 0.20000000298023224
vertex 61.18561935424805 -23.609453201293945 0.20000000298023224
vertex 61.18559646606445 -24.109453201293945 0.20000000298023224
endloop
endfacet
facet normal -0.00004401563431068488 -0.999999999031312 0
outer loop
vertex 59.885616302490234 -23.60939598083496 0.20000000298023224
vertex 59.885616302490234 -23.60939598083496 0
vertex 61.18561935424805 -23.609453201293945 0.20000000298023224
endloop
endfacet
facet normal 0 0 -1
outer loop
vertex 61.184791564941406 -42.60945510864258 0.20000000298023224
vertex 59.88479232788086 -42.609397888183594 0.20000000298023224
vertex 61.184814453125 -42.10945510864258 0.20000000298023224
endloop
endfacet
facet normal 0.00004401576346946801 0.9999999990313063 0
outer loop
vertex 61.184791564941406 -42.60945510864258 0
vertex 59.88479232788086 -42.609397888183594 0.20000000298023224
vertex 61.184791564941406 -42.60945510864258 0.20000000298023224
endloop
endfacet
facet normal -0.00004401563431068488 -0.999999999031312 0
outer loop
vertex 59.885616302490234 -23.60939598083496 0
vertex 61.18561935424805 -23.609453201293945 0
vertex 61.18561935424805 -23.609453201293945 0.20000000298023224
endloop
endfacet
facet normal 0.00004401576346946801 0.9999999990313063 0
outer loop
vertex 61.184791564941406 -42.60945510864258 0
vertex 59.88479232788086 -42.609397888183594 0
vertex 59.88479232788086 -42.609397888183594 0.20000000298023224
endloop
endfacet
facet normal 0 0 -1
outer loop
vertex 61.18559646606445 -24.109453201293945 0.20000000298023224
vertex 61.885597229003906 -24.10948371887207 0.20000000298023224
vertex 61.885562896728516 -24.829483032226562 0.20000000298023224
endloop
endfacet
facet normal 0 0 -1
outer loop
vertex 61.886634826660156 -0.14520946145057678 0.20000000298023224
vertex 61.186668395996094 0.5748209357261658 0.20000000298023224
vertex 61.88666915893555 0.5747905373573303 0.20000000298023224
endloop
endfacet
facet normal 0 0 -1
outer loop
vertex 61.186668395996094 0.5748209357261658 0.20000000298023224
vertex 59.886688232421875 1.074877381324768 0.20000000298023224
vertex 61.18669128417969 1.074820876121521 0.20000000298023224
endloop
endfacet
facet normal 0 0 -1
outer loop
vertex 61.886634826660156 -0.14520946145057678 0.20000000298023224
vertex 59.886688232421875 1.074877381324768 0.20000000298023224
vertex 61.186668395996094 0.5748209357261658 0.20000000298023224
endloop
endfacet
facet normal -0.00004346543888284736 -0.999999999055378 0
outer loop
vertex 59.886688232421875 1.074877381324768 0.20000000298023224
vertex 59.886688232421875 1.074877381324768 0
vertex 61.18669128417969 1.074820876121521 0.20000000298023224
endloop
endfacet
facet normal 0.000042548571356521055 0.9999999990948096 0
outer loop
vertex 61.18586349487305 -17.92517852783203 0
vertex 59.8858642578125 -17.92512321472168 0
vertex 59.8858642578125 -17.92512321472168 0.20000000298023224
endloop
endfacet
facet normal 0.000042548571356521055 0.9999999990948096 0
outer loop
vertex 61.18586349487305 -17.92517852783203 0
vertex 59.8858642578125 -17.92512321472168 0.20000000298023224
vertex 61.18586349487305 -17.92517852783203 0.20000000298023224
endloop
endfacet
facet normal 0 0 -1
outer loop
vertex 61.18586349487305 -17.92517852783203 0.20000000298023224
vertex 59.8858642578125 -17.92512321472168 0.20000000298023224
vertex 61.18588638305664 -17.42517852783203 0.20000000298023224
endloop
endfacet
facet normal 0 0 -1
outer loop
vertex 61.18588638305664 -17.42517852783203 0.20000000298023224
vertex 61.886634826660156 -0.14520946145057678 0.20000000298023224
vertex 61.885887145996094 -17.425209045410156 0.20000000298023224
endloop
endfacet
facet normal 0.9999999990596481 -0.0000433670833027041 0
outer loop
vertex 59.8858642578125 -17.92512321472168 0.20000000298023224
vertex 59.8858642578125 -17.92512321472168 0
vertex 59.886688232421875 1.074877381324768 0.20000000298023224
endloop
endfacet
facet normal 0 0 -1
outer loop
vertex 61.18588638305664 -17.42517852783203 0.20000000298023224
vertex 59.8858642578125 -17.92512321472168 0.20000000298023224
vertex 61.886634826660156 -0.14520946145057678 0.20000000298023224
endloop
endfacet
facet normal 0.9999999990596481 -0.0000433670833027041 0
outer loop
vertex 59.886688232421875 1.074877381324768 0.20000000298023224
vertex 59.8858642578125 -17.92512321472168 0
vertex 59.886688232421875 1.074877381324768 0
endloop
endfacet
facet normal 0 0 -1
outer loop
vertex 61.886634826660156 -0.14520946145057678 0.20000000298023224
vertex 59.8858642578125 -17.92512321472168 0.20000000298023224
vertex 59.886688232421875 1.074877381324768 0.20000000298023224
endloop
endfacet
facet normal -0.00004346543888284736 -0.999999999055378 0
outer loop
vertex 59.886688232421875 1.074877381324768 0
vertex 61.18669128417969 1.074820876121521 0
vertex 61.18669128417969 1.074820876121521 0.20000000298023224
endloop
endfacet
facet normal 0 0 -1
outer loop
vertex -80.50288391113281 18.952117919921875 0.20000000298023224
vertex -81.79954528808594 18.4522647857666 0.20000000298023224
vertex -81.79956817626953 18.9522647857666 0.20000000298023224
endloop
endfacet
facet normal 0 0 -1
outer loop
vertex -80.5050277709961 -0.04788186773657799 0.20000000298023224
vertex -81.79877471923828 -0.04773591086268425 0.20000000298023224
vertex -81.79878997802734 0.45226410031318665 0.20000000298023224
endloop
endfacet
facet normal -0.00011326260966778147 -0.9999999935857907 0
outer loop
vertex -81.79956817626953 18.9522647857666 0
vertex -80.50288391113281 18.952117919921875 0.20000000298023224
vertex -81.79956817626953 18.9522647857666 0.20000000298023224
endloop
endfacet
facet normal -0.00011326260966778147 -0.9999999935857907 0
outer loop
vertex -80.50288391113281 18.952117919921875 0
vertex -80.50288391113281 18.952117919921875 0.20000000298023224
vertex -81.79956817626953 18.9522647857666 0
endloop
endfacet
facet normal 0.00011281717275793425 0.9999999936361428 0
outer loop
vertex -80.5050277709961 -0.04788186773657799 0
vertex -81.79877471923828 -0.04773591086268425 0
vertex -81.79877471923828 -0.04773591086268425 0.20000000298023224
endloop
endfacet
facet normal 0 0 -1
outer loop
vertex -80.50288391113281 18.952117919921875 0.20000000298023224
vertex -82.50489044189453 1.1723437309265137 0.20000000298023224
vertex -81.79954528808594 18.4522647857666 0.20000000298023224
endloop
endfacet
facet normal 0 0 -1
outer loop
vertex -82.50489044189453 1.1723437309265137 0.20000000298023224
vertex -82.50293731689453 18.452342987060547 0.20000000298023224
vertex -81.79954528808594 18.4522647857666 0.20000000298023224
endloop
endfacet
facet normal -0.9999999936341618 0.00011283473018912033 0
outer loop
vertex -80.50288391113281 18.952117919921875 0
vertex -80.5050277709961 -0.04788186773657799 0.20000000298023224
vertex -80.50288391113281 18.952117919921875 0.20000000298023224
endloop
endfacet
facet normal 0 0 -1
outer loop
vertex -80.5050277709961 -0.04788186773657799 0.20000000298023224
vertex -82.50489044189453 1.1723437309265137 0.20000000298023224
vertex -80.50288391113281 18.952117919921875 0.20000000298023224
endloop
endfacet
facet normal -0.9999999936341618 0.00011283473018912033 0
outer loop
vertex -80.5050277709961 -0.04788186773657799 0.20000000298023224
vertex -80.50288391113281 18.952117919921875 0
vertex -80.5050277709961 -0.04788186773657799 0
endloop
endfacet
facet normal 0 0 -1
outer loop
vertex -82.50489044189453 1.1723437309265137 0.20000000298023224
vertex -81.79878997802734 0.45226410031318665 0.20000000298023224
vertex -82.50497436523438 0.45234376192092896 0.20000000298023224
endloop
endfacet
facet normal 0.00011281717275793425 0.9999999936361428 0
outer loop
vertex -80.5050277709961 -0.04788186773657799 0
vertex -81.79877471923828 -0.04773591086268425 0.20000000298023224
vertex -80.5050277709961 -0.04788186773657799 0.20000000298023224
endloop
endfacet
facet normal 0 0 -1
outer loop
vertex -80.5050277709961 -0.04788186773657799 0.20000000298023224
vertex -81.79878997802734 0.45226410031318665 0.20000000298023224
vertex -82.50489044189453 1.1723437309265137 0.20000000298023224
endloop
endfacet
facet normal 0 0 -1
outer loop
vertex -80.50530242919922 -2.4747612476348877 0.20000000298023224
vertex -82.50730895996094 -20.254535675048828 0.20000000298023224
vertex -81.79865264892578 -2.9746153354644775 0.20000000298023224
endloop
endfacet
facet normal 0.00011381171625306018 0.9999999935234465 0
outer loop
vertex -80.5074462890625 -21.474761962890625 0
vertex -81.7978744506836 -21.4746150970459 0
vertex -81.7978744506836 -21.4746150970459 0.20000000298023224
endloop
endfacet
facet normal 0 0 -1
outer loop
vertex -80.50530242919922 -2.4747612476348877 0.20000000298023224
vertex -81.79865264892578 -2.9746153354644775 0.20000000298023224
vertex -81.79866790771484 -2.4746153354644775 0.20000000298023224
endloop
endfacet
facet normal 0 0 -1
outer loop
vertex -80.5074462890625 -21.474761962890625 0.20000000298023224
vertex -82.50730895996094 -20.254535675048828 0.20000000298023224
vertex -80.50530242919922 -2.4747612476348877 0.20000000298023224
endloop
endfacet
facet normal -0.00011281588375860652 -0.9999999936362882 0
outer loop
vertex -81.79866790771484 -2.4746153354644775 0
vertex -80.50530242919922 -2.4747612476348877 0
vertex -80.50530242919922 -2.4747612476348877 0.20000000298023224
endloop
endfacet
facet normal 0 0 -1
outer loop
vertex -80.5074462890625 -21.474761962890625 0.20000000298023224
vertex -81.7978744506836 -21.4746150970459 0.20000000298023224
vertex -81.79789733886719 -20.9746150970459 0.20000000298023224
endloop
endfacet
facet normal -0.00011281588375860652 -0.9999999936362882 0
outer loop
vertex -80.50530242919922 -2.4747612476348877 0.20000000298023224
vertex -81.79866790771484 -2.4746153354644775 0.20000000298023224
vertex -81.79866790771484 -2.4746153354644775 0
endloop
endfacet
facet normal 0 0 -1
outer loop
vertex -82.50738525390625 -20.97453498840332 0.20000000298023224
vertex -82.50730895996094 -20.254535675048828 0.20000000298023224
vertex -81.79789733886719 -20.9746150970459 0.20000000298023224
endloop
endfacet
facet normal 0 0 -1
outer loop
vertex -80.5074462890625 -21.474761962890625 0.20000000298023224
vertex -81.79789733886719 -20.9746150970459 0.20000000298023224
vertex -82.50730895996094 -20.254535675048828 0.20000000298023224
endloop
endfacet
facet normal 0.00011381171625306018 0.9999999935234465 0
outer loop
vertex -80.5074462890625 -21.474761962890625 0
vertex -81.7978744506836 -21.4746150970459 0.20000000298023224
vertex -80.5074462890625 -21.474761962890625 0.20000000298023224
endloop
endfacet
facet normal -0.9999999936341625 0.00011283472468042644 0
outer loop
vertex -80.50530242919922 -2.4747612476348877 0
vertex -80.5074462890625 -21.474761962890625 0.20000000298023224
vertex -80.50530242919922 -2.4747612476348877 0.20000000298023224
endloop
endfacet
facet normal -0.9999999936341625 0.00011283472468042644 0
outer loop
vertex -80.5074462890625 -21.474761962890625 0
vertex -80.5074462890625 -21.474761962890625 0.20000000298023224
vertex -80.50530242919922 -2.4747612476348877 0
endloop
endfacet
facet normal 0 0 -1
outer loop
vertex -82.50730895996094 -20.254535675048828 0.20000000298023224
vertex -82.50535583496094 -2.9745354652404785 0.20000000298023224
vertex -81.79865264892578 -2.9746153354644775 0.20000000298023224
endloop
endfacet
facet normal 0.00011262329215372452 0.999999993657997 0
outer loop
vertex -80.5098648071289 -42.901641845703125 0
vertex -81.7969741821289 -42.90149688720703 0.20000000298023224
vertex -80.5098648071289 -42.901641845703125 0.20000000298023224
endloop
endfacet
facet normal 0 0 -1
outer loop
vertex -80.50772094726562 -23.901639938354492 0.20000000298023224
vertex -81.7977523803711 -24.4014949798584 0.20000000298023224
vertex -81.79776763916016 -23.9014949798584 0.20000000298023224
endloop
endfacet
facet normal 0 0 -1
outer loop
vertex -82.50980377197266 -42.40141296386719 0.20000000298023224
vertex -82.50972747802734 -41.68141555786133 0.20000000298023224
vertex -81.7969970703125 -42.40149688720703 0.20000000298023224
endloop
endfacet
facet normal 0 0 -1
outer loop
vertex -81.7969970703125 -42.40149688720703 0.20000000298023224
vertex -82.50972747802734 -41.68141555786133 0.20000000298023224
vertex -80.5098648071289 -42.901641845703125 0.20000000298023224
endloop
endfacet
facet normal 0 0 -1
outer loop
vertex -80.5098648071289 -42.901641845703125 0.20000000298023224
vertex -81.7969741821289 -42.90149688720703 0.20000000298023224
vertex -81.7969970703125 -42.40149688720703 0.20000000298023224
endloop
endfacet
facet normal -0.9999999936341633 0.00011283471760098124 0
outer loop
vertex -80.5098648071289 -42.901641845703125 0.20000000298023224
vertex -80.50772094726562 -23.901639938354492 0
vertex -80.5098648071289 -42.901641845703125 0
endloop
endfacet
facet normal -0.0001123668593465574 -0.9999999936868444 0
outer loop
vertex -81.79776763916016 -23.9014949798584 0.20000000298023224
vertex -81.79776763916016 -23.9014949798584 0
vertex -80.50772094726562 -23.901639938354492 0.20000000298023224
endloop
endfacet
facet normal 0.00011262329215372452 0.999999993657997 0
outer loop
vertex -80.5098648071289 -42.901641845703125 0
vertex -81.7969741821289 -42.90149688720703 0
vertex -81.7969741821289 -42.90149688720703 0.20000000298023224
endloop
endfacet
facet normal 0 0 -1
outer loop
vertex -80.50772094726562 -23.901639938354492 0.20000000298023224
vertex -82.50972747802734 -41.68141555786133 0.20000000298023224
vertex -81.7977523803711 -24.4014949798584 0.20000000298023224
endloop
endfacet
facet normal 0 0 -1
outer loop
vertex -82.50972747802734 -41.68141555786133 0.20000000298023224
vertex -82.50777435302734 -24.40141487121582 0.20000000298023224
vertex -81.7977523803711 -24.4014949798584 0.20000000298023224
endloop
endfacet
facet normal -0.9999999936341633 0.00011283471760098124 0
outer loop
vertex -80.50772094726562 -23.901639938354492 0
vertex -80.5098648071289 -42.901641845703125 0.20000000298023224
vertex -80.50772094726562 -23.901639938354492 0.20000000298023224
endloop
endfacet
facet normal 0 0 -1
outer loop
vertex -82.50972747802734 -41.68141555786133 0.20000000298023224
vertex -80.50772094726562 -23.901639938354492 0.20000000298023224
vertex -80.5098648071289 -42.901641845703125 0.20000000298023224
endloop
endfacet
facet normal -0.0001123668593465574 -0.9999999936868444 0
outer loop
vertex -81.79776763916016 -23.9014949798584 0
vertex -80.50772094726562 -23.901639938354492 0
vertex -80.50772094726562 -23.901639938354492 0.20000000298023224
endloop
endfacet
facet normal -0.956941111292252 -0.2902821205633403 0
outer loop
vertex -16.649818420410156 -62.41594314575195 0
vertex -16.58437728881836 -62.631675720214844 0
vertex -16.58437728881836 -62.631675720214844 5
endloop
endfacet
facet normal -0.8819228148211526 0.4713938360839425 0
outer loop
vertex -16.649818420410156 -63.296112060546875 0
vertex -16.75609016418457 -63.49493408203125 0
vertex -16.75609016418457 -63.49493408203125 5
endloop
endfacet
facet normal -0.7730110275979483 -0.6343925844553703 0
outer loop
vertex -16.899106979370117 -62.04285430908203 0
vertex -16.75609016418457 -62.21712112426758 0
vertex -16.75609016418457 -62.21712112426758 5
endloop
endfacet
facet normal -0.8819228148211526 -0.4713938360839425 0
outer loop
vertex -16.75609016418457 -62.21712112426758 0
vertex -16.649818420410156 -62.41594314575195 0
vertex -16.649818420410156 -62.41594314575195 5
endloop
endfacet
facet normal -0.9569396854197713 0.2902868210386224 0
outer loop
vertex -16.58437728881836 -63.08038330078125 5
vertex -16.58437728881836 -63.08038330078125 0
vertex -16.649818420410156 -63.296112060546875 5
endloop
endfacet
facet normal -0.9951848503090435 0.09801588501547505 0
outer loop
vertex -16.562280654907227 -62.85602951049805 5
vertex -16.562280654907227 -62.85602951049805 0
vertex -16.58437728881836 -63.08038330078125 5
endloop
endfacet
facet normal -0.9951848503090435 -0.09801588501547505 0
outer loop
vertex -16.58437728881836 -62.631675720214844 0
vertex -16.562280654907227 -62.85602951049805 0
vertex -16.562280654907227 -62.85602951049805 5
endloop
endfacet
facet normal -0.9951848503090435 0.09801588501547505 0
outer loop
vertex -16.562280654907227 -62.85602951049805 0
vertex -16.58437728881836 -63.08038330078125 0
vertex -16.58437728881836 -63.08038330078125 5
endloop
endfacet
facet normal -0.9569396854197713 0.2902868210386224 0
outer loop
vertex -16.58437728881836 -63.08038330078125 0
vertex -16.649818420410156 -63.296112060546875 0
vertex -16.649818420410156 -63.296112060546875 5
endloop
endfacet
facet normal -0.2902821205633403 -0.956941111292252 0
outer loop
vertex -17.487926483154297 -61.728126525878906 0
vertex -17.272193908691406 -61.7935676574707 0
vertex -17.272193908691406 -61.7935676574707 5
endloop
endfacet
facet normal -0.9951848503090435 -0.09801588501547505 0
outer loop
vertex -16.58437728881836 -62.631675720214844 5
vertex -16.58437728881836 -62.631675720214844 0
vertex -16.562280654907227 -62.85602951049805 5
endloop
endfacet
facet normal -0.956941111292252 -0.2902821205633403 0
outer loop
vertex -16.649818420410156 -62.41594314575195 5
vertex -16.649818420410156 -62.41594314575195 0
vertex -16.58437728881836 -62.631675720214844 5
endloop
endfacet
facet normal -0.7730110275979483 -0.6343925844553703 0
outer loop
vertex -16.899106979370117 -62.04285430908203 5
vertex -16.899106979370117 -62.04285430908203 0
vertex -16.75609016418457 -62.21712112426758 5
endloop
endfacet
facet normal -0.6343925844553703 -0.7730110275979483 0
outer loop
vertex -17.073373794555664 -61.899837493896484 5
vertex -17.073373794555664 -61.899837493896484 0
vertex -16.899106979370117 -62.04285430908203 5
endloop
endfacet
facet normal -0.8819228148211526 -0.4713938360839425 0
outer loop
vertex -16.75609016418457 -62.21712112426758 5
vertex -16.75609016418457 -62.21712112426758 0
vertex -16.649818420410156 -62.41594314575195 5
endloop
endfacet
facet normal -0.0980242643089155 -0.9951840249957271 0
outer loop
vertex -17.7122802734375 -61.70602798461914 0
vertex -17.487926483154297 -61.728126525878906 0
vertex -17.487926483154297 -61.728126525878906 5
endloop
endfacet
facet normal -0.6343925844553703 -0.7730110275979483 0
outer loop
vertex -17.073373794555664 -61.899837493896484 0
vertex -16.899106979370117 -62.04285430908203 0
vertex -16.899106979370117 -62.04285430908203 5
endloop
endfacet
facet normal -0.8819228148211526 0.4713938360839425 0
outer loop
vertex -16.649818420410156 -63.296112060546875 5
vertex -16.649818420410156 -63.296112060546875 0
vertex -16.75609016418457 -63.49493408203125 5
endloop
endfacet
facet normal 0.9951848503090435 -0.09801588501547505 0
outer loop
vertex -18.84018325805664 -62.631675720214844 0
vertex -18.84018325805664 -62.631675720214844 5
vertex -18.862279891967773 -62.85602951049805 0
endloop
endfacet
facet normal -0.4713907728797535 -0.8819244521181102 0
outer loop
vertex -17.272193908691406 -61.7935676574707 0
vertex -17.073373794555664 -61.899837493896484 0
vertex -17.073373794555664 -61.899837493896484 5
endloop
endfacet
facet normal 0.956941111292252 -0.2902821205633403 0
outer loop
vertex -18.774742126464844 -62.41594314575195 0
vertex -18.774742126464844 -62.41594314575195 5
vertex -18.84018325805664 -62.631675720214844 0
endloop
endfacet
facet normal -0.2902821205633403 -0.956941111292252 0
outer loop
vertex -17.487926483154297 -61.728126525878906 5
vertex -17.487926483154297 -61.728126525878906 0
vertex -17.272193908691406 -61.7935676574707 5
endloop
endfacet
facet normal -0.0980242643089155 -0.9951840249957271 0
outer loop
vertex -17.7122802734375 -61.70602798461914 5
vertex -17.7122802734375 -61.70602798461914 0
vertex -17.487926483154297 -61.728126525878906 5
endloop
endfacet
facet normal 0.0980242643089155 -0.9951840249957271 0
outer loop
vertex -17.936634063720703 -61.728126525878906 0
vertex -17.7122802734375 -61.70602798461914 0
vertex -17.7122802734375 -61.70602798461914 5
endloop
endfacet
facet normal -0.4713907728797535 -0.8819244521181102 0
outer loop
vertex -17.272193908691406 -61.7935676574707 5
vertex -17.272193908691406 -61.7935676574707 0
vertex -17.073373794555664 -61.899837493896484 5
endloop
endfacet
facet normal 0.9569396854197713 0.2902868210386224 0
outer loop
vertex -18.774742126464844 -63.296112060546875 0
vertex -18.84018325805664 -63.08038330078125 0
vertex -18.84018325805664 -63.08038330078125 5
endloop
endfacet
facet normal 0.2902821205633403 -0.956941111292252 0
outer loop
vertex -18.152366638183594 -61.7935676574707 0
vertex -17.936634063720703 -61.728126525878906 0
vertex -17.936634063720703 -61.728126525878906 5
endloop
endfacet
facet normal 0.47139429023623886 -0.881922572073463 0
outer loop
vertex -18.351184844970703 -61.899837493896484 0
vertex -18.152366638183594 -61.7935676574707 0
vertex -18.152366638183594 -61.7935676574707 5
endloop
endfacet
facet normal 0.6343884354597057 -0.7730144325657748 0
outer loop
vertex -18.525453567504883 -62.04285430908203 0
vertex -18.351184844970703 -61.899837493896484 0
vertex -18.351184844970703 -61.899837493896484 5
endloop
endfacet
facet normal 0.8819228148211526 0.4713938360839425 0
outer loop
vertex -18.66847038269043 -63.49493408203125 0
vertex -18.774742126464844 -63.296112060546875 0
vertex -18.774742126464844 -63.296112060546875 5
endloop
endfacet
facet normal 0.7730110275979483 -0.6343925844553703 0
outer loop
vertex -18.66847038269043 -62.21712112426758 0
vertex -18.525453567504883 -62.04285430908203 0
vertex -18.525453567504883 -62.04285430908203 5
endloop
endfacet
facet normal 0.8819228148211526 -0.4713938360839425 0
outer loop
vertex -18.66847038269043 -62.21712112426758 0
vertex -18.66847038269043 -62.21712112426758 5
vertex -18.774742126464844 -62.41594314575195 0
endloop
endfacet
facet normal 0.0980242643089155 -0.9951840249957271 0
outer loop
vertex -17.936634063720703 -61.728126525878906 5
vertex -17.936634063720703 -61.728126525878906 0
vertex -17.7122802734375 -61.70602798461914 5
endloop
endfacet
facet normal 0.2902821205633403 -0.956941111292252 0
outer loop
vertex -18.152366638183594 -61.7935676574707 5
vertex -18.152366638183594 -61.7935676574707 0
vertex -17.936634063720703 -61.728126525878906 5
endloop
endfacet
facet normal 0.47139429023623886 -0.881922572073463 0
outer loop
vertex -18.351184844970703 -61.899837493896484 5
vertex -18.351184844970703 -61.899837493896484 0
vertex -18.152366638183594 -61.7935676574707 5
endloop
endfacet
facet normal 0.6343884354597057 -0.7730144325657748 0
outer loop
vertex -18.525453567504883 -62.04285430908203 5
vertex -18.525453567504883 -62.04285430908203 0
vertex -18.351184844970703 -61.899837493896484 5
endloop
endfacet
facet normal 0.7730110275979483 -0.6343925844553703 0
outer loop
vertex -18.66847038269043 -62.21712112426758 5
vertex -18.66847038269043 -62.21712112426758 0
vertex -18.525453567504883 -62.04285430908203 5
endloop
endfacet
facet normal 0.6343884354597057 0.7730144325657748 0
outer loop
vertex -18.351184844970703 -63.812217712402344 0
vertex -18.525453567504883 -63.6692008972168 0
vertex -18.525453567504883 -63.6692008972168 5
endloop
endfacet
facet normal 0.8819228148211526 -0.4713938360839425 0
outer loop
vertex -18.774742126464844 -62.41594314575195 5
vertex -18.774742126464844 -62.41594314575195 0
vertex -18.66847038269043 -62.21712112426758 5
endloop
endfacet
facet normal 0.7730110275979483 0.6343925844553703 0
outer loop
vertex -18.525453567504883 -63.6692008972168 0
vertex -18.66847038269043 -63.49493408203125 0
vertex -18.66847038269043 -63.49493408203125 5
endloop
endfacet
facet normal 0.956941111292252 -0.2902821205633403 0
outer loop
vertex -18.84018325805664 -62.631675720214844 5
vertex -18.84018325805664 -62.631675720214844 0
vertex -18.774742126464844 -62.41594314575195 5
endloop
endfacet
facet normal 0.9951848503090435 -0.09801588501547505 0
outer loop
vertex -18.862279891967773 -62.85602951049805 5
vertex -18.862279891967773 -62.85602951049805 0
vertex -18.84018325805664 -62.631675720214844 5
endloop
endfacet
facet normal 0.9951848503090435 0.09801588501547505 0
outer loop
vertex -18.84018325805664 -63.08038330078125 5
vertex -18.84018325805664 -63.08038330078125 0
vertex -18.862279891967773 -62.85602951049805 5
endloop
endfacet
facet normal 0.9569396854197713 0.2902868210386224 0
outer loop
vertex -18.774742126464844 -63.296112060546875 5
vertex -18.774742126464844 -63.296112060546875 0
vertex -18.84018325805664 -63.08038330078125 5
endloop
endfacet
facet normal -0.7730110275979483 0.6343925844553703 0
outer loop
vertex -16.75609016418457 -63.49493408203125 5
vertex -16.75609016418457 -63.49493408203125 0
vertex -16.899106979370117 -63.6692008972168 5
endloop
endfacet
facet normal -0.6343925844553703 0.7730110275979483 0
outer loop
vertex -16.899106979370117 -63.6692008972168 5
vertex -16.899106979370117 -63.6692008972168 0
vertex -17.073373794555664 -63.812217712402344 5
endloop
endfacet
facet normal -0.4713907728797535 0.8819244521181102 0
outer loop
vertex -17.073373794555664 -63.812217712402344 5
vertex -17.073373794555664 -63.812217712402344 0
vertex -17.272193908691406 -63.918487548828125 5
endloop
endfacet
facet normal -0.29029761574921725 0.9569364107872163 0
outer loop
vertex -17.272193908691406 -63.918487548828125 5
vertex -17.272193908691406 -63.918487548828125 0
vertex -17.487926483154297 -63.98393249511719 5
endloop
endfacet
facet normal -0.09800750570118845 0.9951856755531762 0
outer loop
vertex -17.487926483154297 -63.98393249511719 5
vertex -17.487926483154297 -63.98393249511719 0
vertex -17.7122802734375 -64.00602722167969 5
endloop
endfacet
facet normal 0.47139429023623886 0.881922572073463 0
outer loop
vertex -18.152366638183594 -63.918487548828125 5
vertex -18.152366638183594 -63.918487548828125 0
vertex -18.351184844970703 -63.812217712402344 5
endloop
endfacet
facet normal 0.09800750570118845 0.9951856755531762 0
outer loop
vertex -17.7122802734375 -64.00602722167969 5
vertex -17.7122802734375 -64.00602722167969 0
vertex -17.936634063720703 -63.98393249511719 5
endloop
endfacet
facet normal 0.29029761574921725 0.9569364107872163 0
outer loop
vertex -17.936634063720703 -63.98393249511719 5
vertex -17.936634063720703 -63.98393249511719 0
vertex -18.152366638183594 -63.918487548828125 5
endloop
endfacet
facet normal 0.7730110275979483 0.6343925844553703 0
outer loop
vertex -18.525453567504883 -63.6692008972168 5
vertex -18.525453567504883 -63.6692008972168 0
vertex -18.66847038269043 -63.49493408203125 5
endloop
endfacet
facet normal 0.6343884354597057 0.7730144325657748 0
outer loop
vertex -18.351184844970703 -63.812217712402344 5
vertex -18.351184844970703 -63.812217712402344 0
vertex -18.525453567504883 -63.6692008972168 5
endloop
endfacet
facet normal 0.8819228148211526 0.4713938360839425 0
outer loop
vertex -18.66847038269043 -63.49493408203125 5
vertex -18.66847038269043 -63.49493408203125 0
vertex -18.774742126464844 -63.296112060546875 5
endloop
endfacet
facet normal 0.09800750570118845 0.9951856755531762 0
outer loop
vertex -17.7122802734375 -64.00602722167969 0
vertex -17.936634063720703 -63.98393249511719 0
vertex -17.936634063720703 -63.98393249511719 5
endloop
endfacet
facet normal 0.47139429023623886 0.881922572073463 0
outer loop
vertex -18.152366638183594 -63.918487548828125 0
vertex -18.351184844970703 -63.812217712402344 0
vertex -18.351184844970703 -63.812217712402344 5
endloop
endfacet
facet normal 0.29029761574921725 0.9569364107872163 0
outer loop
vertex -17.936634063720703 -63.98393249511719 0
vertex -18.152366638183594 -63.918487548828125 0
vertex -18.152366638183594 -63.918487548828125 5
endloop
endfacet
facet normal -0.09800750570118845 0.9951856755531762 0
outer loop
vertex -17.487926483154297 -63.98393249511719 0
vertex -17.7122802734375 -64.00602722167969 0
vertex -17.7122802734375 -64.00602722167969 5
endloop
endfacet
facet normal -0.29029761574921725 0.9569364107872163 0
outer loop
vertex -17.272193908691406 -63.918487548828125 0
vertex -17.487926483154297 -63.98393249511719 0
vertex -17.487926483154297 -63.98393249511719 5
endloop
endfacet
facet normal -0.4713907728797535 0.8819244521181102 0
outer loop
vertex -17.073373794555664 -63.812217712402344 0
vertex -17.272193908691406 -63.918487548828125 0
vertex -17.272193908691406 -63.918487548828125 5
endloop
endfacet
facet normal -0.6343925844553703 0.7730110275979483 0
outer loop
vertex -16.899106979370117 -63.6692008972168 0
vertex -17.073373794555664 -63.812217712402344 0
vertex -17.073373794555664 -63.812217712402344 5
endloop
endfacet
facet normal -0.7730110275979483 0.6343925844553703 0
outer loop
vertex -16.75609016418457 -63.49493408203125 0
vertex -16.899106979370117 -63.6692008972168 0
vertex -16.899106979370117 -63.6692008972168 5
endloop
endfacet
facet normal 0.9951848503090435 0.09801588501547505 0
outer loop
vertex -18.84018325805664 -63.08038330078125 0
vertex -18.862279891967773 -62.85602951049805 0
vertex -18.862279891967773 -62.85602951049805 5
endloop
endfacet
facet normal 0 1 0
outer loop
vertex -20.20003890991211 18.943971633911133 5
vertex -4.454707622528076 18.943971633911133 0
vertex -20.20003890991211 18.943971633911133 0
endloop
endfacet
facet normal 1 0 0
outer loop
vertex -20.20003890991211 18.943971633911133 5
vertex -20.20003890991211 18.943971633911133 0
vertex -20.20003890991211 41.943973541259766 5
endloop
endfacet
facet normal 0 1 0
outer loop
vertex -4.454707622528076 18.943971633911133 0
vertex -20.20003890991211 18.943971633911133 5
vertex -4.454707622528076 18.943971633911133 5
endloop
endfacet
facet normal 0 -1 0
outer loop
vertex -20.20003890991211 41.943973541259766 0
vertex -7.9369354248046875 41.943973541259766 5
vertex -20.20003890991211 41.943973541259766 5
endloop
endfacet
facet normal 0 -1 0
outer loop
vertex -20.20003890991211 41.943973541259766 0
vertex -7.9369354248046875 41.943973541259766 0
vertex -7.9369354248046875 41.943973541259766 5
endloop
endfacet
facet normal 1 0 0
outer loop
vertex -20.20003890991211 18.943971633911133 0
vertex -20.20003890991211 41.943973541259766 0
vertex -20.20003890991211 41.943973541259766 5
endloop
endfacet
facet normal -0.8191520172969549 0.5735764748996679 0
outer loop
vertex 17.323354721069336 24.193971633911133 5
vertex 17.323354721069336 24.193971633911133 0
vertex 15.773650169372559 21.980764389038086 5
endloop
endfacet
facet normal 0.4226182843160559 0.9063077765095879 0
outer loop
vertex -1.4013508558273315 17.37873649597168 0
vertex -3.850038528442383 18.520578384399414 5
vertex -1.4013508558273315 17.37873649597168 5
endloop
endfacet
facet normal -0.9659257983208159 -0.25881914948143697 0
outer loop
vertex 19.16448211669922 34.63551712036133 5
vertex 18.46519660949707 37.24528503417969 0
vertex 19.16448211669922 34.63551712036133 0
endloop
endfacet
facet normal 0.70710633939074 -0.7071072229820791 0
outer loop
vertex -7.9369354248046875 41.943973541259766 5
vertex -7.9369354248046875 41.943973541259766 0
vertex -7.17374324798584 42.7071647644043 0
endloop
endfacet
facet normal -0.9961947097430542 0.0871556095724874 0
outer loop
vertex 19.399961471557617 31.943971633911133 0
vertex 19.16448211669922 29.252426147460938 5
vertex 19.399961471557617 31.943971633911133 5
endloop
endfacet
facet normal -0.7071067811865475 -0.7071067811865475 0
outer loop
vertex 15.773650169372559 41.90718078613281 5
vertex 13.86316967010498 43.81766128540039 0
vertex 15.773650169372559 41.90718078613281 0
endloop
endfacet
facet normal 0.2588187114321349 0.9659259156957171 0
outer loop
vertex 1.2084146738052368 16.679452896118164 0
vertex -1.4013508558273315 17.37873649597168 0
vertex -1.4013508558273315 17.37873649597168 5
endloop
endfacet
facet normal 0.4226182843160559 0.9063077765095879 0
outer loop
vertex -3.850038528442383 18.520578384399414 5
vertex -1.4013508558273315 17.37873649597168 0
vertex -3.850038528442383 18.520578384399414 0
endloop
endfacet
facet normal 0.5735758834003247 0.819152431468977 0
outer loop
vertex -3.850038528442383 18.520578384399414 5
vertex -3.850038528442383 18.520578384399414 0
vertex -4.454707622528076 18.943971633911133 0
endloop
endfacet
facet normal -0.4226184087453699 -0.9063077184872318 0
outer loop
vertex 9.853239059448242 46.20519256591797 5
vertex 9.853239059448242 46.20519256591797 0
vertex 11.649961471557617 45.367366790771484 0
endloop
endfacet
facet normal -0.5735765459051531 -0.8191519675783694 0
outer loop
vertex 13.86316967010498 43.81766128540039 0
vertex 13.86316967010498 43.81766128540039 5
vertex 11.649961471557617 45.367366790771484 0
endloop
endfacet
facet normal -0.9063078316724555 -0.42261816601889224 0
outer loop
vertex 18.46519660949707 37.24528503417969 5
vertex 17.323354721069336 39.693973541259766 0
vertex 18.46519660949707 37.24528503417969 0
endloop
endfacet
facet normal -0.9659257510312622 0.25881932596831364 0
outer loop
vertex 19.16448211669922 29.252426147460938 0
vertex 18.46519660949707 26.64266014099121 5
vertex 19.16448211669922 29.252426147460938 5
endloop
endfacet
facet normal -0.9063078316724555 0.42261816601889224 0
outer loop
vertex 18.46519660949707 26.64266014099121 0
vertex 17.323354721069336 24.193971633911133 5
vertex 18.46519660949707 26.64266014099121 5
endloop
endfacet
facet normal 0.5735758834003247 0.819152431468977 0
outer loop
vertex -4.454707622528076 18.943971633911133 0
vertex -4.454707622528076 18.943971633911133 5
vertex -3.850038528442383 18.520578384399414 5
endloop
endfacet
facet normal 0.70710633939074 -0.7071072229820791 0
outer loop
vertex -7.17374324798584 42.7071647644043 0
vertex -7.17374324798584 42.7071647644043 5
vertex -7.9369354248046875 41.943973541259766 5
endloop
endfacet
facet normal 0.08715626801839789 0.9961946521363709 0
outer loop
vertex 1.2084146738052368 16.679452896118164 0
vertex 1.2084146738052368 16.679452896118164 5
vertex 3.899961471557617 16.443971633911133 5
endloop
endfacet
facet normal -0.9961947097430542 -0.0871556095724874 0
outer loop
vertex 19.399961471557617 31.943971633911133 5
vertex 19.16448211669922 34.63551712036133 0
vertex 19.399961471557617 31.943971633911133 0
endloop
endfacet
facet normal -0.08715627951095085 0.9961946511308967 0
outer loop
vertex 6.591507911682129 16.679452896118164 0
vertex 3.899961471557617 16.443971633911133 5
vertex 6.591507911682129 16.679452896118164 5
endloop
endfacet
facet normal -0.9961947097430542 0.0871556095724874 0
outer loop
vertex 19.16448211669922 29.252426147460938 5
vertex 19.399961471557617 31.943971633911133 0
vertex 19.16448211669922 29.252426147460938 0
endloop
endfacet
facet normal -0.9659257510312622 0.25881932596831364 0
outer loop
vertex 18.46519660949707 26.64266014099121 5
vertex 19.16448211669922 29.252426147460938 0
vertex 18.46519660949707 26.64266014099121 0
endloop
endfacet
facet normal -0.9063078316724555 0.42261816601889224 0
outer loop
vertex 17.323354721069336 24.193971633911133 5
vertex 18.46519660949707 26.64266014099121 0
vertex 17.323354721069336 24.193971633911133 0
endloop
endfacet
facet normal -0.8191520172969549 0.5735764748996679 0
outer loop
vertex 15.773650169372559 21.980764389038086 5
vertex 17.323354721069336 24.193971633911133 0
vertex 15.773650169372559 21.980764389038086 0
endloop
endfacet
facet normal -0.9961947097430542 -0.0871556095724874 0
outer loop
vertex 19.399961471557617 31.943971633911133 5
vertex 19.16448211669922 34.63551712036133 5
vertex 19.16448211669922 34.63551712036133 0
endloop
endfacet
facet normal -0.9659257983208159 -0.25881914948143697 0
outer loop
vertex 19.16448211669922 34.63551712036133 5
vertex 18.46519660949707 37.24528503417969 5
vertex 18.46519660949707 37.24528503417969 0
endloop
endfacet
facet normal -0.7071067811865475 0.7071067811865475 0
outer loop
vertex 13.86316967010498 20.070283889770508 5
vertex 15.773650169372559 21.980764389038086 0
vertex 13.86316967010498 20.070283889770508 0
endloop
endfacet
facet normal -0.9063078316724555 -0.42261816601889224 0
outer loop
vertex 18.46519660949707 37.24528503417969 5
vertex 17.323354721069336 39.693973541259766 5
vertex 17.323354721069336 39.693973541259766 0
endloop
endfacet
facet normal -0.5735765459051531 0.8191519675783694 0
outer loop
vertex 11.649961471557617 18.520578384399414 5
vertex 13.86316967010498 20.070283889770508 0
vertex 11.649961471557617 18.520578384399414 0
endloop
endfacet
facet normal -0.5735765459051531 -0.8191519675783694 0
outer loop
vertex 13.86316967010498 43.81766128540039 5
vertex 11.649961471557617 45.367366790771484 5
vertex 11.649961471557617 45.367366790771484 0
endloop
endfacet
facet normal -0.7071067811865475 -0.7071067811865475 0
outer loop
vertex 15.773650169372559 41.90718078613281 5
vertex 13.86316967010498 43.81766128540039 5
vertex 13.86316967010498 43.81766128540039 0
endloop
endfacet
facet normal -0.4226183012156555 0.9063077686291745 0
outer loop
vertex 11.649961471557617 18.520578384399414 5
vertex 11.649961471557617 18.520578384399414 0
vertex 9.201273918151855 17.37873649597168 0
endloop
endfacet
facet normal -0.2588186673104756 0.9659259275180625 0
outer loop
vertex 6.591507911682129 16.679452896118164 0
vertex 6.591507911682129 16.679452896118164 5
vertex 9.201273918151855 17.37873649597168 0
endloop
endfacet
facet normal -0.2588186673104756 0.9659259275180625 0
outer loop
vertex 6.591507911682129 16.679452896118164 5
vertex 9.201273918151855 17.37873649597168 5
vertex 9.201273918151855 17.37873649597168 0
endloop
endfacet
facet normal -0.4226184087453699 -0.9063077184872318 0
outer loop
vertex 11.649961471557617 45.367366790771484 0
vertex 11.649961471557617 45.367366790771484 5
vertex 9.853239059448242 46.20519256591797 5
endloop
endfacet
facet normal -0.4226183012156555 0.9063077686291745 0
outer loop
vertex 11.649961471557617 18.520578384399414 5
vertex 9.201273918151855 17.37873649597168 0
vertex 9.201273918151855 17.37873649597168 5
endloop
endfacet
facet normal -0.5735765459051531 0.8191519675783694 0
outer loop
vertex 13.86316967010498 20.070283889770508 5
vertex 13.86316967010498 20.070283889770508 0
vertex 11.649961471557617 18.520578384399414 5
endloop
endfacet
facet normal -0.8191520172969549 -0.5735764748996679 0
outer loop
vertex 17.323354721069336 39.693973541259766 5
vertex 15.773650169372559 41.90718078613281 5
vertex 15.773650169372559 41.90718078613281 0
endloop
endfacet
facet normal -0.08715627951095085 0.9961946511308967 0
outer loop
vertex 3.899961471557617 16.443971633911133 5
vertex 6.591507911682129 16.679452896118164 0
vertex 3.899961471557617 16.443971633911133 0
endloop
endfacet
facet normal -0.7071067811865475 0.7071067811865475 0
outer loop
vertex 13.86316967010498 20.070283889770508 5
vertex 15.773650169372559 21.980764389038086 5
vertex 15.773650169372559 21.980764389038086 0
endloop
endfacet
facet normal 0.2588187114321349 0.9659259156957171 0
outer loop
vertex -1.4013508558273315 17.37873649597168 5
vertex 1.2084146738052368 16.679452896118164 5
vertex 1.2084146738052368 16.679452896118164 0
endloop
endfacet
facet normal 0.08715626801839789 0.9961946521363709 0
outer loop
vertex 1.2084146738052368 16.679452896118164 0
vertex 3.899961471557617 16.443971633911133 5
vertex 3.899961471557617 16.443971633911133 0
endloop
endfacet
facet normal -0.8191520172969549 -0.5735764748996679 0
outer loop
vertex 17.323354721069336 39.693973541259766 5
vertex 15.773650169372559 41.90718078613281 0
vertex 17.323354721069336 39.693973541259766 0
endloop
endfacet
endsolid auto-kdk-case
