solid auto-kdk-case
facet normal 0.6626581856324415 0.748921977921813 0
outer loop
vertex -7.423253059387207 47.032718658447266 -7.275699138641357
vertex -8.06795883178711 47.60316467285156 -7.196260929107666
vertex -7.423253059387207 47.032718658447266 -1
endloop
endfacet
facet normal 0.7730082193805912 0.6343960062689926 0
outer loop
vertex -7.423253059387207 47.032718658447266 -7.275699138641357
vertex -6.827146530151367 46.306365966796875 -1
vertex -6.827146530151367 46.306365966796875 -7.250458240509033
endloop
endfacet
facet normal 0.8627102530757138 0.5056985458136474 0
outer loop
vertex -6.827146530151367 46.306365966796875 -7.250458240509033
vertex -6.391818046569824 45.56370544433594 -1
vertex -6.391818046569824 45.56370544433594 -7.333263874053955
endloop
endfacet
facet normal 0.5373818582009352 0.8433390412381665 0
outer loop
vertex -8.860397338867188 48.10811233520508 -7.237424850463867
vertex -8.06795883178711 47.60316467285156 -1
vertex -8.06795883178711 47.60316467285156 -7.196260929107666
endloop
endfacet
facet normal 0.3968875557126903 0.917867238831633 0
outer loop
vertex -8.860397338867188 48.10811233520508 -7.237424850463867
vertex -8.92121696472168 48.1344108581543 -7.25198221206665
vertex -8.860397338867188 48.10811233520508 -1
endloop
endfacet
facet normal 0.3968873208303981 0.9178673403951513 2.712167608747204e-9
outer loop
vertex -8.92121696472168 48.1344108581543 -7.25198221206665
vertex -9.650541305541992 48.449771881103516 -7.161325454711914
vertex -8.860397338867188 48.10811233520508 -1
endloop
endfacet
facet normal 0.24399857640123832 0.969775589873332 0
outer loop
vertex -9.650541305541992 48.449771881103516 -7.161325454711914
vertex -10.591346740722656 48.68648147583008 -7.228344917297363
vertex -9.650541305541992 48.449771881103516 -1
endloop
endfacet
facet normal 0.931970249488731 0.36253476256479533 0
outer loop
vertex -6.391818046569824 45.56370544433594 -7.333263874053955
vertex -6.051164150238037 44.687984466552734 -1
vertex -6.051164150238037 44.687984466552734 -7.319390296936035
endloop
endfacet
facet normal 0.9772000192520351 0.2123208006150652 0
outer loop
vertex -6.051164150238037 44.687984466552734 -7.319390296936035
vertex -5.8683881759643555 43.846763610839844 -1
vertex -5.8683881759643555 43.846763610839844 -7.408008098602295
endloop
endfacet
facet normal 0.9985103030123432 0.054563493090148005 0
outer loop
vertex -5.8683881759643555 43.846763610839844 -7.408008098602295
vertex -5.817011833190918 42.906578063964844 -1
vertex -5.817011833190918 42.906578063964844 -7.421170234680176
endloop
endfacet
facet normal 0.9974699923343565 -0.0710872474976373 0.00046651442473131746
outer loop
vertex -5.817011833190918 42.906578063964844 -7.421170234680176
vertex -5.897763252258301 41.815643310546875 -1
vertex -5.896174907684326 41.79476547241211 -7.577447414398193
endloop
endfacet
facet normal 0.9971170934986998 0.07587820406876965 -5.7613534982845984e-8
outer loop
vertex -5.862532615661621 41.35267639160156 -1
vertex -5.866328239440918 41.402549743652344 -7.612444877624512
vertex -5.896174907684326 41.79476547241211 -7.577447414398193
endloop
endfacet
facet normal 0.9971165155321362 0.07588579875741742 0
outer loop
vertex -5.862532615661621 41.35267639160156 -7.626928329467773
vertex -5.866328239440918 41.402549743652344 -7.612444877624512
vertex -5.862532615661621 41.35267639160156 -1
endloop
endfacet
facet normal 0.0003067650289411858 0.9999999528405766 0.000014630845888188844
outer loop
vertex 68.57927703857422 45.7148551940918 -1.100000023841858
vertex 77.1672592163086 45.71221923828125 -1
vertex 70.97927856445312 45.71411895751953 -1.100000023841858
endloop
endfacet
facet normal 0.9734674862649751 0.22882537705622288 -1.6757802250102152e-7
outer loop
vertex -5.756286144256592 40.90068817138672 -1
vertex -5.82205867767334 41.18049240112305 -7.650031566619873
vertex -5.862532615661621 41.35267639160156 -7.626928329467773
endloop
endfacet
facet normal 0.052719892055456234 0.9986093395225232 -2.2632745300624214e-7
outer loop
vertex 0.9699695110321045 38.602745056152344 -7.908384799957275
vertex -3.0590925216674805 38.815452575683594 -7.907757759094238
vertex 1.041100263595581 38.59899139404297 -1
endloop
endfacet
facet normal 0.2526846507112333 0.9675486898833269 0
outer loop
vertex -3.4289348125457764 38.8585090637207 -1
vertex -3.4289348125457764 38.8585090637207 -7.902609348297119
vertex -3.74385666847229 38.94075393676758 -7.9045023918151855
endloop
endfacet
facet normal 0.28400733649779825 0.9588208820602463 -0.0015326254067837093
outer loop
vertex -3.74385666847229 38.94075393676758 -7.9045023918151855
vertex -3.9120144844055176 38.99055480957031 -7.9096808433532715
vertex -3.4289348125457764 38.8585090637207 -1
endloop
endfacet
facet normal 0.39897278548088394 0.9169627672078229 -4.433582691133805e-7
outer loop
vertex -3.9120144844055176 38.99055480957031 -7.9096808433532715
vertex -4.029163837432861 39.041526794433594 -7.890293121337891
vertex -3.878173589706421 38.975833892822266 -1
endloop
endfacet
facet normal 0.0003070014687566033 0.9999999528750481 0
outer loop
vertex 77.1672592163086 45.71221923828125 -1
vertex 70.97927856445312 45.71411895751953 -2.5
vertex 70.97927856445312 45.71411895751953 -1.100000023841858
endloop
endfacet
facet normal 0.00046759509898522774 0.9999996712238741 -0.0006625005411494089
outer loop
vertex 77.1672592163086 45.71221923828125 -1
vertex 68.7792739868164 45.71448516845703 -3.5
vertex 70.97927856445312 45.71411895751953 -2.5
endloop
endfacet
facet normal 0.3989572282288959 0.916969536050089 -3.7909883764055025e-8
outer loop
vertex -4.029163837432861 39.041526794433594 -7.890293121337891
vertex -4.303927898406982 39.16107177734375 -7.9078850746154785
vertex -3.878173589706421 38.975833892822266 -1
endloop
endfacet
facet normal -0.8758643715455944 -0.4825573488641869 -0.00008783056767694296
outer loop
vertex -61.32681655883789 -69.57557678222656 -14.79903793334961
vertex -61.08338165283203 -70.01740264892578 -14.908818244934082
vertex -61.027549743652344 -70.11874389648438 -14.888509750366211
endloop
endfacet
facet normal 0.42499208208249367 -0.9051970670341275 0
outer loop
vertex 7.076525688171387 -68.44222259521484 -1
vertex 7.496814727783203 -68.2448959350586 -3.450000047683716
vertex 7.496814727783203 -68.2448959350586 -1
endloop
endfacet
facet normal 0.5356648563190894 0.8444306731192617 0
outer loop
vertex -4.303927898406982 39.16107177734375 -7.9078850746154785
vertex -4.4115824699401855 39.22936248779297 -7.893063068389893
vertex -4.303927898406982 39.16107177734375 -1
endloop
endfacet
facet normal 0.5356712688525047 0.8444266052925665 -1.4045037781504423e-7
outer loop
vertex -4.4115824699401855 39.22936248779297 -7.893063068389893
vertex -4.696000576019287 39.409786224365234 -7.924249172210693
vertex -4.303927898406982 39.16107177734375 -1
endloop
endfacet
facet normal 0.6595563013786786 0.7516551638295831 -1.7182206635498507e-8
outer loop
vertex -4.792177677154541 39.494178771972656 -7.920196056365967
vertex -5.044999122619629 39.71602249145508 -7.929975986480713
vertex -4.696000576019287 39.409786224365234 -1
endloop
endfacet
facet normal 0.14577308581790838 0.9893180517159912 0
outer loop
vertex 78.09686279296875 45.57524490356445 -1
vertex 77.1672592163086 45.71221923828125 -7.283174514770508
vertex 77.1672592163086 45.71221923828125 -1
endloop
endfacet
facet normal 0.6595556028833994 0.7516557767390041 0
outer loop
vertex -4.696000576019287 39.409786224365234 -7.924249172210693
vertex -4.792177677154541 39.494178771972656 -7.920196056365967
vertex -4.696000576019287 39.409786224365234 -1
endloop
endfacet
facet normal 0.11561176149299286 0.9932944782915523 0
outer loop
vertex -3.0590925216674805 38.815452575683594 -7.907757759094238
vertex -3.161447286605835 38.82736587524414 -7.9098992347717285
vertex -3.0590925216674805 38.815452575683594 -1
endloop
endfacet
facet normal -0.9843794085621757 -0.17606016016913448 0
outer loop
vertex -61.84934616088867 -67.79766082763672 -1
vertex -61.84934616088867 -67.79766082763672 -14.779831886291504
vertex -61.74016189575195 -68.40812683105469 -14.721495628356934
endloop
endfacet
facet normal -0.9931048042556204 -0.06695480988143007 0.09622838041943439
outer loop
vertex -61.84934616088867 -67.79766082763672 -14.779831886291504
vertex -61.89381408691406 -47.333526611328125 -1
vertex -61.89299011230469 -67.08352661132812 -14.733362197875977
endloop
endfacet
facet normal -0.8182365848084153 -0.5748816324088474 0
outer loop
vertex -61.027549743652344 -70.11874389648438 -14.888509750366211
vertex -60.67103576660156 -70.62617492675781 -14.825549125671387
vertex -61.027549743652344 -70.11874389648438 -1
endloop
endfacet
facet normal -0.6747307157015556 -0.7380639953885209 0
outer loop
vertex -59.80378723144531 -71.51029968261719 -14.884272575378418
vertex -60.261497497558594 -71.09186553955078 -1
vertex -60.261497497558594 -71.09186553955078 -14.82413101196289
endloop
endfacet
facet normal -0.5905874559203264 -0.806973640773814 -0.000002410834834195488
outer loop
vertex -59.34978485107422 -71.84252166748047 -14.989400863647461
vertex -59.303321838378906 -71.87652587890625 -14.977025985717773
vertex -59.80378723144531 -71.51029968261719 -1
endloop
endfacet
facet normal -0.5905390770519023 -0.8070090448530842 0
outer loop
vertex -59.34978485107422 -71.84252166748047 -14.989400863647461
vertex -59.80378723144531 -71.51029968261719 -1
vertex -59.80378723144531 -71.51029968261719 -14.884272575378418
endloop
endfacet
facet normal -0.4022652627057436 -0.9155231610507073 0
outer loop
vertex -58.19826126098633 -72.4356689453125 -14.88694953918457
vertex -58.76602554321289 -72.18620300292969 -1
vertex -58.76602554321289 -72.18620300292969 -14.902278900146484
endloop
endfacet
facet normal -0.30040236477809107 -0.9538125702860759 0
outer loop
vertex -58.19826126098633 -72.4356689453125 -14.88694953918457
vertex -57.606754302978516 -72.62196350097656 -14.931221961975098
vertex -58.19826126098633 -72.4356689453125 -1
endloop
endfacet
facet normal -0.19499090848486356 -0.9808050497465066 0
outer loop
vertex -57.606754302978516 -72.62196350097656 -14.931221961975098
vertex -57.031192779541016 -72.73638916015625 -15.029016494750977
vertex -57.606754302978516 -72.62196350097656 -1
endloop
endfacet
facet normal -0.19503734925168004 -0.9807958158520842 -0.0000019806173130514197
outer loop
vertex -57.031192779541016 -72.73638916015625 -15.029016494750977
vertex -56.998504638671875 -72.74288940429688 -15.027043342590332
vertex -57.606754302978516 -72.62196350097656 -1
endloop
endfacet
facet normal -0.08727408415127862 -0.9961843374775352 0
outer loop
vertex -56.38072204589844 -72.79701232910156 -14.980218887329102
vertex -56.998504638671875 -72.74288940429688 -1
vertex -56.998504638671875 -72.74288940429688 -15.027043342590332
endloop
endfacet
facet normal -0.4993576358863689 -0.866395955370278 0
outer loop
vertex -58.76602554321289 -72.18620300292969 -14.902278900146484
vertex -59.303321838378906 -71.87652587890625 -1
vertex -59.303321838378906 -71.87652587890625 -14.977025985717773
endloop
endfacet
facet normal -0.7509289750050132 -0.6603829756269616 0
outer loop
vertex -60.261497497558594 -71.09186553955078 -14.82413101196289
vertex -60.67103576660156 -70.62617492675781 -1
vertex -60.67103576660156 -70.62617492675781 -14.825549125671387
endloop
endfacet
facet normal -0.8758582600678051 -0.4825684493115949 0
outer loop
vertex -61.32681655883789 -69.57557678222656 -14.79903793334961
vertex -61.027549743652344 -70.11874389648438 -14.888509750366211
vertex -61.32681655883789 -69.57557678222656 -1
endloop
endfacet
facet normal -0.9231038552246285 -0.38455074108552706 0
outer loop
vertex -61.5652961730957 -69.00311279296875 -14.727923393249512
vertex -61.32681655883789 -69.57557678222656 -14.79903793334961
vertex -61.5652961730957 -69.00311279296875 -1
endloop
endfacet
facet normal -0.9594222930060179 -0.28197316128148553 0
outer loop
vertex -61.74016189575195 -68.40812683105469 -14.721495628356934
vertex -61.5652961730957 -69.00311279296875 -14.727923393249512
vertex -61.74016189575195 -68.40812683105469 -1
endloop
endfacet
facet normal -0.000019709269201900606 -0.9999999998057482 2.199390635848426e-7
outer loop
vertex -56.38072204589844 -72.79701232910156 -14.980218887329102
vertex -41.172576904296875 -72.79730987548828 -5
vertex -53.172576904296875 -72.79707336425781 -5
endloop
endfacet
facet normal 0.11564735258041282 0.9932903351190205 -5.343458879533221e-7
outer loop
vertex -3.161447286605835 38.82736587524414 -7.9098992347717285
vertex -3.4289348125457764 38.8585090637207 -7.902609348297119
vertex -3.0590925216674805 38.815452575683594 -1
endloop
endfacet
facet normal 0.28022765779087555 -0.9599335705188354 0
outer loop
vertex 7.496814727783203 -68.2448959350586 -1
vertex 7.942518711090088 -68.11478424072266 -3.450000047683716
vertex 7.942518711090088 -68.11478424072266 -1
endloop
endfacet
facet normal 0.926501546193122 0.37629095777263327 -5.553770537446908e-7
outer loop
vertex -5.742866039276123 40.867645263671875 -7.688443660736084
vertex -5.756286144256592 40.90068817138672 -7.689565181732178
vertex -5.581568241119385 40.47050857543945 -1
endloop
endfacet
facet normal 0.12874332962350746 -0.9916779492745883 0
outer loop
vertex 7.942518711090088 -68.11478424072266 -1
vertex 8.402960777282715 -68.05500793457031 -3.450000047683716
vertex 8.402960777282715 -68.05500793457031 -1
endloop
endfacet
facet normal -0.6771116584849423 0.7358802564009754 -0.00022401563700802436
outer loop
vertex -70.76127624511719 66.50182342529297 -5.938388824462891
vertex -71.31689453125 65.99054718017578 -6.038717269897461
vertex -71.39474487304688 65.9189224243164 -6.011351585388184
endloop
endfacet
facet normal 0.6807554971042726 -0.7325107188037009 0
outer loop
vertex 6.35161018371582 -69.01811218261719 -1
vertex 6.691718578338623 -68.70203399658203 -3.450000047683716
vertex 6.691718578338623 -68.70203399658203 -1
endloop
endfacet
facet normal 0.8050827905716257 0.5931624569419445 0
outer loop
vertex 81.63959503173828 43.04587936401367 -1
vertex 81.12897491455078 43.738929748535156 -7.48723840713501
vertex 81.12897491455078 43.738929748535156 -1
endloop
endfacet
facet normal 0.5806866888351505 0.8141271211606051 6.438154854299151e-7
outer loop
vertex 80.46015930175781 44.39894104003906 -1
vertex 79.75932312011719 44.898826599121094 -7.445002555847168
vertex 79.86927032470703 44.82040023803711 -1
endloop
endfacet
facet normal -0.8657198647084482 0.5005288361814794 0
outer loop
vertex -81.66354370117188 48.4304313659668 -7.151508808135986
vertex -71.9781723022461 65.1823501586914 -1
vertex -71.9781723022461 65.1823501586914 -5.924243927001953
endloop
endfacet
facet normal 0.7856359153331456 -0.618689104913486 0
outer loop
vertex 6.064348220825195 -69.38288879394531 -1
vertex 6.35161018371582 -69.01811218261719 -3.450000047683716
vertex 6.35161018371582 -69.01811218261719 -1
endloop
endfacet
facet normal 0.8644309964349725 -0.502751481750617 0
outer loop
vertex 5.582521438598633 -70.21134185791016 -1
vertex 6.064348220825195 -69.38288879394531 -3.450000047683716
vertex 6.064348220825195 -69.38288879394531 -1
endloop
endfacet
facet normal 0.8070068288490543 -0.5905421053498162 0
outer loop
vertex 5.216296672821045 -70.71180725097656 -1
vertex 5.582521438598633 -70.21134185791016 -3.450000047683716
vertex 5.582521438598633 -70.21134185791016 -1
endloop
endfacet
facet normal 0.7380636124774936 -0.6747311345540966 -1.1592501192607006e-7
outer loop
vertex 4.7978620529174805 -71.16951751708984 -1
vertex 4.907009124755859 -71.05012512207031 -3.450000047683716
vertex 5.216296672821045 -70.71180725097656 -1
endloop
endfacet
facet normal 0.9264982852290636 0.37629898680119306 0
outer loop
vertex -5.581568241119385 40.47050857543945 -1
vertex -5.581568241119385 40.47050857543945 -7.765465259552002
vertex -5.742866039276123 40.867645263671875 -7.688443660736084
endloop
endfacet
facet normal 0.9734666225020028 0.22882905164017794 -4.4245094322567086e-9
outer loop
vertex -5.756286144256592 40.90068817138672 -1
vertex -5.788508415222168 41.03776550292969 -7.669182300567627
vertex -5.82205867767334 41.18049240112305 -7.650031566619873
endloop
endfacet
facet normal 0.9734665745502518 0.22882925563266426 0
outer loop
vertex -5.756286144256592 40.90068817138672 -7.689565181732178
vertex -5.788508415222168 41.03776550292969 -7.669182300567627
vertex -5.756286144256592 40.90068817138672 -1
endloop
endfacet
facet normal 0.8573371086381041 0.5147553614602322 3.731982195814877e-8
outer loop
vertex -5.387070655822754 40.146568298339844 -7.845459461212158
vertex -5.581568241119385 40.47050857543945 -7.765465259552002
vertex -5.342564105987549 40.07244110107422 -1
endloop
endfacet
facet normal 0.8573386295945892 0.514752828263111 0
outer loop
vertex -5.342564105987549 40.07244110107422 -7.868503093719482
vertex -5.387070655822754 40.146568298339844 -7.845459461212158
vertex -5.342564105987549 40.07244110107422 -1
endloop
endfacet
facet normal 0.7676389443204239 0.6408825564505756 0
outer loop
vertex -5.044999122619629 39.71602249145508 -7.929975986480713
vertex -5.342564105987549 40.07244110107422 -7.868503093719482
vertex -5.044999122619629 39.71602249145508 -1
endloop
endfacet
facet normal 0.10548229719608392 0.9944211808776949 2.179502832077203e-7
outer loop
vertex -10.591346740722656 48.68648147583008 -7.228344917297363
vertex -28.541494369506836 50.59052658081055 -7.11293363571167
vertex -10.56071949005127 48.683231353759766 -1
endloop
endfacet
facet normal 0.6626556173138733 0.7489242494817453 -0.000037156075564352235
outer loop
vertex -7.498762607574463 47.09952926635742 -7.295665740966797
vertex -8.06795883178711 47.60316467285156 -7.196260929107666
vertex -7.423253059387207 47.032718658447266 -7.275699138641357
endloop
endfacet
facet normal -0.000019690101168511773 -0.9999999998061317 1.907302619281315e-7
outer loop
vertex -41.172576904296875 -72.79730987548828 -5
vertex -56.38072204589844 -72.79701232910156 -14.980218887329102
vertex 0.9648827314376831 -72.79814147949219 -15.030713081359863
endloop
endfacet
facet normal 0.8627096623559911 0.5056995534209731 -0.00001214249877728931
outer loop
vertex -6.391818046569824 45.56370544433594 -7.333263874053955
vertex -6.454522609710693 45.670677185058594 -7.355580806732178
vertex -6.827146530151367 46.306365966796875 -7.250458240509033
endloop
endfacet
facet normal 0.37842023060555385 0.9256339066112685 -2.9424931774789744e-8
outer loop
vertex -29.187360763549805 50.72344970703125 -1
vertex -29.73406982421875 50.946956634521484 -7.061697006225586
vertex -29.518468856811523 50.85881423950195 -1
endloop
endfacet
facet normal 0.24165497139902506 0.9703622389593157 0
outer loop
vertex -29.187360763549805 50.72344970703125 -7.122109413146973
vertex -29.187360763549805 50.72344970703125 -1
vertex -28.73681640625 50.61124801635742 -1
endloop
endfacet
facet normal 0.6603803423484526 -0.7509312907581762 0
outer loop
vertex 4.507812976837158 -71.42459106445312 -1
vertex 4.7978620529174805 -71.16951751708984 -3.471710681915283
vertex 4.7978620529174805 -71.16951751708984 -1
endloop
endfacet
facet normal 0.7676389443204238 0.6408825564505755 0
outer loop
vertex -5.044999122619629 39.71602249145508 -1
vertex -5.342564105987549 40.07244110107422 -7.868503093719482
vertex -5.342564105987549 40.07244110107422 -1
endloop
endfacet
facet normal 0.8573373885574954 0.5147548952476453 0
outer loop
vertex -5.581568241119385 40.47050857543945 -7.765465259552002
vertex -5.581568241119385 40.47050857543945 -1
vertex -5.342564105987549 40.07244110107422 -1
endloop
endfacet
facet normal 0.6603883350516121 -0.7509242617767742 0.0000016632947445915212
outer loop
vertex 4.33217191696167 -71.57905578613281 -1
vertex 4.7978620529174805 -71.16951751708984 -3.471710681915283
vertex 4.507812976837158 -71.42459106445312 -1
endloop
endfacet
facet normal -0.885149215827222 0.46530728096651797 0
outer loop
vertex -81.872802734375 48.0323600769043 -7.157268524169922
vertex -81.66354370117188 48.4304313659668 -1
vertex -81.66354370117188 48.4304313659668 -7.151508808135986
endloop
endfacet
facet normal 0.9772004545484025 0.21231879623198363 0.000019924784134882915
outer loop
vertex -5.8683881759643555 43.846763610839844 -7.408008098602295
vertex -5.8967461585998535 43.9772834777832 -7.427456855773926
vertex -6.051164150238037 44.687984466552734 -7.319390296936035
endloop
endfacet
facet normal 0.9264985352067374 0.3762983713222391 0
outer loop
vertex -5.581568241119385 40.47050857543945 -1
vertex -5.756286144256592 40.90068817138672 -7.689565181732178
vertex -5.756286144256592 40.90068817138672 -1
endloop
endfacet
facet normal -0.9343972118125217 0.35623286001853555 0
outer loop
vertex -81.872802734375 48.0323600769043 -7.157268524169922
vertex -82.2082290649414 47.15253829956055 -7.064700126647949
vertex -81.872802734375 48.0323600769043 -1
endloop
endfacet
facet normal -0.9790887787226333 0.20343343722068483 0
outer loop
vertex -82.2082290649414 47.15253829956055 -7.064700126647949
vertex -82.38335418701172 46.3096923828125 -7.121430397033691
vertex -82.2082290649414 47.15253829956055 -1
endloop
endfacet
facet normal -0.9988561843331769 0.04781551023848219 0
outer loop
vertex -82.38335418701172 46.3096923828125 -7.121430397033691
vertex -82.42828369140625 45.371124267578125 -7.281306743621826
vertex -82.38335418701172 46.3096923828125 -1
endloop
endfacet
facet normal -0.9938039831985525 -0.11114694318194872 0
outer loop
vertex -82.42828369140625 45.371124267578125 -7.281306743621826
vertex -82.33260345458984 44.5156135559082 -7.268379211425781
vertex -82.42828369140625 45.371124267578125 -1
endloop
endfacet
facet normal 0.1156375130954485 0.9932914806667276 0
outer loop
vertex -3.0590925216674805 38.815452575683594 -1
vertex -3.4289348125457764 38.8585090637207 -7.902609348297119
vertex -3.4289348125457764 38.8585090637207 -1
endloop
endfacet
facet normal -0.9641938544586414 -0.26519843706965623 0
outer loop
vertex -82.33260345458984 44.5156135559082 -7.268379211425781
vertex -82.11515045166016 43.72500991821289 -7.380900859832764
vertex -82.33260345458984 44.5156135559082 -1
endloop
endfacet
facet normal -0.9099579589206674 -0.41470051000322256 0
outer loop
vertex -82.08341217041016 43.609615325927734 -7.3608012199401855
vertex -81.7264175415039 42.82627868652344 -7.344374656677246
vertex -82.08341217041016 43.609615325927734 -1
endloop
endfacet
facet normal -0.999997639111567 -0.0021729637116111394 0
outer loop
vertex -61.84934616088867 -67.79766082763672 -14.779831886291504
vertex -61.84934616088867 -67.79766082763672 -1
vertex -61.89381408691406 -47.333526611328125 -1
endloop
endfacet
facet normal -0.9999999991373034 -0.000041537017977139057 -2.634827192006326e-7
outer loop
vertex -61.89299011230469 -67.08352661132812 -14.733362197875977
vertex -61.89381408691406 -47.333526611328125 -1
vertex -61.89402770996094 -42.19057083129883 -1
endloop
endfacet
facet normal -0.9999999991312826 -0.00004168254569549697 2.993766840446641e-10
outer loop
vertex -61.89299011230469 -67.08352661132812 -14.733362197875977
vertex -61.89402770996094 -42.19057083129883 -1
vertex -61.89488220214844 -21.690570831298828 -1
endloop
endfacet
facet normal -0.000019025060757844717 -0.9999999998190235 0
outer loop
vertex -56.38072204589844 -72.79701232910156 -14.980218887329102
vertex -53.172576904296875 -72.79707336425781 -5
vertex -56.38072204589844 -72.79701232910156 -1
endloop
endfacet
facet normal -0.8758582600678049 -0.4825684493115948 0
outer loop
vertex -61.32681655883789 -69.57557678222656 -1
vertex -61.027549743652344 -70.11874389648438 -14.888509750366211
vertex -61.027549743652344 -70.11874389648438 -1
endloop
endfacet
facet normal -0.6747307157015556 -0.7380639953885209 0
outer loop
vertex -60.261497497558594 -71.09186553955078 -1
vertex -59.80378723144531 -71.51029968261719 -14.884272575378418
vertex -59.80378723144531 -71.51029968261719 -1
endloop
endfacet
facet normal -0.5905436076199592 -0.8070057295330707 0
outer loop
vertex -59.80378723144531 -71.51029968261719 -1
vertex -59.303321838378906 -71.87652587890625 -14.977025985717773
vertex -59.303321838378906 -71.87652587890625 -1
endloop
endfacet
facet normal -0.8182365848084152 -0.5748816324088473 0
outer loop
vertex -61.027549743652344 -70.11874389648438 -1
vertex -60.67103576660156 -70.62617492675781 -14.825549125671387
vertex -60.67103576660156 -70.62617492675781 -1
endloop
endfacet
facet normal -0.7509289750050132 -0.6603829756269616 0
outer loop
vertex -60.67103576660156 -70.62617492675781 -1
vertex -60.261497497558594 -71.09186553955078 -14.82413101196289
vertex -60.261497497558594 -71.09186553955078 -1
endloop
endfacet
facet normal -0.49936835097172744 -0.8663897795148426 0
outer loop
vertex -58.76602554321289 -72.18620300292969 -14.902278900146484
vertex -58.76602554321289 -72.18620300292969 -1
vertex -58.98313522338867 -72.06106567382812 -1
endloop
endfacet
facet normal -0.40226526270574353 -0.9155231610507071 0
outer loop
vertex -58.76602554321289 -72.18620300292969 -1
vertex -58.19826126098633 -72.4356689453125 -14.88694953918457
vertex -58.19826126098633 -72.4356689453125 -1
endloop
endfacet
facet normal -0.3004023647780911 -0.9538125702860759 0
outer loop
vertex -58.19826126098633 -72.4356689453125 -1
vertex -57.606754302978516 -72.62196350097656 -14.931221961975098
vertex -57.606754302978516 -72.62196350097656 -1
endloop
endfacet
facet normal -0.19499341048727115 -0.9808045523275992 0
outer loop
vertex -57.606754302978516 -72.62196350097656 -1
vertex -56.998504638671875 -72.74288940429688 -15.027043342590332
vertex -56.998504638671875 -72.74288940429688 -1
endloop
endfacet
facet normal -0.4993503701532048 -0.8664001430215241 3.740876832024201e-7
outer loop
vertex -59.303321838378906 -71.87652587890625 -1
vertex -58.76602554321289 -72.18620300292969 -14.902278900146484
vertex -58.98313522338867 -72.06106567382812 -1
endloop
endfacet
facet normal -0.9231038552246287 -0.3845507410855271 0
outer loop
vertex -61.5652961730957 -69.00311279296875 -1
vertex -61.32681655883789 -69.57557678222656 -14.79903793334961
vertex -61.32681655883789 -69.57557678222656 -1
endloop
endfacet
facet normal -0.959422293006018 -0.28197316128148553 0
outer loop
vertex -61.74016189575195 -68.40812683105469 -1
vertex -61.5652961730957 -69.00311279296875 -14.727923393249512
vertex -61.5652961730957 -69.00311279296875 -1
endloop
endfacet
facet normal -0.9843798786172014 -0.1760575319990135 0
outer loop
vertex -61.84292984008789 -67.83352661132812 -1
vertex -61.74016189575195 -68.40812683105469 -14.721495628356934
vertex -61.74016189575195 -68.40812683105469 -1
endloop
endfacet
facet normal -0.9843718769853781 -0.17610226516585895 0.0000019331710967033
outer loop
vertex -61.84292984008789 -67.83352661132812 -1
vertex -61.84934616088867 -67.79766082763672 -1
vertex -61.74016189575195 -68.40812683105469 -14.721495628356934
endloop
endfacet
facet normal -0.08727408415127862 -0.9961843374775351 0
outer loop
vertex -56.998504638671875 -72.74288940429688 -1
vertex -56.38072204589844 -72.79701232910156 -14.980218887329102
vertex -56.38072204589844 -72.79701232910156 -1
endloop
endfacet
facet normal 0.7024063328414929 0.711776189250642 0
outer loop
vertex 81.12897491455078 43.738929748535156 -1
vertex 80.46015930175781 44.39894104003906 -7.402683258056641
vertex 80.46015930175781 44.39894104003906 -1
endloop
endfacet
facet normal 0.8889351373827297 0.4580331009068531 0
outer loop
vertex 82.06998443603516 42.210594177246094 -1
vertex 81.63959503173828 43.04587936401367 -7.459041595458984
vertex 81.63959503173828 43.04587936401367 -1
endloop
endfacet
facet normal 0.9496295326475257 0.3133747767827555 0
outer loop
vertex 82.33975219726562 41.39310836791992 -1
vertex 82.06998443603516 42.210594177246094 -7.5479326248168945
vertex 82.06998443603516 42.210594177246094 -1
endloop
endfacet
facet normal 0.9873253621345414 0.15870926023990195 0
outer loop
vertex 82.44086456298828 40.76409149169922 -1
vertex 82.33975219726562 41.39310836791992 -7.529348850250244
vertex 82.33975219726562 41.39310836791992 -1
endloop
endfacet
facet normal 0.5807117021063315 0.8141092795422291 0
outer loop
vertex 79.75932312011719 44.898826599121094 -7.445002555847168
vertex 79.75932312011719 44.898826599121094 -1
vertex 79.86927032470703 44.82040023803711 -1
endloop
endfacet
facet normal 0.4462162498475911 0.8949251691465339 0
outer loop
vertex 79.75932312011719 44.898826599121094 -1
vertex 78.91841125488281 45.318111419677734 -7.365211486816406
vertex 78.91841125488281 45.318111419677734 -1
endloop
endfacet
facet normal 0.29868039183905504 0.9543529607717325 -0.000670669140847908
outer loop
vertex 78.91841125488281 45.318111419677734 -1
vertex 78.06947326660156 45.579280853271484 -7.431351184844971
vertex 78.82332611083984 45.347869873046875 -1
endloop
endfacet
facet normal 0.2987000560986505 0.9543468045183258 -0.0006731956056908736
outer loop
vertex 78.06947326660156 45.579280853271484 -7.431351184844971
vertex 78.09686279296875 45.57524490356445 -1
vertex 78.82332611083984 45.347869873046875 -1
endloop
endfacet
facet normal 0.0001525902053225833 0.9999999105815496 0.00039440223390171047
outer loop
vertex 70.77924346923828 45.71417999267578 -3.5
vertex 68.7792739868164 45.71448516845703 -3.5
vertex 77.1672592163086 45.71221923828125 -1
endloop
endfacet
facet normal 0.5356695001544365 0.8444277272829783 0
outer loop
vertex -4.303927898406982 39.16107177734375 -1
vertex -4.696000576019287 39.409786224365234 -7.924249172210693
vertex -4.696000576019287 39.409786224365234 -1
endloop
endfacet
facet normal 0.0003069426219034383 0.9999999528931123 0
outer loop
vertex 77.1672592163086 45.71221923828125 -7.283174514770508
vertex 70.77924346923828 45.71417999267578 -3.5
vertex 77.1672592163086 45.71221923828125 -1
endloop
endfacet
facet normal 0.6595561086153193 0.7516553329739749 0
outer loop
vertex -4.696000576019287 39.409786224365234 -1
vertex -5.044999122619629 39.71602249145508 -7.929975986480713
vertex -5.044999122619629 39.71602249145508 -1
endloop
endfacet
facet normal 0.9873262352052278 0.15870382879811987 -5.367681932887909e-7
outer loop
vertex 82.44086456298828 40.76409149169922 -1
vertex 82.48918914794922 40.46345520019531 -1
vertex 82.33975219726562 41.39310836791992 -7.529348850250244
endloop
endfacet
facet normal 0.9992144512935532 0.03962928621768659 0
outer loop
vertex 82.50701141357422 40.01408386230469 -1
vertex 82.48918914794922 40.46345520019531 -7.632416248321533
vertex 82.48918914794922 40.46345520019531 -1
endloop
endfacet
facet normal 0.9999999873962555 -0.000158768663940376 0
outer loop
vertex 82.50701141357422 40.01408386230469 -7.644411087036133
vertex 82.50701141357422 40.01408386230469 -1
vertex 82.50387573242188 20.264083862304688 -1
endloop
endfacet
facet normal -0.000019025060757844717 -0.9999999998190235 0
outer loop
vertex -56.38072204589844 -72.79701232910156 -1
vertex -53.172576904296875 -72.79707336425781 -5
vertex -53.172576904296875 -72.79707336425781 -4
endloop
endfacet
facet normal -0.000020435883772751253 -0.9999999997900492 -0.0000015087083342335073
outer loop
vertex -56.38072204589844 -72.79701232910156 -1
vertex -53.172576904296875 -72.79707336425781 -4
vertex -47.57257843017578 -72.79718780517578 -4
endloop
endfacet
facet normal 0.0003067650143598325 0.9999999053079336 -0.0003086735330276957
outer loop
vertex 68.7792739868164 45.71448516845703 -3.5
vertex 68.57927703857422 45.7148551940918 -2.5
vertex 70.97927856445312 45.71411895751953 -2.5
endloop
endfacet
facet normal 0.00030696350163999435 0.9999999528837896 -0.0000024139489102846967
outer loop
vertex 68.57927703857422 45.7148551940918 -1.100000023841858
vertex 38.816917419433594 45.72399139404297 -1
vertex 77.1672592163086 45.71221923828125 -1
endloop
endfacet
facet normal 0.0003069716123864386 0.9999999528842135 0
outer loop
vertex 68.57927703857422 45.7148551940918 -2.5
vertex 38.816917419433594 45.72399139404297 -7.423888206481934
vertex 68.57927703857422 45.7148551940918 -1.100000023841858
endloop
endfacet
facet normal 0.0003069716123864386 0.9999999528842136 0
outer loop
vertex 38.816917419433594 45.72399139404297 -7.423888206481934
vertex 38.816917419433594 45.72399139404297 -1
vertex 68.57927703857422 45.7148551940918 -1.100000023841858
endloop
endfacet
facet normal 0.3989567110408484 0.9169697610692892 0
outer loop
vertex -3.878173589706421 38.975833892822266 -1
vertex -4.303927898406982 39.16107177734375 -7.9078850746154785
vertex -4.303927898406982 39.16107177734375 -1
endloop
endfacet
facet normal 0.2526881933751593 0.9675474139964229 0.0008237703761659291
outer loop
vertex -3.4289348125457764 38.8585090637207 -1
vertex -3.9120144844055176 38.99055480957031 -7.9096808433532715
vertex -3.878173589706421 38.975833892822266 -1
endloop
endfacet
facet normal 0.052719511812378224 0.9986093595967667 0
outer loop
vertex 1.041100263595581 38.59899139404297 -1
vertex -3.0590925216674805 38.815452575683594 -7.907757759094238
vertex -3.0590925216674805 38.815452575683594 -1
endloop
endfacet
facet normal 0.9734669389594777 0.22882770538740443 0
outer loop
vertex -5.756286144256592 40.90068817138672 -1
vertex -5.862532615661621 41.35267639160156 -7.626928329467773
vertex -5.862532615661621 41.35267639160156 -1
endloop
endfacet
facet normal 0.9971170981378578 0.07587814310546938 -6.17347813543297e-8
outer loop
vertex -5.862532615661621 41.35267639160156 -1
vertex -5.896174907684326 41.79476547241211 -7.577447414398193
vertex -5.897763252258301 41.815643310546875 -1
endloop
endfacet
facet normal 0.1457728929317052 0.9893180801371825 2.9157343589444502e-8
outer loop
vertex 78.06947326660156 45.579280853271484 -7.431351184844971
vertex 77.1672592163086 45.71221923828125 -7.283174514770508
vertex 78.09686279296875 45.57524490356445 -1
endloop
endfacet
facet normal 0.5806906130268658 0.8141243221661435 0
outer loop
vertex 80.46015930175781 44.39894104003906 -7.402683258056641
vertex 79.75932312011719 44.898826599121094 -7.445002555847168
vertex 80.46015930175781 44.39894104003906 -1
endloop
endfacet
facet normal 0.7024063328414929 0.7117761892506421 0
outer loop
vertex 80.46015930175781 44.39894104003906 -7.402683258056641
vertex 81.12897491455078 43.738929748535156 -1
vertex 81.12897491455078 43.738929748535156 -7.48723840713501
endloop
endfacet
facet normal 0.8889351373827297 0.4580331009068531 0
outer loop
vertex 81.63959503173828 43.04587936401367 -7.459041595458984
vertex 82.06998443603516 42.210594177246094 -1
vertex 82.06998443603516 42.210594177246094 -7.5479326248168945
endloop
endfacet
facet normal 0.8050827905716256 0.5931624569419444 0
outer loop
vertex 81.12897491455078 43.738929748535156 -7.48723840713501
vertex 81.63959503173828 43.04587936401367 -1
vertex 81.63959503173828 43.04587936401367 -7.459041595458984
endloop
endfacet
facet normal 0.9496295326475257 0.3133747767827555 0
outer loop
vertex 82.33975219726562 41.39310836791992 -7.529348850250244
vertex 82.06998443603516 42.210594177246094 -7.5479326248168945
vertex 82.33975219726562 41.39310836791992 -1
endloop
endfacet
facet normal 0.446219523076587 0.8949235370829239 -5.399343926375065e-7
outer loop
vertex 78.91841125488281 45.318111419677734 -7.365211486816406
vertex 79.75932312011719 44.898826599121094 -1
vertex 79.69342803955078 44.931678771972656 -7.461329936981201
endloop
endfacet
facet normal 0.44617712001969295 0.894944678497466 0
outer loop
vertex 79.75932312011719 44.898826599121094 -7.445002555847168
vertex 79.69342803955078 44.931678771972656 -7.461329936981201
vertex 79.75932312011719 44.898826599121094 -1
endloop
endfacet
facet normal 0.2940423893272651 0.9557923797973663 0
outer loop
vertex 78.91841125488281 45.318111419677734 -7.365211486816406
vertex 78.06947326660156 45.579280853271484 -7.431351184844971
vertex 78.91841125488281 45.318111419677734 -1
endloop
endfacet
facet normal 0.0003069426219034383 0.9999999528931123 0
outer loop
vertex 77.1672592163086 45.71221923828125 -7.283174514770508
vertex 70.77924346923828 45.71417999267578 -7.306960105895996
vertex 70.77924346923828 45.71417999267578 -3.5
endloop
endfacet
facet normal -0.00001907347852898987 -0.9999999998181012 0
outer loop
vertex -46.772579193115234 -72.79720306396484 -1.6665157079696655
vertex -46.772579193115234 -72.79720306396484 -4
vertex -41.172576904296875 -72.79730987548828 -4
endloop
endfacet
facet normal 0.9873256444760287 0.15870750379233717 0
outer loop
vertex 82.48918914794922 40.46345520019531 -1
vertex 82.48918914794922 40.46345520019531 -7.632416248321533
vertex 82.33975219726562 41.39310836791992 -7.529348850250244
endloop
endfacet
facet normal 0.9992144512935532 0.03962928621768659 0
outer loop
vertex 82.48918914794922 40.46345520019531 -7.632416248321533
vertex 82.50701141357422 40.01408386230469 -1
vertex 82.50701141357422 40.01408386230469 -7.644411087036133
endloop
endfacet
facet normal 0.7024010874594028 0.7117813608371241 -0.00008185780506000339
outer loop
vertex 81.12897491455078 43.738929748535156 -7.48723840713501
vertex 81.0533218383789 43.81358337402344 -7.508541584014893
vertex 80.46015930175781 44.39894104003906 -7.402683258056641
endloop
endfacet
facet normal -0.000019224673097985197 -0.9999999998131099 0.0000020474641911939486
outer loop
vertex -56.38072204589844 -72.79701232910156 -1
vertex -47.57257843017578 -72.79718780517578 -4
vertex -51.672576904296875 -72.79710388183594 -1.5080348253250122
endloop
endfacet
facet normal 0.8889384659513008 0.45802663442383 0.00007687995260643007
outer loop
vertex 82.06998443603516 42.210594177246094 -7.5479326248168945
vertex 82.01179504394531 42.32353210449219 -7.5712127685546875
vertex 81.63959503173828 43.04587936401367 -7.459041595458984
endloop
endfacet
facet normal 0.9873286536683844 0.1586886868632695 0.00017408901922464097
outer loop
vertex 82.48918914794922 40.46345520019531 -7.632416248321533
vertex 82.46800994873047 40.59524154663086 -7.644892692565918
vertex 82.33975219726562 41.39310836791992 -7.529348850250244
endloop
endfacet
facet normal 0.0003563963984001055 0.9999998918657924 -0.0002987474027086683
outer loop
vertex 68.7792739868164 45.71448516845703 -3.5
vertex 38.816917419433594 45.72399139404297 -7.423888206481934
vertex 68.57927703857422 45.7148551940918 -2.5
endloop
endfacet
facet normal 0.0003066633405183056 0.9999999496975986 0.00008100861601312363
outer loop
vertex 68.77930450439453 45.71479415893555 -7.314406871795654
vertex 38.816917419433594 45.72399139404297 -7.423888206481934
vertex 68.7792739868164 45.71448516845703 -3.5
endloop
endfacet
facet normal 0.9972716969304991 -0.0738184428267278 0
outer loop
vertex -5.897763252258301 41.815643310546875 -1
vertex -5.817011833190918 42.906578063964844 -7.421170234680176
vertex -5.817011833190918 42.906578063964844 -1
endloop
endfacet
facet normal 0.9999999863149127 -0.00016454573837883986 -0.000017171909151289865
outer loop
vertex 82.50701141357422 40.01408386230469 -7.644411087036133
vertex 82.50387573242188 20.264083862304688 -1
vertex 82.50372314453125 19.336755752563477 -1
endloop
endfacet
facet normal 0.9999999873729954 -0.00015891471098834076 3.5178149673838966e-7
outer loop
vertex 82.50701141357422 40.01408386230469 -7.644411087036133
vertex 82.50372314453125 19.336755752563477 -1
vertex 82.5004653930664 -1.163243293762207 -1
endloop
endfacet
facet normal 0.9985103030123431 0.054563493090148 0
outer loop
vertex -5.817011833190918 42.906578063964844 -1
vertex -5.8683881759643555 43.846763610839844 -7.408008098602295
vertex -5.8683881759643555 43.846763610839844 -1
endloop
endfacet
facet normal 0.9772001856652556 0.21232003470181146 -1.0676956312319325e-7
outer loop
vertex -5.8683881759643555 43.846763610839844 -1
vertex -6.051164150238037 44.687984466552734 -7.319390296936035
vertex -5.94776725769043 44.21210479736328 -1
endloop
endfacet
facet normal 0.9771998914933074 0.212321388619866 0
outer loop
vertex -5.94776725769043 44.21210479736328 -1
vertex -6.051164150238037 44.687984466552734 -7.319390296936035
vertex -6.051164150238037 44.687984466552734 -1
endloop
endfacet
facet normal 0.9999999876470953 -0.00015631869280790899 0.000016440053325910177
outer loop
vertex 82.50701141357422 40.01408386230469 -7.644411087036133
vertex 82.5004653930664 -1.163243293762207 -1
vertex 82.50032043457031 -2.0905699729919434 -1
endloop
endfacet
facet normal 0.999999987373059 -0.0001589146998991161 -1.0461299243751857e-8
outer loop
vertex 82.50701141357422 40.01408386230469 -7.644411087036133
vertex 82.50032043457031 -2.0905699729919434 -1
vertex 82.49706268310547 -22.5905704498291 -1
endloop
endfacet
facet normal 0.9999999874833495 -0.00015631877316239992 0.00002444875637108986
outer loop
vertex 82.49706268310547 -22.5905704498291 -1
vertex 82.49691772460938 -23.51789665222168 -1
vertex 82.50701141357422 40.01408386230469 -7.644411087036133
endloop
endfacet
facet normal 0.931970249488731 0.36253476256479533 0
outer loop
vertex -6.051164150238037 44.687984466552734 -1
vertex -6.391818046569824 45.56370544433594 -7.333263874053955
vertex -6.391818046569824 45.56370544433594 -1
endloop
endfacet
facet normal 0.6626580780493075 0.7489220731130826 1.9957349953955144e-8
outer loop
vertex -8.06795883178711 47.60316467285156 -7.196260929107666
vertex -7.901314735412598 47.45571517944336 -1
vertex -7.423253059387207 47.032718658447266 -1
endloop
endfacet
facet normal 0.6626584942622487 0.748921704841093 0
outer loop
vertex -7.901314735412598 47.45571517944336 -1
vertex -8.06795883178711 47.60316467285156 -7.196260929107666
vertex -8.06795883178711 47.60316467285156 -1
endloop
endfacet
facet normal 0.2484556225660227 0.9686430150180104 -0.0007162905476366615
outer loop
vertex -9.650541305541992 48.449771881103516 -1
vertex -10.591346740722656 48.68648147583008 -7.228344917297363
vertex -10.56071949005127 48.683231353759766 -1
endloop
endfacet
facet normal 0.3968946186342583 0.917864184778536 0
outer loop
vertex -9.650541305541992 48.449771881103516 -7.161325454711914
vertex -9.650541305541992 48.449771881103516 -1
vertex -9.544448852539062 48.40389633178711 -1
endloop
endfacet
facet normal 0.39688620955707726 0.917867820910716 1.7187035396052996e-7
outer loop
vertex -8.860397338867188 48.10811233520508 -1
vertex -9.650541305541992 48.449771881103516 -7.161325454711914
vertex -9.544448852539062 48.40389633178711 -1
endloop
endfacet
facet normal 0.5373818582009352 0.8433390412381666 0
outer loop
vertex -8.860397338867188 48.10811233520508 -7.237424850463867
vertex -8.860397338867188 48.10811233520508 -1
vertex -8.06795883178711 47.60316467285156 -1
endloop
endfacet
facet normal 0.773005801625776 0.6343989522788996 5.706267266537346e-7
outer loop
vertex -6.827146530151367 46.306365966796875 -1
vertex -7.423253059387207 47.032718658447266 -7.275699138641357
vertex -6.976780891418457 46.48869323730469 -1
endloop
endfacet
facet normal -0.9641951771311897 -0.265193628122063 -6.409111609880043e-7
outer loop
vertex -82.08341217041016 43.609615325927734 -7.3608012199401855
vertex -82.33260345458984 44.5156135559082 -1
vertex -82.11515045166016 43.72500991821289 -7.380900859832764
endloop
endfacet
facet normal 0.1054965604329819 0.9944196678147562 0
outer loop
vertex -28.541494369506836 50.59052658081055 -7.11293363571167
vertex -28.73681640625 50.61124801635742 -7.1103692054748535
vertex -28.73681640625 50.61124801635742 -1
endloop
endfacet
facet normal 0.24165401870179448 0.9703624762145705 0
outer loop
vertex -28.73681640625 50.61124801635742 -7.1103692054748535
vertex -28.986299514770508 50.673377990722656 -7.120050430297852
vertex -28.73681640625 50.61124801635742 -1
endloop
endfacet
facet normal 0.37841995107324805 0.9256340208903953 0
outer loop
vertex -29.187360763549805 50.72344970703125 -7.122109413146973
vertex -29.73406982421875 50.946956634521484 -7.061697006225586
vertex -29.187360763549805 50.72344970703125 -1
endloop
endfacet
facet normal -0.0890529776202659 0.9960268907900851 0
outer loop
vertex 38.816917419433594 45.72399139404297 -1
vertex 37.79032897949219 45.632205963134766 -7.3462324142456055
vertex 37.79032897949219 45.632205963134766 -1
endloop
endfacet
facet normal 0.24165615442625002 0.9703619443423717 -9.246204563754088e-8
outer loop
vertex -28.986299514770508 50.673377990722656 -7.120050430297852
vertex -29.187360763549805 50.72344970703125 -7.122109413146973
vertex -28.73681640625 50.61124801635742 -1
endloop
endfacet
facet normal 0.30967032373731335 0.9508439885682758 0
outer loop
vertex -29.73406982421875 50.946956634521484 -7.061697006225586
vertex -46.00628662109375 56.246482849121094 -6.73176383972168
vertex -29.73406982421875 50.946956634521484 -1
endloop
endfacet
facet normal 0.8627102530757139 0.5056985458136474 0
outer loop
vertex -6.391818046569824 45.56370544433594 -1
vertex -6.827146530151367 46.306365966796875 -7.250458240509033
vertex -6.827146530151367 46.306365966796875 -1
endloop
endfacet
facet normal 0.7730090296792839 0.6343950189229831 0
outer loop
vertex -6.976780891418457 46.48869323730469 -1
vertex -7.423253059387207 47.032718658447266 -7.275699138641357
vertex -7.423253059387207 47.032718658447266 -1
endloop
endfacet
facet normal -0.2527236786441401 0.9675384965222693 0
outer loop
vertex 36.957427978515625 45.414649963378906 -7.428679943084717
vertex 36.957427978515625 45.414649963378906 -1
vertex 37.79032897949219 45.632205963134766 -1
endloop
endfacet
facet normal -0.400930000892045 0.9161086913596578 0
outer loop
vertex 36.957427978515625 45.414649963378906 -1
vertex 36.09661102294922 45.03791809082031 -7.377508163452148
vertex 36.09661102294922 45.03791809082031 -1
endloop
endfacet
facet normal -0.5410934983346798 0.8409624403384125 0
outer loop
vertex 36.09661102294922 45.03791809082031 -1
vertex 35.37267303466797 44.572120666503906 -7.4465155601501465
vertex 35.37267303466797 44.572120666503906 -1
endloop
endfacet
facet normal -0.6659530151838954 0.7459936873508897 -3.1849523805968023e-7
outer loop
vertex 35.37267303466797 44.572120666503906 -1
vertex 34.67170715332031 43.94636154174805 -7.325512409210205
vertex 34.92117691040039 44.1690673828125 -1
endloop
endfacet
facet normal -0.6659575093338165 0.7459896753721861 0
outer loop
vertex 34.67170715332031 43.94636154174805 -7.325512409210205
vertex 34.67170715332031 43.94636154174805 -1
vertex 34.92117691040039 44.1690673828125 -1
endloop
endfacet
facet normal -0.7757955030713597 0.6309844193118053 0
outer loop
vertex 34.67170715332031 43.94636154174805 -1
vertex 34.12852478027344 43.27851867675781 -7.36367130279541
vertex 34.12852478027344 43.27851867675781 -1
endloop
endfacet
facet normal -0.8594375825437705 0.5112406886303625 -2.693865432188251e-7
outer loop
vertex 34.12852478027344 43.27851867675781 -1
vertex 33.54994201660156 42.305870056152344 -7.603455543518066
vertex 33.67363357543945 42.51380920410156 -1
endloop
endfacet
facet normal -0.8594413413493868 0.5112343697166367 0
outer loop
vertex 33.54994201660156 42.305870056152344 -1
vertex 33.67363357543945 42.51380920410156 -1
vertex 33.54994201660156 42.305870056152344 -7.603455543518066
endloop
endfacet
facet normal -0.7856327704568739 0.6186930983809799 0
outer loop
vertex 33.26268005371094 41.941097259521484 -7.692018508911133
vertex 33.26268005371094 41.941097259521484 -1
vertex 33.54994201660156 42.305870056152344 -1
endloop
endfacet
facet normal -0.6807573449214744 0.732509001538865 0
outer loop
vertex 33.26268005371094 41.941097259521484 -1
vertex 32.922569274902344 41.62501525878906 -7.792288780212402
vertex 32.922569274902344 41.62501525878906 -1
endloop
endfacet
facet normal -0.5595803738061861 0.8287760887302004 0
outer loop
vertex 32.922569274902344 41.62501525878906 -1
vertex 32.53776550292969 41.36520004272461 -7.847824573516846
vertex 32.53776550292969 41.36520004272461 -1
endloop
endfacet
facet normal -0.4249829796191693 0.90520134060551 0
outer loop
vertex 32.53776550292969 41.36520004272461 -1
vertex 32.11747360229492 41.167877197265625 -7.837324619293213
vertex 32.11747360229492 41.167877197265625 -1
endloop
endfacet
facet normal 0.35118116617962203 0.9363075287201054 0.000013519231561422942
outer loop
vertex -46.00628662109375 56.246482849121094 -1
vertex -46.17301940917969 56.30902099609375 -1.1126456260681152
vertex -46.25717544555664 56.34058380126953 -1
endloop
endfacet
facet normal 0.3511653018633403 0.936313478898616 0
outer loop
vertex -46.17301940917969 56.30902099609375 -1.1126456260681152
vertex -46.25717544555664 56.34058380126953 -1.1094746589660645
vertex -46.25717544555664 56.34058380126953 -1
endloop
endfacet
facet normal -0.6209132499629639 -0.7838792866382106 0
outer loop
vertex -80.62491607666016 41.40924072265625 -7.409180641174316
vertex -79.95123291015625 40.875614166259766 -7.506295680999756
vertex -80.62491607666016 41.40924072265625 -1
endloop
endfacet
facet normal -0.7358609706582515 -0.6771326545529287 0
outer loop
vertex -80.62491607666016 41.40924072265625 -7.409180641174316
vertex -81.20782470703125 42.04270553588867 -1
vertex -81.20782470703125 42.04270553588867 -7.434534072875977
endloop
endfacet
facet normal -0.00001944560577555754 -0.9999999998109342 0
outer loop
vertex -56.38072204589844 -72.79701232910156 -1
vertex -51.672576904296875 -72.79710388183594 -1.5080348253250122
vertex -51.672576904296875 -72.79710388183594 -1
endloop
endfacet
facet normal -0.28022793405045243 0.9599334898719887 0
outer loop
vertex 32.11747360229492 41.167877197265625 -1
vertex 31.671770095825195 41.03776550292969 -7.811905860900879
vertex 31.671770095825195 41.03776550292969 -1
endloop
endfacet
facet normal -0.1287434607412868 0.9916779322523803 0
outer loop
vertex 31.671770095825195 41.03776550292969 -1
vertex 31.211328506469727 40.977989196777344 -7.808290481567383
vertex 31.211328506469727 40.977989196777344 -1
endloop
endfacet
facet normal -0.000350856438105714 0.999999938449878 0
outer loop
vertex 31.211328506469727 40.977989196777344 -1
vertex 19.816917419433594 40.97399139404297 -7.688197612762451
vertex 19.816917419433594 40.97399139404297 -1
endloop
endfacet
facet normal -0.8339068444546098 -0.5519052226349692 0
outer loop
vertex -81.7264175415039 42.82627868652344 -7.344374656677246
vertex -81.20782470703125 42.04270553588867 -7.434534072875977
vertex -81.7264175415039 42.82627868652344 -1
endloop
endfacet
facet normal -0.6209124325279817 -0.783879934130327 1.377452270209884e-7
outer loop
vertex -79.95123291015625 40.875614166259766 -7.506295680999756
vertex -79.88835144042969 40.8258056640625 -7.499708652496338
vertex -80.62491607666016 41.40924072265625 -1
endloop
endfacet
facet normal -0.5008252026552974 -0.8655484483177589 0
outer loop
vertex -79.88835144042969 40.8258056640625 -7.499708652496338
vertex -63.607749938964844 31.405494689941406 -8.132997512817383
vertex -79.88835144042969 40.8258056640625 -1
endloop
endfacet
facet normal -0.8851501936090455 0.4653053912819034 0.00016612604924932283
outer loop
vertex -81.8128433227539 48.14643096923828 -7.185658931732178
vertex -81.872802734375 48.0323600769043 -7.157268524169922
vertex -81.66354370117188 48.4304313659668 -7.151508808135986
endloop
endfacet
facet normal 0.6603833569265657 -0.7509286396818278 0
outer loop
vertex 4.33217191696167 -71.57905578613281 -14.846826553344727
vertex 4.7978620529174805 -71.16951751708984 -14.851808547973633
vertex 4.33217191696167 -71.57905578613281 -11.33527660369873
endloop
endfacet
facet normal 0.7380636184216843 -0.6747311280519697 8.307086345453418e-8
outer loop
vertex 4.7978620529174805 -71.16951751708984 -14.851808547973633
vertex 5.216296672821045 -70.71180725097656 -14.91757583618164
vertex 4.907009124755859 -71.05012512207031 -11.449999809265137
endloop
endfacet
facet normal 0.482464133896022 -0.8759157262251283 0.000007447658399309084
outer loop
vertex 3.2815775871276855 -72.23483276367188 -14.996623992919922
vertex 3.3192391395568848 -72.2140884399414 -15.005873680114746
vertex 3.5211896896362305 -72.10281372070312 -10.524024963378906
endloop
endfacet
facet normal 0.482573715195336 -0.8758553587217174 0.0000010111670112106019
outer loop
vertex 3.3192391395568848 -72.2140884399414 -15.005873680114746
vertex 3.8247411251068115 -71.9355697631836 -14.902688980102539
vertex 3.5211896896362305 -72.10281372070312 -10.524024963378906
endloop
endfacet
facet normal 0.5748817936715869 -0.8182364715073929 2.6564159658714376e-7
outer loop
vertex 3.8247411251068115 -71.9355697631836 -14.902688980102539
vertex 4.33217191696167 -71.57905578613281 -14.846826553344727
vertex 3.846348762512207 -71.9203872680664 -11.010660171508789
endloop
endfacet
facet normal 0.8070077257248419 -0.5905408797199548 0
outer loop
vertex 5.216296672821045 -70.71180725097656 -14.91757583618164
vertex 5.2682905197143555 -70.64075469970703 -14.935432434082031
vertex 5.216296672821045 -70.71180725097656 -11.449999809265137
endloop
endfacet
facet normal 0.8070066828201753 -0.5905423049059016 -4.461073842213317e-8
outer loop
vertex 5.2682905197143555 -70.64075469970703 -14.935432434082031
vertex 5.582521438598633 -70.21134185791016 -14.887519836425781
vertex 5.216296672821045 -70.71180725097656 -11.449999809265137
endloop
endfacet
facet normal 0.8644309964349723 -0.5027514817506169 0
outer loop
vertex 5.582521438598633 -70.21134185791016 -14.887519836425781
vertex 6.064348220825195 -69.38288879394531 -14.89154052734375
vertex 5.582521438598633 -70.21134185791016 -11.449999809265137
endloop
endfacet
facet normal 0.7856377191621787 -0.6186868143331081 0
outer loop
vertex 6.064348220825195 -69.38288879394531 -14.89154052734375
vertex 6.125607013702393 -69.30509948730469 -14.87913703918457
vertex 6.064348220825195 -69.38288879394531 -11.449999809265137
endloop
endfacet
facet normal 0.7856354284906567 -0.6186897231248396 -1.0690638480976425e-7
outer loop
vertex 6.064348220825195 -69.38288879394531 -11.449999809265137
vertex 6.125607013702393 -69.30509948730469 -14.87913703918457
vertex 6.35161018371582 -69.01811218261719 -14.867572784423828
endloop
endfacet
facet normal 0.6807500648169823 -0.7325157672375896 0
outer loop
vertex 6.35161018371582 -69.01811218261719 -11.449999809265137
vertex 6.35161018371582 -69.01811218261719 -14.867572784423828
vertex 6.648886203765869 -68.7418441772461 -14.870235443115234
endloop
endfacet
facet normal 0.6011613715817321 0.7991276527051048 0
outer loop
vertex -46.66880416870117 56.555389404296875 -1
vertex -46.66880416870117 56.555389404296875 -1.100000023841858
vertex -47.62163162231445 57.27217483520508 -1
endloop
endfacet
facet normal 0.6807942376337348 -0.73247471352498 0.000007155456253397374
outer loop
vertex 6.35161018371582 -69.01811218261719 -11.449999809265137
vertex 6.648886203765869 -68.7418441772461 -14.870235443115234
vertex 6.691718578338623 -68.70203399658203 -14.881851196289062
endloop
endfacet
facet normal 0.6011613715817321 0.7991276527051048 0
outer loop
vertex -46.66880416870117 56.555389404296875 -1.100000023841858
vertex -47.62163162231445 57.27217483520508 -1.100000023841858
vertex -47.62163162231445 57.27217483520508 -1
endloop
endfacet
facet normal 0.559550629743464 -0.8287961708126388 0
outer loop
vertex 6.691718578338623 -68.70203399658203 -14.881851196289062
vertex 6.76310396194458 -68.65383911132812 -14.887161254882812
vertex 6.691718578338623 -68.70203399658203 -11.449999809265137
endloop
endfacet
facet normal 0.5595761350426679 -0.8287789506799236 7.71167700399304e-7
outer loop
vertex 6.76310396194458 -68.65383911132812 -14.887161254882812
vertex 7.076525688171387 -68.44222259521484 -14.892386436462402
vertex 6.691718578338623 -68.70203399658203 -11.449999809265137
endloop
endfacet
facet normal 0.5005291657886146 0.8657196741410891 0
outer loop
vertex -47.62163162231445 57.27217483520508 -1.100000023841858
vertex -48.19548034667969 57.60395431518555 -1.0900198221206665
vertex -47.62163162231445 57.27217483520508 -1
endloop
endfacet
facet normal 0.42499882565901564 -0.905193900878954 0
outer loop
vertex 7.076525688171387 -68.44222259521484 -14.892386436462402
vertex 7.4872355461120605 -68.2493896484375 -14.85472583770752
vertex 7.076525688171387 -68.44222259521484 -11.449999809265137
endloop
endfacet
facet normal -0.07053204398629233 0.9975095141256095 -7.757391779096656e-8
outer loop
vertex 19.816917419433594 40.97399139404297 -1
vertex 19.02931022644043 40.91830062866211 -7.743712902069092
vertex 19.00734519958496 40.916748046875 -1
endloop
endfacet
facet normal -0.000020345492436225436 -0.9999999997930097 2.0339444859145885e-7
outer loop
vertex -51.672576904296875 -72.79710388183594 -1.5080348253250122
vertex -47.57257843017578 -72.79718780517578 -4
vertex -50.9231071472168 -72.797119140625 -1.5594511032104492
endloop
endfacet
facet normal -0.00002185208143786824 -0.9999999997595043 -0.0000018649393281762515
outer loop
vertex -50.9231071472168 -72.797119140625 -1.5594511032104492
vertex -47.57257843017578 -72.79718780517578 -4
vertex -50.221805572509766 -72.79713439941406 -1.5949000120162964
endloop
endfacet
facet normal -0.000010668275685863242 -0.9999999998884501 0.000010454066911779616
outer loop
vertex -47.57257843017578 -72.79718780517578 -4
vertex -49.53697967529297 -72.7971420288086 -1.6258432865142822
vertex -50.221805572509766 -72.79713439941406 -1.5949000120162964
endloop
endfacet
facet normal -0.000025076516213543552 -0.9999999996845074 -0.0000014674568364584746
outer loop
vertex -49.53697967529297 -72.7971420288086 -1.6258432865142822
vertex -47.57257843017578 -72.79718780517578 -4
vertex -48.31802749633789 -72.79717254638672 -1.6595723628997803
endloop
endfacet
facet normal -0.000020469257729253226 -0.9999999997905048 0
outer loop
vertex -48.31802749633789 -72.79717254638672 -1.6595723628997803
vertex -47.57257843017578 -72.79718780517578 -4
vertex -47.57257843017578 -72.79718780517578 -1.6665173768997192
endloop
endfacet
facet normal -0.220950757252271 0.9752849649562163 0
outer loop
vertex 19.00734519958496 40.916748046875 -1
vertex 18.090925216674805 40.70913314819336 -7.675650119781494
vertex 18.090925216674805 40.70913314819336 -1
endloop
endfacet
facet normal -0.37276779960019185 0.9279246561985683 0
outer loop
vertex 18.090925216674805 40.70913314819336 -1
vertex 17.292123794555664 40.38823699951172 -7.758289813995361
vertex 17.292123794555664 40.38823699951172 -1
endloop
endfacet
facet normal -0.5133042058287939 0.8582067305017311 0
outer loop
vertex 17.292123794555664 40.38823699951172 -1
vertex 16.485715866088867 39.905914306640625 -7.783745288848877
vertex 16.485715866088867 39.905914306640625 -1
endloop
endfacet
facet normal -0.6411659510317743 0.7674022564714809 0
outer loop
vertex 15.700679779052734 39.25001525878906 -7.99043607711792
vertex 15.700679779052734 39.25001525878906 -1
vertex 16.485715866088867 39.905914306640625 -1
endloop
endfacet
facet normal 0.9834457953858006 -0.18120255941346353 0
outer loop
vertex 82.4903793334961 -64.69522094726562 -14.582480430603027
vertex 82.4903793334961 -64.69522094726562 -1
vertex 82.37200927734375 -65.33765411376953 -1
endloop
endfacet
facet normal 0.286451670004368 -0.9580945832388816 0.00045860660944236964
outer loop
vertex 7.496814727783203 -68.2448959350586 -11.449999809265137
vertex 7.4872355461120605 -68.2493896484375 -14.85472583770752
vertex 7.724649429321289 -68.17838287353516 -14.803258895874023
endloop
endfacet
facet normal -0.5595742014970995 0.8287802561709877 -1.8819314431956178e-7
outer loop
vertex 15.700679779052734 39.25001525878906 -1
vertex 15.315872192382812 38.99020004272461 -8.031532287597656
vertex 15.353780746459961 39.01579666137695 -1
endloop
endfacet
facet normal -0.5595981778224013 0.8287640673785563 0
outer loop
vertex 15.315872192382812 38.99020004272461 -8.031532287597656
vertex 15.315872192382812 38.99020004272461 -1
vertex 15.353780746459961 39.01579666137695 -1
endloop
endfacet
facet normal -0.424985350088769 0.905200227689944 0
outer loop
vertex 15.315872192382812 38.99020004272461 -1
vertex 14.895583152770996 38.792877197265625 -8.010893821716309
vertex 14.895583152770996 38.792877197265625 -1
endloop
endfacet
facet normal -0.28022793405045243 0.9599334898719887 0
outer loop
vertex 14.895583152770996 38.792877197265625 -1
vertex 14.44987964630127 38.66276550292969 -7.980512619018555
vertex 14.44987964630127 38.66276550292969 -1
endloop
endfacet
facet normal -0.12874319850599292 0.9916779662967443 0
outer loop
vertex 14.44987964630127 38.66276550292969 -1
vertex 13.989437103271484 38.602989196777344 -7.9714484214782715
vertex 13.989437103271484 38.602989196777344 -1
endloop
endfacet
facet normal 0.2802169738729594 -0.9599366893452386 -0.0000015440109576110225
outer loop
vertex 7.496814727783203 -68.2448959350586 -11.449999809265137
vertex 7.724649429321289 -68.17838287353516 -14.803258895874023
vertex 7.942518711090088 -68.11478424072266 -14.796906471252441
endloop
endfacet
facet normal 0.46263844685729244 0.8865470475329958 0
outer loop
vertex -46.66880416870117 56.555389404296875 -1
vertex -46.25717544555664 56.34058380126953 -1
vertex -46.25717544555664 56.34058380126953 -1.1094746589660645
endloop
endfacet
facet normal 0.4626384468572925 0.886547047532996 0
outer loop
vertex -46.66880416870117 56.555389404296875 -1.100000023841858
vertex -46.66880416870117 56.555389404296875 -1
vertex -46.25717544555664 56.34058380126953 -1.1094746589660645
endloop
endfacet
facet normal 0.12873014338011007 -0.9916796610727359 0
outer loop
vertex 7.942518711090088 -68.11478424072266 -14.796906471252441
vertex 8.096505165100098 -68.09479522705078 -14.771414756774902
vertex 7.942518711090088 -68.11478424072266 -11.449999809265137
endloop
endfacet
facet normal 0.5005288204692154 0.8657198737877451 0.0000029371282256741578
outer loop
vertex -48.19548034667969 57.60395431518555 -1.0900198221206665
vertex -53.41728210449219 60.623016357421875 -1
vertex -47.62163162231445 57.27217483520508 -1
endloop
endfacet
facet normal 0.35118917340420724 0.9363045255063492 0
outer loop
vertex -46.00628662109375 56.246482849121094 -1
vertex -46.17301940917969 56.30902099609375 -2.4873545169830322
vertex -46.17301940917969 56.30902099609375 -1.1126456260681152
endloop
endfacet
facet normal 0.12874997475563466 -0.9916770865556739 9.349103622986528e-7
outer loop
vertex 7.942518711090088 -68.11478424072266 -11.449999809265137
vertex 8.096505165100098 -68.09479522705078 -14.771414756774902
vertex 8.402960777282715 -68.05500793457031 -14.777878761291504
endloop
endfacet
facet normal -0.0003085467301448165 0.9999999523993502 -4.6117290822445887e-7
outer loop
vertex 12.987998962402344 38.60268020629883 -1
vertex 13.989437103271484 38.602989196777344 -1
vertex 1.104688048362732 38.5990104675293 -7.899514198303223
endloop
endfacet
facet normal -0.0003087673356087928 0.9999999523313617 -8.121520512828042e-8
outer loop
vertex 1.041100263595581 38.59899139404297 -1
vertex 12.987998962402344 38.60268020629883 -1
vertex 1.104688048362732 38.5990104675293 -7.899514198303223
endloop
endfacet
facet normal -0.08905297762026591 0.9960268907900852 0
outer loop
vertex 38.816917419433594 45.72399139404297 -7.423888206481934
vertex 37.79032897949219 45.632205963134766 -7.3462324142456055
vertex 38.816917419433594 45.72399139404297 -1
endloop
endfacet
facet normal -0.252723695842399 0.9675384920300373 0
outer loop
vertex 37.79032897949219 45.632205963134766 -7.3462324142456055
vertex 37.00178146362305 45.42623519897461 -7.439205169677734
vertex 37.79032897949219 45.632205963134766 -1
endloop
endfacet
facet normal -0.2527233820016233 0.9675385740060495 -4.105522638602502e-8
outer loop
vertex 37.00178146362305 45.42623519897461 -7.439205169677734
vertex 36.957427978515625 45.414649963378906 -7.428679943084717
vertex 37.79032897949219 45.632205963134766 -1
endloop
endfacet
facet normal -0.400930000892045 0.9161086913596578 0
outer loop
vertex 36.957427978515625 45.414649963378906 -7.428679943084717
vertex 36.09661102294922 45.03791809082031 -7.377508163452148
vertex 36.957427978515625 45.414649963378906 -1
endloop
endfacet
facet normal -0.5410934983346798 0.8409624403384125 0
outer loop
vertex 36.09661102294922 45.03791809082031 -7.377508163452148
vertex 35.37267303466797 44.572120666503906 -7.4465155601501465
vertex 36.09661102294922 45.03791809082031 -1
endloop
endfacet
facet normal -0.6659546146345389 0.7459922595087451 0
outer loop
vertex 35.37267303466797 44.572120666503906 -7.4465155601501465
vertex 34.67170715332031 43.94636154174805 -7.325512409210205
vertex 35.37267303466797 44.572120666503906 -1
endloop
endfacet
facet normal -0.7757955030713597 0.6309844193118052 0
outer loop
vertex 34.67170715332031 43.94636154174805 -7.325512409210205
vertex 34.12852478027344 43.27851867675781 -7.36367130279541
vertex 34.67170715332031 43.94636154174805 -1
endloop
endfacet
facet normal -0.8594383861268471 0.511239337738872 0
outer loop
vertex 34.12852478027344 43.27851867675781 -7.36367130279541
vertex 33.54994201660156 42.305870056152344 -7.603455543518066
vertex 34.12852478027344 43.27851867675781 -1
endloop
endfacet
facet normal -0.785632770456874 0.6186930983809799 0
outer loop
vertex 33.54994201660156 42.305870056152344 -7.603455543518066
vertex 33.26268005371094 41.941097259521484 -7.692018508911133
vertex 33.54994201660156 42.305870056152344 -1
endloop
endfacet
facet normal -0.6807616280720281 0.7325050209689498 0
outer loop
vertex 33.26268005371094 41.941097259521484 -7.692018508911133
vertex 33.1450080871582 41.83173751831055 -7.709975719451904
vertex 33.26268005371094 41.941097259521484 -1
endloop
endfacet
facet normal -0.6807585233166902 0.7325079063953298 -1.014746069074593e-7
outer loop
vertex 33.1450080871582 41.83173751831055 -7.709975719451904
vertex 33.029293060302734 41.72419738769531 -7.760458946228027
vertex 33.26268005371094 41.941097259521484 -1
endloop
endfacet
facet normal -0.6807512274895635 0.7325146867272537 -5.708812415754099e-7
outer loop
vertex 33.029293060302734 41.72419738769531 -7.760458946228027
vertex 32.922569274902344 41.62501525878906 -7.792288780212402
vertex 33.26268005371094 41.941097259521484 -1
endloop
endfacet
facet normal -0.5595803738061861 0.8287760887302004 0
outer loop
vertex 32.922569274902344 41.62501525878906 -7.792288780212402
vertex 32.53776550292969 41.36520004272461 -7.847824573516846
vertex 32.922569274902344 41.62501525878906 -1
endloop
endfacet
facet normal -0.4249878551947295 0.9051990515555038 0
outer loop
vertex 32.53776550292969 41.36520004272461 -7.847824573516846
vertex 32.245880126953125 41.2281608581543 -7.841073036193848
vertex 32.53776550292969 41.36520004272461 -1
endloop
endfacet
facet normal -0.4249719164917097 0.9052065345503614 -8.299484316130789e-7
outer loop
vertex 32.245880126953125 41.2281608581543 -7.841073036193848
vertex 32.11747360229492 41.167877197265625 -7.837324619293213
vertex 32.53776550292969 41.36520004272461 -1
endloop
endfacet
facet normal -0.28022985386597404 0.9599329294290495 1.3631848547329157e-7
outer loop
vertex 31.98345184326172 41.128753662109375 -7.809322834014893
vertex 31.671770095825195 41.03776550292969 -7.811905860900879
vertex 32.11747360229492 41.167877197265625 -1
endloop
endfacet
facet normal -0.280223471724788 0.9599347925221311 0
outer loop
vertex 32.11747360229492 41.167877197265625 -7.837324619293213
vertex 31.98345184326172 41.128753662109375 -7.809322834014893
vertex 32.11747360229492 41.167877197265625 -1
endloop
endfacet
facet normal -0.12875058673211212 0.9916770071026841 0
outer loop
vertex 31.671770095825195 41.03776550292969 -7.811905860900879
vertex 31.562410354614258 41.02356719970703 -7.793345928192139
vertex 31.671770095825195 41.03776550292969 -1
endloop
endfacet
facet normal -0.12874123462829934 0.991678221252417 -1.530884088345612e-7
outer loop
vertex 31.562410354614258 41.02356719970703 -7.793345928192139
vertex 31.211328506469727 40.977989196777344 -7.808290481567383
vertex 31.671770095825195 41.03776550292969 -1
endloop
endfacet
facet normal -0.0003370862075057112 0.9999999431864428 0
outer loop
vertex 31.211328506469727 40.977989196777344 -7.808290481567383
vertex 31.15474510192871 40.977970123291016 -7.802330493927002
vertex 31.211328506469727 40.977989196777344 -1
endloop
endfacet
facet normal -0.0003509240021186064 0.9999999384261639 1.1510608342700971e-7
outer loop
vertex 31.15474510192871 40.977970123291016 -7.802330493927002
vertex 19.816917419433594 40.97399139404297 -7.688197612762451
vertex 31.211328506469727 40.977989196777344 -1
endloop
endfacet
facet normal -0.5410931053988607 0.840962693141524 -0.000005828595541258129
outer loop
vertex 35.4488639831543 44.62114334106445 -7.473365306854248
vertex 35.37267303466797 44.572120666503906 -7.4465155601501465
vertex 36.09661102294922 45.03791809082031 -7.377508163452148
endloop
endfacet
facet normal -0.07053270489152082 0.9975094673940121 0
outer loop
vertex 19.816917419433594 40.97399139404297 -7.688197612762451
vertex 19.02931022644043 40.91830062866211 -7.743712902069092
vertex 19.816917419433594 40.97399139404297 -1
endloop
endfacet
facet normal -0.21759569221321295 0.9760388724080473 -0.0004840234294797071
outer loop
vertex 19.02931022644043 40.91830062866211 -7.743712902069092
vertex 18.090925216674805 40.70913314819336 -7.675650119781494
vertex 19.00734519958496 40.916748046875 -1
endloop
endfacet
facet normal -0.3727661899209168 0.9279253028406128 0
outer loop
vertex 18.090925216674805 40.70913314819336 -7.675650119781494
vertex 17.346189498901367 40.40995788574219 -7.766947269439697
vertex 18.090925216674805 40.70913314819336 -1
endloop
endfacet
facet normal -0.37278956016616177 0.9279159141981544 0.0000029870937564299306
outer loop
vertex 17.346189498901367 40.40995788574219 -7.766947269439697
vertex 17.292123794555664 40.38823699951172 -7.758289813995361
vertex 18.090925216674805 40.70913314819336 -1
endloop
endfacet
facet normal -0.5133042058287939 0.8582067305017311 0
outer loop
vertex 17.292123794555664 40.38823699951172 -7.758289813995361
vertex 16.485715866088867 39.905914306640625 -7.783745288848877
vertex 17.292123794555664 40.38823699951172 -1
endloop
endfacet
facet normal -0.6411659510317742 0.7674022564714807 0
outer loop
vertex 16.485715866088867 39.905914306640625 -7.783745288848877
vertex 15.700679779052734 39.25001525878906 -7.99043607711792
vertex 16.485715866088867 39.905914306640625 -1
endloop
endfacet
facet normal -0.5595765635394992 0.828778661367029 0
outer loop
vertex 15.700679779052734 39.25001525878906 -7.99043607711792
vertex 15.315872192382812 38.99020004272461 -8.031532287597656
vertex 15.700679779052734 39.25001525878906 -1
endloop
endfacet
facet normal -0.4249815375681797 0.9052020176326309 0
outer loop
vertex 15.315872192382812 38.99020004272461 -8.031532287597656
vertex 15.064591407775879 38.87222671508789 -8.015827178955078
vertex 15.315872192382812 38.99020004272461 -1
endloop
endfacet
facet normal -0.4249910085853223 0.9051975710426201 4.139873410128355e-7
outer loop
vertex 15.064591407775879 38.87222671508789 -8.015827178955078
vertex 14.895583152770996 38.792877197265625 -8.010893821716309
vertex 15.315872192382812 38.99020004272461 -1
endloop
endfacet
facet normal -0.28022163001222034 0.9599353301516174 0
outer loop
vertex 14.895583152770996 38.792877197265625 -8.010893821716309
vertex 14.738718032836914 38.74708557128906 -7.978118896484375
vertex 14.895583152770996 38.792877197265625 -1
endloop
endfacet
facet normal -0.2802313595053415 0.9599324898917275 2.3735311026938212e-7
outer loop
vertex 14.738718032836914 38.74708557128906 -7.978118896484375
vertex 14.44987964630127 38.66276550292969 -7.980512619018555
vertex 14.895583152770996 38.792877197265625 -1
endloop
endfacet
facet normal -0.12873222637794768 0.9916793906761282 0
outer loop
vertex 14.44987964630127 38.66276550292969 -7.980512619018555
vertex 14.314849853515625 38.64523696899414 -7.957596302032471
vertex 14.44987964630127 38.66276550292969 -1
endloop
endfacet
facet normal -0.1287477642052881 0.991677373550514 3.0663274617882093e-7
outer loop
vertex 14.314849853515625 38.64523696899414 -7.957596302032471
vertex 13.989437103271484 38.602989196777344 -7.9714484214782715
vertex 14.44987964630127 38.66276550292969 -1
endloop
endfacet
facet normal -0.00032446790622399645 0.9999999473602875 0
outer loop
vertex 13.989437103271484 38.602989196777344 -7.9714484214782715
vertex 13.89538288116455 38.60295867919922 -7.961536884307861
vertex 13.989437103271484 38.602989196777344 -1
endloop
endfacet
facet normal -0.00030867945514604197 0.999999952358473 -2.133107475577995e-7
outer loop
vertex 13.89538288116455 38.60295867919922 -7.961536884307861
vertex 1.104688048362732 38.5990104675293 -7.899514198303223
vertex 13.989437103271484 38.602989196777344 -1
endloop
endfacet
facet normal -0.00029995518069891625 0.9999999550134439 0
outer loop
vertex 1.104688048362732 38.5990104675293 -7.899514198303223
vertex 1.041100263595581 38.59899139404297 -7.905153751373291
vertex 1.041100263595581 38.59899139404297 -1
endloop
endfacet
facet normal 0.05269797166154143 0.9986104965314352 0
outer loop
vertex 1.041100263595581 38.59899139404297 -7.905153751373291
vertex 0.9699695110321045 38.602745056152344 -7.908384799957275
vertex 1.041100263595581 38.59899139404297 -1
endloop
endfacet
facet normal 0 -1 0
outer loop
vertex 8.402960777282715 -68.05500793457031 -14.777878761291504
vertex 8.470605850219727 -68.05500793457031 -14.771620750427246
vertex 8.402960777282715 -68.05500793457031 -11.449999809265137
endloop
endfacet
facet normal -0.998856098235592 0.04781730759592215 -0.000010575740206290394
outer loop
vertex -82.38335418701172 46.3096923828125 -7.121430397033691
vertex -82.42193603515625 45.50371551513672 -7.303875923156738
vertex -82.42828369140625 45.371124267578125 -7.281306743621826
endloop
endfacet
facet normal 0.5595713964943454 -0.8287821500402673 0
outer loop
vertex 6.691718578338623 -68.70203399658203 -1
vertex 7.076525688171387 -68.44222259521484 -3.450000047683716
vertex 7.076525688171387 -68.44222259521484 -1
endloop
endfacet
facet normal -0.9817416473377002 -0.04802175628554705 -0.1840577322633043
outer loop
vertex -61.84934616088867 -67.79766082763672 -14.779831886291504
vertex -61.89299011230469 -67.08352661132812 -14.733362197875977
vertex -61.84934616088867 -67.66544342041016 -14.81432819366455
endloop
endfacet
facet normal 0.10548252295534048 0.9944211569303875 -4.5357687527252465e-7
outer loop
vertex -10.56071949005127 48.683231353759766 -1
vertex -28.541494369506836 50.59052658081055 -7.11293363571167
vertex -28.73681640625 50.61124801635742 -1
endloop
endfacet
facet normal 0.5748818132508873 -0.8182364577512861 0
outer loop
vertex 3.8247411251068115 -71.9355697631836 -1
vertex 4.33217191696167 -71.57905578613281 -3.564723014831543
vertex 4.33217191696167 -71.57905578613281 -1
endloop
endfacet
facet normal 0.48256592975007273 -0.87585908476347 -0.0009935198762265826
outer loop
vertex 3.2815775871276855 -72.23483276367188 -1
vertex 3.846348762512207 -71.9203872680664 -3.8893399238586426
vertex 3.8247411251068115 -71.9355697631836 -1
endloop
endfacet
facet normal 0.000045679124328018666 -0.999999998248687 -0.000037630355541598174
outer loop
vertex 17.481033325195312 -68.05449676513672 -3.564180612564087
vertex 8.402960777282715 -68.05500793457031 -1
vertex 16.90700912475586 -68.05452728271484 -3.450000047683716
endloop
endfacet
facet normal 0.00005652035772395807 -0.9999999984027246 0
outer loop
vertex 8.402960777282715 -68.05500793457031 -3.450000047683716
vertex 16.90700912475586 -68.05452728271484 -3.450000047683716
vertex 8.402960777282715 -68.05500793457031 -1
endloop
endfacet
facet normal 0.12874332962350746 -0.9916779492745883 0
outer loop
vertex 7.942518711090088 -68.11478424072266 -3.450000047683716
vertex 8.402960777282715 -68.05500793457031 -3.450000047683716
vertex 7.942518711090088 -68.11478424072266 -1
endloop
endfacet
facet normal 0.28022765779087555 -0.9599335705188354 0
outer loop
vertex 7.496814727783203 -68.2448959350586 -3.450000047683716
vertex 7.942518711090088 -68.11478424072266 -3.450000047683716
vertex 7.496814727783203 -68.2448959350586 -1
endloop
endfacet
facet normal 0.42499208208249367 -0.9051970670341275 0
outer loop
vertex 7.076525688171387 -68.44222259521484 -3.450000047683716
vertex 7.496814727783203 -68.2448959350586 -3.450000047683716
vertex 7.076525688171387 -68.44222259521484 -1
endloop
endfacet
facet normal -0.9999999991043113 -0.000042278750439621676 0.0000019709381210051167
outer loop
vertex -61.89299011230469 -67.08352661132812 -14.733362197875977
vertex -61.89488220214844 -21.690570831298828 -1
vertex -61.89509963989258 -16.54761505126953 -1
endloop
endfacet
facet normal -0.9999999991312578 -0.00004168254424117013 -2.2297647465087877e-7
outer loop
vertex -61.89595413208008 3.952385663986206 -1
vertex -61.89299011230469 -67.08352661132812 -14.733362197875977
vertex -61.89509963989258 -16.54761505126953 -1
endloop
endfacet
facet normal -0.9999999991368622 -0.00004153701605153615 -9.757220572755833e-7
outer loop
vertex -61.89595413208008 3.952385663986206 -1
vertex -61.89616775512695 9.095341682434082 -1
vertex -61.89299011230469 -67.08352661132812 -14.733362197875977
endloop
endfacet
facet normal -0.9999999991297104 -0.000041720231335209635 4.057189798407442e-8
outer loop
vertex -61.89616775512695 9.095341682434082 -1
vertex -61.89699172973633 28.8453426361084 -1
vertex -61.89299011230469 -67.08352661132812 -14.733362197875977
endloop
endfacet
facet normal 0.5005518219930831 0.8657060404104929 0.0009618192090090993
outer loop
vertex -48.00218963623047 57.4921989440918 -6.502883434295654
vertex -64.37355041503906 66.9575424194336 -5.973215103149414
vertex -48.00404739379883 57.48993682861328 -3.5
endloop
endfacet
facet normal 0.5595713964943454 -0.8287821500402673 0
outer loop
vertex 6.691718578338623 -68.70203399658203 -3.450000047683716
vertex 7.076525688171387 -68.44222259521484 -3.450000047683716
vertex 6.691718578338623 -68.70203399658203 -1
endloop
endfacet
facet normal 0.6807554971042726 -0.7325107188037009 0
outer loop
vertex 6.35161018371582 -69.01811218261719 -3.450000047683716
vertex 6.691718578338623 -68.70203399658203 -3.450000047683716
vertex 6.35161018371582 -69.01811218261719 -1
endloop
endfacet
facet normal 0.7856359153331456 -0.618689104913486 0
outer loop
vertex 6.064348220825195 -69.38288879394531 -3.450000047683716
vertex 6.35161018371582 -69.01811218261719 -3.450000047683716
vertex 6.064348220825195 -69.38288879394531 -1
endloop
endfacet
facet normal 0.7380647971311652 -0.6747298387026706 0
outer loop
vertex 4.7978620529174805 -71.16951751708984 -14.851808547973633
vertex 4.907009124755859 -71.05012512207031 -11.449999809265137
vertex 4.7978620529174805 -71.16951751708984 -11.428289413452148
endloop
endfacet
facet normal -0.8339049431111947 -0.5519080943112977 0.000035894104862003154
outer loop
vertex -81.7264175415039 42.82627868652344 -7.344374656677246
vertex -81.2664566040039 42.13129425048828 -7.45125150680542
vertex -81.20782470703125 42.04270553588867 -7.434534072875977
endloop
endfacet
facet normal 0.8644309964349725 -0.502751481750617 0
outer loop
vertex 5.582521438598633 -70.21134185791016 -3.450000047683716
vertex 6.064348220825195 -69.38288879394531 -3.450000047683716
vertex 5.582521438598633 -70.21134185791016 -1
endloop
endfacet
facet normal 0.8070068288490543 -0.5905421053498162 0
outer loop
vertex 5.216296672821045 -70.71180725097656 -1
vertex 5.216296672821045 -70.71180725097656 -3.450000047683716
vertex 5.582521438598633 -70.21134185791016 -3.450000047683716
endloop
endfacet
facet normal 0.7380631944135202 -0.6747315918586516 0
outer loop
vertex 4.907009124755859 -71.05012512207031 -3.450000047683716
vertex 5.216296672821045 -70.71180725097656 -3.450000047683716
vertex 5.216296672821045 -70.71180725097656 -1
endloop
endfacet
facet normal 0.7380647971311652 -0.6747298387026706 0
outer loop
vertex 4.907009124755859 -71.05012512207031 -3.450000047683716
vertex 4.7978620529174805 -71.16951751708984 -1
vertex 4.7978620529174805 -71.16951751708984 -3.471710681915283
endloop
endfacet
facet normal 0.6603833569265657 -0.7509286396818278 0
outer loop
vertex 4.33217191696167 -71.57905578613281 -1
vertex 4.33217191696167 -71.57905578613281 -3.564723014831543
vertex 4.7978620529174805 -71.16951751708984 -3.471710681915283
endloop
endfacet
facet normal 0.574880555589092 -0.8182373413658405 -3.7165699925842075e-7
outer loop
vertex 3.8247411251068115 -71.9355697631836 -1
vertex 3.846348762512207 -71.9203872680664 -3.8893399238586426
vertex 4.33217191696167 -71.57905578613281 -3.564723014831543
endloop
endfacet
facet normal 0.5563093114198976 -0.8307731640744138 0.018327571615093106
outer loop
vertex 3.8247411251068115 -71.9355697631836 -3.921678066253662
vertex 3.846348762512207 -71.9203872680664 -3.8893399238586426
vertex 3.2815775871276855 -72.23483276367188 -1
endloop
endfacet
facet normal 0.4825633186784545 -0.8758610868542794 -6.904903809546141e-7
outer loop
vertex 3.2815775871276855 -72.23483276367188 -1
vertex 3.5211896896362305 -72.10281372070312 -4.375974655151367
vertex 3.8247411251068115 -71.9355697631836 -3.921678066253662
endloop
endfacet
facet normal 0.48257862206002683 -0.8758526551481816 7.254033066322814e-7
outer loop
vertex 3.2815775871276855 -72.23483276367188 -1
vertex 3.4070088863372803 -72.16572570800781 -4.949999809265137
vertex 3.5211896896362305 -72.10281372070312 -4.375974655151367
endloop
endfacet
facet normal 0.00005613201961497525 -0.9999999984186038 -0.0000034625064862639396
outer loop
vertex 8.402960777282715 -68.05500793457031 -1
vertex 78.7792739868164 -68.05101013183594 -14.700518608093262
vertex 13.83971118927002 -68.05470275878906 -1
endloop
endfacet
facet normal 0.00005791034602296601 -0.9999999983071083 0.000005672334340078858
outer loop
vertex 17.481033325195312 -68.05449676513672 -3.564180612564087
vertex 78.7792739868164 -68.05101013183594 -14.700518608093262
vertex 8.402960777282715 -68.05500793457031 -1
endloop
endfacet
facet normal 0.00005470214637049171 -0.999999998431997 -0.000011986701772356906
outer loop
vertex 17.967668533325195 -68.0544662475586 -3.8893399238586426
vertex 78.7792739868164 -68.05101013183594 -14.700518608093262
vertex 17.481033325195312 -68.05449676513672 -3.564180612564087
endloop
endfacet
facet normal 0.5005287825227996 0.8657198957320109 0
outer loop
vertex -48.19548034667969 57.60395431518555 -2.5099802017211914
vertex -53.41728210449219 60.623016357421875 -1
vertex -48.19548034667969 57.60395431518555 -1.0900198221206665
endloop
endfacet
facet normal 0.00005500555827236079 -0.9999999984343546 -0.000010280045597566812
outer loop
vertex 17.967668533325195 -68.0544662475586 -3.8893399238586426
vertex 18.292827606201172 -68.054443359375 -4.375974655151367
vertex 78.7792739868164 -68.05101013183594 -14.700518608093262
endloop
endfacet
facet normal 0.00005875519126608549 -0.9999999982056182 0.00001168721773541496
outer loop
vertex 18.40700912475586 -68.054443359375 -4.949999809265137
vertex 78.7792739868164 -68.05101013183594 -14.700518608093262
vertex 18.292827606201172 -68.054443359375 -4.375974655151367
endloop
endfacet
facet normal 0.41435449782910744 0.9101155696551884 0
outer loop
vertex -46.25717544555664 56.34058380126953 -6.721174716949463
vertex -46.34110641479492 56.3787956237793 -6.72483491897583
vertex -46.34110641479492 56.3787956237793 -3.5
endloop
endfacet
facet normal -0.000019735504013133712 -0.9999999998052549 0
outer loop
vertex -41.172576904296875 -72.79730987548828 -5
vertex 0.9648827314376831 -72.79814147949219 -15.030713081359863
vertex -41.172576904296875 -72.79730987548828 -4
endloop
endfacet
facet normal -0.000020854217160149923 -0.9999999997734194 -0.000004273497982872417
outer loop
vertex -41.172576904296875 -72.79730987548828 -4
vertex 0.9648827314376831 -72.79814147949219 -15.030713081359863
vertex -46.772579193115234 -72.79720306396484 -1.6665157079696655
endloop
endfacet
facet normal 0.48256109778885264 -0.8758623104694124 0
outer loop
vertex 3.2815775871276855 -72.23483276367188 -1
vertex 3.4070088863372803 -72.16572570800781 -9.949999809265137
vertex 3.4070088863372803 -72.16572570800781 -4.949999809265137
endloop
endfacet
facet normal -0.00002044291006551253 -0.9999999997871116 -0.000002804292146276848
outer loop
vertex -46.027122497558594 -72.7972183227539 -1.6595674753189087
vertex -46.772579193115234 -72.79720306396484 -1.6665157079696655
vertex 0.9648827314376831 -72.79814147949219 -15.030713081359863
endloop
endfacet
facet normal -0.000018853501064380092 -0.9999999998184042 0.000002781580472399387
outer loop
vertex -44.808143615722656 -72.7972412109375 -1.6258326768875122
vertex -46.027122497558594 -72.7972183227539 -1.6595674753189087
vertex 0.9648827314376831 -72.79814147949219 -15.030713081359863
endloop
endfacet
facet normal -0.000021940128995009454 -0.9999999997292207 -0.000007758185449401028
outer loop
vertex -44.12360763549805 -72.79725646972656 -1.5949000120162964
vertex -44.808143615722656 -72.7972412109375 -1.6258326768875122
vertex 0.9648827314376831 -72.79814147949219 -15.030713081359863
endloop
endfacet
facet normal -0.000012143352959347981 -0.9999999996108059 0.000025118264939301203
outer loop
vertex -43.42196273803711 -72.7972640991211 -1.559430718421936
vertex -44.12360763549805 -72.79725646972656 -1.5949000120162964
vertex 0.9648827314376831 -72.79814147949219 -15.030713081359863
endloop
endfacet
facet normal -0.000020252012825724446 -0.9999999997936493 -0.0000015991493792616408
outer loop
vertex -42.672576904296875 -72.79727935791016 -1.5080174207687378
vertex -43.42196273803711 -72.7972640991211 -1.559430718421936
vertex 0.9648827314376831 -72.79814147949219 -15.030713081359863
endloop
endfacet
facet normal -0.000019756456701641063 -0.9999999998048412 0
outer loop
vertex -42.672576904296875 -72.79727935791016 -1
vertex -42.672576904296875 -72.79727935791016 -1.5080174207687378
vertex 0.9648827314376831 -72.79814147949219 -15.030713081359863
endloop
endfacet
facet normal 0.6603833569265656 -0.7509286396818278 0
outer loop
vertex 4.33217191696167 -71.57905578613281 -11.33527660369873
vertex 4.7978620529174805 -71.16951751708984 -14.851808547973633
vertex 4.7978620529174805 -71.16951751708984 -11.428289413452148
endloop
endfacet
facet normal 0.7380631944135203 -0.6747315918586516 0
outer loop
vertex 4.907009124755859 -71.05012512207031 -11.449999809265137
vertex 5.216296672821045 -70.71180725097656 -14.91757583618164
vertex 5.216296672821045 -70.71180725097656 -11.449999809265137
endloop
endfacet
facet normal 0.5749138271863529 -0.8182139642599241 0
outer loop
vertex 3.846348762512207 -71.9203872680664 -11.010660171508789
vertex 3.8247411251068115 -71.9355697631836 -10.97832202911377
vertex 3.8247411251068115 -71.9355697631836 -14.902688980102539
endloop
endfacet
facet normal 0.5748803893267765 -0.8182374581791608 0
outer loop
vertex 3.846348762512207 -71.9203872680664 -11.010660171508789
vertex 4.33217191696167 -71.57905578613281 -14.846826553344727
vertex 4.33217191696167 -71.57905578613281 -11.33527660369873
endloop
endfacet
facet normal 0.8070068288490542 -0.5905421053498161 0
outer loop
vertex 5.216296672821045 -70.71180725097656 -11.449999809265137
vertex 5.582521438598633 -70.21134185791016 -14.887519836425781
vertex 5.582521438598633 -70.21134185791016 -11.449999809265137
endloop
endfacet
facet normal 0.8644309964349722 -0.5027514817506169 0
outer loop
vertex 5.582521438598633 -70.21134185791016 -11.449999809265137
vertex 6.064348220825195 -69.38288879394531 -14.89154052734375
vertex 6.064348220825195 -69.38288879394531 -11.449999809265137
endloop
endfacet
facet normal -0.000019756456701641063 -0.9999999998048412 0
outer loop
vertex 0.9648827314376831 -72.79814147949219 -15.030713081359863
vertex 0.9648827314376831 -72.79814147949219 -1
vertex -42.672576904296875 -72.79727935791016 -1
endloop
endfacet
facet normal 0.7856359153331456 -0.618689104913486 0
outer loop
vertex 6.064348220825195 -69.38288879394531 -11.449999809265137
vertex 6.35161018371582 -69.01811218261719 -14.867572784423828
vertex 6.35161018371582 -69.01811218261719 -11.449999809265137
endloop
endfacet
facet normal 0.6807554971042726 -0.732510718803701 0
outer loop
vertex 6.35161018371582 -69.01811218261719 -11.449999809265137
vertex 6.691718578338623 -68.70203399658203 -14.881851196289062
vertex 6.691718578338623 -68.70203399658203 -11.449999809265137
endloop
endfacet
facet normal 0.5595713964943453 -0.8287821500402672 0
outer loop
vertex 6.691718578338623 -68.70203399658203 -11.449999809265137
vertex 7.076525688171387 -68.44222259521484 -14.892386436462402
vertex 7.076525688171387 -68.44222259521484 -11.449999809265137
endloop
endfacet
facet normal 0.9999999873729865 -0.00015891471838116338 -3.729381340880561e-7
outer loop
vertex 82.49691772460938 -23.51789665222168 -1
vertex 82.49365997314453 -44.01789474487305 -1
vertex 82.50701141357422 40.01408386230469 -7.644411087036133
endloop
endfacet
facet normal 0.9999999872554587 -0.0001563187731267763 0.00003245802485953375
outer loop
vertex 82.49365997314453 -44.01789474487305 -1
vertex 82.49351501464844 -44.945220947265625 -1
vertex 82.50701141357422 40.01408386230469 -7.644411087036133
endloop
endfacet
facet normal 0.3511943184095397 0.9363025957009976 -6.578979815050336e-7
outer loop
vertex -46.00628662109375 56.246482849121094 -1
vertex -46.25717544555664 56.34058380126953 -6.721174716949463
vertex -46.17301940917969 56.30902099609375 -2.4873545169830322
endloop
endfacet
facet normal 0.4249920820822843 -0.9051970670336814 -9.927942392869013e-7
outer loop
vertex 7.076525688171387 -68.44222259521484 -11.449999809265137
vertex 7.4872355461120605 -68.2493896484375 -14.85472583770752
vertex 7.496814727783203 -68.2448959350586 -11.449999809265137
endloop
endfacet
facet normal 0.2802276577908756 -0.9599335705188354 0
outer loop
vertex 7.496814727783203 -68.2448959350586 -11.449999809265137
vertex 7.942518711090088 -68.11478424072266 -14.796906471252441
vertex 7.942518711090088 -68.11478424072266 -11.449999809265137
endloop
endfacet
facet normal 0.6011613715817322 0.7991276527051049 0
outer loop
vertex -46.66880416870117 56.555389404296875 -2.5
vertex -47.62163162231445 57.27217483520508 -3.5
vertex -47.62163162231445 57.27217483520508 -2.5
endloop
endfacet
facet normal 0.5005291657886146 0.8657196741410891 0
outer loop
vertex -48.19548034667969 57.60395431518555 -2.5099802017211914
vertex -47.62163162231445 57.27217483520508 -2.5
vertex -47.62163162231445 57.27217483520508 -3.5
endloop
endfacet
facet normal 0.462721785746568 0.8864899236429953 -0.004915717134216298
outer loop
vertex -46.25717544555664 56.34058380126953 -2.490525245666504
vertex -46.34110641479492 56.3787956237793 -3.5
vertex -46.66880416870117 56.555389404296875 -2.5
endloop
endfacet
facet normal 0.6011613715817322 0.7991276527051049 0
outer loop
vertex -46.66880416870117 56.555389404296875 -2.5
vertex -46.66880416870117 56.555389404296875 -3.5
vertex -47.62163162231445 57.27217483520508 -3.5
endloop
endfacet
facet normal 0.4948294735092138 0.8689789797731744 -0.004396004887059422
outer loop
vertex -47.62163162231445 57.27217483520508 -3.5
vertex -48.00404739379883 57.48993682861328 -3.5
vertex -48.19548034667969 57.60395431518555 -2.5099802017211914
endloop
endfacet
facet normal 0.4743937344930784 0.8803127766161927 0
outer loop
vertex -46.34110641479492 56.3787956237793 -3.5
vertex -46.66880416870117 56.555389404296875 -3.5
vertex -46.66880416870117 56.555389404296875 -2.5
endloop
endfacet
facet normal 0.9999999873956145 -0.00015876866394027423 0.0000011322962500200174
outer loop
vertex 82.49351501464844 -44.945220947265625 -1
vertex 82.4903793334961 -64.69522094726562 -1
vertex 82.50701141357422 40.01408386230469 -7.644411087036133
endloop
endfacet
facet normal 0.3511653018633403 0.936313478898616 0
outer loop
vertex -46.25717544555664 56.34058380126953 -6.721174716949463
vertex -46.25717544555664 56.34058380126953 -2.490525245666504
vertex -46.17301940917969 56.30902099609375 -2.4873545169830322
endloop
endfacet
facet normal 0.4143544978291075 0.9101155696551885 0
outer loop
vertex -46.25717544555664 56.34058380126953 -2.490525245666504
vertex -46.25717544555664 56.34058380126953 -6.721174716949463
vertex -46.34110641479492 56.3787956237793 -3.5
endloop
endfacet
facet normal 0.12874332962350746 -0.9916779492745883 0
outer loop
vertex 7.942518711090088 -68.11478424072266 -11.449999809265137
vertex 8.402960777282715 -68.05500793457031 -14.777878761291504
vertex 8.402960777282715 -68.05500793457031 -11.449999809265137
endloop
endfacet
facet normal 0.3845504681397251 -0.9231039689295666 0
outer loop
vertex 2.709113121032715 -72.47331237792969 -1
vertex 3.2815775871276855 -72.23483276367188 -14.996623992919922
vertex 3.2815775871276855 -72.23483276367188 -1
endloop
endfacet
facet normal 0.2819726412495695 -0.9594224458426756 0
outer loop
vertex 2.114125967025757 -72.64817810058594 -1
vertex 2.709113121032715 -72.47331237792969 -14.921451568603516
vertex 2.709113121032715 -72.47331237792969 -1
endloop
endfacet
facet normal 0.17606052663060895 -0.9843793430190175 0
outer loop
vertex 1.5036612749099731 -72.75736236572266 -1
vertex 1.5036612749099731 -72.75736236572266 -14.94862174987793
vertex 2.114125967025757 -72.64817810058594 -1
endloop
endfacet
facet normal 0.000056859566553702565 -0.9999999983828245 0.0000011579495658364972
outer loop
vertex 8.402960777282715 -68.05500793457031 -11.449999809265137
vertex 8.470605850219727 -68.05500793457031 -14.771620750427246
vertex 78.7792739868164 -68.05101013183594 -14.700518608093262
endloop
endfacet
facet normal 0.00005652035772287659 -0.9999999983835902 -0.000006186190985916683
outer loop
vertex 8.402960777282715 -68.05500793457031 -11.449999809265137
vertex 78.7792739868164 -68.05101013183594 -14.700518608093262
vertex 16.90700912475586 -68.05452728271484 -11.449999809265137
endloop
endfacet
facet normal 0.00005607625392839111 -0.9999999983205692 -0.000014639520770351037
outer loop
vertex 16.90700912475586 -68.05452728271484 -11.449999809265137
vertex 78.7792739868164 -68.05101013183594 -14.700518608093262
vertex 17.481033325195312 -68.05449676513672 -11.335819244384766
endloop
endfacet
facet normal 0.000057322521670141923 -0.9999999983245417 0.00000806503963489308
outer loop
vertex 17.481033325195312 -68.05449676513672 -11.335819244384766
vertex 78.7792739868164 -68.05101013183594 -14.700518608093262
vertex 17.967668533325195 -68.0544662475586 -11.010660171508789
endloop
endfacet
facet normal 0.5005287187268774 0.8657199326165153 -2.943656250858454e-7
outer loop
vertex -48.19548034667969 57.60395431518555 -2.5099802017211914
vertex -64.37355041503906 66.9575424194336 -5.973215103149414
vertex -53.41728210449219 60.623016357421875 -1
endloop
endfacet
facet normal 0.5005286185848312 0.8657199905151554 0
outer loop
vertex -53.41728210449219 60.623016357421875 -1
vertex -64.37355041503906 66.9575424194336 -5.973215103149414
vertex -64.37355041503906 66.9575424194336 -1
endloop
endfacet
facet normal 0.5009761572489144 0.8654565499181837 -0.0028017979629628006
outer loop
vertex -48.00404739379883 57.48993682861328 -3.5
vertex -64.37355041503906 66.9575424194336 -5.973215103149414
vertex -48.19548034667969 57.60395431518555 -2.5099802017211914
endloop
endfacet
facet normal 0.3511957449379761 0.9363020606286522 0
outer loop
vertex -46.09831619262695 56.281002044677734 -6.735493183135986
vertex -46.00628662109375 56.246482849121094 -1
vertex -46.00628662109375 56.246482849121094 -6.73176383972168
endloop
endfacet
facet normal 0.3511727536692543 0.9363106840574746 4.208095726549834e-7
outer loop
vertex -46.09831619262695 56.281002044677734 -6.735493183135986
vertex -46.25717544555664 56.34058380126953 -6.721174716949463
vertex -46.00628662109375 56.246482849121094 -1
endloop
endfacet
facet normal 0.0754849653677059 -0.9971469400261108 0
outer loop
vertex 1.0524542331695557 -72.79151916503906 -1
vertex 1.5036612749099731 -72.75736236572266 -14.94862174987793
vertex 1.5036612749099731 -72.75736236572266 -1
endloop
endfacet
facet normal -0.6209131794206425 -0.7838793425150001 0
outer loop
vertex -80.62491607666016 41.40924072265625 -1
vertex -79.88835144042969 40.8258056640625 -7.499708652496338
vertex -79.88835144042969 40.8258056640625 -1
endloop
endfacet
facet normal 0.9999999873862349 -0.00015883170583601804 1.38818702236426e-7
outer loop
vertex 82.4903793334961 -64.69522094726562 -1
vertex 82.49040222167969 -64.5630111694336 -14.608243942260742
vertex 82.50701141357422 40.01408386230469 -7.644411087036133
endloop
endfacet
facet normal 0.48257916244375326 -0.8758523574066253 -5.852823373654214e-7
outer loop
vertex 3.2815775871276855 -72.23483276367188 -14.996623992919922
vertex 3.5211896896362305 -72.10281372070312 -10.524024963378906
vertex 3.4070088863372803 -72.16572570800781 -9.949999809265137
endloop
endfacet
facet normal 0.4825625259297459 -0.8758615236259115 0
outer loop
vertex 3.5211896896362305 -72.10281372070312 -10.524024963378906
vertex 3.8247411251068115 -71.9355697631836 -14.902688980102539
vertex 3.8247411251068115 -71.9355697631836 -10.97832202911377
endloop
endfacet
facet normal 0.07547221093847449 -0.9971479054664149 0
outer loop
vertex 0.9648827314376831 -72.79814147949219 -1
vertex 0.9648827314376831 -72.79814147949219 -15.030713081359863
vertex 1.5036612749099731 -72.75736236572266 -14.94862174987793
endloop
endfacet
facet normal 0.17606052663060898 -0.9843793430190176 0
outer loop
vertex 1.5036612749099731 -72.75736236572266 -14.94862174987793
vertex 2.114125967025757 -72.64817810058594 -14.905386924743652
vertex 2.114125967025757 -72.64817810058594 -1
endloop
endfacet
facet normal 0.2819726412495695 -0.9594224458426756 0
outer loop
vertex 2.709113121032715 -72.47331237792969 -14.921451568603516
vertex 2.114125967025757 -72.64817810058594 -1
vertex 2.114125967025757 -72.64817810058594 -14.905386924743652
endloop
endfacet
facet normal 0.3845504681397251 -0.9231039689295666 0
outer loop
vertex 2.709113121032715 -72.47331237792969 -14.921451568603516
vertex 3.2815775871276855 -72.23483276367188 -14.996623992919922
vertex 2.709113121032715 -72.47331237792969 -1
endloop
endfacet
facet normal 0.4825610977888527 -0.8758623104694125 0
outer loop
vertex 3.2815775871276855 -72.23483276367188 -14.996623992919922
vertex 3.4070088863372803 -72.16572570800781 -9.949999809265137
vertex 3.2815775871276855 -72.23483276367188 -1
endloop
endfacet
facet normal 0.000057361407574282885 -0.999999998316938 0.000008705908201328042
outer loop
vertex 17.967668533325195 -68.0544662475586 -11.010660171508789
vertex 78.7792739868164 -68.05101013183594 -14.700518608093262
vertex 18.292827606201172 -68.054443359375 -10.524024963378906
endloop
endfacet
facet normal 0.00005599125619444079 -0.9999999983704684 -0.000011137432936952276
outer loop
vertex 18.40700912475586 -68.054443359375 -9.949999809265137
vertex 18.292827606201172 -68.054443359375 -10.524024963378906
vertex 78.7792739868164 -68.05101013183594 -14.700518608093262
endloop
endfacet
facet normal 0.465307280966518 0.885149215827222 0
outer loop
vertex -64.77162170410156 67.16680145263672 -5.980928897857666
vertex -64.77162170410156 67.16680145263672 -1
vertex -64.37355041503906 66.9575424194336 -1
endloop
endfacet
facet normal 0.3562328600185355 0.9343972118125217 0
outer loop
vertex -64.77162170410156 67.16680145263672 -1
vertex -65.65144348144531 67.50222778320312 -5.896362781524658
vertex -65.65144348144531 67.50222778320312 -1
endloop
endfacet
facet normal 0.20343428518935275 0.9790884284971406 -0.0005837743541345232
outer loop
vertex -66.51283264160156 67.6782455444336 -5.966190814971924
vertex -66.4942855834961 67.67735290527344 -1
vertex -65.65144348144531 67.50222778320312 -1
endloop
endfacet
facet normal 0.04781551023848219 0.998856184333177 0
outer loop
vertex -67.43285369873047 67.72228240966797 -5.887918472290039
vertex -67.43285369873047 67.72228240966797 -1
vertex -66.4942855834961 67.67735290527344 -1
endloop
endfacet
facet normal -0.11114645370556611 0.9938040379411491 7.37083010418884e-7
outer loop
vertex -67.43285369873047 67.72228240966797 -1
vertex -68.26200103759766 67.62955474853516 -5.968574523925781
vertex -68.28836822509766 67.62660217285156 -1
endloop
endfacet
facet normal -0.26519781134920867 0.9641940265608315 0
outer loop
vertex -68.28836822509766 67.62660217285156 -1
vertex -69.19436645507812 67.37741088867188 -5.902227401733398
vertex -69.19436645507812 67.37741088867188 -1
endloop
endfacet
facet normal -0.4146948436824031 0.9099605412451834 0
outer loop
vertex -69.19436645507812 67.37741088867188 -1
vertex -69.97769927978516 67.02042388916016 -5.979611396789551
vertex -69.97769927978516 67.02042388916016 -1
endloop
endfacet
facet normal -0.5519090004449841 0.8339043441713315 0
outer loop
vertex -69.97769927978516 67.02042388916016 -1
vertex -70.76127624511719 66.50182342529297 -5.938388824462891
vertex -70.76127624511719 66.50182342529297 -1
endloop
endfacet
facet normal -0.6771256474379785 0.735867418480869 0
outer loop
vertex -70.76127624511719 66.50182342529297 -1
vertex -71.39474487304688 65.9189224243164 -6.011351585388184
vertex -71.39474487304688 65.9189224243164 -1
endloop
endfacet
facet normal -0.7838924690436899 0.6208966073132763 0.0000018575877450139838
outer loop
vertex -71.50750732421875 65.77655792236328 -1
vertex -71.39474487304688 65.9189224243164 -1
vertex -71.9781723022461 65.1823501586914 -5.924243927001953
endloop
endfacet
facet normal -0.783884976566471 0.6209060665780155 0
outer loop
vertex -71.9781723022461 65.1823501586914 -5.924243927001953
vertex -71.9781723022461 65.1823501586914 -1
vertex -71.50750732421875 65.77655792236328 -1
endloop
endfacet
facet normal 0.35626467583407606 0.9343850816193722 0
outer loop
vertex -64.77162170410156 67.16680145263672 -5.980928897857666
vertex -64.82444763183594 67.18694305419922 -5.989473342895508
vertex -64.77162170410156 67.16680145263672 -1
endloop
endfacet
facet normal 0.465307280966518 0.885149215827222 0
outer loop
vertex -64.77162170410156 67.16680145263672 -5.980928897857666
vertex -64.37355041503906 66.9575424194336 -1
vertex -64.37355041503906 66.9575424194336 -5.973215103149414
endloop
endfacet
facet normal 0.35623086798175685 0.934397971261066 4.099729671193654e-7
outer loop
vertex -65.65144348144531 67.50222778320312 -5.896362781524658
vertex -64.77162170410156 67.16680145263672 -1
vertex -64.82444763183594 67.18694305419922 -5.989473342895508
endloop
endfacet
facet normal 0.20020465898622689 0.9797540990065867 0
outer loop
vertex -65.65144348144531 67.50222778320312 -5.896362781524658
vertex -66.51283264160156 67.6782455444336 -5.966190814971924
vertex -65.65144348144531 67.50222778320312 -1
endloop
endfacet
facet normal 0.047810408729941876 0.9988564285302026 9.818258905254344e-7
outer loop
vertex -66.51283264160156 67.6782455444336 -5.966190814971924
vertex -67.43285369873047 67.72228240966797 -5.887918472290039
vertex -66.4942855834961 67.67735290527344 -1
endloop
endfacet
facet normal -0.11114209137744556 0.9938045258119161 0
outer loop
vertex -67.43285369873047 67.72228240966797 -5.887918472290039
vertex -68.26200103759766 67.62955474853516 -5.968574523925781
vertex -67.43285369873047 67.72228240966797 -1
endloop
endfacet
facet normal -0.26111060548566134 0.9653085477289792 -0.0008120248027801237
outer loop
vertex -68.26200103759766 67.62955474853516 -5.968574523925781
vertex -69.19436645507812 67.37741088867188 -5.902227401733398
vertex -68.28836822509766 67.62660217285156 -1
endloop
endfacet
facet normal -0.4146929029989764 0.9099614256671992 0
outer loop
vertex -69.91535949707031 67.04883575439453 -5.9944891929626465
vertex -69.19436645507812 67.37741088867188 -1
vertex -69.19436645507812 67.37741088867188 -5.902227401733398
endloop
endfacet
facet normal -0.4147164761864304 0.9099506823793363 0.0000041097458801163
outer loop
vertex -69.91535949707031 67.04883575439453 -5.9944891929626465
vertex -69.97769927978516 67.02042388916016 -5.979611396789551
vertex -69.19436645507812 67.37741088867188 -1
endloop
endfacet
facet normal -0.551909000444984 0.8339043441713315 0
outer loop
vertex -69.97769927978516 67.02042388916016 -5.979611396789551
vertex -70.76127624511719 66.50182342529297 -5.938388824462891
vertex -69.97769927978516 67.02042388916016 -1
endloop
endfacet
facet normal -0.6771256474379785 0.735867418480869 0
outer loop
vertex -70.76127624511719 66.50182342529297 -5.938388824462891
vertex -71.39474487304688 65.9189224243164 -6.011351585388184
vertex -70.76127624511719 66.50182342529297 -1
endloop
endfacet
facet normal -0.7838864247085746 0.6209042383150627 0
outer loop
vertex -71.39474487304688 65.9189224243164 -6.011351585388184
vertex -71.9781723022461 65.1823501586914 -5.924243927001953
vertex -71.39474487304688 65.9189224243164 -1
endloop
endfacet
facet normal -0.8657198647084482 0.5005288361814793 0
outer loop
vertex -81.66354370117188 48.4304313659668 -1
vertex -71.9781723022461 65.1823501586914 -1
vertex -81.66354370117188 48.4304313659668 -7.151508808135986
endloop
endfacet
facet normal 0.000056867628560157315 -0.9999999983830364 0
outer loop
vertex 18.40700912475586 -68.054443359375 -9.949999809265137
vertex 78.7792739868164 -68.05101013183594 -14.700518608093262
vertex 18.40700912475586 -68.054443359375 -4.949999809265137
endloop
endfacet
facet normal -0.9099550266162624 -0.41470694416153336 0
outer loop
vertex -81.7264175415039 42.82627868652344 -7.344374656677246
vertex -81.7264175415039 42.82627868652344 -1
vertex -82.01839447021484 43.46693801879883 -1
endloop
endfacet
facet normal -0.9099711254167052 -0.41467161813812964 -0.000004308135372532438
outer loop
vertex -82.08341217041016 43.609615325927734 -1
vertex -81.7264175415039 42.82627868652344 -7.344374656677246
vertex -82.01839447021484 43.46693801879883 -1
endloop
endfacet
facet normal -0.8339068444546098 -0.5519052226349692 0
outer loop
vertex -81.7264175415039 42.82627868652344 -1
vertex -81.20782470703125 42.04270553588867 -7.434534072875977
vertex -81.20782470703125 42.04270553588867 -1
endloop
endfacet
facet normal -0.7358609706582515 -0.6771326545529286 0
outer loop
vertex -81.20782470703125 42.04270553588867 -1
vertex -80.62491607666016 41.40924072265625 -7.409180641174316
vertex -80.62491607666016 41.40924072265625 -1
endloop
endfacet
facet normal 0.9371540767173994 -0.34891578955749375 0.00009104630345002431
outer loop
vertex 82.14762115478516 -65.94035339355469 -14.625094413757324
vertex 82.18704986572266 -65.83445739746094 -14.646974563598633
vertex 82.37200927734375 -65.33765411376953 -14.56961441040039
endloop
endfacet
facet normal 0.05141782386589761 -0.9986772288326673 0
outer loop
vertex 79.16692352294922 -68.03105163574219 -14.715799331665039
vertex 78.7792739868164 -68.05101013183594 -1
vertex 78.7792739868164 -68.05101013183594 -14.700518608093262
endloop
endfacet
facet normal 0.1610110241899672 -0.9869526078233191 2.182502012522027e-7
outer loop
vertex 79.65614318847656 -67.95124053955078 -14.669435501098633
vertex 79.14398956298828 -68.0347900390625 -1
vertex 79.16692352294922 -68.03105163574219 -14.715799331665039
endloop
endfacet
facet normal 0.3140055254995762 -0.9494211552076007 0
outer loop
vertex 80.27635192871094 -67.7461166381836 -14.698799133300781
vertex 79.65614318847656 -67.95124053955078 -1
vertex 79.65614318847656 -67.95124053955078 -14.669435501098633
endloop
endfacet
facet normal -0.9641926243716576 -0.26520290931152213 0
outer loop
vertex -82.08341217041016 43.609615325927734 -7.3608012199401855
vertex -82.08341217041016 43.609615325927734 -1
vertex -82.1203842163086 43.74403381347656 -1
endloop
endfacet
facet normal 0.00005594889314159885 -0.9999999984348606 0
outer loop
vertex 74.2792739868164 -68.05126190185547 -1
vertex 75.7792739868164 -68.05117797851562 -4
vertex 78.7792739868164 -68.05101013183594 -1
endloop
endfacet
facet normal -0.9641942708367313 -0.2651969232204733 -1.3607004172261386e-7
outer loop
vertex -82.33260345458984 44.5156135559082 -1
vertex -82.08341217041016 43.609615325927734 -7.3608012199401855
vertex -82.1203842163086 43.74403381347656 -1
endloop
endfacet
facet normal -0.9938038830245781 -0.11114783886909656 0
outer loop
vertex -82.33260345458984 44.5156135559082 -7.268379211425781
vertex -82.33260345458984 44.5156135559082 -1
vertex -82.41107940673828 45.217288970947266 -1
endloop
endfacet
facet normal -0.9938044401031545 -0.11114285775944718 -5.645541427725415e-7
outer loop
vertex -82.42828369140625 45.371124267578125 -1
vertex -82.33260345458984 44.5156135559082 -7.268379211425781
vertex -82.41107940673828 45.217288970947266 -1
endloop
endfacet
facet normal -0.998856184333177 0.04781551023848219 0
outer loop
vertex -82.38335418701172 46.3096923828125 -1
vertex -82.42828369140625 45.371124267578125 -7.281306743621826
vertex -82.42828369140625 45.371124267578125 -1
endloop
endfacet
facet normal -0.9790887787226333 0.20343343722068483 0
outer loop
vertex -82.2082290649414 47.15253829956055 -1
vertex -82.38335418701172 46.3096923828125 -7.121430397033691
vertex -82.38335418701172 46.3096923828125 -1
endloop
endfacet
facet normal 0.30967032373731335 0.9508439885682759 0
outer loop
vertex -29.73406982421875 50.946956634521484 -1
vertex -46.00628662109375 56.246482849121094 -6.73176383972168
vertex -46.00628662109375 56.246482849121094 -1
endloop
endfacet
facet normal 0.3784195217827238 0.9256341963938749 0
outer loop
vertex -29.73406982421875 50.946956634521484 -7.061697006225586
vertex -29.73406982421875 50.946956634521484 -1
vertex -29.518468856811523 50.85881423950195 -1
endloop
endfacet
facet normal -0.9343972118125218 0.35623286001853555 0
outer loop
vertex -81.872802734375 48.0323600769043 -1
vertex -82.2082290649414 47.15253829956055 -7.064700126647949
vertex -82.2082290649414 47.15253829956055 -1
endloop
endfacet
facet normal 0.000056812340344685415 -0.9999999983861507 -2.3783068142071906e-7
outer loop
vertex 13.83971118927002 -68.05470275878906 -1
vertex 78.7792739868164 -68.05101013183594 -14.700518608093262
vertex 63.779273986816406 -68.05186462402344 -5
endloop
endfacet
facet normal 0.00005722045889069551 -0.9999999983628323 3.932467338598837e-7
outer loop
vertex 78.7792739868164 -68.05101013183594 -14.700518608093262
vertex 75.7792739868164 -68.05117797851562 -5
vertex 63.779273986816406 -68.05186462402344 -5
endloop
endfacet
facet normal 0.00005594889314159885 -0.9999999984348608 0
outer loop
vertex 75.7792739868164 -68.05117797851562 -5
vertex 78.7792739868164 -68.05101013183594 -14.700518608093262
vertex 75.7792739868164 -68.05117797851562 -4
endloop
endfacet
facet normal 0.00005594889314159885 -0.9999999984348606 0
outer loop
vertex 75.7792739868164 -68.05117797851562 -4
vertex 78.7792739868164 -68.05101013183594 -14.700518608093262
vertex 78.7792739868164 -68.05101013183594 -1
endloop
endfacet
facet normal -0.885181295543814 0.4652462509460719 0
outer loop
vertex -81.872802734375 48.0323600769043 -7.157268524169922
vertex -81.872802734375 48.0323600769043 -1
vertex -81.84969329833984 48.07632827758789 -1
endloop
endfacet
facet normal 0.04442934889937907 -0.9990125093066402 -0.0001980030990105701
outer loop
vertex 78.7792739868164 -68.05101013183594 -1
vertex 79.16692352294922 -68.03105163574219 -14.715799331665039
vertex 79.14398956298828 -68.0347900390625 -1
endloop
endfacet
facet normal 0.161005350074229 -0.986953533479401 0
outer loop
vertex 79.14398956298828 -68.0347900390625 -1
vertex 79.65614318847656 -67.95124053955078 -14.669435501098633
vertex 79.65614318847656 -67.95124053955078 -1
endloop
endfacet
facet normal 0.3140142786240432 -0.9494182602099185 4.39644195025878e-7
outer loop
vertex 79.65614318847656 -67.95124053955078 -1
vertex 80.27635192871094 -67.7461166381836 -14.698799133300781
vertex 80.14228820800781 -67.79045104980469 -1
endloop
endfacet
facet normal 0.31397378404188947 -0.9494316525871764 0
outer loop
vertex 80.14228820800781 -67.79045104980469 -1
vertex 80.27635192871094 -67.7461166381836 -14.698799133300781
vertex 80.27635192871094 -67.7461166381836 -1
endloop
endfacet
facet normal 0.4796790050109197 -0.8774440450260684 -1.5674091324964122e-7
outer loop
vertex 80.27635192871094 -67.7461166381836 -1
vertex 80.31291198730469 -67.72612762451172 -14.70722484588623
vertex 80.87179565429688 -67.42060089111328 -1
endloop
endfacet
facet normal 0.6286438451114504 -0.7776933303066773 0
outer loop
vertex 80.87179565429688 -67.42060089111328 -1
vertex 81.37194061279297 -67.01631164550781 -14.666545867919922
vertex 81.37194061279297 -67.01631164550781 -1
endloop
endfacet
facet normal 0.7539179318951155 -0.6569686080529208 0
outer loop
vertex 81.37194061279297 -67.01631164550781 -1
vertex 81.80110168457031 -66.52381896972656 -14.605802536010742
vertex 81.80110168457031 -66.52381896972656 -1
endloop
endfacet
facet normal 0.8597985980770436 -0.5106333035993154 0
outer loop
vertex 81.80110168457031 -66.52381896972656 -1
vertex 82.14762115478516 -65.94035339355469 -14.625094413757324
vertex 82.14762115478516 -65.94035339355469 -1
endloop
endfacet
facet normal 0.937156749357906 -0.34890862289849284 -9.742370944809029e-9
outer loop
vertex 82.14762115478516 -65.94035339355469 -1
vertex 82.37200927734375 -65.33765411376953 -14.56961441040039
vertex 82.33197021484375 -65.44519805908203 -1
endloop
endfacet
facet normal -0.8851452324279068 0.465314858466561 -6.252687347387896e-7
outer loop
vertex -81.66354370117188 48.4304313659668 -1
vertex -81.872802734375 48.0323600769043 -7.157268524169922
vertex -81.84969329833984 48.07632827758789 -1
endloop
endfacet
facet normal 0.00005594889314159885 -0.9999999984348608 0
outer loop
vertex 74.2792739868164 -68.05126190185547 -1.507627010345459
vertex 75.7792739868164 -68.05117797851562 -4
vertex 74.2792739868164 -68.05126190185547 -1
endloop
endfacet
facet normal 0.00006106515614061991 -0.9999999981307828 0.000003079151698363789
outer loop
vertex 73.5322265625 -68.05130767822266 -1.5588747262954712
vertex 75.7792739868164 -68.05117797851562 -4
vertex 74.2792739868164 -68.05126190185547 -1.507627010345459
endloop
endfacet
facet normal 0.00005370618148773297 -0.9999999985509975 -0.0000036947591992063674
outer loop
vertex 72.8194580078125 -68.05134582519531 -1.5949000120162964
vertex 75.7792739868164 -68.05117797851562 -4
vertex 73.5322265625 -68.05130767822266 -1.5588747262954712
endloop
endfacet
facet normal 0.00005658461374359725 -0.9999999983990793 -1.524408534195437e-7
outer loop
vertex 72.14521789550781 -68.05138397216797 -1.625362515449524
vertex 75.7792739868164 -68.05117797851562 -4
vertex 72.8194580078125 -68.05134582519531 -1.5949000120162964
endloop
endfacet
facet normal 0.00005631016929355866 -0.9999999984144187 -5.724403417781694e-7
outer loop
vertex 70.92547607421875 -68.05145263671875 -1.6591088771820068
vertex 75.7792739868164 -68.05117797851562 -4
vertex 72.14521789550781 -68.05138397216797 -1.625362515449524
endloop
endfacet
facet normal 0.0000613459295821323 -0.9999999981183385 0
outer loop
vertex 70.17927551269531 -68.05149841308594 -4
vertex 70.92547607421875 -68.05145263671875 -1.6591088771820068
vertex 70.17927551269531 -68.05149841308594 -1.666057825088501
endloop
endfacet
facet normal 0.00006134404797831204 -0.9999999981184537 0
outer loop
vertex 68.63304901123047 -68.05158996582031 -1.6590946912765503
vertex 69.3792724609375 -68.05154418945312 -4
vertex 69.3792724609375 -68.05154418945312 -1.666053056716919
endloop
endfacet
facet normal 0.00005624582819847477 -0.9999999984168828 -0.000001625187977898356
outer loop
vertex 67.4132308959961 -68.0516586303711 -1.6253321170806885
vertex 69.3792724609375 -68.05154418945312 -4
vertex 68.63304901123047 -68.05158996582031 -1.6590946912765503
endloop
endfacet
facet normal 0.000056587578736535934 -0.9999999983980222 -0.0000013422449315630646
outer loop
vertex 69.3792724609375 -68.05154418945312 -4
vertex 67.4132308959961 -68.0516586303711 -1.6253321170806885
vertex 66.73983001708984 -68.05169677734375 -1.5949000120162964
endloop
endfacet
facet normal 0.000053189238292764314 -0.9999999985725914 -0.000005071704861456346
outer loop
vertex 66.02607727050781 -68.0517349243164 -1.5588159561157227
vertex 69.3792724609375 -68.05154418945312 -4
vertex 66.73983001708984 -68.05169677734375 -1.5949000120162964
endloop
endfacet
facet normal 0.0000617557881024778 -0.9999999980706981 0.000006695254613884994
outer loop
vertex 65.2792739868164 -68.0517807006836 -1.5075769424438477
vertex 69.3792724609375 -68.05154418945312 -4
vertex 66.02607727050781 -68.0517349243164 -1.5588159561157227
endloop
endfacet
facet normal 0.47972424739941927 -0.8774193105106937 0
outer loop
vertex 80.27635192871094 -67.7461166381836 -14.698799133300781
vertex 80.31291198730469 -67.72612762451172 -14.70722484588623
vertex 80.27635192871094 -67.7461166381836 -1
endloop
endfacet
facet normal 0.47967604529141905 -0.8774456630319535 0
outer loop
vertex 80.31291198730469 -67.72612762451172 -14.70722484588623
vertex 80.87179565429688 -67.42060089111328 -14.637093544006348
vertex 80.87179565429688 -67.42060089111328 -1
endloop
endfacet
facet normal 0.6286438451114504 -0.7776933303066773 0
outer loop
vertex 80.87179565429688 -67.42060089111328 -1
vertex 80.87179565429688 -67.42060089111328 -14.637093544006348
vertex 81.37194061279297 -67.01631164550781 -14.666545867919922
endloop
endfacet
facet normal 0.7538914607161193 -0.6569989843670353 0
outer loop
vertex 81.37194061279297 -67.01631164550781 -14.666545867919922
vertex 81.42501831054688 -66.95540618896484 -14.682729721069336
vertex 81.37194061279297 -67.01631164550781 -1
endloop
endfacet
facet normal 0.7539216436033367 -0.6569643485809332 2.712577538249456e-7
outer loop
vertex 81.80110168457031 -66.52381896972656 -14.605802536010742
vertex 81.37194061279297 -67.01631164550781 -1
vertex 81.42501831054688 -66.95540618896484 -14.682729721069336
endloop
endfacet
facet normal 0.8597985980770435 -0.5106333035993154 0
outer loop
vertex 82.14762115478516 -65.94035339355469 -14.625094413757324
vertex 81.80110168457031 -66.52381896972656 -1
vertex 81.80110168457031 -66.52381896972656 -14.605802536010742
endloop
endfacet
facet normal 0.9371568210803946 -0.34890843025425633 0
outer loop
vertex 82.37200927734375 -65.33765411376953 -14.56961441040039
vertex 82.14762115478516 -65.94035339355469 -1
vertex 82.14762115478516 -65.94035339355469 -14.625094413757324
endloop
endfacet
facet normal -0.5008251742103026 -0.8655484647766484 8.66605491115244e-8
outer loop
vertex -79.88835144042969 40.8258056640625 -1
vertex -63.607749938964844 31.405494689941406 -8.132997512817383
vertex -63.22487258911133 31.1839542388916 -1
endloop
endfacet
facet normal 0.9371571513057082 -0.3489075432784022 0
outer loop
vertex 82.37200927734375 -65.33765411376953 -14.56961441040039
vertex 82.37200927734375 -65.33765411376953 -1
vertex 82.33197021484375 -65.44519805908203 -1
endloop
endfacet
facet normal -0.9999999991299535 -0.000041714422983944075 0
outer loop
vertex -61.89299011230469 -67.08352661132812 -14.733362197875977
vertex -61.89699172973633 28.8453426361084 -1
vertex -61.89699172973633 28.8453426361084 -8.591829299926758
endloop
endfacet
facet normal -0.9916777657805153 -0.12874474302494557 7.908078215377565e-8
outer loop
vertex -61.89699172973633 28.8453426361084 -8.591829299926758
vertex -61.95676803588867 29.305784225463867 -1
vertex -61.94319152832031 29.201204299926758 -8.523273468017578
endloop
endfacet
facet normal -0.9916784920878682 -0.12873914839834846 0
outer loop
vertex -61.94319152832031 29.201204299926758 -8.523273468017578
vertex -61.95676803588867 29.305784225463867 -1
vertex -61.95676803588867 29.305784225463867 -8.513087272644043
endloop
endfacet
facet normal -0.9599356787577289 -0.28022043581426814 4.668416007141676e-9
outer loop
vertex -62.04195785522461 29.597614288330078 -8.437561988830566
vertex -61.95676803588867 29.305784225463867 -8.513087272644043
vertex -62.086875915527344 29.751487731933594 -1
endloop
endfacet
facet normal -0.9051980104085924 -0.42499007276913997 -8.417480332429244e-8
outer loop
vertex -62.19081115722656 29.972862243652344 -8.379765510559082
vertex -62.086875915527344 29.751487731933594 -8.429101943969727
vertex -62.284202575683594 30.171777725219727 -1
endloop
endfacet
facet normal -0.9599357394562735 -0.2802202278825302 0
outer loop
vertex -62.086875915527344 29.751487731933594 -8.429101943969727
vertex -62.04195785522461 29.597614288330078 -8.437561988830566
vertex -62.086875915527344 29.751487731933594 -1
endloop
endfacet
facet normal -0.8287785537138787 -0.55957672298258 -9.147181382746775e-8
outer loop
vertex -62.47925567626953 30.46066665649414 -8.355823516845703
vertex -62.38589859008789 30.322397232055664 -8.3497953414917
vertex -62.54401779174805 30.556583404541016 -1
endloop
endfacet
facet normal -0.8287753004262977 -0.5595815413353983 0
outer loop
vertex -62.54401779174805 30.556583404541016 -8.348820686340332
vertex -62.47925567626953 30.46066665649414 -8.355823516845703
vertex -62.54401779174805 30.556583404541016 -1
endloop
endfacet
facet normal -0.7325111947396915 -0.6807549849843407 0
outer loop
vertex -62.8600959777832 30.896692276000977 -8.291619300842285
vertex -62.54401779174805 30.556583404541016 -8.348820686340332
vertex -62.8600959777832 30.896692276000977 -1
endloop
endfacet
facet normal -0.9051968090319237 -0.4249926316048587 0
outer loop
vertex -62.284202575683594 30.171777725219727 -8.377890586853027
vertex -62.19081115722656 29.972862243652344 -8.379765510559082
vertex -62.284202575683594 30.171777725219727 -1
endloop
endfacet
facet normal -0.8287776148299378 -0.5595781135434073 -2.6965841227150487e-8
outer loop
vertex -62.38589859008789 30.322397232055664 -8.3497953414917
vertex -62.284202575683594 30.171777725219727 -8.377890586853027
vertex -62.54401779174805 30.556583404541016 -1
endloop
endfacet
facet normal -0.6186878708818401 -0.785636887132787 0
outer loop
vertex -63.22487258911133 31.1839542388916 -8.193413734436035
vertex -63.00221252441406 31.008609771728516 -8.253015518188477
vertex -63.22487258911133 31.1839542388916 -1
endloop
endfacet
facet normal -0.5008239646789208 -0.8655491646366987 0
outer loop
vertex -63.607749938964844 31.405494689941406 -8.132997512817383
vertex -63.22487258911133 31.1839542388916 -8.193413734436035
vertex -63.22487258911133 31.1839542388916 -1
endloop
endfacet
facet normal -0.6186910649492597 -0.7856343717989466 -1.5886373431902985e-7
outer loop
vertex -63.00221252441406 31.008609771728516 -8.253015518188477
vertex -62.8600959777832 30.896692276000977 -8.291619300842285
vertex -63.22487258911133 31.1839542388916 -1
endloop
endfacet
facet normal 0.00005722047448199237 -0.9999999983620439 0.000001315061983623678
outer loop
vertex 70.92547607421875 -68.05145263671875 -1.6591088771820068
vertex 70.17927551269531 -68.05149841308594 -4
vertex 75.7792739868164 -68.05117797851562 -4
endloop
endfacet
facet normal -0.9916779322523804 -0.1287434607412868 0
outer loop
vertex -61.95676803588867 29.305784225463867 -1
vertex -61.89699172973633 28.8453426361084 -8.591829299926758
vertex -61.89699172973633 28.8453426361084 -1
endloop
endfacet
facet normal -0.9599339237338221 -0.28022644783279915 0
outer loop
vertex -61.95676803588867 29.305784225463867 -8.513087272644043
vertex -61.95676803588867 29.305784225463867 -1
vertex -62.032718658447266 29.56595802307129 -1
endloop
endfacet
facet normal -0.9599381906786004 -0.2802118307216763 -5.493169816119074e-7
outer loop
vertex -61.95676803588867 29.305784225463867 -8.513087272644043
vertex -62.032718658447266 29.56595802307129 -1
vertex -62.086875915527344 29.751487731933594 -1
endloop
endfacet
facet normal -0.9051974380185097 -0.4249912919163476 0
outer loop
vertex -62.284202575683594 30.171777725219727 -1
vertex -62.086875915527344 29.751487731933594 -8.429101943969727
vertex -62.086875915527344 29.751487731933594 -1
endloop
endfacet
facet normal -0.618689104913486 -0.7856359153331456 0
outer loop
vertex -63.22487258911133 31.1839542388916 -1
vertex -62.8600959777832 30.896692276000977 -8.291619300842285
vertex -62.8600959777832 30.896692276000977 -1
endloop
endfacet
facet normal -0.7325111947396915 -0.6807549849843407 0
outer loop
vertex -62.8600959777832 30.896692276000977 -1
vertex -62.54401779174805 30.556583404541016 -8.348820686340332
vertex -62.54401779174805 30.556583404541016 -1
endloop
endfacet
facet normal -0.8287773750551839 -0.559578468667835 0
outer loop
vertex -62.54401779174805 30.556583404541016 -1
vertex -62.284202575683594 30.171777725219727 -8.377890586853027
vertex -62.284202575683594 30.171777725219727 -1
endloop
endfacet
facet normal 0.9834457953858008 -0.18120255941346355 0
outer loop
vertex 82.4903793334961 -64.69522094726562 -14.582480430603027
vertex 82.37200927734375 -65.33765411376953 -1
vertex 82.37200927734375 -65.33765411376953 -14.56961441040039
endloop
endfacet
facet normal 0.9999999850146979 -0.00017312020053344645 0
outer loop
vertex 82.4903793334961 -64.69522094726562 -14.582480430603027
vertex 82.49040222167969 -64.5630111694336 -14.608243942260742
vertex 82.4903793334961 -64.69522094726562 -1
endloop
endfacet
facet normal 0.00005680565583838049 -0.9999999983865587 0
outer loop
vertex 65.2792739868164 -68.0517807006836 -1.5075769424438477
vertex 65.2792739868164 -68.0517807006836 -1
vertex 13.83971118927002 -68.05470275878906 -1
endloop
endfacet
facet normal 0.00005679113565872554 -0.9999999983863007 -0.000001471524078383959
outer loop
vertex 69.3792724609375 -68.05154418945312 -4
vertex 65.2792739868164 -68.0517807006836 -1.5075769424438477
vertex 13.83971118927002 -68.05470275878906 -1
endloop
endfacet
facet normal 0.00005722047448084164 -0.9999999983419335 0.000006476905907402596
outer loop
vertex 63.779273986816406 -68.05186462402344 -4
vertex 69.3792724609375 -68.05154418945312 -4
vertex 13.83971118927002 -68.05470275878906 -1
endloop
endfacet
facet normal 0.0000568313898250853 -0.9999999983850966 0
outer loop
vertex 63.779273986816406 -68.05186462402344 -5
vertex 63.779273986816406 -68.05186462402344 -4
vertex 13.83971118927002 -68.05470275878906 -1
endloop
endfacet
facet normal 0.07540649390044914 -0.9971528772816756 -0.0000025529171904801818
outer loop
vertex 0.9648827314376831 -72.79814147949219 -1
vertex 1.5036612749099731 -72.75736236572266 -14.94862174987793
vertex 1.0524542331695557 -72.79151916503906 -1
endloop
endfacet
facet normal 7.2544305415039766e-9 0.06627390168826736 -0.9978014682064834
outer loop
vertex 70.20315551757812 44.812625885009766 -8.339136123657227
vertex 77.9002914428711 44.783477783203125 -8.341072082519531
vertex 81.4969711303711 -64.36351776123047 -15.590607643127441
endloop
endfacet
facet normal -7.225041486657105e-7 0.06627389584533097 -0.9978014685943092
outer loop
vertex 81.4969711303711 -64.36351776123047 -15.590607643127441
vertex 80.36543273925781 43.284156799316406 -8.440656661987305
vertex 81.1407241821289 42.02497482299805 -8.5242919921875
endloop
endfacet
facet normal -7.92652451361204e-8 0.06627365299289184 -0.997801484724778
outer loop
vertex -6.856655597686768 41.856143951416016 -8.535505294799805
vertex -28.629928588867188 49.816192626953125 -8.006799697875977
vertex -6.861446380615234 43.89691925048828 -8.399957656860352
endloop
endfacet
facet normal 2.7272988349877803e-7 0.06627461158294462 -0.9978014210550391
outer loop
vertex -6.7991461753845215 41.28044128417969 -8.57374382019043
vertex -28.629928588867188 49.816192626953125 -8.006799697875977
vertex -6.856655597686768 41.856143951416016 -8.535505294799805
endloop
endfacet
facet normal -2.3753827644330318e-7 0.06627331226842786 -0.9978015073555037
outer loop
vertex -6.716071128845215 40.958526611328125 -8.595125198364258
vertex -28.629928588867188 49.816192626953125 -8.006799697875977
vertex -6.7991461753845215 41.28044128417969 -8.57374382019043
endloop
endfacet
facet normal 1.797650208778964e-7 0.06627434014182912 -0.9978014390843165
outer loop
vertex -6.671520233154297 40.81864929199219 -8.604415893554688
vertex -28.629928588867188 49.816192626953125 -8.006799697875977
vertex -6.716071128845215 40.958526611328125 -8.595125198364258
endloop
endfacet
facet normal -9.272834622523281e-7 0.06627165986607222 -0.9978016171051918
outer loop
vertex -28.629928588867188 49.816192626953125 -8.006799697875977
vertex -6.624121189117432 40.71139144897461 -8.611539840698242
vertex -6.584253787994385 40.58025360107422 -8.62024974822998
endloop
endfacet
facet normal -5.178313219522476e-7 0.0662726451430237 -0.997801551665199
outer loop
vertex -6.624121189117432 40.71139144897461 -8.611539840698242
vertex -28.629928588867188 49.816192626953125 -8.006799697875977
vertex -6.671520233154297 40.81864929199219 -8.604415893554688
endloop
endfacet
facet normal 2.0807698183228288e-8 0.06627391296755417 -0.9978014674573137
outer loop
vertex -6.584253787994385 40.58025360107422 -8.62024974822998
vertex -6.307633399963379 40.063873291015625 -8.654547691345215
vertex -28.629928588867188 49.816192626953125 -8.006799697875977
endloop
endfacet
facet normal 3.051513292855186e-7 0.06627453162921777 -0.9978014263656044
outer loop
vertex -28.629928588867188 49.816192626953125 -8.006799697875977
vertex -5.9635186195373535 39.63972854614258 -8.682719230651855
vertex -5.346200942993164 39.007049560546875 -8.72474193572998
endloop
endfacet
facet normal -9.359545811158867e-7 0.06627186993358598 -0.9978016031529664
outer loop
vertex -5.318047523498535 38.97857666015625 -8.726633071899414
vertex -28.629928588867188 49.816192626953125 -8.006799697875977
vertex -5.346200942993164 39.007049560546875 -8.72474193572998
endloop
endfacet
facet normal -5.4772936474473754e-8 0.06627375704403489 -0.997801477813731
outer loop
vertex -5.318047523498535 38.97857666015625 -8.726633071899414
vertex -4.864437580108643 38.60712814331055 -8.751304626464844
vertex -28.629928588867188 49.816192626953125 -8.006799697875977
endloop
endfacet
facet normal -1.7303733997121338e-7 0.06627347122025035 -0.9978014967980298
outer loop
vertex -5.9635186195373535 39.63972854614258 -8.682719230651855
vertex -28.629928588867188 49.816192626953125 -8.006799697875977
vertex -6.307633399963379 40.063873291015625 -8.654547691345215
endloop
endfacet
facet normal -3.245398574011664e-8 0.0662738653036036 -0.997801470623149
outer loop
vertex 81.4969711303711 -64.36351776123047 -15.590607643127441
vertex -65.16996002197266 66.44955444335938 -6.902012825012207
vertex -47.7281494140625 56.10289764404297 -7.589237213134766
endloop
endfacet
facet normal 3.9496324078328026e-7 0.06627434241671146 -0.9978014389331559
outer loop
vertex 81.4969711303711 -64.36351776123047 -15.590607643127441
vertex -66.62489318847656 66.8807601928711 -6.873372554779053
vertex -65.16996002197266 66.44955444335938 -6.902012825012207
endloop
endfacet
facet normal 1.9189388864324704e-7 0.06627411423993763 -0.9978014540887755
outer loop
vertex 81.4969711303711 -64.36351776123047 -15.590607643127441
vertex -68.10155487060547 66.8389892578125 -6.876147270202637
vertex -66.62489318847656 66.8807601928711 -6.873372554779053
endloop
endfacet
facet normal -3.634416178427449e-7 0.0662734838215016 -0.9978014959610099
outer loop
vertex 81.4969711303711 -64.36351776123047 -15.590607643127441
vertex -69.49230194091797 66.3399429321289 -6.909293174743652
vertex -68.10155487060547 66.8389892578125 -6.876147270202637
endloop
endfacet
facet normal 1.0787799630771078e-7 0.06627402590077935 -0.9978014599562836
outer loop
vertex 81.4969711303711 -64.36351776123047 -15.590607643127441
vertex -70.63351440429688 65.45285034179688 -6.96821403503418
vertex -69.49230194091797 66.3399429321289 -6.909293174743652
endloop
endfacet
facet normal 0.000002567100324768636 0.0662766263393593 -0.9978012872283153
outer loop
vertex 81.4969711303711 -64.36351776123047 -15.590607643127441
vertex -46.576290130615234 55.6096305847168 -7.622000217437744
vertex -46.35874557495117 55.543785095214844 -7.626373291015625
endloop
endfacet
facet normal -0.0000018044585696305872 0.06627198012757632 -0.9978015958329162
outer loop
vertex 81.4969711303711 -64.36351776123047 -15.590607643127441
vertex -46.9381217956543 55.802608489990234 -7.609182357788086
vertex -46.576290130615234 55.6096305847168 -7.622000217437744
endloop
endfacet
facet normal 0.000002515413137226867 0.06627657698198529 -0.9978012905068943
outer loop
vertex -47.190425872802734 55.93612289428711 -7.600314617156982
vertex -46.9381217956543 55.802608489990234 -7.609182357788086
vertex 81.4969711303711 -64.36351776123047 -15.590607643127441
endloop
endfacet
facet normal -0.0000014984900894986566 0.06627230207340154 -0.9978015744503744
outer loop
vertex 81.4969711303711 -64.36351776123047 -15.590607643127441
vertex -47.36766815185547 55.95357894897461 -7.599154949188232
vertex -47.190425872802734 55.93612289428711 -7.600314617156982
endloop
endfacet
facet normal 0.000001172138870770544 0.06627515180270174 -0.9978013851724976
outer loop
vertex 81.4969711303711 -64.36351776123047 -15.590607643127441
vertex -47.7281494140625 56.10289764404297 -7.589237213134766
vertex -47.555259704589844 56.0104866027832 -7.595375061035156
endloop
endfacet
facet normal -6.774516393303028e-7 0.06627317757764441 -0.9978015163013649
outer loop
vertex -47.36766815185547 55.95357894897461 -7.599154949188232
vertex 81.4969711303711 -64.36351776123047 -15.590607643127441
vertex -47.555259704589844 56.0104866027832 -7.595375061035156
endloop
endfacet
facet normal -0.0000010901115049064809 0.06627234076360704 -0.9978015718811653
outer loop
vertex 79.01853942871094 -66.84565734863281 -15.755471229553223
vertex -61.59626007080078 30.911794662475586 -9.262428283691406
vertex -61.75033950805664 31.09912872314453 -9.249985694885254
endloop
endfacet
facet normal -2.712061585502692e-7 0.06627351350751103 -0.9978014939893085
outer loop
vertex 79.01853942871094 -66.84565734863281 -15.755471229553223
vertex -61.31964111328125 30.39541244506836 -9.29672622680664
vertex -61.59626007080078 30.911794662475586 -9.262428283691406
endloop
endfacet
facet normal 0.0000021647998647157754 0.0662769855680981 -0.997801263368272
outer loop
vertex -62.22161102294922 31.692346572875977 -9.21058464050293
vertex -62.439796447753906 31.957624435424805 -9.192964553833008
vertex 79.01853942871094 -66.84565734863281 -15.755471229553223
endloop
endfacet
facet normal -0.0000011300428357209543 0.06627228362528795 -0.9978015756761524
outer loop
vertex -61.75033950805664 31.09912872314453 -9.249985694885254
vertex -62.22161102294922 31.692346572875977 -9.21058464050293
vertex 79.01853942871094 -66.84565734863281 -15.755471229553223
endloop
endfacet
facet normal -7.93702239764828e-7 0.06627275070353414 -0.997801544653824
outer loop
vertex -61.14929962158203 29.835105895996094 -9.333942413330078
vertex 79.01853942871094 -66.84565734863281 -15.755471229553223
vertex -61.09249496459961 29.259660720825195 -9.372162818908691
endloop
endfacet
facet normal 0.000001039584866119596 0.06627539693032243 -0.997801368890947
outer loop
vertex -61.14929962158203 29.835105895996094 -9.333942413330078
vertex -61.31964111328125 30.39541244506836 -9.29672622680664
vertex 79.01853942871094 -66.84565734863281 -15.755471229553223
endloop
endfacet
facet normal -0.000001979865770992146 0.06627107764346184 -0.9978016557733578
outer loop
vertex -62.439796447753906 31.957624435424805 -9.192964553833008
vertex -62.893409729003906 32.32907485961914 -9.168292999267578
vertex 79.01853942871094 -66.84565734863281 -15.755471229553223
endloop
endfacet
facet normal 2.0170771576978593e-8 0.06627392356902033 -0.9978014667531648
outer loop
vertex -80.93331909179688 47.87058639526367 -8.136027336120605
vertex -70.63351440429688 65.45285034179688 -6.96821403503418
vertex 81.4969711303711 -64.36351776123047 -15.590607643127441
endloop
endfacet
facet normal -2.5809897870570705e-7 0.06627353683225697 -0.997801492440093
outer loop
vertex 79.01853942871094 -66.84565734863281 -15.755471229553223
vertex -81.41487884521484 45.56292724609375 -8.289300918579102
vertex -80.93331909179688 47.87058639526367 -8.136027336120605
endloop
endfacet
facet normal 0.0000014507223464621936 0.06627596500876581 -0.9978013311576871
outer loop
vertex -62.893409729003906 32.32907485961914 -9.168292999267578
vertex -81.41487884521484 45.56292724609375 -8.289300918579102
vertex 79.01853942871094 -66.84565734863281 -15.755471229553223
endloop
endfacet
facet normal -0.000012105936285900414 0.06625707507628936 -0.9978025856128963
outer loop
vertex -63.0611457824707 32.41853332519531 -9.16235065460205
vertex -81.41487884521484 45.56292724609375 -8.289300918579102
vertex -62.893409729003906 32.32907485961914 -9.168292999267578
endloop
endfacet
facet normal 8.737790480115884e-7 0.06627453813028399 -0.9978014259334641
outer loop
vertex -81.41487884521484 45.56292724609375 -8.289300918579102
vertex -79.29484558105469 41.826271057128906 -8.537489891052246
vertex -81.13875579833984 44.15256881713867 -8.382977485656738
endloop
endfacet
facet normal 3.6887279815680484e-7 0.06627413968062604 -0.9978014523989513
outer loop
vertex -80.41727447509766 42.861446380615234 -8.468733787536621
vertex -81.13875579833984 44.15256881713867 -8.382977485656738
vertex -79.29484558105469 41.826271057128906 -8.537489891052246
endloop
endfacet
facet normal 1.6962794555110087e-7 0.06627414037712949 -0.9978014523527433
outer loop
vertex -79.29484558105469 41.826271057128906 -8.537489891052246
vertex -81.41487884521484 45.56292724609375 -8.289300918579102
vertex -63.0611457824707 32.41853332519531 -9.16235065460205
endloop
endfacet
facet normal 4.155352680937798e-7 0.06627449324526188 -0.9978014289150476
outer loop
vertex 81.23696899414062 -65.30803680419922 -15.653343200683594
vertex -80.93331909179688 47.87058639526367 -8.136027336120605
vertex 81.4969711303711 -64.36351776123047 -15.590607643127441
endloop
endfacet
facet normal 2.6187978831538477e-8 0.06627393781146651 -0.997801465807182
outer loop
vertex 80.6706314086914 -66.0936050415039 -15.705520629882812
vertex -80.93331909179688 47.87058639526367 -8.136027336120605
vertex 81.23696899414062 -65.30803680419922 -15.653343200683594
endloop
endfacet
facet normal -4.369914668536689e-7 0.06627328389672481 -0.9978015092398654
outer loop
vertex 79.865966796875 -66.62962341308594 -15.741122245788574
vertex -80.93331909179688 47.87058639526367 -8.136027336120605
vertex 80.6706314086914 -66.0936050415039 -15.705520629882812
endloop
endfacet
facet normal 2.323237797890095e-8 0.06627392737700143 -0.9978014665002387
outer loop
vertex 79.01853942871094 -66.84565734863281 -15.755471229553223
vertex -80.93331909179688 47.87058639526367 -8.136027336120605
vertex 79.865966796875 -66.62962341308594 -15.741122245788574
endloop
endfacet
facet normal 2.488395404307651e-8 0.06627393887094278 -0.9978014657368117
outer loop
vertex 10.598350524902344 -31.889070510864258 -13.4336576461792
vertex -61.09249496459961 29.259660720825195 -9.372162818908691
vertex 79.01853942871094 -66.84565734863281 -15.755471229553223
endloop
endfacet
facet normal 0.0000022756825494808765 0.0662783451842188 -0.9978011730572693
outer loop
vertex 79.01853942871094 -66.84565734863281 -15.755471229553223
vertex 10.868948936462402 -32.15966796875 -13.451630592346191
vertex 10.7605619430542 -31.997455596923828 -13.440855979919434
endloop
endfacet
facet normal -6.394588853652093e-7 0.0662726427929429 -0.9978015518212178
outer loop
vertex 79.01853942871094 -66.84565734863281 -15.755471229553223
vertex 10.90700912475586 -32.351009368896484 -13.464339256286621
vertex 10.868948936462402 -32.15966796875 -13.451630592346191
endloop
endfacet
facet normal -0.000011883380706187078 0.0662507332910739 -0.9978030067088294
outer loop
vertex 10.598350524902344 -31.889070510864258 -13.4336576461792
vertex 79.01853942871094 -66.84565734863281 -15.755471229553223
vertex 10.7605619430542 -31.997455596923828 -13.440855979919434
endloop
endfacet
facet normal 8.001313268471874e-9 0.06627391562263192 -0.9978014672809637
outer loop
vertex 79.01853942871094 -66.84565734863281 -15.755471229553223
vertex 10.90700912475586 -46.351009368896484 -14.394218444824219
vertex 10.90700912475586 -32.351009368896484 -13.464339256286621
endloop
endfacet
facet normal -3.192967842382385e-7 0.06627283266379394 -0.9978015392103857
outer loop
vertex 10.90700912475586 -46.351009368896484 -14.394218444824219
vertex 79.01853942871094 -66.84565734863281 -15.755471229553223
vertex 10.868948936462402 -46.54235076904297 -14.406927108764648
endloop
endfacet
facet normal -1.899293259332448e-9 0.0662738933532743 -0.9978014687600929
outer loop
vertex 8.469409942626953 -66.92524719238281 -15.760757446289062
vertex 10.868948936462402 -46.54235076904297 -14.406927108764648
vertex 79.01853942871094 -66.84565734863281 -15.755471229553223
endloop
endfacet
facet normal 0.000005361244648038738 0.06627326475915707 -0.9978015104966617
outer loop
vertex 8.469409942626953 -66.92524719238281 -15.760757446289062
vertex 10.7605619430542 -46.70456314086914 -14.417701721191406
vertex 10.868948936462402 -46.54235076904297 -14.406927108764648
endloop
endfacet
facet normal -0.00000478537547695092 0.06627440939624543 -0.9978014344729511
outer loop
vertex 8.469409942626953 -66.92524719238281 -15.760757446289062
vertex 10.598350524902344 -46.812950134277344 -14.42490005493164
vertex 10.7605619430542 -46.70456314086914 -14.417701721191406
endloop
endfacet
facet normal 0.0000015920024977881057 0.06627373729939622 -0.9978014791238968
outer loop
vertex 8.469409942626953 -66.92524719238281 -15.760757446289062
vertex 10.40700912475586 -46.851009368896484 -14.427428245544434
vertex 10.598350524902344 -46.812950134277344 -14.42490005493164
endloop
endfacet
facet normal 0 0.06627389028731649 -0.9978014689637338
outer loop
vertex 8.469409942626953 -66.92524719238281 -15.760757446289062
vertex -8.59299087524414 -46.851009368896484 -14.427428245544434
vertex 10.40700912475586 -46.851009368896484 -14.427428245544434
endloop
endfacet
facet normal -2.483673717117261e-8 0.06627387472750162 -0.9978014699972149
outer loop
vertex 81.4969711303711 -64.36351776123047 -15.590607643127441
vertex -46.35874557495117 55.543785095214844 -7.626373291015625
vertex -29.242984771728516 49.946754455566406 -7.9981279373168945
endloop
endfacet
facet normal -0.00000210670055841539 0.06627186674583026 -0.9978016033629054
outer loop
vertex 81.4969711303711 -64.36351776123047 -15.590607643127441
vertex -29.242984771728516 49.946754455566406 -7.9981279373168945
vertex -28.89898681640625 49.84263610839844 -8.005043983459473
endloop
endfacet
facet normal 0.0000027025738379001017 0.06627649515221078 -0.9978012959417497
outer loop
vertex 81.4969711303711 -64.36351776123047 -15.590607643127441
vertex -28.89898681640625 49.84263610839844 -8.005043983459473
vertex -28.629928588867188 49.816192626953125 -8.006799697875977
endloop
endfacet
facet normal 2.3719368505917914e-8 0.06627392273269528 -0.9978014668087135
outer loop
vertex -28.629928588867188 49.816192626953125 -8.006799697875977
vertex -4.864437580108643 38.60712814331055 -8.751304626464844
vertex 81.4969711303711 -64.36351776123047 -15.590607643127441
endloop
endfacet
facet normal -0.000002475432562729123 0.06627183590164996 -0.9978016054106632
outer loop
vertex 81.4969711303711 -64.36351776123047 -15.590607643127441
vertex -4.864437580108643 38.60712814331055 -8.751304626464844
vertex -4.346917629241943 38.33111572265625 -8.769638061523438
endloop
endfacet
facet normal 6.437991756090768e-7 0.06627443185931883 -0.9978014329922111
outer loop
vertex -4.346917629241943 38.33111572265625 -8.769638061523438
vertex -4.212432861328125 38.290409088134766 -8.77234172821045
vertex 81.4969711303711 -64.36351776123047 -15.590607643127441
endloop
endfacet
facet normal 0.000004465738247731935 0.0662776089147709 -0.9978012219558553
outer loop
vertex -4.212432861328125 38.290409088134766 -8.77234172821045
vertex -4.012196063995361 38.22267150878906 -8.776840209960938
vertex 81.4969711303711 -64.36351776123047 -15.590607643127441
endloop
endfacet
facet normal -1.157580127843459e-7 0.06627380674553093 -0.9978014745125618
outer loop
vertex -3.6199791431427 38.10395812988281 -8.784725189208984
vertex -3.209174156188965 38.06358337402344 -8.787406921386719
vertex 81.4969711303711 -64.36351776123047 -15.590607643127441
endloop
endfacet
facet normal 0.000001969541386602258 0.06627486311074791 -0.9978014043464624
outer loop
vertex -6.861446380615234 43.89691925048828 -8.399957656860352
vertex -8.145977020263672 46.53325271606445 -8.224852561950684
vertex -7.296187400817871 45.32294464111328 -8.305240631103516
endloop
endfacet
facet normal -1.3943229110950751e-7 0.06627378725314187 -0.9978014758072398
outer loop
vertex 81.4969711303711 -64.36351776123047 -15.590607643127441
vertex -3.209174156188965 38.06358337402344 -8.787406921386719
vertex 0.9212939739227295 37.82378005981445 -8.803335189819336
endloop
endfacet
facet normal 0.0000037636613608231086 0.06627685136200905 -0.9978012722778884
outer loop
vertex 81.4969711303711 -64.36351776123047 -15.590607643127441
vertex 0.9212939739227295 37.82378005981445 -8.803335189819336
vertex 1.10873544216156 37.808162689208984 -8.80437183380127
endloop
endfacet
facet normal -4.45765500248591e-9 0.06627389964485966 -0.9978014683422064
outer loop
vertex 1.10873544216156 37.808162689208984 -8.80437183380127
vertex 13.899139404296875 37.86899948120117 -8.800331115722656
vertex 81.4969711303711 -64.36351776123047 -15.590607643127441
endloop
endfacet
facet normal -5.978292172145142e-7 0.06627350902102778 -0.9978014942871565
outer loop
vertex 81.4969711303711 -64.36351776123047 -15.590607643127441
vertex 13.899139404296875 37.86899948120117 -8.800331115722656
vertex 14.46886157989502 37.92498779296875 -8.796612739562988
endloop
endfacet
facet normal 5.306054028509098e-7 0.06627424521934178 -0.9978014453889736
outer loop
vertex 14.46886157989502 37.92498779296875 -8.796612739562988
vertex 15.030403137207031 38.09495544433594 -8.785323143005371
vertex 81.4969711303711 -64.36351776123047 -15.590607643127441
endloop
endfacet
facet normal -3.6582460272150155e-7 0.06627366624404825 -0.9978014838445766
outer loop
vertex 81.4969711303711 -64.36351776123047 -15.590607643127441
vertex 15.030403137207031 38.09495544433594 -8.785323143005371
vertex 15.435684204101562 38.31110763549805 -8.770966529846191
endloop
endfacet
facet normal -4.687718374899636e-8 0.06627387055482989 -0.9978014702743624
outer loop
vertex 81.4969711303711 -64.36351776123047 -15.590607643127441
vertex 15.435684204101562 38.31110763549805 -8.770966529846191
vertex 17.703092575073242 39.676177978515625 -8.680298805236816
endloop
endfacet
facet normal 8.980482958082996e-8 0.06627395399584468 -0.9978014647322124
outer loop
vertex 81.4969711303711 -64.36351776123047 -15.590607643127441
vertex 17.703092575073242 39.676177978515625 -8.680298805236816
vertex 19.161882400512695 40.125675201416016 -8.650443077087402
endloop
endfacet
facet normal -8.266202421842238e-9 0.06627389574660952 -0.9978014686011278
outer loop
vertex 81.4969711303711 -64.36351776123047 -15.590607643127441
vertex 19.161882400512695 40.125675201416016 -8.650443077087402
vertex 31.162302017211914 40.24302673339844 -8.642648696899414
endloop
endfacet
facet normal -1.3011453249658463e-7 0.06627383737304338 -0.9978014724782854
outer loop
vertex 81.4969711303711 -64.36351776123047 -15.590607643127441
vertex 31.162302017211914 40.24302673339844 -8.642648696899414
vertex 31.7176456451416 40.297603607177734 -8.639023780822754
endloop
endfacet
facet normal 5.558458051748882e-7 0.06627416219912335 -0.9978014509031822
outer loop
vertex 31.7176456451416 40.297603607177734 -8.639023780822754
vertex 32.2791862487793 40.46757125854492 -8.627734184265137
vertex 81.4969711303711 -64.36351776123047 -15.590607643127441
endloop
endfacet
facet normal -0.0000012948048445107887 0.06627329714214213 -0.9978015083593694
outer loop
vertex 32.2791862487793 40.46757125854492 -8.627734184265137
vertex 32.6075439453125 40.64269256591797 -8.616103172302246
vertex 81.4969711303711 -64.36351776123047 -15.590607643127441
endloop
endfacet
facet normal 1.8384180601100812e-7 0.0662739825556942 -0.9978014628352545
outer loop
vertex 32.6075439453125 40.64269256591797 -8.616103172302246
vertex 33.41437530517578 41.1008186340332 -8.585674285888672
vertex 81.4969711303711 -64.36351776123047 -15.590607643127441
endloop
endfacet
facet normal -0.0000017443355583955546 0.06627310733495763 -0.9978015209655308
outer loop
vertex 81.4969711303711 -64.36351776123047 -15.590607643127441
vertex 33.41437530517578 41.1008186340332 -8.585674285888672
vertex 33.603538513183594 41.20170593261719 -8.578973770141602
endloop
endfacet
facet normal 0.000001080235962719816 0.066274383174246 -0.9978014362255179
outer loop
vertex 33.603538513183594 41.20170593261719 -8.578973770141602
vertex 34.05714797973633 41.573158264160156 -8.554301261901855
vertex 81.4969711303711 -64.36351776123047 -15.590607643127441
endloop
endfacet
facet normal -4.960298415609704e-7 0.06627368040228131 -0.9978014829041347
outer loop
vertex 34.05714797973633 41.573158264160156 -8.554301261901855
vertex 34.266639709472656 41.82786178588867 -8.537384033203125
vertex 81.4969711303711 -64.36351776123047 -15.590607643127441
endloop
endfacet
facet normal -2.3168736265053585e-7 0.06627379745647945 -0.9978014751295188
outer loop
vertex 81.4969711303711 -64.36351776123047 -15.590607643127441
vertex 34.266639709472656 41.82786178588867 -8.537384033203125
vertex 36.02043533325195 43.9920768737793 -8.393637657165527
endloop
endfacet
facet normal 3.771823592582809e-7 0.06627405187497754 -0.9978014582310103
outer loop
vertex 81.4969711303711 -64.36351776123047 -15.590607643127441
vertex 36.02043533325195 43.9920768737793 -8.393637657165527
vertex 37.2811164855957 44.66231155395508 -8.349120140075684
endloop
endfacet
facet normal -2.0473575945133705e-7 0.06627381691235822 -0.9978014738372685
outer loop
vertex 81.4969711303711 -64.36351776123047 -15.590607643127441
vertex 37.2811164855957 44.66231155395508 -8.349120140075684
vertex 38.89728927612305 44.931175231933594 -8.331262588500977
endloop
endfacet
facet normal 1.555486749522173e-8 0.0662739023976869 -0.9978014681593637
outer loop
vertex 81.4969711303711 -64.36351776123047 -15.590607643127441
vertex 38.89728927612305 44.931175231933594 -8.331262588500977
vertex 69.34934997558594 44.81585693359375 -8.338921546936035
endloop
endfacet
facet normal -0.000009980391800618324 0.06627279510060655 -0.9978015416554259
outer loop
vertex 81.4969711303711 -64.36351776123047 -15.590607643127441
vertex 69.34934997558594 44.81585693359375 -8.338921546936035
vertex 69.39659118652344 44.79060745239258 -8.340599060058594
endloop
endfacet
facet normal 0.0000011275321555266248 0.06627402276638913 -0.9978014601638389
outer loop
vertex 81.4969711303711 -64.36351776123047 -15.590607643127441
vertex 69.58418273925781 44.733699798583984 -8.344378471374512
vertex 69.7792739868164 44.71448516845703 -8.345654487609863
endloop
endfacet
facet normal -0.0000011039226386003872 0.06627378410538794 -0.9978014760157122
outer loop
vertex 81.4969711303711 -64.36351776123047 -15.590607643127441
vertex 69.7792739868164 44.71448516845703 -8.345654487609863
vertex 69.974365234375 44.733699798583984 -8.344378471374512
endloop
endfacet
facet normal 0.000002150255113382959 0.06627413395123448 -0.9978014527772497
outer loop
vertex 69.58418273925781 44.733699798583984 -8.344378471374512
vertex 81.4969711303711 -64.36351776123047 -15.590607643127441
vertex 69.39659118652344 44.79060745239258 -8.340599060058594
endloop
endfacet
facet normal 0.000010871796464623093 0.06627502063936987 -0.9978013938259733
outer loop
vertex 81.4969711303711 -64.36351776123047 -15.590607643127441
vertex 70.16195678710938 44.79060745239258 -8.340599060058594
vertex 70.20315551757812 44.812625885009766 -8.339136123657227
endloop
endfacet
facet normal -0.0000020144834305307332 0.06627368835629055 -0.9978014823739215
outer loop
vertex 70.16195678710938 44.79060745239258 -8.340599060058594
vertex 81.4969711303711 -64.36351776123047 -15.590607643127441
vertex 69.974365234375 44.733699798583984 -8.344378471374512
endloop
endfacet
facet normal 7.218108346946033e-7 0.06627390066044632 -0.9978014682744901
outer loop
vertex 81.49578857421875 40.545166015625 -8.622580528259277
vertex 81.4969711303711 -64.36351776123047 -15.590607643127441
vertex 81.1407241821289 42.02497482299805 -8.5242919921875
endloop
endfacet
facet normal -5.6434235299819666e-8 0.06627385687643424 -0.9978014711828795
outer loop
vertex 8.469409942626953 -66.92524719238281 -15.760757446289062
vertex 7.888796329498291 -66.98230743408203 -15.764547348022461
vertex -8.784332275390625 -46.812950134277344 -14.42490005493164
endloop
endfacet
facet normal 5.075510376220278e-7 0.0662743210507095 -0.9978014403522426
outer loop
vertex 7.888796329498291 -66.98230743408203 -15.764547348022461
vertex 7.327254295349121 -67.15227508544922 -15.775836944580078
vertex -8.784332275390625 -46.812950134277344 -14.42490005493164
endloop
endfacet
facet normal -3.3020900944798984e-7 0.06627366034251962 -0.9978014842365664
outer loop
vertex 7.327254295349121 -67.15227508544922 -15.775836944580078
vertex 6.992286682128906 -67.31580352783203 -15.786698341369629
vertex -8.784332275390625 -46.812950134277344 -14.42490005493164
endloop
endfacet
facet normal -1.4793248619575563e-7 0.06627379998535467 -0.9978014749615673
outer loop
vertex 6.270892143249512 -67.72541809082031 -15.813904762268066
vertex -8.784332275390625 -46.812950134277344 -14.42490005493164
vertex 6.992286682128906 -67.31580352783203 -15.786698341369629
endloop
endfacet
facet normal 4.939820637790122e-8 0.06627412408217595 -0.9978014534350699
outer loop
vertex -10.775297164916992 47.907901763916016 -8.13354778289795
vertex -6.861446380615234 43.89691925048828 -8.399957656860352
vertex -28.629928588867188 49.816192626953125 -8.006799697875977
endloop
endfacet
facet normal -0.0000011696781258618414 0.06627254451617309 -0.9978015583481437
outer loop
vertex 10.40700912475586 -31.851009368896484 -13.431129455566406
vertex -61.09249496459961 29.259660720825195 -9.372162818908691
vertex 10.598350524902344 -31.889070510864258 -13.4336576461792
endloop
endfacet
facet normal 0 0.06627390702919961 -0.997801467851739
outer loop
vertex -8.59299087524414 -31.851009368896484 -13.431129455566406
vertex -61.09249496459961 29.259660720825195 -9.372162818908691
vertex 10.40700912475586 -31.851009368896484 -13.431129455566406
endloop
endfacet
facet normal 7.664737506519753e-7 0.0662745626061807 -0.9978014243078489
outer loop
vertex -8.784332275390625 -31.889070510864258 -13.4336576461792
vertex -61.09249496459961 29.259660720825195 -9.372162818908691
vertex -8.59299087524414 -31.851009368896484 -13.431129455566406
endloop
endfacet
facet normal -0.000002335757236204884 0.0662719205352691 -0.9978015997898135
outer loop
vertex -8.946544647216797 -31.997455596923828 -13.440855979919434
vertex -61.09249496459961 29.259660720825195 -9.372162818908691
vertex -8.784332275390625 -31.889070510864258 -13.4336576461792
endloop
endfacet
facet normal 0.0000019376143774153166 0.06627554232295554 -0.9978013592324094
outer loop
vertex -9.054930686950684 -32.15966796875 -13.451630592346191
vertex -61.09249496459961 29.259660720825195 -9.372162818908691
vertex -8.946544647216797 -31.997455596923828 -13.440855979919434
endloop
endfacet
facet normal -0.0000010930230920392624 0.06627298589160051 -0.9978015290326113
outer loop
vertex -9.09299087524414 -32.351009368896484 -13.464339256286621
vertex -61.09249496459961 29.259660720825195 -9.372162818908691
vertex -9.054930686950684 -32.15966796875 -13.451630592346191
endloop
endfacet
facet normal -3.585598293780575e-7 0.06627372775188715 -0.9978014797592455
outer loop
vertex -6.861446380615234 43.89691925048828 -8.399957656860352
vertex -10.775297164916992 47.907901763916016 -8.13354778289795
vertex -9.329524993896484 47.418880462646484 -8.16602897644043
endloop
endfacet
facet normal -3.3036372948525515e-7 0.06627374742403387 -0.997801478452636
outer loop
vertex -8.145977020263672 46.53325271606445 -8.224852561950684
vertex -6.861446380615234 43.89691925048828 -8.399957656860352
vertex -9.329524993896484 47.418880462646484 -8.16602897644043
endloop
endfacet
facet normal 1.3411507548761422e-8 0.06627391562263191 -0.9978014672809636
outer loop
vertex -9.09299087524414 -46.351009368896484 -14.394218444824219
vertex -61.09249496459961 29.259660720825195 -9.372162818908691
vertex -9.09299087524414 -32.351009368896484 -13.464339256286621
endloop
endfacet
facet normal -0.0000018791323701778172 0.06627230010550539 -0.9978015745804346
outer loop
vertex -8.784332275390625 -46.812950134277344 -14.42490005493164
vertex -8.59299087524414 -46.851009368896484 -14.427428245544434
vertex 8.469409942626953 -66.92524719238281 -15.760757446289062
endloop
endfacet
facet normal 1.252048636540601e-8 0.06627529657670533 -0.9978013755571143
outer loop
vertex 6.088339805603027 -67.83789825439453 -15.821375846862793
vertex -60.856353759765625 -67.42849731445312 -15.794183731079102
vertex 6.270892143249512 -67.72541809082031 -15.813904762268066
endloop
endfacet
facet normal -6.841947581134928e-10 0.06627314684863592 -0.9978015183425906
outer loop
vertex 5.634729862213135 -68.2093505859375 -15.846047401428223
vertex -60.856353759765625 -67.42849731445312 -15.794183731079102
vertex 6.088339805603027 -67.83789825439453 -15.821375846862793
endloop
endfacet
facet normal 2.0212564407698782e-8 0.06627491843042697 -0.9978014006740218
outer loop
vertex 5.263341426849365 -68.66089630126953 -15.876039505004883
vertex -60.856353759765625 -67.42849731445312 -15.794183731079102
vertex 5.634729862213135 -68.2093505859375 -15.846047401428223
endloop
endfacet
facet normal -3.851173368261057e-9 0.06627363305241973 -0.9978014860492208
outer loop
vertex 4.477802753448486 -69.83253479003906 -15.953859329223633
vertex -60.856353759765625 -67.42849731445312 -15.794183731079102
vertex 5.263341426849365 -68.66089630126953 -15.876039505004883
endloop
endfacet
facet normal 8.132034462725882e-9 0.0662739572878216 -0.9978014645135633
outer loop
vertex 2.836151599884033 -71.12486267089844 -16.039695739746094
vertex -60.856353759765625 -67.42849731445312 -15.794183731079102
vertex 4.477802753448486 -69.83253479003906 -15.953859329223633
endloop
endfacet
facet normal 8.296050226408095e-9 0.06627490250148489 -0.9978014017320375
outer loop
vertex 0.8460559844970703 -71.60875701904297 -16.071836471557617
vertex -56.817134857177734 -71.55378723144531 -16.068185806274414
vertex 2.836151599884033 -71.12486267089844 -16.039695739746094
endloop
endfacet
facet normal 4.29347694200287e-7 0.06627285445814333 -0.9978015377627883
outer loop
vertex -9.054930686950684 -46.54235076904297 -14.406927108764648
vertex -60.856353759765625 -67.42849731445312 -15.794183731079102
vertex -9.09299087524414 -46.351009368896484 -14.394218444824219
endloop
endfacet
facet normal 9.368189667505683e-7 0.06627553691775577 -0.9978013595928729
outer loop
vertex -47.87968444824219 56.22726058959961 -7.580977439880371
vertex -65.16996002197266 66.44955444335938 -6.902012825012207
vertex -48.00404739379883 56.3787956237793 -7.5709123611450195
endloop
endfacet
facet normal 0.000002552774337359185 0.06627827926360126 -0.9978011774353343
outer loop
vertex -65.16996002197266 66.44955444335938 -6.902012825012207
vertex -48.0297737121582 56.42692947387695 -7.567715167999268
vertex -48.00404739379883 56.3787956237793 -7.5709123611450195
endloop
endfacet
facet normal -0.000006986979358089236 0.06626219324322861 -0.9978022457870993
outer loop
vertex -47.87968444824219 56.22726058959961 -7.580977439880371
vertex -47.7281494140625 56.10289764404297 -7.589237213134766
vertex -65.16996002197266 66.44955444335938 -6.902012825012207
endloop
endfacet
facet normal 0.0000016598829177188986 0.0662697523577887 -0.997801743794669
outer loop
vertex -8.784332275390625 -46.812950134277344 -14.42490005493164
vertex -60.856353759765625 -67.42849731445312 -15.794183731079102
vertex -8.946544647216797 -46.70456314086914 -14.417701721191406
endloop
endfacet
facet normal -9.304941645117796e-7 0.0662762122983969 -0.9978013147328039
outer loop
vertex -60.856353759765625 -67.42849731445312 -15.794183731079102
vertex -9.054930686950684 -46.54235076904297 -14.406927108764648
vertex -8.946544647216797 -46.70456314086914 -14.417701721191406
endloop
endfacet
facet normal 6.362814395002944e-9 0.0662739105771543 -0.997801467616084
outer loop
vertex -60.856353759765625 -67.42849731445312 -15.794183731079102
vertex -8.784332275390625 -46.812950134277344 -14.42490005493164
vertex 6.270892143249512 -67.72541809082031 -15.813904762268066
endloop
endfacet
facet normal 1.4351789133944818e-8 0.06627406399041438 -0.9978014574263732
outer loop
vertex -56.817134857177734 -71.55378723144531 -16.068185806274414
vertex -60.856353759765625 -67.42849731445312 -15.794183731079102
vertex 2.836151599884033 -71.12486267089844 -16.039695739746094
endloop
endfacet
facet normal -7.01279572293746e-10 0.06627390595951616 -0.9978014679227872
outer loop
vertex -60.856353759765625 -67.42849731445312 -15.794183731079102
vertex -61.09249496459961 29.259660720825195 -9.372162818908691
vertex -9.09299087524414 -46.351009368896484 -14.394218444824219
endloop
endfacet
facet normal -3.1046386265171575e-7 0.06627378523727491 -0.9978014759410948
outer loop
vertex -60.856353759765625 -67.42849731445312 -15.794183731079102
vertex -58.747249603271484 -70.8282699584961 -16.019996643066406
vertex -60.16402053833008 -69.3839340209961 -15.924063682556152
endloop
endfacet
facet normal -2.0439093735378115e-7 0.06627385075231153 -0.9978014715896236
outer loop
vertex -58.747249603271484 -70.8282699584961 -16.019996643066406
vertex -60.856353759765625 -67.42849731445312 -15.794183731079102
vertex -56.817134857177734 -71.55378723144531 -16.068185806274414
endloop
endfacet
facet normal -4.0153033551683766e-7 0.06627388827689779 -0.9978014690971846
outer loop
vertex 81.4969711303711 -64.36351776123047 -15.590607643127441
vertex 77.9002914428711 44.783477783203125 -8.341072082519531
vertex 79.23739624023438 44.239437103271484 -8.37720775604248
endloop
endfacet
facet normal 6.646629834403852e-7 0.06627391036249512 -0.9978014676301203
outer loop
vertex 81.4969711303711 -64.36351776123047 -15.590607643127441
vertex 79.23739624023438 44.239437103271484 -8.37720775604248
vertex 80.36543273925781 43.284156799316406 -8.440656661987305
endloop
endfacet
facet normal -1.531763514419039e-7 0.06627377579965338 -0.9978014765679764
outer loop
vertex -4.012196063995361 38.22267150878906 -8.776840209960938
vertex -3.6199791431427 38.10395812988281 -8.784725189208984
vertex 81.4969711303711 -64.36351776123047 -15.590607643127441
endloop
endfacet
facet normal 0 0 1
outer loop
vertex 17.1269474029541 35.59899139404297 -4.099999904632568
vertex -19.59299087524414 -32.351009368896484 -4.099999904632568
vertex 12.90700912475586 -32.351009368896484 -4.099999904632568
endloop
endfacet
facet normal -0.3093828709214578 -0.9509375579818039 0
outer loop
vertex -48.44499206542969 53.88447189331055 -0.5
vertex -48.44499206542969 53.88447189331055 -4.099999904632568
vertex -30.818937301635742 48.14992141723633 -4.099999904632568
endloop
endfacet
facet normal -0.5112970724658389 -0.8594040398368294 0
outer loop
vertex -30.120615005493164 47.734458923339844 -4.099999904632568
vertex -30.120615005493164 47.734458923339844 -0.5
vertex -30.818937301635742 48.14992141723633 -0.5
endloop
endfacet
facet normal 0 -1 0
outer loop
vertex 19.807008743286133 37.97399139404297 -4.099999904632568
vertex 36.10700988769531 37.97399139404297 -4.099999904632568
vertex 34.119205474853516 37.97399139404297 -0.5
endloop
endfacet
facet normal -0.5112970724658389 -0.8594040398368294 0
outer loop
vertex -30.818937301635742 48.14992141723633 -0.5
vertex -30.818937301635742 48.14992141723633 -4.099999904632568
vertex -30.120615005493164 47.734458923339844 -4.099999904632568
endloop
endfacet
facet normal 0 0 1
outer loop
vertex -10.08970832824707 45.357364654541016 -4.099999904632568
vertex -58.88584518432617 33.091712951660156 -4.099999904632568
vertex -9.682703971862793 45.047569274902344 -4.099999904632568
endloop
endfacet
facet normal 0 0 1
outer loop
vertex -10.54783821105957 45.58483123779297 -4.099999904632568
vertex -58.88584518432617 33.091712951660156 -4.099999904632568
vertex -10.08970832824707 45.357364654541016 -4.099999904632568
endloop
endfacet
facet normal 0 0 1
outer loop
vertex -11.040648460388184 45.7218132019043 -4.099999904632568
vertex -58.88584518432617 33.091712951660156 -4.099999904632568
vertex -10.54783821105957 45.58483123779297 -4.099999904632568
endloop
endfacet
facet normal 0 0 1
outer loop
vertex -9.078145980834961 44.22804641723633 -4.099999904632568
vertex -58.88584518432617 33.091712951660156 -4.099999904632568
vertex -8.902294158935547 43.74773406982422 -4.099999904632568
endloop
endfacet
facet normal 0 0 1
outer loop
vertex -58.88584518432617 33.091712951660156 -4.099999904632568
vertex -8.820189476013184 43.24287033081055 -4.099999904632568
vertex -8.902294158935547 43.74773406982422 -4.099999904632568
endloop
endfacet
facet normal 0 0 1
outer loop
vertex -58.88584518432617 33.091712951660156 -4.099999904632568
vertex 0.879658043384552 35.59899139404297 -4.099999904632568
vertex -9.524812698364258 36.1593017578125 -4.099999904632568
endloop
endfacet
facet normal 0 0 1
outer loop
vertex -9.682703971862793 45.047569274902344 -4.099999904632568
vertex -58.88584518432617 33.091712951660156 -4.099999904632568
vertex -9.341432571411133 44.66657257080078 -4.099999904632568
endloop
endfacet
facet normal 0 0 1
outer loop
vertex -9.341432571411133 44.66657257080078 -4.099999904632568
vertex -58.88584518432617 33.091712951660156 -4.099999904632568
vertex -9.078145980834961 44.22804641723633 -4.099999904632568
endloop
endfacet
facet normal 0 0 1
outer loop
vertex -58.88584518432617 33.091712951660156 -4.099999904632568
vertex -9.524812698364258 36.1593017578125 -4.099999904632568
vertex -8.820189476013184 43.24287033081055 -4.099999904632568
endloop
endfacet
facet normal 0 0 1
outer loop
vertex -30.120615005493164 47.734458923339844 -4.099999904632568
vertex -58.88584518432617 33.091712951660156 -4.099999904632568
vertex -11.040648460388184 45.7218132019043 -4.099999904632568
endloop
endfacet
facet normal 0 0 1
outer loop
vertex -30.818937301635742 48.14992141723633 -4.099999904632568
vertex -58.81106948852539 33.55784225463867 -4.099999904632568
vertex -30.120615005493164 47.734458923339844 -4.099999904632568
endloop
endfacet
facet normal -0.6709969014630188 -0.741460152824835 0
outer loop
vertex 78.80000305175781 41.84513473510742 -4.099999904632568
vertex 78.80000305175781 41.84513473510742 -0.5
vertex 78.4207534790039 42.1883430480957 -0.5
endloop
endfacet
facet normal 0.562725446101262 0.8266438606256843 0
outer loop
vertex -20.413686752319336 -65.01531219482422 -0.5
vertex -20.413686752319336 -65.01531219482422 -4.099999904632568
vertex -20.728496551513672 -64.80101013183594 -4.099999904632568
endloop
endfacet
facet normal -0.49856688965518414 -0.8668512309154065 0
outer loop
vertex -66.30018615722656 64.55995178222656 -0.5
vertex -66.30018615722656 64.55995178222656 -4.099999904632568
vertex -49.264434814453125 54.76189041137695 -4.099999904632568
endloop
endfacet
facet normal 0 0 1
outer loop
vertex 80.09558868408203 -32.22509002685547 -4.099999904632568
vertex 79.50701141357422 -31.659099578857422 -4.099999904632568
vertex 80.10700988769531 -32.351009368896484 -4.099999904632568
endloop
endfacet
facet normal 0 0 1
outer loop
vertex -66.30018615722656 64.55995178222656 -4.099999904632568
vertex -58.99336242675781 33.69771957397461 -4.099999904632568
vertex -49.264434814453125 54.76189041137695 -4.099999904632568
endloop
endfacet
facet normal -0.7987964749261642 -0.6016013560868474 0
outer loop
vertex 79.10771942138672 41.436553955078125 -4.099999904632568
vertex 79.10771942138672 41.436553955078125 -0.5
vertex 78.80000305175781 41.84513473510742 -0.5
endloop
endfacet
facet normal -0.8979299120407475 -0.4401384703277997 0
outer loop
vertex 79.33284759521484 40.97726821899414 -4.099999904632568
vertex 79.33284759521484 40.97726821899414 -0.5
vertex 79.10771942138672 41.436553955078125 -0.5
endloop
endfacet
facet normal -0.5191089094606629 -0.854708102289057 0
outer loop
vertex 78.4207534790039 42.1883430480957 -4.099999904632568
vertex 78.4207534790039 42.1883430480957 -0.5
vertex 77.98357391357422 42.45386505126953 -0.5
endloop
endfacet
facet normal -0.34858684363133263 -0.9372764866607637 0
outer loop
vertex 77.98357391357422 42.45386505126953 -4.099999904632568
vertex 77.98357391357422 42.45386505126953 -0.5
vertex 77.50416564941406 42.632164001464844 -0.5
endloop
endfacet
facet normal -0.16555264734385197 -0.9862009536384775 0
outer loop
vertex 77.50416564941406 42.632164001464844 -4.099999904632568
vertex 77.50416564941406 42.632164001464844 -0.5
vertex 76.9997329711914 42.71684265136719 -0.5
endloop
endfacet
facet normal -0.9648290200702896 -0.26287822661872295 0
outer loop
vertex 79.4673080444336 40.4837646484375 -4.099999904632568
vertex 79.4673080444336 40.4837646484375 -0.5
vertex 79.33284759521484 40.97726821899414 -0.5
endloop
endfacet
facet normal 0.000842139579498688 -0.9999996454004014 0
outer loop
vertex 76.9997329711914 42.71684265136719 -4.099999904632568
vertex 76.9997329711914 42.71684265136719 -0.5
vertex 38.347232818603516 42.68429183959961 -0.5
endloop
endfacet
facet normal -0.7987964749261642 -0.6016013560868474 0
outer loop
vertex 78.80000305175781 41.84513473510742 -0.5
vertex 78.80000305175781 41.84513473510742 -4.099999904632568
vertex 79.10771942138672 41.436553955078125 -4.099999904632568
endloop
endfacet
facet normal -0.8979299120407475 -0.4401384703277997 0
outer loop
vertex 79.10771942138672 41.436553955078125 -0.5
vertex 79.10771942138672 41.436553955078125 -4.099999904632568
vertex 79.33284759521484 40.97726821899414 -4.099999904632568
endloop
endfacet
facet normal -0.5191089094606629 -0.854708102289057 0
outer loop
vertex 77.98357391357422 42.45386505126953 -0.5
vertex 77.98357391357422 42.45386505126953 -4.099999904632568
vertex 78.4207534790039 42.1883430480957 -4.099999904632568
endloop
endfacet
facet normal -0.34858684363133263 -0.9372764866607637 0
outer loop
vertex 77.50416564941406 42.632164001464844 -0.5
vertex 77.50416564941406 42.632164001464844 -4.099999904632568
vertex 77.98357391357422 42.45386505126953 -4.099999904632568
endloop
endfacet
facet normal -0.6709969014630188 -0.741460152824835 0
outer loop
vertex 78.4207534790039 42.1883430480957 -0.5
vertex 78.4207534790039 42.1883430480957 -4.099999904632568
vertex 78.80000305175781 41.84513473510742 -4.099999904632568
endloop
endfacet
facet normal -0.3093828709214578 -0.9509375579818039 0
outer loop
vertex -30.818937301635742 48.14992141723633 -4.099999904632568
vertex -30.818937301635742 48.14992141723633 -0.5
vertex -48.44499206542969 53.88447189331055 -0.5
endloop
endfacet
facet normal 0 0 1
outer loop
vertex 0.879658043384552 35.59899139404297 -4.099999904632568
vertex -58.88584518432617 33.091712951660156 -4.099999904632568
vertex 17.1269474029541 35.59899139404297 -4.099999904632568
endloop
endfacet
facet normal -0.2678076250228911 -0.9634724054064021 0
outer loop
vertex -11.040648460388184 45.7218132019043 -0.5
vertex -11.040648460388184 45.7218132019043 -4.099999904632568
vertex -10.54783821105957 45.58483123779297 -4.099999904632568
endloop
endfacet
facet normal -0.05377492564973648 -0.9985530818996882 0
outer loop
vertex -9.524812698364258 36.1593017578125 -0.5
vertex -9.524812698364258 36.1593017578125 -4.099999904632568
vertex 0.879658043384552 35.59899139404297 -4.099999904632568
endloop
endfacet
facet normal -0.9950889849359338 0.0989844031106566 0
outer loop
vertex -8.820189476013184 43.24287033081055 -0.5
vertex -8.820189476013184 43.24287033081055 -4.099999904632568
vertex -9.524812698364258 36.1593017578125 -4.099999904632568
endloop
endfacet
facet normal -0.16555264734385197 -0.9862009536384775 0
outer loop
vertex 76.9997329711914 42.71684265136719 -0.5
vertex 76.9997329711914 42.71684265136719 -4.099999904632568
vertex 77.50416564941406 42.632164001464844 -4.099999904632568
endloop
endfacet
facet normal -0.9648290200702896 -0.26287822661872295 0
outer loop
vertex 79.33284759521484 40.97726821899414 -0.5
vertex 79.33284759521484 40.97726821899414 -4.099999904632568
vertex 79.4673080444336 40.4837646484375 -4.099999904632568
endloop
endfacet
facet normal 0.7988000588887032 0.6015965973303075 0
outer loop
vertex -58.18598937988281 -63.92215347290039 -0.5
vertex -58.18598937988281 -63.92215347290039 -4.099999904632568
vertex -58.49370193481445 -63.513572692871094 -4.099999904632568
endloop
endfacet
facet normal 0 0 1
outer loop
vertex 79.50701141357422 -31.659099578857422 -4.099999904632568
vertex 80.09558868408203 -32.22509002685547 -4.099999904632568
vertex 79.69733428955078 -31.71405601501465 -4.099999904632568
endloop
endfacet
facet normal 0.6709972911075734 0.7414598002092213 0
outer loop
vertex -58.18598937988281 -63.92215347290039 -0.5
vertex -57.80673599243164 -64.26536560058594 -4.099999904632568
vertex -58.18598937988281 -63.92215347290039 -4.099999904632568
endloop
endfacet
facet normal 0.8979299120407475 0.4401384703277997 0
outer loop
vertex -58.49370193481445 -63.513572692871094 -0.5
vertex -58.49370193481445 -63.513572692871094 -4.099999904632568
vertex -58.71883010864258 -63.05428695678711 -4.099999904632568
endloop
endfacet
facet normal 0.5191067702106008 0.8547094015637821 0
outer loop
vertex -57.36956024169922 -64.5308837890625 -0.5
vertex -57.36956024169922 -64.5308837890625 -4.099999904632568
vertex -57.80673599243164 -64.26536560058594 -4.099999904632568
endloop
endfacet
facet normal 0.3485844069531652 0.9372773928934326 0
outer loop
vertex -56.8901481628418 -64.70918273925781 -0.5
vertex -56.8901481628418 -64.70918273925781 -4.099999904632568
vertex -57.36956024169922 -64.5308837890625 -4.099999904632568
endloop
endfacet
facet normal 0.043456066439921094 0.9990553389525373 0
outer loop
vertex -20.413686752319336 -65.01531219482422 -4.099999904632568
vertex -20.413686752319336 -65.01531219482422 -0.5
vertex -19.59299087524414 -65.05101013183594 -0.5
endloop
endfacet
facet normal 0.9648266130533698 0.2628870608150256 0
outer loop
vertex -58.71883010864258 -63.05428695678711 -0.5
vertex -58.71883010864258 -63.05428695678711 -4.099999904632568
vertex -58.853294372558594 -62.560787200927734 -4.099999904632568
endloop
endfacet
facet normal 0 0 1
outer loop
vertex 79.50701141357422 -31.659099578857422 -4.099999904632568
vertex 79.4673080444336 40.4837646484375 -4.099999904632568
vertex 12.90700912475586 -32.351009368896484 -4.099999904632568
endloop
endfacet
facet normal 0 0 1
outer loop
vertex 12.90700912475586 -32.351009368896484 -4.099999904632568
vertex 79.4070053100586 -32.351009368896484 -4.099999904632568
vertex 79.50701141357422 -31.659099578857422 -4.099999904632568
endloop
endfacet
facet normal 0.562725446101262 0.8266438606256843 0
outer loop
vertex -20.728496551513672 -64.80101013183594 -4.099999904632568
vertex -20.728496551513672 -64.80101013183594 -0.5
vertex -20.413686752319336 -65.01531219482422 -0.5
endloop
endfacet
facet normal 0.987376107762613 -0.15839325054923556 0
outer loop
vertex -58.81106948852539 33.55784225463867 -4.099999904632568
vertex -58.81106948852539 33.55784225463867 -0.5
vertex -58.88584518432617 33.091712951660156 -0.5
endloop
endfacet
facet normal 0.6087587667643437 0.7933553830960973 0
outer loop
vertex -58.99336242675781 33.69771957397461 -4.099999904632568
vertex -58.99336242675781 33.69771957397461 -0.5
vertex -58.81106948852539 33.55784225463867 -0.5
endloop
endfacet
facet normal -0.37907835877357837 0.9253645756724914 0
outer loop
vertex -59.531681060791016 33.477195739746094 -4.099999904632568
vertex -59.531681060791016 33.477195739746094 -0.5
vertex -58.99336242675781 33.69771957397461 -0.5
endloop
endfacet
facet normal -0.18407824350415417 0.9829115933126565 0
outer loop
vertex -60.03443145751953 33.38304138183594 -4.099999904632568
vertex -60.03443145751953 33.38304138183594 -0.5
vertex -59.531681060791016 33.477195739746094 -0.5
endloop
endfacet
facet normal 0.004609002087564248 0.9999893784934702 0
outer loop
vertex -60.545921325683594 33.385398864746094 -4.099999904632568
vertex -60.545921325683594 33.385398864746094 -0.5
vertex -60.03443145751953 33.38304138183594 -0.5
endloop
endfacet
facet normal 0.19313203274504534 0.9811727767971179 0
outer loop
vertex -61.04778289794922 33.48418426513672 -4.099999904632568
vertex -61.04778289794922 33.48418426513672 -0.5
vertex -60.545921325683594 33.385398864746094 -0.5
endloop
endfacet
facet normal 0.3949472333718036 0.9187038058329563 0
outer loop
vertex -61.6278190612793 33.73353958129883 -4.099999904632568
vertex -61.6278190612793 33.73353958129883 -0.5
vertex -61.04778289794922 33.48418426513672 -0.5
endloop
endfacet
facet normal 0.16555264734385197 0.9862009536384775 0
outer loop
vertex -56.38571548461914 -64.79386138916016 -0.5
vertex -56.38571548461914 -64.79386138916016 -4.099999904632568
vertex -56.8901481628418 -64.70918273925781 -4.099999904632568
endloop
endfacet
facet normal 0.000842139579498688 -0.9999996454004014 0
outer loop
vertex 38.347232818603516 42.68429183959961 -0.5
vertex 38.347232818603516 42.68429183959961 -4.099999904632568
vertex 76.9997329711914 42.71684265136719 -4.099999904632568
endloop
endfacet
facet normal 0 0 1
outer loop
vertex 38.347232818603516 42.68429183959961 -4.099999904632568
vertex 36.10700988769531 37.97399139404297 -4.099999904632568
vertex 76.9997329711914 42.71684265136719 -4.099999904632568
endloop
endfacet
facet normal 0.00020048514006443648 0.9999999799028542 0
outer loop
vertex -20.728496551513672 -64.80101013183594 -4.099999904632568
vertex -56.38571548461914 -64.79386138916016 -4.099999904632568
vertex -56.38571548461914 -64.79386138916016 -0.5
endloop
endfacet
facet normal -0.9999998485609531 -0.0005503435932747876 0
outer loop
vertex 79.4673080444336 40.4837646484375 -0.5
vertex 79.4673080444336 40.4837646484375 -4.099999904632568
vertex 79.50701141357422 -31.659099578857422 -4.099999904632568
endloop
endfacet
facet normal 0 0 1
outer loop
vertex 78.80000305175781 41.84513473510742 -4.099999904632568
vertex 12.90700912475586 -32.351009368896484 -4.099999904632568
vertex 79.10771942138672 41.436553955078125 -4.099999904632568
endloop
endfacet
facet normal 0 0 1
outer loop
vertex 12.90700912475586 -32.351009368896484 -4.099999904632568
vertex 79.33284759521484 40.97726821899414 -4.099999904632568
vertex 79.10771942138672 41.436553955078125 -4.099999904632568
endloop
endfacet
facet normal -0.939042210785361 -0.34380187079674507 0
outer loop
vertex -9.078145980834961 44.22804641723633 -0.5
vertex -9.078145980834961 44.22804641723633 -4.099999904632568
vertex -8.902294158935547 43.74773406982422 -4.099999904632568
endloop
endfacet
facet normal -0.8573454859996666 -0.5147414085111042 0
outer loop
vertex -9.078145980834961 44.22804641723633 -0.5
vertex -9.341432571411133 44.66657257080078 -4.099999904632568
vertex -9.078145980834961 44.22804641723633 -4.099999904632568
endloop
endfacet
facet normal 0 0 1
outer loop
vertex 79.4673080444336 40.4837646484375 -4.099999904632568
vertex 79.33284759521484 40.97726821899414 -4.099999904632568
vertex 12.90700912475586 -32.351009368896484 -4.099999904632568
endloop
endfacet
facet normal 0 0 1
outer loop
vertex 77.98357391357422 42.45386505126953 -4.099999904632568
vertex 12.90700912475586 -32.351009368896484 -4.099999904632568
vertex 78.4207534790039 42.1883430480957 -4.099999904632568
endloop
endfacet
facet normal 0 0 1
outer loop
vertex -78.64006042480469 43.66164779663086 -4.099999904632568
vertex -58.99336242675781 33.69771957397461 -4.099999904632568
vertex -78.9660873413086 44.05577087402344 -4.099999904632568
endloop
endfacet
facet normal 0 0 1
outer loop
vertex -79.21192932128906 44.504310607910156 -4.099999904632568
vertex -58.99336242675781 33.69771957397461 -4.099999904632568
vertex -79.36875915527344 44.99116516113281 -4.099999904632568
endloop
endfacet
facet normal 0 0 1
outer loop
vertex -58.99336242675781 33.69771957397461 -4.099999904632568
vertex -79.21192932128906 44.504310607910156 -4.099999904632568
vertex -78.9660873413086 44.05577087402344 -4.099999904632568
endloop
endfacet
facet normal -0.6056681207535417 -0.7957173665962516 0
outer loop
vertex -10.08970832824707 45.357364654541016 -0.5
vertex -10.08970832824707 45.357364654541016 -4.099999904632568
vertex -9.682703971862793 45.047569274902344 -4.099999904632568
endloop
endfacet
facet normal 0 0 1
outer loop
vertex -79.36875915527344 44.99116516113281 -4.099999904632568
vertex -58.99336242675781 33.69771957397461 -4.099999904632568
vertex -79.43094635009766 45.498863220214844 -4.099999904632568
endloop
endfacet
facet normal 0 0 1
outer loop
vertex -79.43094635009766 45.498863220214844 -4.099999904632568
vertex -58.99336242675781 33.69771957397461 -4.099999904632568
vertex -79.3962631225586 46.00918197631836 -4.099999904632568
endloop
endfacet
facet normal 0 0 1
outer loop
vertex -79.3962631225586 46.00918197631836 -4.099999904632568
vertex -58.99336242675781 33.69771957397461 -4.099999904632568
vertex -79.26595306396484 46.5037956237793 -4.099999904632568
endloop
endfacet
facet normal -0.4447119335429927 -0.8956736549460708 0
outer loop
vertex -10.08970832824707 45.357364654541016 -0.5
vertex -10.54783821105957 45.58483123779297 -4.099999904632568
vertex -10.08970832824707 45.357364654541016 -4.099999904632568
endloop
endfacet
facet normal -0.7448723999578545 -0.6672069452433975 0
outer loop
vertex -9.682703971862793 45.047569274902344 -0.5
vertex -9.682703971862793 45.047569274902344 -4.099999904632568
vertex -9.341432571411133 44.66657257080078 -4.099999904632568
endloop
endfacet
facet normal -0.9870328169153355 -0.16051859185831938 0
outer loop
vertex -8.902294158935547 43.74773406982422 -0.5
vertex -8.902294158935547 43.74773406982422 -4.099999904632568
vertex -8.820189476013184 43.24287033081055 -4.099999904632568
endloop
endfacet
facet normal 0 0 1
outer loop
vertex 77.50416564941406 42.632164001464844 -4.099999904632568
vertex 12.90700912475586 -32.351009368896484 -4.099999904632568
vertex 77.98357391357422 42.45386505126953 -4.099999904632568
endloop
endfacet
facet normal 0 0 1
outer loop
vertex 12.90700912475586 -32.351009368896484 -4.099999904632568
vertex 78.80000305175781 41.84513473510742 -4.099999904632568
vertex 78.4207534790039 42.1883430480957 -4.099999904632568
endloop
endfacet
facet normal 0 0 1
outer loop
vertex 76.9997329711914 42.71684265136719 -4.099999904632568
vertex 12.90700912475586 -32.351009368896484 -4.099999904632568
vertex 77.50416564941406 42.632164001464844 -4.099999904632568
endloop
endfacet
facet normal 0 0 1
outer loop
vertex 36.10700988769531 37.97399139404297 -4.099999904632568
vertex 12.90700912475586 -32.351009368896484 -4.099999904632568
vertex 76.9997329711914 42.71684265136719 -4.099999904632568
endloop
endfacet
facet normal 0.9999999971738196 -0.00007518218442909346 0
outer loop
vertex -58.88584518432617 33.091712951660156 -4.099999904632568
vertex -58.88584518432617 33.091712951660156 -0.5
vertex -58.88608932495117 29.844392776489258 -0.5
endloop
endfacet
facet normal 0.262885169177651 -0.9648271284672907 0
outer loop
vertex 38.347232818603516 42.68429183959961 -4.099999904632568
vertex 38.347232818603516 42.68429183959961 -0.5
vertex 37.853729248046875 42.549827575683594 -0.5
endloop
endfacet
facet normal 0.44014141782829763 -0.8979284672578857 0
outer loop
vertex 37.853729248046875 42.549827575683594 -4.099999904632568
vertex 37.853729248046875 42.549827575683594 -0.5
vertex 37.394447326660156 42.32469940185547 -0.5
endloop
endfacet
facet normal 0.6015965973303075 -0.7988000588887032 0
outer loop
vertex 37.394447326660156 42.32469940185547 -4.099999904632568
vertex 37.394447326660156 42.32469940185547 -0.5
vertex 36.98586654663086 42.01698684692383 -0.5
endloop
endfacet
facet normal 0.7414564423432651 -0.6710010015697954 0
outer loop
vertex 36.98586654663086 42.01698684692383 -4.099999904632568
vertex 36.98586654663086 42.01698684692383 -0.5
vertex 36.64265441894531 41.63773727416992 -0.5
endloop
endfacet
facet normal 0.8547114112660754 -0.5191034612209339 0
outer loop
vertex 36.64265441894531 41.63773727416992 -4.099999904632568
vertex 36.64265441894531 41.63773727416992 -0.5
vertex 36.37713623046875 41.200557708740234 -0.5
endloop
endfacet
facet normal 0.9372740499501774 -0.34859339536197814 0
outer loop
vertex 36.37713623046875 41.200557708740234 -4.099999904632568
vertex 36.37713623046875 41.200557708740234 -0.5
vertex 36.19883346557617 40.72114944458008 -0.5
endloop
endfacet
facet normal 0.7705324934317458 0.6374007189875586 0
outer loop
vertex -78.64006042480469 43.66164779663086 -0.5
vertex -78.64006042480469 43.66164779663086 -4.099999904632568
vertex -78.9660873413086 44.05577087402344 -4.099999904632568
endloop
endfacet
facet normal 0.8769207116568428 0.4806350647500204 0
outer loop
vertex -78.9660873413086 44.05577087402344 -0.5
vertex -78.9660873413086 44.05577087402344 -4.099999904632568
vertex -79.21192932128906 44.504310607910156 -4.099999904632568
endloop
endfacet
facet normal 0.9518342203576408 0.3066131389163911 0
outer loop
vertex -79.21192932128906 44.504310607910156 -0.5
vertex -79.21192932128906 44.504310607910156 -4.099999904632568
vertex -79.36875915527344 44.99116516113281 -4.099999904632568
endloop
endfacet
facet normal 0.9925816505829943 0.12157987878731666 0
outer loop
vertex -79.36875915527344 44.99116516113281 -0.5
vertex -79.36875915527344 44.99116516113281 -4.099999904632568
vertex -79.43094635009766 45.498863220214844 -4.099999904632568
endloop
endfacet
facet normal 0.6364856800080894 0.7712885187429149 0
outer loop
vertex -78.24555206298828 43.336090087890625 -0.5
vertex -78.24555206298828 43.336090087890625 -4.099999904632568
vertex -78.64006042480469 43.66164779663086 -4.099999904632568
endloop
endfacet
facet normal 0 0 1
outer loop
vertex -48.44499206542969 53.88447189331055 -4.099999904632568
vertex -58.99336242675781 33.69771957397461 -4.099999904632568
vertex -30.818937301635742 48.14992141723633 -4.099999904632568
endloop
endfacet
facet normal 0 0 1
outer loop
vertex -58.81106948852539 33.55784225463867 -4.099999904632568
vertex -30.818937301635742 48.14992141723633 -4.099999904632568
vertex -58.99336242675781 33.69771957397461 -4.099999904632568
endloop
endfacet
facet normal 0 0 1
outer loop
vertex -58.88584518432617 33.091712951660156 -4.099999904632568
vertex -30.120615005493164 47.734458923339844 -4.099999904632568
vertex -58.81106948852539 33.55784225463867 -4.099999904632568
endloop
endfacet
facet normal -0.10490274782606362 -0.9944824852648443 0
outer loop
vertex -30.120615005493164 47.734458923339844 -0.5
vertex -30.120615005493164 47.734458923339844 -4.099999904632568
vertex -11.040648460388184 45.7218132019043 -4.099999904632568
endloop
endfacet
facet normal 0.9999999971824808 -0.00007506682023116047 1.0406236096635628e-7
outer loop
vertex -58.88987350463867 -20.566423416137695 -0.5
vertex -58.88584518432617 33.091712951660156 -4.099999904632568
vertex -58.88608932495117 29.844392776489258 -0.5
endloop
endfacet
facet normal 0 0 1
outer loop
vertex -48.86992263793945 54.43633270263672 -4.099999904632568
vertex -58.99336242675781 33.69771957397461 -4.099999904632568
vertex -48.54389572143555 54.04220962524414 -4.099999904632568
endloop
endfacet
facet normal 0 0 1
outer loop
vertex -58.99336242675781 33.69771957397461 -4.099999904632568
vertex -48.44499206542969 53.88447189331055 -4.099999904632568
vertex -48.54389572143555 54.04220962524414 -4.099999904632568
endloop
endfacet
facet normal 0 0 1
outer loop
vertex -58.99336242675781 33.69771957397461 -4.099999904632568
vertex -48.86992263793945 54.43633270263672 -4.099999904632568
vertex -49.264434814453125 54.76189041137695 -4.099999904632568
endloop
endfacet
facet normal 0.9976984278329447 -0.06780742658197697 0
outer loop
vertex -79.43094635009766 45.498863220214844 -0.5
vertex -79.43094635009766 45.498863220214844 -4.099999904632568
vertex -79.3962631225586 46.00918197631836 -4.099999904632568
endloop
endfacet
facet normal 0.9670030106006074 -0.25476494556622514 0
outer loop
vertex -79.3962631225586 46.00918197631836 -0.5
vertex -79.3962631225586 46.00918197631836 -4.099999904632568
vertex -79.26595306396484 46.5037956237793 -4.099999904632568
endloop
endfacet
facet normal 0 0 1
outer loop
vertex -58.99336242675781 33.69771957397461 -4.099999904632568
vertex -78.64006042480469 43.66164779663086 -4.099999904632568
vertex -78.24555206298828 43.336090087890625 -4.099999904632568
endloop
endfacet
facet normal 0 0 1
outer loop
vertex -58.99336242675781 33.69771957397461 -4.099999904632568
vertex -78.24555206298828 43.336090087890625 -4.099999904632568
vertex -61.6278190612793 33.73353958129883 -4.099999904632568
endloop
endfacet
facet normal 0.6087587667643437 0.7933553830960973 0
outer loop
vertex -58.81106948852539 33.55784225463867 -0.5
vertex -58.81106948852539 33.55784225463867 -4.099999904632568
vertex -58.99336242675781 33.69771957397461 -4.099999904632568
endloop
endfacet
facet normal 0.50032422511162 0.8658381313885736 0
outer loop
vertex -61.6278190612793 33.73353958129883 -4.099999904632568
vertex -78.24555206298828 43.336090087890625 -4.099999904632568
vertex -61.6278190612793 33.73353958129883 -0.5
endloop
endfacet
facet normal 0 0 1
outer loop
vertex -79.26595306396484 46.5037956237793 -4.099999904632568
vertex -58.99336242675781 33.69771957397461 -4.099999904632568
vertex -69.46788787841797 63.539546966552734 -4.099999904632568
endloop
endfacet
facet normal 0.50032422511162 0.8658381313885736 0
outer loop
vertex -78.24555206298828 43.336090087890625 -4.099999904632568
vertex -78.24555206298828 43.336090087890625 -0.5
vertex -61.6278190612793 33.73353958129883 -0.5
endloop
endfacet
facet normal -0.37907835877357837 0.9253645756724914 0
outer loop
vertex -58.99336242675781 33.69771957397461 -0.5
vertex -58.99336242675781 33.69771957397461 -4.099999904632568
vertex -59.531681060791016 33.477195739746094 -4.099999904632568
endloop
endfacet
facet normal 0.987376107762613 -0.15839325054923556 0
outer loop
vertex -58.88584518432617 33.091712951660156 -0.5
vertex -58.88584518432617 33.091712951660156 -4.099999904632568
vertex -58.81106948852539 33.55784225463867 -4.099999904632568
endloop
endfacet
facet normal 0.8769207116568428 0.4806350647500204 0
outer loop
vertex -79.21192932128906 44.504310607910156 -4.099999904632568
vertex -79.21192932128906 44.504310607910156 -0.5
vertex -78.9660873413086 44.05577087402344 -0.5
endloop
endfacet
facet normal 0.7705324934317458 0.6374007189875586 0
outer loop
vertex -78.9660873413086 44.05577087402344 -4.099999904632568
vertex -78.9660873413086 44.05577087402344 -0.5
vertex -78.64006042480469 43.66164779663086 -0.5
endloop
endfacet
facet normal 0.9518342203576408 0.3066131389163911 0
outer loop
vertex -79.36875915527344 44.99116516113281 -4.099999904632568
vertex -79.36875915527344 44.99116516113281 -0.5
vertex -79.21192932128906 44.504310607910156 -0.5
endloop
endfacet
facet normal 0.9925816505829943 0.12157987878731666 0
outer loop
vertex -79.43094635009766 45.498863220214844 -4.099999904632568
vertex -79.43094635009766 45.498863220214844 -0.5
vertex -79.36875915527344 44.99116516113281 -0.5
endloop
endfacet
facet normal 0.6364856800080894 0.7712885187429149 0
outer loop
vertex -78.64006042480469 43.66164779663086 -4.099999904632568
vertex -78.64006042480469 43.66164779663086 -0.5
vertex -78.24555206298828 43.336090087890625 -0.5
endloop
endfacet
facet normal 0.9976984278329447 -0.06780742658197697 0
outer loop
vertex -79.3962631225586 46.00918197631836 -4.099999904632568
vertex -79.3962631225586 46.00918197631836 -0.5
vertex -79.43094635009766 45.498863220214844 -0.5
endloop
endfacet
facet normal 0.9670030106006074 -0.25476494556622514 0
outer loop
vertex -79.26595306396484 46.5037956237793 -4.099999904632568
vertex -79.26595306396484 46.5037956237793 -0.5
vertex -79.3962631225586 46.00918197631836 -0.5
endloop
endfacet
facet normal -0.18407824350415417 0.9829115933126565 0
outer loop
vertex -59.531681060791016 33.477195739746094 -0.5
vertex -59.531681060791016 33.477195739746094 -4.099999904632568
vertex -60.03443145751953 33.38304138183594 -4.099999904632568
endloop
endfacet
facet normal 0.004609002087564248 0.9999893784934702 0
outer loop
vertex -60.03443145751953 33.38304138183594 -0.5
vertex -60.03443145751953 33.38304138183594 -4.099999904632568
vertex -60.545921325683594 33.385398864746094 -4.099999904632568
endloop
endfacet
facet normal 0.19313203274504534 0.9811727767971179 0
outer loop
vertex -60.545921325683594 33.385398864746094 -0.5
vertex -60.545921325683594 33.385398864746094 -4.099999904632568
vertex -61.04778289794922 33.48418426513672 -4.099999904632568
endloop
endfacet
facet normal 0.3949472333718036 0.9187038058329563 0
outer loop
vertex -61.04778289794922 33.48418426513672 -0.5
vertex -61.04778289794922 33.48418426513672 -4.099999904632568
vertex -61.6278190612793 33.73353958129883 -4.099999904632568
endloop
endfacet
facet normal 0.9862011580426473 -0.16555142969887462 0
outer loop
vertex 36.19883346557617 40.72114944458008 -4.099999904632568
vertex 36.19883346557617 40.72114944458008 -0.5
vertex 36.11415481567383 40.216712951660156 -0.5
endloop
endfacet
facet normal 0 0 1
outer loop
vertex -58.99336242675781 33.69771957397461 -4.099999904632568
vertex -61.6278190612793 33.73353958129883 -4.099999904632568
vertex -59.531681060791016 33.477195739746094 -4.099999904632568
endloop
endfacet
facet normal 0 0 1
outer loop
vertex 79.4070053100586 -65.05101013183594 -4.099999904632568
vertex 79.74360656738281 -64.96477508544922 -4.099999904632568
vertex 80.10301208496094 -64.42571258544922 -4.099999904632568
endloop
endfacet
facet normal 0 0 1
outer loop
vertex 80.10301208496094 -64.42571258544922 -4.099999904632568
vertex 79.74360656738281 -64.96477508544922 -4.099999904632568
vertex 79.9199447631836 -64.82734680175781 -4.099999904632568
endloop
endfacet
facet normal 0 0 1
outer loop
vertex 80.10301208496094 -64.42571258544922 -4.099999904632568
vertex 79.9199447631836 -64.82734680175781 -4.099999904632568
vertex 80.04396057128906 -64.6413345336914 -4.099999904632568
endloop
endfacet
facet normal -0.2481783023582122 0.9687143697904949 0
outer loop
vertex 79.74360656738281 -64.96477508544922 -0.5
vertex 79.74360656738281 -64.96477508544922 -4.099999904632568
vertex 79.4070053100586 -65.05101013183594 -4.099999904632568
endloop
endfacet
facet normal -0.6147105174281291 0.7887528001619023 0
outer loop
vertex 79.9199447631836 -64.82734680175781 -0.5
vertex 79.9199447631836 -64.82734680175781 -4.099999904632568
vertex 79.74360656738281 -64.96477508544922 -4.099999904632568
endloop
endfacet
facet normal -0.8320345433792632 0.5547238219363407 0
outer loop
vertex 80.04396057128906 -64.6413345336914 -0.5
vertex 80.04396057128906 -64.6413345336914 -4.099999904632568
vertex 79.9199447631836 -64.82734680175781 -4.099999904632568
endloop
endfacet
facet normal -0.9644844920433657 0.26413947945706784 0
outer loop
vertex 80.10301208496094 -64.42571258544922 -0.5
vertex 80.10301208496094 -64.42571258544922 -4.099999904632568
vertex 80.04396057128906 -64.6413345336914 -4.099999904632568
endloop
endfacet
facet normal 0.9999949252845665 -0.0031858131009497837 0
outer loop
vertex 36.11415481567383 40.216712951660156 -4.099999904632568
vertex 36.11415481567383 40.216712951660156 -0.5
vertex 36.10700988769531 37.97399139404297 -0.5
endloop
endfacet
facet normal 0 -1 0
outer loop
vertex 36.10700988769531 37.97399139404297 -4.099999904632568
vertex 36.10700988769531 37.97399139404297 -0.5
vertex 34.119205474853516 37.97399139404297 -0.5
endloop
endfacet
facet normal 0 -1 0
outer loop
vertex 19.807008743286133 37.97399139404297 -4.099999904632568
vertex 34.119205474853516 37.97399139404297 -0.5
vertex 19.807008743286133 37.97399139404297 -0.5
endloop
endfacet
facet normal 0 0 1
outer loop
vertex -61.6278190612793 33.73353958129883 -4.099999904632568
vertex -60.03443145751953 33.38304138183594 -4.099999904632568
vertex -59.531681060791016 33.477195739746094 -4.099999904632568
endloop
endfacet
facet normal 0.262885169177651 -0.9648271284672907 0
outer loop
vertex 37.853729248046875 42.549827575683594 -0.5
vertex 37.853729248046875 42.549827575683594 -4.099999904632568
vertex 38.347232818603516 42.68429183959961 -4.099999904632568
endloop
endfacet
facet normal 0.44014141782829763 -0.8979284672578857 0
outer loop
vertex 37.394447326660156 42.32469940185547 -0.5
vertex 37.394447326660156 42.32469940185547 -4.099999904632568
vertex 37.853729248046875 42.549827575683594 -4.099999904632568
endloop
endfacet
facet normal 0.6015965973303075 -0.7988000588887032 0
outer loop
vertex 36.98586654663086 42.01698684692383 -0.5
vertex 36.98586654663086 42.01698684692383 -4.099999904632568
vertex 37.394447326660156 42.32469940185547 -4.099999904632568
endloop
endfacet
facet normal 0.7414564423432651 -0.6710010015697954 0
outer loop
vertex 36.64265441894531 41.63773727416992 -0.5
vertex 36.64265441894531 41.63773727416992 -4.099999904632568
vertex 36.98586654663086 42.01698684692383 -4.099999904632568
endloop
endfacet
facet normal 0.8547114112660754 -0.5191034612209339 0
outer loop
vertex 36.37713623046875 41.200557708740234 -0.5
vertex 36.37713623046875 41.200557708740234 -4.099999904632568
vertex 36.64265441894531 41.63773727416992 -4.099999904632568
endloop
endfacet
facet normal 0 0 1
outer loop
vertex 36.98586654663086 42.01698684692383 -4.099999904632568
vertex 37.853729248046875 42.549827575683594 -4.099999904632568
vertex 37.394447326660156 42.32469940185547 -4.099999904632568
endloop
endfacet
facet normal -0.10490274782606362 -0.9944824852648443 0
outer loop
vertex -11.040648460388184 45.7218132019043 -4.099999904632568
vertex -11.040648460388184 45.7218132019043 -0.5
vertex -30.120615005493164 47.734458923339844 -0.5
endloop
endfacet
facet normal 0 0 1
outer loop
vertex -61.6278190612793 33.73353958129883 -4.099999904632568
vertex -60.545921325683594 33.385398864746094 -4.099999904632568
vertex -60.03443145751953 33.38304138183594 -4.099999904632568
endloop
endfacet
facet normal 0 0 1
outer loop
vertex -61.6278190612793 33.73353958129883 -4.099999904632568
vertex -61.04778289794922 33.48418426513672 -4.099999904632568
vertex -60.545921325683594 33.385398864746094 -4.099999904632568
endloop
endfacet
facet normal -0.4447119335429927 -0.8956736549460708 0
outer loop
vertex -10.54783821105957 45.58483123779297 -0.5
vertex -10.54783821105957 45.58483123779297 -4.099999904632568
vertex -10.08970832824707 45.357364654541016 -0.5
endloop
endfacet
facet normal -0.2678076250228911 -0.9634724054064021 0
outer loop
vertex -10.54783821105957 45.58483123779297 -4.099999904632568
vertex -10.54783821105957 45.58483123779297 -0.5
vertex -11.040648460388184 45.7218132019043 -0.5
endloop
endfacet
facet normal -0.9950889849359338 0.0989844031106566 0
outer loop
vertex -9.524812698364258 36.1593017578125 -4.099999904632568
vertex -9.524812698364258 36.1593017578125 -0.5
vertex -8.820189476013184 43.24287033081055 -0.5
endloop
endfacet
facet normal -0.05377492564973648 -0.9985530818996882 0
outer loop
vertex 0.879658043384552 35.59899139404297 -4.099999904632568
vertex 0.879658043384552 35.59899139404297 -0.5
vertex -9.524812698364258 36.1593017578125 -0.5
endloop
endfacet
facet normal 0 0 1
outer loop
vertex -58.88584518432617 33.091712951660156 -4.099999904632568
vertex -58.853294372558594 -62.560787200927734 -4.099999904632568
vertex 17.1269474029541 35.59899139404297 -4.099999904632568
endloop
endfacet
facet normal -0.6056681207535417 -0.7957173665962516 0
outer loop
vertex -9.682703971862793 45.047569274902344 -4.099999904632568
vertex -9.682703971862793 45.047569274902344 -0.5
vertex -10.08970832824707 45.357364654541016 -0.5
endloop
endfacet
facet normal -0.7448723999578545 -0.6672069452433975 0
outer loop
vertex -9.341432571411133 44.66657257080078 -4.099999904632568
vertex -9.341432571411133 44.66657257080078 -0.5
vertex -9.682703971862793 45.047569274902344 -0.5
endloop
endfacet
facet normal -0.8573454859996666 -0.5147414085111042 0
outer loop
vertex -9.341432571411133 44.66657257080078 -0.5
vertex -9.341432571411133 44.66657257080078 -4.099999904632568
vertex -9.078145980834961 44.22804641723633 -0.5
endloop
endfacet
facet normal -0.9870328169153355 -0.16051859185831938 0
outer loop
vertex -8.820189476013184 43.24287033081055 -4.099999904632568
vertex -8.820189476013184 43.24287033081055 -0.5
vertex -8.902294158935547 43.74773406982422 -0.5
endloop
endfacet
facet normal -0.939042210785361 -0.34380187079674507 0
outer loop
vertex -8.902294158935547 43.74773406982422 -4.099999904632568
vertex -8.902294158935547 43.74773406982422 -0.5
vertex -9.078145980834961 44.22804641723633 -0.5
endloop
endfacet
facet normal 0 0 1
outer loop
vertex 37.853729248046875 42.549827575683594 -4.099999904632568
vertex 36.11415481567383 40.216712951660156 -4.099999904632568
vertex 38.347232818603516 42.68429183959961 -4.099999904632568
endloop
endfacet
facet normal 0 0 1
outer loop
vertex 36.64265441894531 41.63773727416992 -4.099999904632568
vertex 37.853729248046875 42.549827575683594 -4.099999904632568
vertex 36.98586654663086 42.01698684692383 -4.099999904632568
endloop
endfacet
facet normal 0 0 1
outer loop
vertex 36.37713623046875 41.200557708740234 -4.099999904632568
vertex 37.853729248046875 42.549827575683594 -4.099999904632568
vertex 36.64265441894531 41.63773727416992 -4.099999904632568
endloop
endfacet
facet normal 0 0 1
outer loop
vertex 36.19883346557617 40.72114944458008 -4.099999904632568
vertex 37.853729248046875 42.549827575683594 -4.099999904632568
vertex 36.37713623046875 41.200557708740234 -4.099999904632568
endloop
endfacet
facet normal 0 0 1
outer loop
vertex 36.11415481567383 40.216712951660156 -4.099999904632568
vertex 37.853729248046875 42.549827575683594 -4.099999904632568
vertex 36.19883346557617 40.72114944458008 -4.099999904632568
endloop
endfacet
facet normal 0.9372740499501774 -0.34859339536197814 0
outer loop
vertex 36.19883346557617 40.72114944458008 -0.5
vertex 36.19883346557617 40.72114944458008 -4.099999904632568
vertex 36.37713623046875 41.200557708740234 -4.099999904632568
endloop
endfacet
facet normal 0.9862011580426473 -0.16555142969887462 0
outer loop
vertex 36.11415481567383 40.216712951660156 -0.5
vertex 36.11415481567383 40.216712951660156 -4.099999904632568
vertex 36.19883346557617 40.72114944458008 -4.099999904632568
endloop
endfacet
facet normal 0.9999949252845665 -0.0031858131009497837 0
outer loop
vertex 36.10700988769531 37.97399139404297 -0.5
vertex 36.10700988769531 37.97399139404297 -4.099999904632568
vertex 36.11415481567383 40.216712951660156 -4.099999904632568
endloop
endfacet
facet normal 0 0 1
outer loop
vertex -56.38571548461914 -64.79386138916016 -4.099999904632568
vertex -20.728496551513672 -64.80101013183594 -4.099999904632568
vertex -19.59299087524414 -32.351009368896484 -4.099999904632568
endloop
endfacet
facet normal 0.043456066439921094 0.9990553389525373 0
outer loop
vertex -19.59299087524414 -65.05101013183594 -0.5
vertex -19.59299087524414 -65.05101013183594 -4.099999904632568
vertex -20.413686752319336 -65.01531219482422 -4.099999904632568
endloop
endfacet
facet normal 0 0 1
outer loop
vertex 19.807008743286133 37.97399139404297 -4.099999904632568
vertex 17.1269474029541 35.59899139404297 -4.099999904632568
vertex 36.10700988769531 37.97399139404297 -4.099999904632568
endloop
endfacet
facet normal 0.05480710936721126 -0.998496960818014 0
outer loop
vertex 19.807008743286133 37.97399139404297 -4.099999904632568
vertex 19.807008743286133 37.97399139404297 -0.5
vertex 19.516300201416016 37.95803451538086 -0.5
endloop
endfacet
facet normal 0.2013797720937887 -0.9795132400286652 0
outer loop
vertex 19.516300201416016 37.95803451538086 -4.099999904632568
vertex 19.516300201416016 37.95803451538086 -0.5
vertex 19.01528549194336 37.85503005981445 -0.5
endloop
endfacet
facet normal 0.38250461162210897 -0.9239535822149398 0
outer loop
vertex 19.01528549194336 37.85503005981445 -4.099999904632568
vertex 19.01528549194336 37.85503005981445 -0.5
vertex 18.54269027709961 37.65938186645508 -0.5
endloop
endfacet
facet normal 0.5499047336136136 -0.8352273845782001 0
outer loop
vertex 18.54269027709961 37.65938186645508 -4.099999904632568
vertex 18.54269027709961 37.65938186645508 -0.5
vertex 18.115476608276367 37.378108978271484 -0.5
endloop
endfacet
facet normal 0.697566055787235 -0.7165204796887805 0
outer loop
vertex 18.115476608276367 37.378108978271484 -4.099999904632568
vertex 18.115476608276367 37.378108978271484 -0.5
vertex 17.748981475830078 37.02130889892578 -0.5
endloop
endfacet
facet normal 0.8201890493921336 -0.572092582767185 0
outer loop
vertex 17.45635986328125 36.60178756713867 -0.5
vertex 17.45635986328125 36.60178756713867 -4.099999904632568
vertex 17.748981475830078 37.02130889892578 -0.5
endloop
endfacet
facet normal 0.9133699901760958 -0.40713052089682344 0
outer loop
vertex 17.45635986328125 36.60178756713867 -4.099999904632568
vertex 17.45635986328125 36.60178756713867 -0.5
vertex 17.24811553955078 36.134605407714844 -0.5
endloop
endfacet
facet normal 0.9753536635606717 -0.22064729995804652 0
outer loop
vertex 17.24811553955078 36.134605407714844 -4.099999904632568
vertex 17.24811553955078 36.134605407714844 -0.5
vertex 17.1269474029541 35.59899139404297 -0.5
endloop
endfacet
facet normal 0 -1 0
outer loop
vertex 17.1269474029541 35.59899139404297 -4.099999904632568
vertex 17.1269474029541 35.59899139404297 -0.5
vertex 15.145570755004883 35.59899139404297 -0.5
endloop
endfacet
facet normal 0 -1 0
outer loop
vertex 15.145570755004883 35.59899139404297 -0.5
vertex 0.879658043384552 35.59899139404297 -0.5
vertex 0.879658043384552 35.59899139404297 -4.099999904632568
endloop
endfacet
facet normal 0.05480710936721126 -0.998496960818014 0
outer loop
vertex 19.516300201416016 37.95803451538086 -0.5
vertex 19.516300201416016 37.95803451538086 -4.099999904632568
vertex 19.807008743286133 37.97399139404297 -4.099999904632568
endloop
endfacet
facet normal 0.8979299120407475 0.4401384703277997 0
outer loop
vertex -58.71883010864258 -63.05428695678711 -4.099999904632568
vertex -58.71883010864258 -63.05428695678711 -0.5
vertex -58.49370193481445 -63.513572692871094 -0.5
endloop
endfacet
facet normal 0.7988000588887032 0.6015965973303075 0
outer loop
vertex -58.49370193481445 -63.513572692871094 -4.099999904632568
vertex -58.49370193481445 -63.513572692871094 -0.5
vertex -58.18598937988281 -63.92215347290039 -0.5
endloop
endfacet
facet normal 0.5191067702106008 0.8547094015637821 0
outer loop
vertex -57.80673599243164 -64.26536560058594 -4.099999904632568
vertex -57.80673599243164 -64.26536560058594 -0.5
vertex -57.36956024169922 -64.5308837890625 -0.5
endloop
endfacet
facet normal 0.3485844069531652 0.9372773928934326 0
outer loop
vertex -57.36956024169922 -64.5308837890625 -4.099999904632568
vertex -57.36956024169922 -64.5308837890625 -0.5
vertex -56.8901481628418 -64.70918273925781 -0.5
endloop
endfacet
facet normal 0 0 1
outer loop
vertex 79.69733428955078 -31.71405601501465 -4.099999904632568
vertex 80.09558868408203 -32.22509002685547 -4.099999904632568
vertex 79.88334655761719 -31.83807373046875 -4.099999904632568
endloop
endfacet
facet normal -0.9999999922323898 0.00012464036459918006 0
outer loop
vertex 80.10301208496094 -64.42571258544922 -4.099999904632568
vertex 80.10301208496094 -64.42571258544922 -0.5
vertex 80.10700988769531 -32.351009368896484 -0.5
endloop
endfacet
facet normal 0.16555264734385197 0.9862009536384775 0
outer loop
vertex -56.8901481628418 -64.70918273925781 -4.099999904632568
vertex -56.8901481628418 -64.70918273925781 -0.5
vertex -56.38571548461914 -64.79386138916016 -0.5
endloop
endfacet
facet normal 0.8668511470251773 -0.49856703551391596 0
outer loop
vertex -79.26595306396484 46.5037956237793 -0.5
vertex -79.26595306396484 46.5037956237793 -4.099999904632568
vertex -69.46788787841797 63.539546966552734 -4.099999904632568
endloop
endfacet
facet normal 0 0 1
outer loop
vertex -69.46788787841797 63.539546966552734 -4.099999904632568
vertex -58.99336242675781 33.69771957397461 -4.099999904632568
vertex -69.142333984375 63.934059143066406 -4.099999904632568
endloop
endfacet
facet normal 0 0 1
outer loop
vertex -69.142333984375 63.934059143066406 -4.099999904632568
vertex -58.99336242675781 33.69771957397461 -4.099999904632568
vertex -68.74821472167969 64.26008605957031 -4.099999904632568
endloop
endfacet
facet normal 0 0 1
outer loop
vertex -68.74821472167969 64.26008605957031 -4.099999904632568
vertex -58.99336242675781 33.69771957397461 -4.099999904632568
vertex -68.29967498779297 64.50592803955078 -4.099999904632568
endloop
endfacet
facet normal 0 0 1
outer loop
vertex -68.29967498779297 64.50592803955078 -4.099999904632568
vertex -58.99336242675781 33.69771957397461 -4.099999904632568
vertex -67.81281280517578 64.66275787353516 -4.099999904632568
endloop
endfacet
facet normal 0 0 1
outer loop
vertex -67.81281280517578 64.66275787353516 -4.099999904632568
vertex -58.99336242675781 33.69771957397461 -4.099999904632568
vertex -67.30511474609375 64.72494506835938 -4.099999904632568
endloop
endfacet
facet normal 0 0 1
outer loop
vertex -67.30511474609375 64.72494506835938 -4.099999904632568
vertex -58.99336242675781 33.69771957397461 -4.099999904632568
vertex -66.7947998046875 64.69026184082031 -4.099999904632568
endloop
endfacet
facet normal 0 0 1
outer loop
vertex -66.7947998046875 64.69026184082031 -4.099999904632568
vertex -58.99336242675781 33.69771957397461 -4.099999904632568
vertex -66.30018615722656 64.55995178222656 -4.099999904632568
endloop
endfacet
facet normal 0.6709972911075734 0.7414598002092213 0
outer loop
vertex -57.80673599243164 -64.26536560058594 -0.5
vertex -57.80673599243164 -64.26536560058594 -4.099999904632568
vertex -58.18598937988281 -63.92215347290039 -0.5
endloop
endfacet
facet normal 0.9648266130533698 0.2628870608150256 0
outer loop
vertex -58.853294372558594 -62.560787200927734 -4.099999904632568
vertex -58.853294372558594 -62.560787200927734 -0.5
vertex -58.71883010864258 -63.05428695678711 -0.5
endloop
endfacet
facet normal 0.2013797720937887 -0.9795132400286652 0
outer loop
vertex 19.01528549194336 37.85503005981445 -0.5
vertex 19.01528549194336 37.85503005981445 -4.099999904632568
vertex 19.516300201416016 37.95803451538086 -4.099999904632568
endloop
endfacet
facet normal 0.38250461162210897 -0.9239535822149398 0
outer loop
vertex 18.54269027709961 37.65938186645508 -0.5
vertex 18.54269027709961 37.65938186645508 -4.099999904632568
vertex 19.01528549194336 37.85503005981445 -4.099999904632568
endloop
endfacet
facet normal 0 0 1
outer loop
vertex 17.1269474029541 35.59899139404297 -4.099999904632568
vertex -56.38571548461914 -64.79386138916016 -4.099999904632568
vertex -19.59299087524414 -32.351009368896484 -4.099999904632568
endloop
endfacet
facet normal 0 0 1
outer loop
vertex 17.1269474029541 35.59899139404297 -4.099999904632568
vertex -56.8901481628418 -64.70918273925781 -4.099999904632568
vertex -56.38571548461914 -64.79386138916016 -4.099999904632568
endloop
endfacet
facet normal 0 0 1
outer loop
vertex -58.71883010864258 -63.05428695678711 -4.099999904632568
vertex -58.49370193481445 -63.513572692871094 -4.099999904632568
vertex 17.1269474029541 35.59899139404297 -4.099999904632568
endloop
endfacet
facet normal 0 0 1
outer loop
vertex 17.1269474029541 35.59899139404297 -4.099999904632568
vertex -58.18598937988281 -63.92215347290039 -4.099999904632568
vertex -57.80673599243164 -64.26536560058594 -4.099999904632568
endloop
endfacet
facet normal 0 0 1
outer loop
vertex -58.49370193481445 -63.513572692871094 -4.099999904632568
vertex -58.18598937988281 -63.92215347290039 -4.099999904632568
vertex 17.1269474029541 35.59899139404297 -4.099999904632568
endloop
endfacet
facet normal 0 0 1
outer loop
vertex 17.1269474029541 35.59899139404297 -4.099999904632568
vertex -57.36956024169922 -64.5308837890625 -4.099999904632568
vertex -56.8901481628418 -64.70918273925781 -4.099999904632568
endloop
endfacet
facet normal 0 0 1
outer loop
vertex -57.80673599243164 -64.26536560058594 -4.099999904632568
vertex -57.36956024169922 -64.5308837890625 -4.099999904632568
vertex 17.1269474029541 35.59899139404297 -4.099999904632568
endloop
endfacet
facet normal 0 0 1
outer loop
vertex -58.853294372558594 -62.560787200927734 -4.099999904632568
vertex -58.71883010864258 -63.05428695678711 -4.099999904632568
vertex 17.1269474029541 35.59899139404297 -4.099999904632568
endloop
endfacet
facet normal -0.9999999922323898 0.00012464036459918006 0
outer loop
vertex 80.10700988769531 -32.351009368896484 -0.5
vertex 80.10700988769531 -32.351009368896484 -4.099999904632568
vertex 80.10301208496094 -64.42571258544922 -4.099999904632568
endloop
endfacet
facet normal 0 0 1
outer loop
vertex 79.50701141357422 -31.659099578857422 -4.099999904632568
vertex 80.10301208496094 -64.42571258544922 -4.099999904632568
vertex 80.10700988769531 -32.351009368896484 -4.099999904632568
endloop
endfacet
facet normal 0 0 1
outer loop
vertex 79.4070053100586 -32.351009368896484 -4.099999904632568
vertex 79.4070053100586 -65.05101013183594 -4.099999904632568
vertex 79.50701141357422 -31.659099578857422 -4.099999904632568
endloop
endfacet
facet normal 0 0 1
outer loop
vertex -19.59299087524414 -32.351009368896484 -4.099999904632568
vertex -20.413686752319336 -65.01531219482422 -4.099999904632568
vertex -19.59299087524414 -65.05101013183594 -4.099999904632568
endloop
endfacet
facet normal 0 0 1
outer loop
vertex -19.59299087524414 -32.351009368896484 -4.099999904632568
vertex -20.728496551513672 -64.80101013183594 -4.099999904632568
vertex -20.413686752319336 -65.01531219482422 -4.099999904632568
endloop
endfacet
facet normal 0.5499047336136136 -0.8352273845782001 0
outer loop
vertex 18.115476608276367 37.378108978271484 -0.5
vertex 18.115476608276367 37.378108978271484 -4.099999904632568
vertex 18.54269027709961 37.65938186645508 -4.099999904632568
endloop
endfacet
facet normal 0.697566055787235 -0.7165204796887805 0
outer loop
vertex 17.748981475830078 37.02130889892578 -0.5
vertex 17.748981475830078 37.02130889892578 -4.099999904632568
vertex 18.115476608276367 37.378108978271484 -4.099999904632568
endloop
endfacet
facet normal 0.8201890493921336 -0.572092582767185 0
outer loop
vertex 17.748981475830078 37.02130889892578 -0.5
vertex 17.45635986328125 36.60178756713867 -4.099999904632568
vertex 17.748981475830078 37.02130889892578 -4.099999904632568
endloop
endfacet
facet normal 0.7712952012460468 -0.636477582114893 0
outer loop
vertex -69.142333984375 63.934059143066406 -0.5
vertex -69.46788787841797 63.539546966552734 -4.099999904632568
vertex -69.142333984375 63.934059143066406 -4.099999904632568
endloop
endfacet
facet normal 0.6374043818812903 -0.7705294633941847 0
outer loop
vertex -69.142333984375 63.934059143066406 -0.5
vertex -69.142333984375 63.934059143066406 -4.099999904632568
vertex -68.74821472167969 64.26008605957031 -4.099999904632568
endloop
endfacet
facet normal 0.4806350647500204 -0.8769207116568428 0
outer loop
vertex -68.74821472167969 64.26008605957031 -0.5
vertex -68.74821472167969 64.26008605957031 -4.099999904632568
vertex -68.29967498779297 64.50592803955078 -4.099999904632568
endloop
endfacet
facet normal 0.30660878581901735 -0.951835622604338 0
outer loop
vertex -67.81281280517578 64.66275787353516 -0.5
vertex -68.29967498779297 64.50592803955078 -4.099999904632568
vertex -67.81281280517578 64.66275787353516 -4.099999904632568
endloop
endfacet
facet normal 0.12157987878731666 -0.9925816505829943 0
outer loop
vertex -67.81281280517578 64.66275787353516 -0.5
vertex -67.81281280517578 64.66275787353516 -4.099999904632568
vertex -67.30511474609375 64.72494506835938 -4.099999904632568
endloop
endfacet
facet normal -0.06780793112430836 -0.9976983935421772 0
outer loop
vertex -67.30511474609375 64.72494506835938 -0.5
vertex -67.30511474609375 64.72494506835938 -4.099999904632568
vertex -66.7947998046875 64.69026184082031 -4.099999904632568
endloop
endfacet
facet normal 0.9133699901760958 -0.40713052089682344 0
outer loop
vertex 17.24811553955078 36.134605407714844 -0.5
vertex 17.24811553955078 36.134605407714844 -4.099999904632568
vertex 17.45635986328125 36.60178756713867 -4.099999904632568
endloop
endfacet
facet normal 0.9753536635606717 -0.22064729995804652 0
outer loop
vertex 17.1269474029541 35.59899139404297 -0.5
vertex 17.1269474029541 35.59899139404297 -4.099999904632568
vertex 17.24811553955078 36.134605407714844 -4.099999904632568
endloop
endfacet
facet normal 0 -1 0
outer loop
vertex 0.879658043384552 35.59899139404297 -4.099999904632568
vertex 17.1269474029541 35.59899139404297 -4.099999904632568
vertex 15.145570755004883 35.59899139404297 -0.5
endloop
endfacet
facet normal 0 0 1
outer loop
vertex 19.516300201416016 37.95803451538086 -4.099999904632568
vertex 17.1269474029541 35.59899139404297 -4.099999904632568
vertex 19.807008743286133 37.97399139404297 -4.099999904632568
endloop
endfacet
facet normal 0 0 1
outer loop
vertex 19.01528549194336 37.85503005981445 -4.099999904632568
vertex 17.1269474029541 35.59899139404297 -4.099999904632568
vertex 19.516300201416016 37.95803451538086 -4.099999904632568
endloop
endfacet
facet normal -0.25476494556622514 -0.9670030106006074 0
outer loop
vertex -66.7947998046875 64.69026184082031 -0.5
vertex -66.7947998046875 64.69026184082031 -4.099999904632568
vertex -66.30018615722656 64.55995178222656 -4.099999904632568
endloop
endfacet
facet normal 0 0 1
outer loop
vertex 18.54269027709961 37.65938186645508 -4.099999904632568
vertex 17.1269474029541 35.59899139404297 -4.099999904632568
vertex 19.01528549194336 37.85503005981445 -4.099999904632568
endloop
endfacet
facet normal 0 0 1
outer loop
vertex 79.50701141357422 -31.659099578857422 -4.099999904632568
vertex 79.4070053100586 -65.05101013183594 -4.099999904632568
vertex 80.10301208496094 -64.42571258544922 -4.099999904632568
endloop
endfacet
facet normal 0 0 1
outer loop
vertex 79.88334655761719 -31.83807373046875 -4.099999904632568
vertex 80.09558868408203 -32.22509002685547 -4.099999904632568
vertex 80.02076721191406 -32.0144157409668 -4.099999904632568
endloop
endfacet
facet normal -0.2481783023582122 0.9687143697904949 0
outer loop
vertex 79.4070053100586 -65.05101013183594 -4.099999904632568
vertex 79.4070053100586 -65.05101013183594 -0.5
vertex 79.74360656738281 -64.96477508544922 -0.5
endloop
endfacet
facet normal -0.6147105174281291 0.7887528001619023 0
outer loop
vertex 79.74360656738281 -64.96477508544922 -4.099999904632568
vertex 79.74360656738281 -64.96477508544922 -0.5
vertex 79.9199447631836 -64.82734680175781 -0.5
endloop
endfacet
facet normal 0.8668511470251773 -0.49856703551391596 0
outer loop
vertex -69.46788787841797 63.539546966552734 -4.099999904632568
vertex -69.46788787841797 63.539546966552734 -0.5
vertex -79.26595306396484 46.5037956237793 -0.5
endloop
endfacet
facet normal -0.8320345433792632 0.5547238219363407 0
outer loop
vertex 79.9199447631836 -64.82734680175781 -4.099999904632568
vertex 79.9199447631836 -64.82734680175781 -0.5
vertex 80.04396057128906 -64.6413345336914 -0.5
endloop
endfacet
facet normal -0.9644844920433657 0.26413947945706784 0
outer loop
vertex 80.04396057128906 -64.6413345336914 -4.099999904632568
vertex 80.04396057128906 -64.6413345336914 -0.5
vertex 80.10301208496094 -64.42571258544922 -0.5
endloop
endfacet
facet normal -0.2774197798268843 -0.9607488047147407 0
outer loop
vertex 79.50701141357422 -31.659099578857422 -0.5
vertex 79.50701141357422 -31.659099578857422 -4.099999904632568
vertex 79.69733428955078 -31.71405601501465 -4.099999904632568
endloop
endfacet
facet normal 0 0 1
outer loop
vertex 18.115476608276367 37.378108978271484 -4.099999904632568
vertex 17.1269474029541 35.59899139404297 -4.099999904632568
vertex 18.54269027709961 37.65938186645508 -4.099999904632568
endloop
endfacet
facet normal -0.7887757934696511 -0.6146810129134642 0
outer loop
vertex 79.88334655761719 -31.83807373046875 -0.5
vertex 79.88334655761719 -31.83807373046875 -4.099999904632568
vertex 80.02076721191406 -32.0144157409668 -4.099999904632568
endloop
endfacet
facet normal 0 0 1
outer loop
vertex 17.748981475830078 37.02130889892578 -4.099999904632568
vertex 17.1269474029541 35.59899139404297 -4.099999904632568
vertex 18.115476608276367 37.378108978271484 -4.099999904632568
endloop
endfacet
facet normal 0.7712952012460468 -0.636477582114893 0
outer loop
vertex -69.46788787841797 63.539546966552734 -0.5
vertex -69.46788787841797 63.539546966552734 -4.099999904632568
vertex -69.142333984375 63.934059143066406 -0.5
endloop
endfacet
facet normal 0.6374043818812903 -0.7705294633941847 0
outer loop
vertex -68.74821472167969 64.26008605957031 -4.099999904632568
vertex -68.74821472167969 64.26008605957031 -0.5
vertex -69.142333984375 63.934059143066406 -0.5
endloop
endfacet
facet normal 0.4806350647500204 -0.8769207116568428 0
outer loop
vertex -68.29967498779297 64.50592803955078 -4.099999904632568
vertex -68.29967498779297 64.50592803955078 -0.5
vertex -68.74821472167969 64.26008605957031 -0.5
endloop
endfacet
facet normal 0.30660878581901735 -0.951835622604338 0
outer loop
vertex -68.29967498779297 64.50592803955078 -0.5
vertex -68.29967498779297 64.50592803955078 -4.099999904632568
vertex -67.81281280517578 64.66275787353516 -0.5
endloop
endfacet
facet normal 0.12157987878731666 -0.9925816505829943 0
outer loop
vertex -67.30511474609375 64.72494506835938 -4.099999904632568
vertex -67.30511474609375 64.72494506835938 -0.5
vertex -67.81281280517578 64.66275787353516 -0.5
endloop
endfacet
facet normal -0.06780793112430836 -0.9976983935421772 0
outer loop
vertex -66.7947998046875 64.69026184082031 -4.099999904632568
vertex -66.7947998046875 64.69026184082031 -0.5
vertex -67.30511474609375 64.72494506835938 -0.5
endloop
endfacet
facet normal -0.25476494556622514 -0.9670030106006074 0
outer loop
vertex -66.30018615722656 64.55995178222656 -4.099999904632568
vertex -66.30018615722656 64.55995178222656 -0.5
vertex -66.7947998046875 64.69026184082031 -0.5
endloop
endfacet
facet normal 0 0 1
outer loop
vertex 17.45635986328125 36.60178756713867 -4.099999904632568
vertex 17.1269474029541 35.59899139404297 -4.099999904632568
vertex 17.748981475830078 37.02130889892578 -4.099999904632568
endloop
endfacet
facet normal 0 0 1
outer loop
vertex 17.1269474029541 35.59899139404297 -4.099999904632568
vertex 17.45635986328125 36.60178756713867 -4.099999904632568
vertex 17.24811553955078 36.134605407714844 -4.099999904632568
endloop
endfacet
facet normal 0 0 1
outer loop
vertex 17.1269474029541 35.59899139404297 -4.099999904632568
vertex 12.90700912475586 -32.351009368896484 -4.099999904632568
vertex 36.10700988769531 37.97399139404297 -4.099999904632568
endloop
endfacet
facet normal 0.9999999420970138 0.0003403027608359723 0
outer loop
vertex -58.853294372558594 -62.560787200927734 -0.5
vertex -58.853294372558594 -62.560787200927734 -4.099999904632568
vertex -58.88584518432617 33.091712951660156 -4.099999904632568
endloop
endfacet
facet normal 0.998655541452184 0.0022889045910049776 0.05178677864685444
outer loop
vertex -58.89176559448242 -45.77568435668945 -0.5
vertex -58.853294372558594 -62.560787200927734 -0.5
vertex -58.88584518432617 33.091712951660156 -4.099999904632568
endloop
endfacet
facet normal 0.9999999971833096 -0.00007505534743293257 2.7506485859966097e-7
outer loop
vertex -58.88987350463867 -20.566423416137695 -0.5
vertex -58.89176559448242 -45.77568435668945 -0.5
vertex -58.88584518432617 33.091712951660156 -4.099999904632568
endloop
endfacet
facet normal -0.6364820187985267 -0.7712915400457545 0
outer loop
vertex -48.86992263793945 54.43633270263672 -4.099999904632568
vertex -48.86992263793945 54.43633270263672 -0.5
vertex -49.264434814453125 54.76189041137695 -0.5
endloop
endfacet
facet normal 0.00020048514006443648 0.9999999799028542 0
outer loop
vertex -56.38571548461914 -64.79386138916016 -0.5
vertex -20.728496551513672 -64.80101013183594 -0.5
vertex -20.728496551513672 -64.80101013183594 -4.099999904632568
endloop
endfacet
facet normal -0.5547297281544737 -0.8320306056279803 0
outer loop
vertex 79.69733428955078 -31.71405601501465 -0.5
vertex 79.69733428955078 -31.71405601501465 -4.099999904632568
vertex 79.88334655761719 -31.83807373046875 -4.099999904632568
endloop
endfacet
facet normal -0.9959117332624996 -0.09033171951249427 0
outer loop
vertex 80.09558868408203 -32.22509002685547 -0.5
vertex 80.09558868408203 -32.22509002685547 -4.099999904632568
vertex 80.10700988769531 -32.351009368896484 -4.099999904632568
endloop
endfacet
facet normal -0.9423345566622788 -0.3346723521895801 0
outer loop
vertex 80.02076721191406 -32.0144157409668 -0.5
vertex 80.02076721191406 -32.0144157409668 -4.099999904632568
vertex 80.09558868408203 -32.22509002685547 -4.099999904632568
endloop
endfacet
facet normal -0.7705324934317458 -0.6374007189875586 0
outer loop
vertex -48.54389572143555 54.04220962524414 -0.5
vertex -48.86992263793945 54.43633270263672 -4.099999904632568
vertex -48.54389572143555 54.04220962524414 -4.099999904632568
endloop
endfacet
facet normal -0.8472307963655955 -0.5312249784128367 0
outer loop
vertex -48.54389572143555 54.04220962524414 -0.5
vertex -48.54389572143555 54.04220962524414 -4.099999904632568
vertex -48.44499206542969 53.88447189331055 -4.099999904632568
endloop
endfacet
facet normal -0.8472307963655955 -0.5312249784128367 0
outer loop
vertex -48.44499206542969 53.88447189331055 -4.099999904632568
vertex -48.44499206542969 53.88447189331055 -0.5
vertex -48.54389572143555 54.04220962524414 -0.5
endloop
endfacet
facet normal -0.7705324934317458 -0.6374007189875586 0
outer loop
vertex -48.86992263793945 54.43633270263672 -0.5
vertex -48.86992263793945 54.43633270263672 -4.099999904632568
vertex -48.54389572143555 54.04220962524414 -0.5
endloop
endfacet
facet normal -0.2774197798268843 -0.9607488047147407 0
outer loop
vertex 79.69733428955078 -31.71405601501465 -4.099999904632568
vertex 79.69733428955078 -31.71405601501465 -0.5
vertex 79.50701141357422 -31.659099578857422 -0.5
endloop
endfacet
facet normal -0.5547297281544737 -0.8320306056279803 0
outer loop
vertex 79.88334655761719 -31.83807373046875 -4.099999904632568
vertex 79.88334655761719 -31.83807373046875 -0.5
vertex 79.69733428955078 -31.71405601501465 -0.5
endloop
endfacet
facet normal -0.9423345566622788 -0.3346723521895801 0
outer loop
vertex 80.09558868408203 -32.22509002685547 -4.099999904632568
vertex 80.09558868408203 -32.22509002685547 -0.5
vertex 80.02076721191406 -32.0144157409668 -0.5
endloop
endfacet
facet normal -0.6364820187985267 -0.7712915400457545 0
outer loop
vertex -49.264434814453125 54.76189041137695 -0.5
vertex -49.264434814453125 54.76189041137695 -4.099999904632568
vertex -48.86992263793945 54.43633270263672 -4.099999904632568
endloop
endfacet
facet normal -0.49856688965518414 -0.8668512309154065 0
outer loop
vertex -49.264434814453125 54.76189041137695 -4.099999904632568
vertex -49.264434814453125 54.76189041137695 -0.5
vertex -66.30018615722656 64.55995178222656 -0.5
endloop
endfacet
facet normal -0.9959117332624996 -0.09033171951249427 0
outer loop
vertex 80.10700988769531 -32.351009368896484 -4.099999904632568
vertex 80.10700988769531 -32.351009368896484 -0.5
vertex 80.09558868408203 -32.22509002685547 -0.5
endloop
endfacet
facet normal -0.7887757934696511 -0.6146810129134642 0
outer loop
vertex 80.02076721191406 -32.0144157409668 -4.099999904632568
vertex 80.02076721191406 -32.0144157409668 -0.5
vertex 79.88334655761719 -31.83807373046875 -0.5
endloop
endfacet
facet normal -0.9999998485609531 -0.0005503435932747876 0
outer loop
vertex 79.50701141357422 -31.659099578857422 -4.099999904632568
vertex 79.50701141357422 -31.659099578857422 -0.5
vertex 79.4673080444336 40.4837646484375 -0.5
endloop
endfacet
facet normal 0 0 1
outer loop
vertex 36.10700988769531 37.97399139404297 -4.099999904632568
vertex 38.347232818603516 42.68429183959961 -4.099999904632568
vertex 36.11415481567383 40.216712951660156 -4.099999904632568
endloop
endfacet
facet normal 0 0 1
outer loop
vertex 12.90700912475586 -32.351009368896484 -11.899999618530273
vertex 18.40700912475586 -47.351009368896484 -11.899999618530273
vertex 79.4070053100586 -32.351009368896484 -11.899999618530273
endloop
endfacet
facet normal 0 -1 0
outer loop
vertex 12.90700912475586 -32.351009368896484 -8.199999809265137
vertex 12.90700912475586 -32.351009368896484 -11.899999618530273
vertex 79.4070053100586 -32.351009368896484 -4.099999904632568
endloop
endfacet
facet normal 0 1 0
outer loop
vertex 79.4070053100586 -65.35101318359375 -11.899999618530273
vertex 18.40700912475586 -65.35101318359375 -8.199999809265137
vertex 18.40700912475586 -65.35101318359375 -0.5
endloop
endfacet
facet normal 0 1 0
outer loop
vertex 79.4070053100586 -65.35101318359375 -11.899999618530273
vertex 18.40700912475586 -65.35101318359375 -0.5
vertex 63.779273986816406 -65.35101318359375 -5
endloop
endfacet
facet normal 0 1 0
outer loop
vertex 79.4070053100586 -65.35101318359375 -11.899999618530273
vertex 63.779273986816406 -65.35101318359375 -5
vertex 75.7792739868164 -65.35101318359375 -5
endloop
endfacet
facet normal 0 1 0
outer loop
vertex 79.4070053100586 -65.35101318359375 -0.5
vertex 79.4070053100586 -65.35101318359375 -11.899999618530273
vertex 75.7792739868164 -65.35101318359375 -5
endloop
endfacet
facet normal -1 0 0
outer loop
vertex 79.4070053100586 -65.35101318359375 -11.899999618530273
vertex 79.4070053100586 -65.35101318359375 -0.5
vertex 79.4070053100586 -65.05101013183594 -4.099999904632568
endloop
endfacet
facet normal -1 0 0
outer loop
vertex 79.4070053100586 -32.351009368896484 -4.099999904632568
vertex 79.4070053100586 -32.351009368896484 -11.899999618530273
vertex 79.4070053100586 -65.05101013183594 -4.099999904632568
endloop
endfacet
facet normal 0 0 1
outer loop
vertex 12.90700912475586 -47.351009368896484 -11.899999618530273
vertex 18.40700912475586 -47.351009368896484 -11.899999618530273
vertex 12.90700912475586 -32.351009368896484 -11.899999618530273
endloop
endfacet
facet normal 1 0 0
outer loop
vertex 12.90700912475586 -47.351009368896484 -11.899999618530273
vertex 12.90700912475586 -32.351009368896484 -11.899999618530273
vertex 12.90700912475586 -47.351009368896484 -8.199999809265137
endloop
endfacet
facet normal 0 1 0
outer loop
vertex 18.40700912475586 -47.351009368896484 -11.899999618530273
vertex 12.90700912475586 -47.351009368896484 -11.899999618530273
vertex 18.40700912475586 -47.351009368896484 -8.199999809265137
endloop
endfacet
facet normal 0 -1 0
outer loop
vertex 79.4070053100586 -32.351009368896484 -4.099999904632568
vertex 12.90700912475586 -32.351009368896484 -11.899999618530273
vertex 79.4070053100586 -32.351009368896484 -11.899999618530273
endloop
endfacet
facet normal 1 0 0
outer loop
vertex 18.40700912475586 -47.351009368896484 -8.199999809265137
vertex 18.40700912475586 -65.35101318359375 -8.199999809265137
vertex 18.40700912475586 -47.351009368896484 -11.899999618530273
endloop
endfacet
facet normal 0 1 0
outer loop
vertex 18.40700912475586 -47.351009368896484 -8.199999809265137
vertex 12.90700912475586 -47.351009368896484 -11.899999618530273
vertex 12.90700912475586 -47.351009368896484 -8.199999809265137
endloop
endfacet
facet normal 0 -1 0
outer loop
vertex 12.90700912475586 -32.351009368896484 -4.099999904632568
vertex 12.90700912475586 -32.351009368896484 -8.199999809265137
vertex 79.4070053100586 -32.351009368896484 -4.099999904632568
endloop
endfacet
facet normal -1 0 0
outer loop
vertex 79.4070053100586 -65.05101013183594 -0.5
vertex 79.4070053100586 -65.05101013183594 -4.099999904632568
vertex 79.4070053100586 -65.35101318359375 -0.5
endloop
endfacet
facet normal 0 1 0
outer loop
vertex 79.4070053100586 -65.35101318359375 -0.5
vertex 75.7792739868164 -65.35101318359375 -5
vertex 75.7792739868164 -65.35101318359375 -0.5
endloop
endfacet
facet normal 1 0 0
outer loop
vertex 18.40700912475586 -65.35101318359375 -11.899999618530273
vertex 18.40700912475586 -47.351009368896484 -11.899999618530273
vertex 18.40700912475586 -65.35101318359375 -8.199999809265137
endloop
endfacet
facet normal -1 0 0
outer loop
vertex 79.4070053100586 -32.351009368896484 -11.899999618530273
vertex 79.4070053100586 -65.35101318359375 -11.899999618530273
vertex 79.4070053100586 -65.05101013183594 -4.099999904632568
endloop
endfacet
facet normal 0 1 0
outer loop
vertex 63.779273986816406 -65.35101318359375 -0.5
vertex 63.779273986816406 -65.35101318359375 -5
vertex 18.40700912475586 -65.35101318359375 -0.5
endloop
endfacet
facet normal 0 0 1
outer loop
vertex 79.4070053100586 -32.351009368896484 -11.899999618530273
vertex 18.40700912475586 -47.351009368896484 -11.899999618530273
vertex 79.4070053100586 -65.35101318359375 -11.899999618530273
endloop
endfacet
facet normal 0 0 1
outer loop
vertex 18.40700912475586 -47.351009368896484 -11.899999618530273
vertex 18.40700912475586 -65.35101318359375 -11.899999618530273
vertex 79.4070053100586 -65.35101318359375 -11.899999618530273
endloop
endfacet
facet normal 0 1 0
outer loop
vertex 79.4070053100586 -65.35101318359375 -11.899999618530273
vertex 18.40700912475586 -65.35101318359375 -11.899999618530273
vertex 18.40700912475586 -65.35101318359375 -8.199999809265137
endloop
endfacet
facet normal 1 0 0
outer loop
vertex 12.90700912475586 -32.351009368896484 -8.199999809265137
vertex 12.90700912475586 -47.351009368896484 -8.199999809265137
vertex 12.90700912475586 -32.351009368896484 -11.899999618530273
endloop
endfacet
facet normal 1 0 0
outer loop
vertex -19.59299087524414 -65.05101013183594 -4.099999904632568
vertex -19.59299087524414 -65.35101318359375 -8.199999809265137
vertex -19.59299087524414 -32.351009368896484 -4.099999904632568
endloop
endfacet
facet normal 1 0 0
outer loop
vertex -19.59299087524414 -65.35101318359375 -0.5
vertex -19.59299087524414 -65.35101318359375 -8.199999809265137
vertex -19.59299087524414 -65.05101013183594 -4.099999904632568
endloop
endfacet
facet normal 0 0 1
outer loop
vertex -19.59299087524414 -32.351009368896484 -8.199999809265137
vertex 4.357008934020996 -34.451011657714844 -8.199999809265137
vertex 8.457009315490723 -34.451011657714844 -8.199999809265137
endloop
endfacet
facet normal 0 0 1
outer loop
vertex 4.357008934020996 -44.25101089477539 -8.199999809265137
vertex 4.357008934020996 -34.451011657714844 -8.199999809265137
vertex -19.59299087524414 -32.351009368896484 -8.199999809265137
endloop
endfacet
facet normal 0 0 1
outer loop
vertex -19.59299087524414 -65.35101318359375 -8.199999809265137
vertex 5.907009124755859 -65.35101318359375 -8.199999809265137
vertex 5.907009124755859 -56.351009368896484 -8.199999809265137
endloop
endfacet
facet normal 0 1 0
outer loop
vertex 6.157009124755859 -65.35101318359375 -8.199999809265137
vertex 5.907009124755859 -65.35101318359375 -8.199999809265137
vertex 6.157009124755859 -65.35101318359375 -6.699999809265137
endloop
endfacet
facet normal 0 1 0
outer loop
vertex 15.90700912475586 -65.35101318359375 -8.199999809265137
vertex 15.65700912475586 -65.35101318359375 -8.199999809265137
vertex 15.65700912475586 -65.35101318359375 -6.699999809265137
endloop
endfacet
facet normal 0 0 1
outer loop
vertex 15.90700912475586 -65.35101318359375 -8.199999809265137
vertex 18.40700912475586 -65.35101318359375 -8.199999809265137
vertex 18.40700912475586 -47.351009368896484 -8.199999809265137
endloop
endfacet
facet normal 0 1 0
outer loop
vertex 5.907009124755859 -65.35101318359375 -8.199999809265137
vertex -19.59299087524414 -65.35101318359375 -8.199999809265137
vertex 6.157009124755859 -65.35101318359375 -6.699999809265137
endloop
endfacet
facet normal 0 1 0
outer loop
vertex 6.157009124755859 -65.35101318359375 -6.699999809265137
vertex -19.59299087524414 -65.35101318359375 -8.199999809265137
vertex 6.233129501342773 -65.35101318359375 -6.31731653213501
endloop
endfacet
facet normal 0 1 0
outer loop
vertex 6.233129501342773 -65.35101318359375 -6.31731653213501
vertex -19.59299087524414 -65.35101318359375 -8.199999809265137
vertex 6.449902057647705 -65.35101318359375 -5.992893218994141
endloop
endfacet
facet normal 0 1 0
outer loop
vertex 6.449902057647705 -65.35101318359375 -5.992893218994141
vertex -19.59299087524414 -65.35101318359375 -8.199999809265137
vertex 6.774325370788574 -65.35101318359375 -5.776120662689209
endloop
endfacet
facet normal 0 1 0
outer loop
vertex 6.774325370788574 -65.35101318359375 -5.776120662689209
vertex -19.59299087524414 -65.35101318359375 -8.199999809265137
vertex 7.157009124755859 -65.35101318359375 -5.699999809265137
endloop
endfacet
facet normal 0 -1 0
outer loop
vertex 12.90700912475586 -32.351009368896484 -4.099999904632568
vertex -19.59299087524414 -32.351009368896484 -8.199999809265137
vertex 12.90700912475586 -32.351009368896484 -8.199999809265137
endloop
endfacet
facet normal 0 0 1
outer loop
vertex 12.90700912475586 -32.351009368896484 -8.199999809265137
vertex 8.457009315490723 -34.451011657714844 -8.199999809265137
vertex 8.457009315490723 -44.25101089477539 -8.199999809265137
endloop
endfacet
facet normal 0 0 1
outer loop
vertex 8.457009315490723 -34.451011657714844 -8.199999809265137
vertex 12.90700912475586 -32.351009368896484 -8.199999809265137
vertex -19.59299087524414 -32.351009368896484 -8.199999809265137
endloop
endfacet
facet normal 0 1 0
outer loop
vertex 7.157009124755859 -65.35101318359375 -5.699999809265137
vertex -19.59299087524414 -65.35101318359375 -8.199999809265137
vertex 18.40700912475586 -65.35101318359375 -0.5
endloop
endfacet
facet normal 0 1 0
outer loop
vertex 15.90700912475586 -65.35101318359375 -8.199999809265137
vertex 18.40700912475586 -65.35101318359375 -0.5
vertex 18.40700912475586 -65.35101318359375 -8.199999809265137
endloop
endfacet
facet normal 0 1 0
outer loop
vertex 18.40700912475586 -65.35101318359375 -0.5
vertex 15.90700912475586 -65.35101318359375 -8.199999809265137
vertex 15.65700912475586 -65.35101318359375 -6.699999809265137
endloop
endfacet
facet normal 0 1 0
outer loop
vertex 18.40700912475586 -65.35101318359375 -0.5
vertex 15.65700912475586 -65.35101318359375 -6.699999809265137
vertex 15.580888748168945 -65.35101318359375 -6.31731653213501
endloop
endfacet
facet normal 0 0 1
outer loop
vertex -19.59299087524414 -32.351009368896484 -8.199999809265137
vertex 5.907009124755859 -56.351009368896484 -8.199999809265137
vertex 15.90700912475586 -56.351009368896484 -8.199999809265137
endloop
endfacet
facet normal 0 0 1
outer loop
vertex 4.357008934020996 -44.25101089477539 -8.199999809265137
vertex -19.59299087524414 -32.351009368896484 -8.199999809265137
vertex 15.90700912475586 -56.351009368896484 -8.199999809265137
endloop
endfacet
facet normal 0 0 1
outer loop
vertex 8.457009315490723 -44.25101089477539 -8.199999809265137
vertex 4.357008934020996 -44.25101089477539 -8.199999809265137
vertex 12.90700912475586 -47.351009368896484 -8.199999809265137
endloop
endfacet
facet normal 0 0 1
outer loop
vertex 12.90700912475586 -47.351009368896484 -8.199999809265137
vertex 4.357008934020996 -44.25101089477539 -8.199999809265137
vertex 15.90700912475586 -56.351009368896484 -8.199999809265137
endloop
endfacet
facet normal 0 0 1
outer loop
vertex 15.90700912475586 -56.351009368896484 -8.199999809265137
vertex 15.90700912475586 -65.35101318359375 -8.199999809265137
vertex 18.40700912475586 -47.351009368896484 -8.199999809265137
endloop
endfacet
facet normal 0 0 1
outer loop
vertex 12.90700912475586 -47.351009368896484 -8.199999809265137
vertex 15.90700912475586 -56.351009368896484 -8.199999809265137
vertex 18.40700912475586 -47.351009368896484 -8.199999809265137
endloop
endfacet
facet normal 1 0 0
outer loop
vertex -19.59299087524414 -65.35101318359375 -0.5
vertex -19.59299087524414 -65.05101013183594 -4.099999904632568
vertex -19.59299087524414 -65.05101013183594 -0.5
endloop
endfacet
facet normal 0 0 1
outer loop
vertex 8.457009315490723 -44.25101089477539 -8.199999809265137
vertex 12.90700912475586 -47.351009368896484 -8.199999809265137
vertex 12.90700912475586 -32.351009368896484 -8.199999809265137
endloop
endfacet
facet normal 0 0 1
outer loop
vertex -19.59299087524414 -65.35101318359375 -8.199999809265137
vertex 5.907009124755859 -56.351009368896484 -8.199999809265137
vertex -19.59299087524414 -32.351009368896484 -8.199999809265137
endloop
endfacet
facet normal 0 1 0
outer loop
vertex 7.157009124755859 -65.35101318359375 -5.699999809265137
vertex 18.40700912475586 -65.35101318359375 -0.5
vertex 14.65700912475586 -65.35101318359375 -5.699999809265137
endloop
endfacet
facet normal 0 1 0
outer loop
vertex 18.40700912475586 -65.35101318359375 -0.5
vertex 15.580888748168945 -65.35101318359375 -6.31731653213501
vertex 15.364115715026855 -65.35101318359375 -5.992893218994141
endloop
endfacet
facet normal 0 1 0
outer loop
vertex 18.40700912475586 -65.35101318359375 -0.5
vertex 15.364115715026855 -65.35101318359375 -5.992893218994141
vertex 15.039692878723145 -65.35101318359375 -5.776120662689209
endloop
endfacet
facet normal 0 1 0
outer loop
vertex -19.59299087524414 -65.35101318359375 -0.5
vertex 18.40700912475586 -65.35101318359375 -0.5
vertex -19.59299087524414 -65.35101318359375 -8.199999809265137
endloop
endfacet
facet normal 1 0 0
outer loop
vertex -19.59299087524414 -65.35101318359375 -8.199999809265137
vertex -19.59299087524414 -32.351009368896484 -8.199999809265137
vertex -19.59299087524414 -32.351009368896484 -4.099999904632568
endloop
endfacet
facet normal 0 1 0
outer loop
vertex 14.65700912475586 -65.35101318359375 -5.699999809265137
vertex 18.40700912475586 -65.35101318359375 -0.5
vertex 15.039692878723145 -65.35101318359375 -5.776120662689209
endloop
endfacet
facet normal 0 -1 0
outer loop
vertex -19.59299087524414 -32.351009368896484 -4.099999904632568
vertex -19.59299087524414 -32.351009368896484 -8.199999809265137
vertex 12.90700912475586 -32.351009368896484 -4.099999904632568
endloop
endfacet
facet normal 0 1 0
outer loop
vertex 7.157009124755859 -65.35101318359375 -9.199999809265137
vertex 14.65700912475586 -65.35101318359375 -9.199999809265137
vertex 5.907009124755859 -65.35101318359375 -9.5
endloop
endfacet
facet normal 1 0 0
outer loop
vertex 5.907009124755859 -65.35101318359375 -9.5
vertex 5.907009124755859 -56.351009368896484 -9.5
vertex 5.907009124755859 -56.351009368896484 -8.199999809265137
endloop
endfacet
facet normal -1 0 0
outer loop
vertex 15.90700912475586 -56.351009368896484 -9.5
vertex 15.90700912475586 -65.35101318359375 -8.199999809265137
vertex 15.90700912475586 -56.351009368896484 -8.199999809265137
endloop
endfacet
facet normal 0 1 0
outer loop
vertex 15.90700912475586 -65.35101318359375 -8.199999809265137
vertex 15.90700912475586 -65.35101318359375 -9.5
vertex 15.65700912475586 -65.35101318359375 -8.199999809265137
endloop
endfacet
facet normal 0 -1 0
outer loop
vertex 15.90700912475586 -56.351009368896484 -8.199999809265137
vertex 5.907009124755859 -56.351009368896484 -9.5
vertex 15.90700912475586 -56.351009368896484 -9.5
endloop
endfacet
facet normal 0 1 0
outer loop
vertex 15.580888748168945 -65.35101318359375 -8.582683563232422
vertex 15.65700912475586 -65.35101318359375 -8.199999809265137
vertex 15.90700912475586 -65.35101318359375 -9.5
endloop
endfacet
facet normal -1 0 0
outer loop
vertex 15.90700912475586 -56.351009368896484 -9.5
vertex 15.90700912475586 -65.35101318359375 -9.5
vertex 15.90700912475586 -65.35101318359375 -8.199999809265137
endloop
endfacet
facet normal 0 1 0
outer loop
vertex 15.364115715026855 -65.35101318359375 -8.907106399536133
vertex 15.580888748168945 -65.35101318359375 -8.582683563232422
vertex 15.90700912475586 -65.35101318359375 -9.5
endloop
endfacet
facet normal 0 1 0
outer loop
vertex 15.90700912475586 -65.35101318359375 -9.5
vertex 15.039692878723145 -65.35101318359375 -9.123879432678223
vertex 15.364115715026855 -65.35101318359375 -8.907106399536133
endloop
endfacet
facet normal 0 0 1
outer loop
vertex 5.907009124755859 -56.351009368896484 -9.5
vertex 15.90700912475586 -65.35101318359375 -9.5
vertex 15.90700912475586 -56.351009368896484 -9.5
endloop
endfacet
facet normal 0 1 0
outer loop
vertex 15.90700912475586 -65.35101318359375 -9.5
vertex 14.65700912475586 -65.35101318359375 -9.199999809265137
vertex 15.039692878723145 -65.35101318359375 -9.123879432678223
endloop
endfacet
facet normal 0 1 0
outer loop
vertex 15.90700912475586 -65.35101318359375 -9.5
vertex 5.907009124755859 -65.35101318359375 -9.5
vertex 14.65700912475586 -65.35101318359375 -9.199999809265137
endloop
endfacet
facet normal 0 1 0
outer loop
vertex 6.774325370788574 -65.35101318359375 -9.123879432678223
vertex 7.157009124755859 -65.35101318359375 -9.199999809265137
vertex 5.907009124755859 -65.35101318359375 -9.5
endloop
endfacet
facet normal 0 0 1
outer loop
vertex 5.907009124755859 -65.35101318359375 -9.5
vertex 15.90700912475586 -65.35101318359375 -9.5
vertex 5.907009124755859 -56.351009368896484 -9.5
endloop
endfacet
facet normal 0 1 0
outer loop
vertex 6.449902057647705 -65.35101318359375 -8.907106399536133
vertex 6.774325370788574 -65.35101318359375 -9.123879432678223
vertex 5.907009124755859 -65.35101318359375 -9.5
endloop
endfacet
facet normal 0 1 0
outer loop
vertex 6.233129501342773 -65.35101318359375 -8.582683563232422
vertex 6.449902057647705 -65.35101318359375 -8.907106399536133
vertex 5.907009124755859 -65.35101318359375 -9.5
endloop
endfacet
facet normal 0 1 0
outer loop
vertex 6.233129501342773 -65.35101318359375 -8.582683563232422
vertex 5.907009124755859 -65.35101318359375 -9.5
vertex 5.907009124755859 -65.35101318359375 -8.199999809265137
endloop
endfacet
facet normal 0 1 0
outer loop
vertex 6.157009124755859 -65.35101318359375 -8.199999809265137
vertex 6.233129501342773 -65.35101318359375 -8.582683563232422
vertex 5.907009124755859 -65.35101318359375 -8.199999809265137
endloop
endfacet
facet normal 1 0 0
outer loop
vertex 5.907009124755859 -56.351009368896484 -8.199999809265137
vertex 5.907009124755859 -65.35101318359375 -8.199999809265137
vertex 5.907009124755859 -65.35101318359375 -9.5
endloop
endfacet
facet normal 0 -1 0
outer loop
vertex 5.907009124755859 -56.351009368896484 -8.199999809265137
vertex 5.907009124755859 -56.351009368896484 -9.5
vertex 15.90700912475586 -56.351009368896484 -8.199999809265137
endloop
endfacet
facet normal 0 0 1
outer loop
vertex 4.357008934020996 -44.25101089477539 -10
vertex 5.157009124755859 -42.601009368896484 -10
vertex 5.157009124755859 -36.101009368896484 -10
endloop
endfacet
facet normal 0 0 1
outer loop
vertex 4.357008934020996 -44.25101089477539 -10
vertex 5.157009124755859 -36.101009368896484 -10
vertex 4.357008934020996 -34.451011657714844 -10
endloop
endfacet
facet normal 1 0 0
outer loop
vertex 4.357008934020996 -34.451011657714844 -8.199999809265137
vertex 4.357008934020996 -44.25101089477539 -10
vertex 4.357008934020996 -34.451011657714844 -10
endloop
endfacet
facet normal 0 0 1
outer loop
vertex 4.357008934020996 -34.451011657714844 -10
vertex 5.157009124755859 -36.101009368896484 -10
vertex 8.457009315490723 -34.451011657714844 -10
endloop
endfacet
facet normal 0 0 1
outer loop
vertex 8.457009315490723 -34.451011657714844 -10
vertex 5.157009124755859 -36.101009368896484 -10
vertex 7.657009124755859 -36.101009368896484 -10
endloop
endfacet
facet normal 0 0 1
outer loop
vertex 7.657009124755859 -36.101009368896484 -10
vertex 7.657009124755859 -42.601009368896484 -10
vertex 8.457009315490723 -34.451011657714844 -10
endloop
endfacet
facet normal 0 -1 0
outer loop
vertex 4.357008934020996 -34.451011657714844 -10
vertex 8.457009315490723 -34.451011657714844 -10
vertex 8.457009315490723 -34.451011657714844 -8.199999809265137
endloop
endfacet
facet normal 0 -1 0
outer loop
vertex 8.457009315490723 -34.451011657714844 -8.199999809265137
vertex 4.357008934020996 -34.451011657714844 -8.199999809265137
vertex 4.357008934020996 -34.451011657714844 -10
endloop
endfacet
facet normal 0 1 0
outer loop
vertex 8.457009315490723 -44.25101089477539 -8.199999809265137
vertex 8.457009315490723 -44.25101089477539 -10
vertex 4.357008934020996 -44.25101089477539 -8.199999809265137
endloop
endfacet
facet normal -1 0 0
outer loop
vertex 8.457009315490723 -34.451011657714844 -10
vertex 8.457009315490723 -44.25101089477539 -8.199999809265137
vertex 8.457009315490723 -34.451011657714844 -8.199999809265137
endloop
endfacet
facet normal 1 0 0
outer loop
vertex 4.357008934020996 -34.451011657714844 -8.199999809265137
vertex 4.357008934020996 -44.25101089477539 -8.199999809265137
vertex 4.357008934020996 -44.25101089477539 -10
endloop
endfacet
facet normal -1 0 0
outer loop
vertex 8.457009315490723 -34.451011657714844 -10
vertex 8.457009315490723 -44.25101089477539 -10
vertex 8.457009315490723 -44.25101089477539 -8.199999809265137
endloop
endfacet
facet normal 0 0 1
outer loop
vertex 7.657009124755859 -42.601009368896484 -10
vertex 8.457009315490723 -44.25101089477539 -10
vertex 8.457009315490723 -34.451011657714844 -10
endloop
endfacet
facet normal 0 0 1
outer loop
vertex 7.657009124755859 -42.601009368896484 -10
vertex 5.157009124755859 -42.601009368896484 -10
vertex 4.357008934020996 -44.25101089477539 -10
endloop
endfacet
facet normal 0 1 0
outer loop
vertex 8.457009315490723 -44.25101089477539 -10
vertex 4.357008934020996 -44.25101089477539 -10
vertex 4.357008934020996 -44.25101089477539 -8.199999809265137
endloop
endfacet
facet normal 0 0 1
outer loop
vertex 4.357008934020996 -44.25101089477539 -10
vertex 8.457009315490723 -44.25101089477539 -10
vertex 7.657009124755859 -42.601009368896484 -10
endloop
endfacet
facet normal 0 -1 0
outer loop
vertex 5.157009124755859 -36.101009368896484 -10
vertex 7.657009124755859 -36.101009368896484 -11.699999809265137
vertex 7.657009124755859 -36.101009368896484 -10
endloop
endfacet
facet normal -1 0 0
outer loop
vertex 7.657009124755859 -36.101009368896484 -11.699999809265137
vertex 7.657009124755859 -42.601009368896484 -11.699999809265137
vertex 7.657009124755859 -36.101009368896484 -10
endloop
endfacet
facet normal 1 0 0
outer loop
vertex 5.157009124755859 -36.101009368896484 -10
vertex 5.157009124755859 -42.601009368896484 -10
vertex 5.157009124755859 -36.101009368896484 -11.699999809265137
endloop
endfacet
facet normal 1 0 0
outer loop
vertex 5.157009124755859 -42.601009368896484 -11.699999809265137
vertex 5.157009124755859 -36.101009368896484 -11.699999809265137
vertex 5.157009124755859 -42.601009368896484 -10
endloop
endfacet
facet normal 0 1 0
outer loop
vertex 7.657009124755859 -42.601009368896484 -11.699999809265137
vertex 5.157009124755859 -42.601009368896484 -11.699999809265137
vertex 7.657009124755859 -42.601009368896484 -10
endloop
endfacet
facet normal 0 1 0
outer loop
vertex 7.657009124755859 -42.601009368896484 -10
vertex 5.157009124755859 -42.601009368896484 -11.699999809265137
vertex 5.157009124755859 -42.601009368896484 -10
endloop
endfacet
facet normal -1 0 0
outer loop
vertex 7.657009124755859 -42.601009368896484 -11.699999809265137
vertex 7.657009124755859 -42.601009368896484 -10
vertex 7.657009124755859 -36.101009368896484 -10
endloop
endfacet
facet normal 0 -1 0
outer loop
vertex 5.157009124755859 -36.101009368896484 -11.699999809265137
vertex 7.657009124755859 -36.101009368896484 -11.699999809265137
vertex 5.157009124755859 -36.101009368896484 -10
endloop
endfacet
facet normal 0 0 -1
outer loop
vertex 5.157009124755859 -36.101009368896484 -11.699999809265137
vertex 10.40700912475586 -31.851009368896484 -11.699999809265137
vertex 7.657009124755859 -36.101009368896484 -11.699999809265137
endloop
endfacet
facet normal 0.8314715111157753 -0.5555673912342672 0
outer loop
vertex -9.054930686950684 -32.15966796875 -11.699999809265137
vertex -9.054930686950684 -32.15966796875 -13.451630592346191
vertex -8.946544647216797 -31.997455596923828 -11.699999809265137
endloop
endfacet
facet normal 0 0 -1
outer loop
vertex 10.868948936462402 -46.54235076904297 -11.699999809265137
vertex 10.7605619430542 -46.70456314086914 -11.699999809265137
vertex 10.868948936462402 -32.15966796875 -11.699999809265137
endloop
endfacet
facet normal 0 0 -1
outer loop
vertex 10.7605619430542 -46.70456314086914 -11.699999809265137
vertex 10.598350524902344 -46.812950134277344 -11.699999809265137
vertex 10.7605619430542 -31.997455596923828 -11.699999809265137
endloop
endfacet
facet normal 0 0 -1
outer loop
vertex 10.598350524902344 -46.812950134277344 -11.699999809265137
vertex 7.657009124755859 -42.601009368896484 -11.699999809265137
vertex 10.40700912475586 -31.851009368896484 -11.699999809265137
endloop
endfacet
facet normal 0 0 -1
outer loop
vertex 10.598350524902344 -46.812950134277344 -11.699999809265137
vertex 5.157009124755859 -42.601009368896484 -11.699999809265137
vertex 7.657009124755859 -42.601009368896484 -11.699999809265137
endloop
endfacet
facet normal 0 0 -1
outer loop
vertex 5.157009124755859 -42.601009368896484 -11.699999809265137
vertex -8.59299087524414 -46.851009368896484 -11.699999809265137
vertex 5.157009124755859 -36.101009368896484 -11.699999809265137
endloop
endfacet
facet normal 0 0 -1
outer loop
vertex 10.598350524902344 -46.812950134277344 -11.699999809265137
vertex -8.59299087524414 -46.851009368896484 -11.699999809265137
vertex 5.157009124755859 -42.601009368896484 -11.699999809265137
endloop
endfacet
facet normal 0.9807852633251953 -0.19509040787318935 0
outer loop
vertex -9.09299087524414 -32.351009368896484 -11.699999809265137
vertex -9.09299087524414 -32.351009368896484 -13.464339256286621
vertex -9.054930686950684 -32.15966796875 -11.699999809265137
endloop
endfacet
facet normal 0.5555640116755071 -0.8314737692381025 0
outer loop
vertex -8.946544647216797 -31.997455596923828 -11.699999809265137
vertex -8.946544647216797 -31.997455596923828 -13.440855979919434
vertex -8.784332275390625 -31.889070510864258 -11.699999809265137
endloop
endfacet
facet normal 0.19509511019462947 -0.9807843279631591 0
outer loop
vertex -8.784332275390625 -31.889070510864258 -11.699999809265137
vertex -8.784332275390625 -31.889070510864258 -13.4336576461792
vertex -8.59299087524414 -31.851009368896484 -11.699999809265137
endloop
endfacet
facet normal 0 -1 0
outer loop
vertex -8.59299087524414 -31.851009368896484 -11.699999809265137
vertex -8.59299087524414 -31.851009368896484 -13.431129455566406
vertex 10.40700912475586 -31.851009368896484 -11.699999809265137
endloop
endfacet
facet normal 0 0 -1
outer loop
vertex -8.946544647216797 -31.997455596923828 -11.699999809265137
vertex -9.054930686950684 -46.54235076904297 -11.699999809265137
vertex -9.054930686950684 -32.15966796875 -11.699999809265137
endloop
endfacet
facet normal 0 0 -1
outer loop
vertex -9.054930686950684 -32.15966796875 -11.699999809265137
vertex -9.09299087524414 -46.351009368896484 -11.699999809265137
vertex -9.09299087524414 -32.351009368896484 -11.699999809265137
endloop
endfacet
facet normal 0 0 -1
outer loop
vertex -8.784332275390625 -31.889070510864258 -11.699999809265137
vertex -8.946544647216797 -46.70456314086914 -11.699999809265137
vertex -8.946544647216797 -31.997455596923828 -11.699999809265137
endloop
endfacet
facet normal 0 0 -1
outer loop
vertex -8.59299087524414 -31.851009368896484 -11.699999809265137
vertex -8.784332275390625 -46.812950134277344 -11.699999809265137
vertex -8.784332275390625 -31.889070510864258 -11.699999809265137
endloop
endfacet
facet normal 0 0 -1
outer loop
vertex -8.59299087524414 -31.851009368896484 -11.699999809265137
vertex 10.40700912475586 -31.851009368896484 -11.699999809265137
vertex -8.59299087524414 -46.851009368896484 -11.699999809265137
endloop
endfacet
facet normal 0.555564011675507 -0.8314737692381023 0
outer loop
vertex -8.946544647216797 -31.997455596923828 -13.440855979919434
vertex -8.784332275390625 -31.889070510864258 -13.4336576461792
vertex -8.784332275390625 -31.889070510864258 -11.699999809265137
endloop
endfacet
facet normal 0.8314715111157752 -0.5555673912342671 0
outer loop
vertex -9.054930686950684 -32.15966796875 -13.451630592346191
vertex -8.946544647216797 -31.997455596923828 -13.440855979919434
vertex -8.946544647216797 -31.997455596923828 -11.699999809265137
endloop
endfacet
facet normal 0.9807852633251953 -0.19509040787318938 0
outer loop
vertex -9.09299087524414 -32.351009368896484 -13.464339256286621
vertex -9.054930686950684 -32.15966796875 -13.451630592346191
vertex -9.054930686950684 -32.15966796875 -11.699999809265137
endloop
endfacet
facet normal 1 0 0
outer loop
vertex -9.09299087524414 -32.351009368896484 -11.699999809265137
vertex -9.09299087524414 -46.351009368896484 -14.394218444824219
vertex -9.09299087524414 -32.351009368896484 -13.464339256286621
endloop
endfacet
facet normal 0 0 -1
outer loop
vertex -8.59299087524414 -46.851009368896484 -11.699999809265137
vertex -8.784332275390625 -46.812950134277344 -11.699999809265137
vertex -8.59299087524414 -31.851009368896484 -11.699999809265137
endloop
endfacet
facet normal 0 0 -1
outer loop
vertex -8.784332275390625 -46.812950134277344 -11.699999809265137
vertex -8.946544647216797 -46.70456314086914 -11.699999809265137
vertex -8.784332275390625 -31.889070510864258 -11.699999809265137
endloop
endfacet
facet normal 0 0 -1
outer loop
vertex -9.054930686950684 -46.54235076904297 -11.699999809265137
vertex -9.09299087524414 -46.351009368896484 -11.699999809265137
vertex -9.054930686950684 -32.15966796875 -11.699999809265137
endloop
endfacet
facet normal 0 0 -1
outer loop
vertex -8.946544647216797 -46.70456314086914 -11.699999809265137
vertex -9.054930686950684 -46.54235076904297 -11.699999809265137
vertex -8.946544647216797 -31.997455596923828 -11.699999809265137
endloop
endfacet
facet normal 0 -1 0
outer loop
vertex 10.40700912475586 -31.851009368896484 -11.699999809265137
vertex -8.59299087524414 -31.851009368896484 -13.431129455566406
vertex 10.40700912475586 -31.851009368896484 -13.431129455566406
endloop
endfacet
facet normal 1 0 0
outer loop
vertex -9.09299087524414 -46.351009368896484 -11.699999809265137
vertex -9.09299087524414 -46.351009368896484 -14.394218444824219
vertex -9.09299087524414 -32.351009368896484 -11.699999809265137
endloop
endfacet
facet normal -1 0 0
outer loop
vertex 10.90700912475586 -32.351009368896484 -13.464339256286621
vertex 10.90700912475586 -46.351009368896484 -11.699999809265137
vertex 10.90700912475586 -32.351009368896484 -11.699999809265137
endloop
endfacet
facet normal -0.9807852633251953 -0.19509040787318935 0
outer loop
vertex 10.868948936462402 -32.15966796875 -13.451630592346191
vertex 10.90700912475586 -32.351009368896484 -13.464339256286621
vertex 10.90700912475586 -32.351009368896484 -11.699999809265137
endloop
endfacet
facet normal -0.19509511019462947 -0.9807843279631591 0
outer loop
vertex 10.40700912475586 -31.851009368896484 -13.431129455566406
vertex 10.598350524902344 -31.889070510864258 -13.4336576461792
vertex 10.598350524902344 -31.889070510864258 -11.699999809265137
endloop
endfacet
facet normal -0.5555662698042281 -0.8314722604247334 0
outer loop
vertex 10.598350524902344 -31.889070510864258 -13.4336576461792
vertex 10.7605619430542 -31.997455596923828 -13.440855979919434
vertex 10.7605619430542 -31.997455596923828 -11.699999809265137
endloop
endfacet
facet normal -0.831469252991977 -0.5555707707654927 0
outer loop
vertex 10.7605619430542 -31.997455596923828 -13.440855979919434
vertex 10.868948936462402 -32.15966796875 -13.451630592346191
vertex 10.868948936462402 -32.15966796875 -11.699999809265137
endloop
endfacet
facet normal -0.9807852633251953 -0.19509040787318938 0
outer loop
vertex 10.868948936462402 -32.15966796875 -11.699999809265137
vertex 10.868948936462402 -32.15966796875 -13.451630592346191
vertex 10.90700912475586 -32.351009368896484 -11.699999809265137
endloop
endfacet
facet normal -0.19509511019462944 -0.980784327963159 0
outer loop
vertex 10.40700912475586 -31.851009368896484 -11.699999809265137
vertex 10.40700912475586 -31.851009368896484 -13.431129455566406
vertex 10.598350524902344 -31.889070510864258 -11.699999809265137
endloop
endfacet
facet normal -0.5555662698042281 -0.8314722604247334 0
outer loop
vertex 10.598350524902344 -31.889070510864258 -11.699999809265137
vertex 10.598350524902344 -31.889070510864258 -13.4336576461792
vertex 10.7605619430542 -31.997455596923828 -11.699999809265137
endloop
endfacet
facet normal -0.8314692529919772 -0.5555707707654927 0
outer loop
vertex 10.7605619430542 -31.997455596923828 -11.699999809265137
vertex 10.7605619430542 -31.997455596923828 -13.440855979919434
vertex 10.868948936462402 -32.15966796875 -11.699999809265137
endloop
endfacet
facet normal 0.19508570553829577 0.9807861986664705 0
outer loop
vertex -8.59299087524414 -46.851009368896484 -11.699999809265137
vertex -8.59299087524414 -46.851009368896484 -14.427428245544434
vertex -8.784332275390625 -46.812950134277344 -11.699999809265137
endloop
endfacet
facet normal 0.5555707707654927 0.8314692529919772 0
outer loop
vertex -8.784332275390625 -46.812950134277344 -11.699999809265137
vertex -8.784332275390625 -46.812950134277344 -14.42490005493164
vertex -8.946544647216797 -46.70456314086914 -11.699999809265137
endloop
endfacet
facet normal 0.9807852633251953 0.19509040787318935 0
outer loop
vertex -9.054930686950684 -46.54235076904297 -11.699999809265137
vertex -9.054930686950684 -46.54235076904297 -14.406927108764648
vertex -9.09299087524414 -46.351009368896484 -11.699999809265137
endloop
endfacet
facet normal 0 0 -1
outer loop
vertex 5.157009124755859 -36.101009368896484 -11.699999809265137
vertex -8.59299087524414 -46.851009368896484 -11.699999809265137
vertex 10.40700912475586 -31.851009368896484 -11.699999809265137
endloop
endfacet
facet normal 0.19509511019462944 -0.980784327963159 0
outer loop
vertex -8.784332275390625 -31.889070510864258 -13.4336576461792
vertex -8.59299087524414 -31.851009368896484 -13.431129455566406
vertex -8.59299087524414 -31.851009368896484 -11.699999809265137
endloop
endfacet
facet normal 0.8314715111157751 0.5555673912342671 0
outer loop
vertex -8.946544647216797 -46.70456314086914 -11.699999809265137
vertex -8.946544647216797 -46.70456314086914 -14.417701721191406
vertex -9.054930686950684 -46.54235076904297 -11.699999809265137
endloop
endfacet
facet normal 0 0 -1
outer loop
vertex 10.40700912475586 -31.851009368896484 -11.699999809265137
vertex 7.657009124755859 -42.601009368896484 -11.699999809265137
vertex 7.657009124755859 -36.101009368896484 -11.699999809265137
endloop
endfacet
facet normal 0 1 0
outer loop
vertex -8.59299087524414 -46.851009368896484 -14.427428245544434
vertex -8.59299087524414 -46.851009368896484 -11.699999809265137
vertex 10.40700912475586 -46.851009368896484 -14.427428245544434
endloop
endfacet
facet normal 0.5555707707654927 0.831469252991977 0
outer loop
vertex -8.784332275390625 -46.812950134277344 -14.42490005493164
vertex -8.946544647216797 -46.70456314086914 -14.417701721191406
vertex -8.946544647216797 -46.70456314086914 -11.699999809265137
endloop
endfacet
facet normal -0.001982953019033648 0.9999026188925813 -0.013813784024719012
outer loop
vertex 10.40700912475586 -46.851009368896484 -14.427428245544434
vertex -8.59299087524414 -46.851009368896484 -11.699999809265137
vertex 10.598350524902344 -46.812950134277344 -11.699999809265137
endloop
endfacet
facet normal 0.19508570553829577 0.9807861986664707 0
outer loop
vertex -8.59299087524414 -46.851009368896484 -14.427428245544434
vertex -8.784332275390625 -46.812950134277344 -14.42490005493164
vertex -8.784332275390625 -46.812950134277344 -11.699999809265137
endloop
endfacet
facet normal -0.19508570553829577 0.9807861986664707 0
outer loop
vertex 10.598350524902344 -46.812950134277344 -14.42490005493164
vertex 10.40700912475586 -46.851009368896484 -14.427428245544434
vertex 10.598350524902344 -46.812950134277344 -11.699999809265137
endloop
endfacet
facet normal 0 0 -1
outer loop
vertex 10.598350524902344 -31.889070510864258 -11.699999809265137
vertex 10.598350524902344 -46.812950134277344 -11.699999809265137
vertex 10.40700912475586 -31.851009368896484 -11.699999809265137
endloop
endfacet
facet normal 0 0 -1
outer loop
vertex 10.7605619430542 -31.997455596923828 -11.699999809265137
vertex 10.598350524902344 -46.812950134277344 -11.699999809265137
vertex 10.598350524902344 -31.889070510864258 -11.699999809265137
endloop
endfacet
facet normal 0.9807852633251953 0.19509040787318938 0
outer loop
vertex -9.054930686950684 -46.54235076904297 -14.406927108764648
vertex -9.09299087524414 -46.351009368896484 -14.394218444824219
vertex -9.09299087524414 -46.351009368896484 -11.699999809265137
endloop
endfacet
facet normal 0.8314715111157752 0.5555673912342671 0
outer loop
vertex -8.946544647216797 -46.70456314086914 -14.417701721191406
vertex -9.054930686950684 -46.54235076904297 -14.406927108764648
vertex -9.054930686950684 -46.54235076904297 -11.699999809265137
endloop
endfacet
facet normal 0 0 -1
outer loop
vertex 10.868948936462402 -32.15966796875 -11.699999809265137
vertex 10.7605619430542 -46.70456314086914 -11.699999809265137
vertex 10.7605619430542 -31.997455596923828 -11.699999809265137
endloop
endfacet
facet normal 0 0 -1
outer loop
vertex 10.90700912475586 -32.351009368896484 -11.699999809265137
vertex 10.868948936462402 -46.54235076904297 -11.699999809265137
vertex 10.868948936462402 -32.15966796875 -11.699999809265137
endloop
endfacet
facet normal -0.5555730288971557 0.8314677441500906 0
outer loop
vertex 10.7605619430542 -46.70456314086914 -14.417701721191406
vertex 10.598350524902344 -46.812950134277344 -14.42490005493164
vertex 10.598350524902344 -46.812950134277344 -11.699999809265137
endloop
endfacet
facet normal -0.831469252991977 0.5555707707654927 0
outer loop
vertex 10.868948936462402 -46.54235076904297 -14.406927108764648
vertex 10.7605619430542 -46.70456314086914 -14.417701721191406
vertex 10.7605619430542 -46.70456314086914 -11.699999809265137
endloop
endfacet
facet normal -0.9807852633251953 0.19509040787318935 0
outer loop
vertex 10.90700912475586 -46.351009368896484 -14.394218444824219
vertex 10.868948936462402 -46.54235076904297 -14.406927108764648
vertex 10.868948936462402 -46.54235076904297 -11.699999809265137
endloop
endfacet
facet normal -1 0 0
outer loop
vertex 10.90700912475586 -46.351009368896484 -11.699999809265137
vertex 10.90700912475586 -32.351009368896484 -13.464339256286621
vertex 10.90700912475586 -46.351009368896484 -14.394218444824219
endloop
endfacet
facet normal -0.5555730288971555 0.8314677441500905 0
outer loop
vertex 10.7605619430542 -46.70456314086914 -11.699999809265137
vertex 10.7605619430542 -46.70456314086914 -14.417701721191406
vertex 10.598350524902344 -46.812950134277344 -11.699999809265137
endloop
endfacet
facet normal -0.8314692529919772 0.5555707707654927 0
outer loop
vertex 10.868948936462402 -46.54235076904297 -11.699999809265137
vertex 10.868948936462402 -46.54235076904297 -14.406927108764648
vertex 10.7605619430542 -46.70456314086914 -11.699999809265137
endloop
endfacet
facet normal -0.9807852633251953 0.19509040787318938 0
outer loop
vertex 10.90700912475586 -46.351009368896484 -11.699999809265137
vertex 10.90700912475586 -46.351009368896484 -14.394218444824219
vertex 10.868948936462402 -46.54235076904297 -11.699999809265137
endloop
endfacet
facet normal 0 0 -1
outer loop
vertex 10.90700912475586 -46.351009368896484 -11.699999809265137
vertex 10.868948936462402 -46.54235076904297 -11.699999809265137
vertex 10.90700912475586 -32.351009368896484 -11.699999809265137
endloop
endfacet
facet normal 0.12449359761692941 -0.6960613385494735 0.7071067508722494
outer loop
vertex 1.5036612749099731 -72.75736236572266 -1
vertex 2.114125967025757 -72.64817810058594 -1
vertex 1.4406161308288574 -72.26070404052734 -0.5
endloop
endfacet
facet normal 0.12448864789257458 -0.6960656235895238 0.7071034041799021
outer loop
vertex 2.114125967025757 -72.64817810058594 -1
vertex 1.99927818775177 -72.1607894897461 -0.5
vertex 1.4406161308288574 -72.26070404052734 -0.5
endloop
endfacet
facet normal 0.19938566302276814 -0.678417167124932 0.7071036025443183
outer loop
vertex 1.99927818775177 -72.1607894897461 -0.5
vertex 2.114125967025757 -72.64817810058594 -1
vertex 2.709113121032715 -72.47331237792969 -1
endloop
endfacet
facet normal 0.19938444945417264 -0.6784184704321793 0.7071026943042424
outer loop
vertex 2.709113121032715 -72.47331237792969 -1
vertex 2.541987657546997 -72.00128936767578 -0.5
vertex 1.99927818775177 -72.1607894897461 -0.5
endloop
endfacet
facet normal 0.27192232480505624 -0.6527332107632579 0.7071050875501478
outer loop
vertex 3.2815775871276855 -72.23483276367188 -1
vertex 3.0641536712646484 -71.78376007080078 -0.5
vertex 2.541987657546997 -72.00128936767578 -0.5
endloop
endfacet
facet normal 0.2719197421633385 -0.6527366731226509 0.707102884580877
outer loop
vertex 2.541987657546997 -72.00128936767578 -0.5
vertex 2.709113121032715 -72.47331237792969 -1
vertex 3.2815775871276855 -72.23483276367188 -1
endloop
endfacet
facet normal 0.34122658196191435 -0.6193276055127148 0.7071051808694914
outer loop
vertex 3.0641536712646484 -71.78376007080078 -0.5
vertex 3.2815775871276855 -72.23483276367188 -1
vertex 3.8247411251068115 -71.9355697631836 -1
endloop
endfacet
facet normal 0.3412287771001116 -0.6193238763275117 0.707107387805719
outer loop
vertex 3.8247411251068115 -71.9355697631836 -1
vertex 3.5595929622650146 -71.51078796386719 -0.5
vertex 3.0641536712646484 -71.78376007080078 -0.5
endloop
endfacet
facet normal 0.4065015275541303 -0.5785822347748404 0.7071061488200411
outer loop
vertex 4.33217191696167 -71.57905578613281 -1
vertex 4.022439479827881 -71.18560028076172 -0.5
vertex 3.5595929622650146 -71.51078796386719 -0.5
endloop
endfacet
facet normal 0.4065024986842971 -0.5785800784157487 0.707107354949621
outer loop
vertex 3.5595929622650146 -71.51078796386719 -0.5
vertex 3.8247411251068115 -71.9355697631836 -1
vertex 4.33217191696167 -71.57905578613281 -1
endloop
endfacet
facet normal 0.46696092474446793 -0.5309903209792546 0.7071044999065835
outer loop
vertex 4.022439479827881 -71.18560028076172 -0.5
vertex 4.507812976837158 -71.42459106445312 -1
vertex 4.7978620529174805 -71.16951751708984 -1
endloop
endfacet
facet normal 0.4669655493263102 -0.530984182777305 0.7071060552581168
outer loop
vertex 4.022439479827881 -71.18560028076172 -0.5
vertex 4.33217191696167 -71.57905578613281 -1
vertex 4.507812976837158 -71.42459106445312 -1
endloop
endfacet
facet normal 0.4669631069035667 -0.5309836077115462 0.7071081000332261
outer loop
vertex 4.7978620529174805 -71.16951751708984 -1
vertex 4.447212219238281 -70.81204223632812 -0.5
vertex 4.022439479827881 -71.18560028076172 -0.5
endloop
endfacet
facet normal 0.5218884467101151 -0.4771057369667159 0.7071085948734822
outer loop
vertex 4.828881740570068 -70.39454650878906 -0.5
vertex 4.7978620529174805 -71.16951751708984 -1
vertex 5.216296672821045 -70.71180725097656 -1
endloop
endfacet
facet normal 0.5218898096881956 -0.47710532279158274 0.7071078683677324
outer loop
vertex 4.7978620529174805 -71.16951751708984 -1
vertex 4.828881740570068 -70.39454650878906 -0.5
vertex 4.447212219238281 -70.81204223632812 -0.5
endloop
endfacet
facet normal 0.5706386757984118 -0.4175753574237183 0.7071084234793763
outer loop
vertex 4.828881740570068 -70.39454650878906 -0.5
vertex 5.216296672821045 -70.71180725097656 -1
vertex 5.582521438598633 -70.21134185791016 -1
endloop
endfacet
facet normal 0.5706384095596034 -0.4175781064749186 0.7071070149051754
outer loop
vertex 5.582521438598633 -70.21134185791016 -1
vertex 5.163509368896484 -69.93726348876953 -0.5
vertex 4.828881740570068 -70.39454650878906 -0.5
endloop
endfacet
facet normal 0.6112448194891485 -0.35549886570231876 0.7071070125037957
outer loop
vertex 5.163509368896484 -69.93726348876953 -0.5
vertex 5.582521438598633 -70.21134185791016 -1
vertex 6.064348220825195 -69.38288879394531 -1
endloop
endfacet
facet normal 0.6112767559153106 -0.355639406513899 0.7070087271116924
outer loop
vertex 6.064348220825195 -69.38288879394531 -1
vertex 5.632251739501953 -69.13158416748047 -0.5
vertex 5.163509368896484 -69.93726348876953 -0.5
endloop
endfacet
facet normal 0.5803416633869133 -0.40633856438302646 0.7057567037106001
outer loop
vertex 5.632251739501953 -69.13158416748047 -0.5
vertex 6.064348220825195 -69.38288879394531 -1
vertex 5.6724066734313965 -69.07423400878906 -0.5
endloop
endfacet
facet normal 0.5561484042551134 -0.4379674499500863 0.7063168306282314
outer loop
vertex 6.064348220825195 -69.38288879394531 -1
vertex 6.35161018371582 -69.01811218261719 -1
vertex 5.6724066734313965 -69.07423400878906 -0.5
endloop
endfacet
facet normal 0.5561484042551134 -0.4379674499500863 0.7063168306282314
outer loop
vertex 5.6724066734313965 -69.07423400878906 -0.5
vertex 6.35161018371582 -69.01811218261719 -1
vertex 5.9596686363220215 -68.70945739746094 -0.5
endloop
endfacet
facet normal 0.5186647051483358 -0.48357124413807967 0.7050856511631333
outer loop
vertex 5.9596686363220215 -68.70945739746094 -0.5
vertex 6.35161018371582 -69.01811218261719 -1
vertex 6.012299060821533 -68.65300750732422 -0.5
endloop
endfacet
facet normal 0.4831135176765661 -0.5163407162042052 0.7071022513243065
outer loop
vertex 6.691718578338623 -68.70203399658203 -1
vertex 6.351339340209961 -68.33578491210938 -0.5
vertex 6.012299060821533 -68.65300750732422 -0.5
endloop
endfacet
facet normal 0.48212268432351996 -0.5187766173723561 0.7059947156518805
outer loop
vertex 6.012299060821533 -68.65300750732422 -0.5
vertex 6.35161018371582 -69.01811218261719 -1
vertex 6.691718578338623 -68.70203399658203 -1
endloop
endfacet
facet normal 0.42776209512924357 -0.5653139282269214 0.7052940893863262
outer loop
vertex 6.351339340209961 -68.33578491210938 -0.5
vertex 6.691718578338623 -68.70203399658203 -1
vertex 6.412954807281494 -68.2891616821289 -0.5
endloop
endfacet
facet normal 0.39640170187674384 -0.5871112369560669 0.7058088170242266
outer loop
vertex 6.412954807281494 -68.2891616821289 -0.5
vertex 6.691718578338623 -68.70203399658203 -1
vertex 7.076525688171387 -68.44222259521484 -1
endloop
endfacet
facet normal 0.397986436745766 -0.5844739541085207 0.707104655008832
outer loop
vertex 7.076525688171387 -68.44222259521484 -1
vertex 6.7967376708984375 -68.02783203125 -0.5
vertex 6.412954807281494 -68.2891616821289 -0.5
endloop
endfacet
facet normal 0.33483956725616876 -0.6248883043586501 0.7052638309707034
outer loop
vertex 6.7967376708984375 -68.02783203125 -0.5
vertex 7.076525688171387 -68.44222259521484 -1
vertex 6.86483907699585 -67.99134063720703 -0.5
endloop
endfacet
facet normal 0.30312907613383105 -0.6388408389075599 0.707103348702391
outer loop
vertex 7.496814727783203 -68.2448959350586 -1
vertex 7.28432035446167 -67.79229736328125 -0.5
vertex 6.86483907699585 -67.99134063720703 -0.5
endloop
endfacet
facet normal 0.30108565245087626 -0.6412868874853243 0.7057609778300407
outer loop
vertex 6.86483907699585 -67.99134063720703 -0.5
vertex 7.076525688171387 -68.44222259521484 -1
vertex 7.496814727783203 -68.2448959350586 -1
endloop
endfacet
facet normal 0.2354006669409986 -0.6686659890337866 0.7053171776677505
outer loop
vertex 7.28432035446167 -67.79229736328125 -0.5
vertex 7.496814727783203 -68.2448959350586 -1
vertex 7.357202053070068 -67.76663970947266 -0.5
endloop
endfacet
facet normal 0.19850438750904642 -0.6799865044278222 0.7058430150789123
outer loop
vertex 7.357202053070068 -67.76663970947266 -0.5
vertex 7.496814727783203 -68.2448959350586 -1
vertex 7.942518711090088 -68.11478424072266 -1
endloop
endfacet
facet normal 0.19850455667804884 -0.6799863564391994 0.7058431100709232
outer loop
vertex 7.942518711090088 -68.11478424072266 -1
vertex 7.802905559539795 -67.63652801513672 -0.5
vertex 7.357202053070068 -67.76663970947266 -0.5
endloop
endfacet
facet normal 0.18336260444742344 -0.6843151244121126 0.7057555991921655
outer loop
vertex 7.802905559539795 -67.63652801513672 -0.5
vertex 7.942518711090088 -68.11478424072266 -1
vertex 7.855694770812988 -67.62238311767578 -0.5
endloop
endfacet
facet normal 0.09108251008988492 -0.7015859935024282 0.7067397470617715
outer loop
vertex 7.855694770812988 -67.62238311767578 -0.5
vertex 7.942518711090088 -68.11478424072266 -1
vertex 8.402960777282715 -68.05500793457031 -1
endloop
endfacet
facet normal 0.08980223807088353 -0.7024279476925259 0.706066948906353
outer loop
vertex 8.402960777282715 -68.05500793457031 -1
vertex 8.338777542114258 -67.56062316894531 -0.5
vertex 7.855694770812988 -67.62238311767578 -0.5
endloop
endfacet
facet normal 0.06177228318423384 -0.7057546301098157 0.705758164748212
outer loop
vertex 8.338777542114258 -67.56062316894531 -0.5
vertex 8.402960777282715 -68.05500793457031 -1
vertex 8.402932167053223 -67.55500793457031 -0.5
endloop
endfacet
facet normal 0.000039691331679205826 -0.7071067794939807 0.707106781765137
outer loop
vertex 8.402932167053223 -67.55500793457031 -0.5
vertex 8.402960777282715 -68.05500793457031 -1
vertex 13.83971118927002 -68.05470275878906 -1
endloop
endfacet
facet normal 0.00004012197917278367 -0.7071044374279454 0.7071091237991034
outer loop
vertex 13.83971118927002 -68.05470275878906 -1
vertex 65.2792739868164 -67.5517807006836 -0.5
vertex 8.402932167053223 -67.55500793457031 -0.5
endloop
endfacet
facet normal 0.00004016766448547212 -0.7071067806161099 0.7071067806161099
outer loop
vertex 13.83971118927002 -68.05470275878906 -1
vertex 65.2792739868164 -68.0517807006836 -1
vertex 65.2792739868164 -67.5517807006836 -0.5
endloop
endfacet
facet normal 0.000039561817149711784 -0.7071063405609577 0.7071072207051442
outer loop
vertex 78.76815032958984 -67.55101013183594 -0.5
vertex 74.2792739868164 -68.05126190185547 -1
vertex 78.7792739868164 -68.05101013183594 -1
endloop
endfacet
facet normal 0.00003965987796848316 -0.7071067806304413 0.7071067806304413
outer loop
vertex 78.76815032958984 -67.55101013183594 -0.5
vertex 74.2792739868164 -67.55126190185547 -0.5
vertex 74.2792739868164 -68.05126190185547 -1
endloop
endfacet
facet normal 0.03140933953809314 -0.7064110030400662 0.7071046232161887
outer loop
vertex 79.14398956298828 -68.0347900390625 -1
vertex 79.09245300292969 -67.53659057617188 -0.5
vertex 78.76815032958984 -67.55101013183594 -0.5
endloop
endfacet
facet normal 0.03141627938555515 -0.7064081936721912 0.7071071215186289
outer loop
vertex 78.76815032958984 -67.55101013183594 -0.5
vertex 78.7792739868164 -68.05101013183594 -1
vertex 79.14398956298828 -68.0347900390625 -1
endloop
endfacet
facet normal 0.11384861216545726 -0.6978831224991844 0.7071051130056887
outer loop
vertex 79.65614318847656 -67.95124053955078 -1
vertex 79.53665161132812 -67.46412658691406 -0.5
vertex 79.09245300292969 -67.53659057617188 -0.5
endloop
endfacet
facet normal 0.11384827287968771 -0.6978833631760164 0.7071049300948511
outer loop
vertex 79.09245300292969 -67.53659057617188 -0.5
vertex 79.14398956298828 -68.0347900390625 -1
vertex 79.65614318847656 -67.95124053955078 -1
endloop
endfacet
facet normal 0.22204103359293187 -0.6713433524876146 0.7071038696483516
outer loop
vertex 79.53665161132812 -67.46412658691406 -0.5
vertex 80.14228820800781 -67.79045104980469 -1
vertex 80.0762939453125 -67.28564453125 -0.5
endloop
endfacet
facet normal 0.22201304608597533 -0.6713497239412767 0.7071066083212616
outer loop
vertex 80.27635192871094 -67.7461166381836 -1
vertex 80.0762939453125 -67.28564453125 -0.5
vertex 80.14228820800781 -67.79045104980469 -1
endloop
endfacet
facet normal 0.22204230462312155 -0.6713421423765269 0.7071046194354468
outer loop
vertex 79.53665161132812 -67.46412658691406 -0.5
vertex 79.65614318847656 -67.95124053955078 -1
vertex 80.14228820800781 -67.79045104980469 -1
endloop
endfacet
facet normal 0.3391834662145511 -0.6204454818096488 0.7071081815031386
outer loop
vertex 80.87179565429688 -67.42060089111328 -1
vertex 80.59246826171875 -67.00346374511719 -0.5
vertex 80.0762939453125 -67.28564453125 -0.5
endloop
endfacet
facet normal 0.3391835573010317 -0.6204453174217486 0.7071082820516554
outer loop
vertex 80.27635192871094 -67.7461166381836 -1
vertex 80.87179565429688 -67.42060089111328 -1
vertex 80.0762939453125 -67.28564453125 -0.5
endloop
endfacet
facet normal 0.4445143165093661 -0.5499192325812927 0.7071038537975969
outer loop
vertex 81.37194061279297 -67.01631164550781 -1
vertex 81.02366638183594 -66.65491485595703 -0.5
vertex 80.59246826171875 -67.00346374511719 -0.5
endloop
endfacet
facet normal 0.444517337942134 -0.5499110054310467 0.7071083526409895
outer loop
vertex 80.59246826171875 -67.00346374511719 -0.5
vertex 80.87179565429688 -67.42060089111328 -1
vertex 81.37194061279297 -67.01631164550781 -1
endloop
endfacet
facet normal 0.5331023299791383 -0.46454856803284966 0.707104330144741
outer loop
vertex 81.02366638183594 -66.65491485595703 -0.5
vertex 81.37194061279297 -67.01631164550781 -1
vertex 81.80110168457031 -66.52381896972656 -1
endloop
endfacet
facet normal 0.5331035474136868 -0.4645414480108469 0.7071080899091233
outer loop
vertex 81.80110168457031 -66.52381896972656 -1
vertex 81.39435577392578 -66.2295150756836 -0.5
vertex 81.02366638183594 -66.65491485595703 -0.5
endloop
endfacet
facet normal 0.6079688516625642 -0.36107193464174386 0.7071074412153863
outer loop
vertex 81.39435577392578 -66.2295150756836 -0.5
vertex 81.80110168457031 -66.52381896972656 -1
vertex 82.14762115478516 -65.94035339355469 -1
endloop
endfacet
facet normal 0.6079689805701943 -0.3610764412397656 0.7071050291477672
outer loop
vertex 82.14762115478516 -65.94035339355469 -1
vertex 81.69474792480469 -65.72372436523438 -0.5
vertex 81.39435577392578 -66.2295150756836 -0.5
endloop
endfacet
facet normal 0.6626726183274584 -0.24671666810444182 0.7071038725664521
outer loop
vertex 82.14762115478516 -65.94035339355469 -1
vertex 82.33197021484375 -65.44519805908203 -1
vertex 81.79847717285156 -65.44511413574219 -0.5
endloop
endfacet
facet normal 0.6626709403804005 -0.24671871694539477 0.7071047302091634
outer loop
vertex 81.69474792480469 -65.72372436523438 -0.5
vertex 82.14762115478516 -65.94035339355469 -1
vertex 81.79847717285156 -65.44511413574219 -0.5
endloop
endfacet
facet normal 0.7071067673013965 -0.0001163516460451591 0.7071067854990951
outer loop
vertex 82.50387573242188 20.264083862304688 -1
vertex 82.00387573242188 20.264162063598633 -0.5
vertex 82.00372314453125 19.336835861206055 -0.5
endloop
endfacet
facet normal 0.7071067684339006 -0.00011053360922313271 0.7071067852999908
outer loop
vertex 82.49351501464844 -44.945220947265625 -1
vertex 81.99365997314453 -44.01781463623047 -0.5
vertex 81.99351501464844 -44.94514465332031 -0.5
endloop
endfacet
facet normal 0.7071067680121763 -0.00011053406385400937 0.707106785721644
outer loop
vertex 82.49365997314453 -44.01789474487305 -1
vertex 81.99365997314453 -44.01781463623047 -0.5
vertex 82.49351501464844 -44.945220947265625 -1
endloop
endfacet
facet normal 0.7071067680121763 -0.00011053406385400937 0.707106785721644
outer loop
vertex 82.49706268310547 -22.5905704498291 -1
vertex 81.99706268310547 -22.590490341186523 -0.5
vertex 82.49691772460938 -23.51789665222168 -1
endloop
endfacet
facet normal 0.7071067680121763 -0.00011053406385400937 0.707106785721644
outer loop
vertex 82.49691772460938 -23.51789665222168 -1
vertex 81.99706268310547 -22.590490341186523 -0.5
vertex 81.99691772460938 -23.5178165435791 -0.5
endloop
endfacet
facet normal 0.7071067670795123 -0.00011635140669405183 0.7071067857210187
outer loop
vertex 82.50387573242188 20.264083862304688 -1
vertex 82.00372314453125 19.336835861206055 -0.5
vertex 82.50372314453125 19.336755752563477 -1
endloop
endfacet
facet normal 0.7071067680912454 -0.00011053400702906479 0.7071067856425838
outer loop
vertex 82.5004653930664 -1.163243293762207 -1
vertex 82.0004653930664 -1.1631639003753662 -0.5
vertex 82.00032043457031 -2.0904905796051025 -0.5
endloop
endfacet
facet normal 0.7071067680912454 -0.00011053400702906479 0.7071067856425838
outer loop
vertex 82.50032043457031 -2.0905699729919434 -1
vertex 82.5004653930664 -1.163243293762207 -1
vertex 82.00032043457031 -2.0904905796051025 -0.5
endloop
endfacet
facet normal 0.6981448614202215 0.1122244588721437 0.7071063734003492
outer loop
vertex 82.44086456298828 40.76409149169922 -1
vertex 82.33975219726562 41.39310836791992 -1
vertex 81.93443298339844 40.76417541503906 -0.5
endloop
endfacet
facet normal 0.6981434600438952 0.11222623754279817 0.7071074747200212
outer loop
vertex 82.33975219726562 41.39310836791992 -1
vertex 81.85242462158203 41.27433776855469 -0.5
vertex 81.93443298339844 40.76417541503906 -0.5
endloop
endfacet
facet normal 0.6714910320837149 0.22158820974762936 0.7071056916274878
outer loop
vertex 82.06998443603516 42.210594177246094 -1
vertex 81.60749816894531 42.01655197143555 -0.5
vertex 81.85242462158203 41.27433776855469 -0.5
endloop
endfacet
facet normal 0.6714892350372277 0.22158934816943926 0.7071070414067179
outer loop
vertex 81.85242462158203 41.27433776855469 -0.5
vertex 82.33975219726562 41.39310836791992 -1
vertex 82.06998443603516 42.210594177246094 -1
endloop
endfacet
facet normal 0.6285748830925284 0.32387976439171295 0.7071036094963615
outer loop
vertex 81.63959503173828 43.04587936401367 -1
vertex 81.2134017944336 42.78140640258789 -0.5
vertex 82.06998443603516 42.210594177246094 -1
endloop
endfacet
facet normal 0.6285741718597433 0.32387705706092745 0.7071054817920667
outer loop
vertex 81.60749816894531 42.01655197143555 -0.5
vertex 82.06998443603516 42.210594177246094 -1
vertex 81.2134017944336 42.78140640258789 -0.5
endloop
endfacet
facet normal 0.5692787382341596 0.419431490779547 0.7071060335882942
outer loop
vertex 81.12897491455078 43.738929748535156 -1
vertex 80.74977111816406 43.410675048828125 -0.5
vertex 81.2134017944336 42.78140640258789 -0.5
endloop
endfacet
facet normal 0.5692816226765678 0.4194307591135721 0.7071041453648439
outer loop
vertex 81.2134017944336 42.78140640258789 -0.5
vertex 81.63959503173828 43.04587936401367 -1
vertex 81.12897491455078 43.738929748535156 -1
endloop
endfacet
facet normal 0.49667676422745816 0.5033022596778562 0.7071060933690967
outer loop
vertex 80.74977111816406 43.410675048828125 -0.5
vertex 81.12897491455078 43.738929748535156 -1
vertex 80.46015930175781 44.39894104003906 -1
endloop
endfacet
facet normal 0.49667799105895866 0.503302203461251 0.70710527164538
outer loop
vertex 80.46015930175781 44.39894104003906 -1
vertex 80.13734436035156 44.01504135131836 -0.5
vertex 80.74977111816406 43.410675048828125 -0.5
endloop
endfacet
facet normal 0.4106085269395887 0.5756762543186591 0.707105004803487
outer loop
vertex 80.13734436035156 44.01504135131836 -0.5
vertex 80.46015930175781 44.39894104003906 -1
vertex 79.86927032470703 44.82040023803711 -1
endloop
endfacet
facet normal 0.41062524324161026 0.5756622773826398 0.7071066765427979
outer loop
vertex 79.75932312011719 44.898826599121094 -1
vertex 79.50100708007812 44.46891784667969 -0.5
vertex 79.86927032470703 44.82040023803711 -1
endloop
endfacet
facet normal 0.4106091590152125 0.5756762427080426 0.7071046472159341
outer loop
vertex 80.13734436035156 44.01504135131836 -0.5
vertex 79.86927032470703 44.82040023803711 -1
vertex 79.50100708007812 44.46891784667969 -0.5
endloop
endfacet
facet normal 0.3155190112642234 0.6328061453597154 0.7071097057216975
outer loop
vertex 78.91841125488281 45.318111419677734 -1
vertex 78.73099517822266 44.852848052978516 -0.5
vertex 79.50100708007812 44.46891784667969 -0.5
endloop
endfacet
facet normal 0.31552222766990945 0.6328070370889235 0.7071074724940726
outer loop
vertex 79.50100708007812 44.46891784667969 -0.5
vertex 79.75932312011719 44.898826599121094 -1
vertex 78.91841125488281 45.318111419677734 -1
endloop
endfacet
facet normal 0.21121249017035357 0.6748239946826909 0.7071080965429076
outer loop
vertex 78.73099517822266 44.852848052978516 -0.5
vertex 78.82332611083984 45.347869873046875 -1
vertex 78.09686279296875 45.57524490356445 -1
endloop
endfacet
facet normal 0.21119832511543613 0.674827515937362 0.7071089669932378
outer loop
vertex 78.73099517822266 44.852848052978516 -0.5
vertex 78.91841125488281 45.318111419677734 -1
vertex 78.82332611083984 45.347869873046875 -1
endloop
endfacet
facet normal 0.21121843262746492 0.6748263961969765 0.707104029626616
outer loop
vertex 78.09686279296875 45.57524490356445 -1
vertex 77.98506164550781 45.08632278442383 -0.5
vertex 78.73099517822266 44.852848052978516 -0.5
endloop
endfacet
facet normal 0.10307743883119548 0.6995555481876522 0.7071047140303015
outer loop
vertex 77.98506164550781 45.08632278442383 -0.5
vertex 78.09686279296875 45.57524490356445 -1
vertex 77.1672592163086 45.71221923828125 -1
endloop
endfacet
facet normal 0.10307528932279532 0.6995541192523205 0.7071064410455702
outer loop
vertex 77.13054656982422 45.21223068237305 -0.5
vertex 77.98506164550781 45.08632278442383 -0.5
vertex 77.1672592163086 45.71221923828125 -1
endloop
endfacet
facet normal 0.00021705601660870777 0.7071068880247962 0.7071066410341328
outer loop
vertex 77.13054656982422 45.21223068237305 -0.5
vertex 77.1672592163086 45.71221923828125 -1
vertex 38.816917419433594 45.72399139404297 -1
endloop
endfacet
facet normal 0.00021703769199839695 0.7071061941060438 0.7071073349580712
outer loop
vertex 38.816917419433594 45.72399139404297 -1
vertex 38.83914566040039 45.22398376464844 -0.5
vertex 77.13054656982422 45.21223068237305 -0.5
endloop
endfacet
facet normal -0.06296993063831953 0.7042969915548283 0.7071071598578418
outer loop
vertex 38.83914566040039 45.22398376464844 -0.5
vertex 38.816917419433594 45.72399139404297 -1
vertex 37.79032897949219 45.632205963134766 -1
endloop
endfacet
facet normal -0.06296897466486306 0.7042981449043266 0.7071060962217622
outer loop
vertex 37.79032897949219 45.632205963134766 -1
vertex 37.87636947631836 45.13790512084961 -0.5
vertex 38.83914566040039 45.22398376464844 -0.5
endloop
endfacet
facet normal -0.1787031967533733 0.6841526535352123 0.707107003310569
outer loop
vertex 36.957427978515625 45.414649963378906 -1
vertex 37.12185287475586 44.94082260131836 -0.5
vertex 37.87636947631836 45.13790512084961 -0.5
endloop
endfacet
facet normal -0.1787027047348606 0.6841533297997486 0.7071064733435563
outer loop
vertex 36.957427978515625 45.414649963378906 -1
vertex 37.87636947631836 45.13790512084961 -0.5
vertex 37.79032897949219 45.632205963134766 -1
endloop
endfacet
facet normal -0.28350019204643406 0.6477863700845928 0.7071071063440545
outer loop
vertex 36.3336181640625 44.595855712890625 -0.5
vertex 36.957427978515625 45.414649963378906 -1
vertex 36.09661102294922 45.03791809082031 -1
endloop
endfacet
facet normal -0.28350042443134393 0.6477864471328751 0.7071069425894605
outer loop
vertex 37.12185287475586 44.94082260131836 -0.5
vertex 36.957427978515625 45.414649963378906 -1
vertex 36.3336181640625 44.595855712890625 -0.5
endloop
endfacet
facet normal -0.3826098368209222 0.5946501384723119 0.7071074356720679
outer loop
vertex 36.3336181640625 44.595855712890625 -0.5
vertex 36.09661102294922 45.03791809082031 -1
vertex 35.676300048828125 44.17292404174805 -0.5
endloop
endfacet
facet normal -0.38261089302014917 0.5946502615251652 0.7071067606877878
outer loop
vertex 35.676300048828125 44.17292404174805 -0.5
vertex 36.09661102294922 45.03791809082031 -1
vertex 35.37267303466797 44.572120666503906 -1
endloop
endfacet
facet normal -0.47090152616366154 0.527494479603601 0.7071077192652196
outer loop
vertex 34.67170715332031 43.94636154174805 -1
vertex 35.03443908691406 43.59992599487305 -0.5
vertex 35.676300048828125 44.17292404174805 -0.5
endloop
endfacet
facet normal -0.47090013425337396 0.5274974653109711 0.7071064189007586
outer loop
vertex 35.676300048828125 44.17292404174805 -0.5
vertex 35.37267303466797 44.572120666503906 -1
vertex 34.92117691040039 44.1690673828125 -1
endloop
endfacet
facet normal -0.4709017067406913 0.527492830128312 0.7071088294965123
outer loop
vertex 35.676300048828125 44.17292404174805 -0.5
vertex 34.92117691040039 44.1690673828125 -1
vertex 34.67170715332031 43.94636154174805 -1
endloop
endfacet
facet normal -0.5485695834003638 0.44617281057139446 0.7071076546571773
outer loop
vertex 35.03443908691406 43.59992599487305 -0.5
vertex 34.67170715332031 43.94636154174805 -1
vertex 34.12852478027344 43.27851867675781 -1
endloop
endfacet
facet normal -0.548569582165396 0.44617254048870086 0.7071078260327357
outer loop
vertex 34.12852478027344 43.27851867675781 -1
vertex 34.539527893066406 42.991432189941406 -0.5
vertex 35.03443908691406 43.59992599487305 -0.5
endloop
endfacet
facet normal -0.6078612028957017 0.3619876133666397 0.706731721223347
outer loop
vertex 33.54994201660156 42.305870056152344 -1
vertex 33.97920608520508 42.05052185058594 -0.5
vertex 34.539527893066406 42.991432189941406 -0.5
endloop
endfacet
facet normal -0.6077118855010096 0.3614943659396484 0.7071124999706195
outer loop
vertex 34.539527893066406 42.991432189941406 -0.5
vertex 33.67363357543945 42.51380920410156 -1
vertex 33.54994201660156 42.305870056152344 -1
endloop
endfacet
facet normal -0.607713039687993 0.3615011016625134 0.7071080645063871
outer loop
vertex 34.539527893066406 42.991432189941406 -0.5
vertex 34.12852478027344 43.27851867675781 -1
vertex 33.67363357543945 42.51380920410156 -1
endloop
endfacet
facet normal -0.5803458158208612 0.40633343795558224 0.7057562406797521
outer loop
vertex 33.97920608520508 42.05052185058594 -0.5
vertex 33.54994201660156 42.305870056152344 -1
vertex 33.9418830871582 41.997215270996094 -0.5
endloop
endfacet
facet normal -0.5561463863553198 0.43797044098282845 0.7063165648413082
outer loop
vertex 33.26268005371094 41.941097259521484 -1
vertex 33.9418830871582 41.997215270996094 -0.5
vertex 33.54994201660156 42.305870056152344 -1
endloop
endfacet
facet normal -0.5561473000311733 0.4379665803725788 0.7063182392836713
outer loop
vertex 33.9418830871582 41.997215270996094 -0.5
vertex 33.26268005371094 41.941097259521484 -1
vertex 33.65462112426758 41.63243865966797 -0.5
endloop
endfacet
facet normal -0.5186437869336185 0.48359318296432613 0.705085991681573
outer loop
vertex 33.26268005371094 41.941097259521484 -1
vertex 33.60198974609375 41.575992584228516 -0.5
vertex 33.65462112426758 41.63243865966797 -0.5
endloop
endfacet
facet normal -0.4821244624828605 0.5187759063716298 0.7059940238018354
outer loop
vertex 33.60198974609375 41.575992584228516 -0.5
vertex 33.26268005371094 41.941097259521484 -1
vertex 32.922569274902344 41.62501525878906 -1
endloop
endfacet
facet normal -0.4831186786636458 0.5163316354447913 0.7071053560574975
outer loop
vertex 32.922569274902344 41.62501525878906 -1
vertex 33.2629508972168 41.25876235961914 -0.5
vertex 33.60198974609375 41.575992584228516 -0.5
endloop
endfacet
facet normal -0.4277407956658423 0.5653276598964638 0.7052960007536837
outer loop
vertex 32.922569274902344 41.62501525878906 -1
vertex 33.20133590698242 41.21214294433594 -0.5
vertex 33.2629508972168 41.25876235961914 -0.5
endloop
endfacet
facet normal -0.39640557376229274 0.5871090788775534 0.7058084376016897
outer loop
vertex 32.53776550292969 41.36520004272461 -1
vertex 32.8165283203125 40.952327728271484 -0.5
vertex 33.20133590698242 41.21214294433594 -0.5
endloop
endfacet
facet normal -0.39640742679128654 0.5871060031735048 0.7058099553154116
outer loop
vertex 32.53776550292969 41.36520004272461 -1
vertex 33.20133590698242 41.21214294433594 -0.5
vertex 32.922569274902344 41.62501525878906 -1
endloop
endfacet
facet normal -0.34975234078529105 0.6172884834255302 0.7047185454813989
outer loop
vertex 32.8165283203125 40.952327728271484 -0.5
vertex 32.53776550292969 41.36520004272461 -1
vertex 32.74945068359375 40.91432189941406 -0.5
endloop
endfacet
facet normal -0.3010804264884011 0.6412925193653715 0.7057580898520236
outer loop
vertex 32.74945068359375 40.91432189941406 -0.5
vertex 32.53776550292969 41.36520004272461 -1
vertex 32.11747360229492 41.167877197265625 -1
endloop
endfacet
facet normal -0.30312801200017203 0.6388415010080669 0.7071032067036491
outer loop
vertex 32.11747360229492 41.167877197265625 -1
vertex 32.3299674987793 40.71527862548828 -0.5
vertex 32.74945068359375 40.91432189941406 -0.5
endloop
endfacet
facet normal -0.23543667832033108 0.6686513660338822 0.705319020871061
outer loop
vertex 32.3299674987793 40.71527862548828 -0.5
vertex 32.11747360229492 41.167877197265625 -1
vertex 32.25708770751953 40.68961715698242 -0.5
endloop
endfacet
facet normal -0.19849914075335656 0.67998774025599 0.7058433000473485
outer loop
vertex 31.671770095825195 41.03776550292969 -1
vertex 31.811384201049805 40.55950927734375 -0.5
vertex 32.25708770751953 40.68961715698242 -0.5
endloop
endfacet
facet normal -0.1985037767399237 0.6799836847257997 0.7058459032442639
outer loop
vertex 31.671770095825195 41.03776550292969 -1
vertex 32.25708770751953 40.68961715698242 -0.5
vertex 32.11747360229492 41.167877197265625 -1
endloop
endfacet
facet normal -0.14831498388535827 0.693639151811053 0.7048882128606839
outer loop
vertex 31.811384201049805 40.55950927734375 -0.5
vertex 31.671770095825195 41.03776550292969 -1
vertex 31.73595428466797 40.54338073730469 -0.5
endloop
endfacet
facet normal -0.09116895184309438 0.7022511056391307 0.7060677069859873
outer loop
vertex 31.671770095825195 41.03776550292969 -1
vertex 31.2755126953125 40.483604431152344 -0.5
vertex 31.73595428466797 40.54338073730469 -0.5
endloop
endfacet
facet normal -0.09116895184309438 0.7022511056391307 0.7060677069859873
outer loop
vertex 31.2755126953125 40.483604431152344 -0.5
vertex 31.671770095825195 41.03776550292969 -1
vertex 31.211328506469727 40.977989196777344 -1
endloop
endfacet
facet normal -0.06174510803790408 0.7057575206553213 0.7057576522233687
outer loop
vertex 31.211328506469727 40.977989196777344 -1
vertex 31.211503982543945 40.478004455566406 -0.5
vertex 31.2755126953125 40.483604431152344 -0.5
endloop
endfacet
facet normal -0.00024919112120825215 0.7071175051803394 0.707096013120791
outer loop
vertex 19.834659576416016 40.473995208740234 -0.5
vertex 31.211503982543945 40.478004455566406 -0.5
vertex 31.211328506469727 40.977989196777344 -1
endloop
endfacet
facet normal -0.0002480923762764769 0.7071050551211774 0.707108463725509
outer loop
vertex 19.816917419433594 40.97399139404297 -1
vertex 19.834659576416016 40.473995208740234 -0.5
vertex 31.211328506469727 40.977989196777344 -1
endloop
endfacet
facet normal -0.04987252184414864 0.7053450495676953 0.707107553781778
outer loop
vertex 19.00734519958496 40.916748046875 -1
vertex 19.080638885498047 40.42068099975586 -0.5
vertex 19.834659576416016 40.473995208740234 -0.5
endloop
endfacet
facet normal -0.049873569766542274 0.7053440894921732 0.7071084375519776
outer loop
vertex 19.00734519958496 40.916748046875 -1
vertex 19.834659576416016 40.473995208740234 -0.5
vertex 19.816917419433594 40.97399139404297 -1
endloop
endfacet
facet normal -0.15623561814017545 0.6896299033217622 0.7071075081405757
outer loop
vertex 19.080638885498047 40.42068099975586 -0.5
vertex 19.00734519958496 40.916748046875 -1
vertex 18.090925216674805 40.70913314819336 -1
endloop
endfacet
facet normal -0.1562339882245315 0.6896322138817386 0.7071056148129706
outer loop
vertex 18.090925216674805 40.70913314819336 -1
vertex 18.240299224853516 40.23030471801758 -0.5
vertex 19.080638885498047 40.42068099975586 -0.5
endloop
endfacet
facet normal -0.2635894019805248 0.6561419377305078 0.7071056390065094
outer loop
vertex 18.240299224853516 40.23030471801758 -0.5
vertex 18.090925216674805 40.70913314819336 -1
vertex 17.515012741088867 39.93893814086914 -0.5
endloop
endfacet
facet normal -0.26358629331951655 0.6561409565673267 0.7071077082658564
outer loop
vertex 17.515012741088867 39.93893814086914 -0.5
vertex 18.090925216674805 40.70913314819336 -1
vertex 17.292123794555664 40.38823699951172 -1
endloop
endfacet
facet normal -0.36296047163778716 0.6068431080993848 0.7071075860014184
outer loop
vertex 17.292123794555664 40.38823699951172 -1
vertex 16.485715866088867 39.905914306640625 -1
vertex 17.515012741088867 39.93893814086914 -0.5
endloop
endfacet
facet normal -0.3629598280886447 0.6068451975044558 0.7071061231948425
outer loop
vertex 16.485715866088867 39.905914306640625 -1
vertex 16.7761173248291 39.49699783325195 -0.5
vertex 17.515012741088867 39.93893814086914 -0.5
endloop
endfacet
facet normal -0.45337326703843234 0.5426359082063893 0.7071060400392047
outer loop
vertex 16.7761173248291 39.49699783325195 -0.5
vertex 16.485715866088867 39.905914306640625 -1
vertex 15.700679779052734 39.25001525878906 -1
endloop
endfacet
facet normal -0.45336421179954345 0.5427283366399238 0.7070409069264948
outer loop
vertex 15.700679779052734 39.25001525878906 -1
vertex 16.021203994750977 38.86638641357422 -0.5
vertex 16.7761173248291 39.49699783325195 -0.5
endloop
endfacet
facet normal -0.4063754891843478 0.5803149065970977 0.7057574448572141
outer loop
vertex 15.700679779052734 39.25001525878906 -1
vertex 15.979443550109863 38.83714294433594 -0.5
vertex 16.021203994750977 38.86638641357422 -0.5
endloop
endfacet
facet normal -0.39640368894458217 0.5871098953305093 0.7058088170291763
outer loop
vertex 15.979443550109863 38.83714294433594 -0.5
vertex 15.700679779052734 39.25001525878906 -1
vertex 15.353780746459961 39.01579666137695 -1
endloop
endfacet
facet normal -0.3964158736702565 0.5870913181219335 0.7058174263137019
outer loop
vertex 15.979443550109863 38.83714294433594 -0.5
vertex 15.353780746459961 39.01579666137695 -1
vertex 15.315872192382812 38.99020004272461 -1
endloop
endfacet
facet normal -0.3979873533491472 0.5844760264023732 0.7071024261979543
outer loop
vertex 15.315872192382812 38.99020004272461 -1
vertex 15.595660209655762 38.57581329345703 -0.5
vertex 15.979443550109863 38.83714294433594 -0.5
endloop
endfacet
facet normal -0.33484246495276526 0.6248893367084469 0.7052615405170152
outer loop
vertex 15.315872192382812 38.99020004272461 -1
vertex 15.527559280395508 38.53932189941406 -0.5
vertex 15.595660209655762 38.57581329345703 -0.5
endloop
endfacet
facet normal -0.303129014170019 0.6388407083195801 0.7071034932469572
outer loop
vertex 14.895583152770996 38.792877197265625 -1
vertex 15.108078002929688 38.34027862548828 -0.5
vertex 15.527559280395508 38.53932189941406 -0.5
endloop
endfacet
facet normal -0.30108186179942925 0.6412912110905207 0.7057586663112558
outer loop
vertex 15.527559280395508 38.53932189941406 -0.5
vertex 15.315872192382812 38.99020004272461 -1
vertex 14.895583152770996 38.792877197265625 -1
endloop
endfacet
facet normal -0.23543121860889873 0.6686533591693645 0.7053189537903074
outer loop
vertex 14.895583152770996 38.792877197265625 -1
vertex 15.035196304321289 38.31461715698242 -0.5
vertex 15.108078002929688 38.34027862548828 -0.5
endloop
endfacet
facet normal -0.19850382978897071 0.6799838664477148 0.7058457132617069
outer loop
vertex 15.035196304321289 38.31461715698242 -0.5
vertex 14.895583152770996 38.792877197265625 -1
vertex 14.44987964630127 38.66276550292969 -1
endloop
endfacet
facet normal -0.20074801593097097 0.6780161845251853 0.7071027419135697
outer loop
vertex 14.44987964630127 38.66276550292969 -1
vertex 14.589991569519043 38.18280029296875 -0.5
vertex 15.035196304321289 38.31461715698242 -0.5
endloop
endfacet
facet normal -0.13223471716476037 0.6963049918324554 0.7054596642796525
outer loop
vertex 14.44987964630127 38.66276550292969 -1
vertex 14.514062881469727 38.16838073730469 -0.5
vertex 14.589991569519043 38.18280029296875 -0.5
endloop
endfacet
facet normal -0.09116876614268912 0.7022511297476961 0.7060677069857425
outer loop
vertex 14.44987964630127 38.66276550292969 -1
vertex 13.989437103271484 38.602989196777344 -1
vertex 14.053621292114258 38.108604431152344 -0.5
endloop
endfacet
facet normal -0.0911689630367098 0.7022511918606857 0.7060676197851431
outer loop
vertex 14.514062881469727 38.16838073730469 -0.5
vertex 14.44987964630127 38.66276550292969 -1
vertex 14.053621292114258 38.108604431152344 -0.5
endloop
endfacet
facet normal -0.06172506603887218 0.7057596958191209 0.705757230200158
outer loop
vertex 13.989591598510742 38.103004455566406 -0.5
vertex 14.053621292114258 38.108604431152344 -0.5
vertex 13.989437103271484 38.602989196777344 -1
endloop
endfacet
facet normal -0.000219156031178837 0.7071175200223143 0.7070960082252805
outer loop
vertex 1.0412547588348389 38.09899139404297 -0.5
vertex 13.989591598510742 38.103004455566406 -0.5
vertex 13.989437103271484 38.602989196777344 -1
endloop
endfacet
facet normal -0.0002183314716065778 0.7071067306019673 0.7071067980643131
outer loop
vertex 1.0412547588348389 38.09899139404297 -0.5
vertex 12.987998962402344 38.60268020629883 -1
vertex 1.041100263595581 38.59899139404297 -1
endloop
endfacet
facet normal -0.00021817490497885722 0.7071048670364762 0.7071086616730401
outer loop
vertex 1.0412547588348389 38.09899139404297 -0.5
vertex 13.989437103271484 38.602989196777344 -1
vertex 12.987998962402344 38.60268020629883 -1
endloop
endfacet
facet normal 0.03749216067600234 0.7072483963198575 0.7059702853455199
outer loop
vertex -3.0590925216674805 38.815452575683594 -1
vertex -3.085367441177368 38.3177490234375 -0.5
vertex 1.0412547588348389 38.09899139404297 -0.5
endloop
endfacet
facet normal 0.0373045575214091 0.7066203577353383 0.7066088309822589
outer loop
vertex 1.0412547588348389 38.09899139404297 -0.5
vertex 1.041100263595581 38.59899139404297 -1
vertex -3.0590925216674805 38.815452575683594 -1
endloop
endfacet
facet normal 0.08198069105930009 0.7041894955070498 0.7052632988543829
outer loop
vertex -3.4289348125457764 38.8585090637207 -1
vertex -3.085367441177368 38.3177490234375 -0.5
vertex -3.0590925216674805 38.815452575683594 -1
endloop
endfacet
facet normal 0.08033755909135405 0.7037373782319712 0.7059033780046917
outer loop
vertex -3.085367441177368 38.3177490234375 -0.5
vertex -3.4289348125457764 38.8585090637207 -1
vertex -3.486557722091675 38.363548278808594 -0.5
endloop
endfacet
facet normal 0.13287634433535966 0.696678325812677 0.704970345091846
outer loop
vertex -3.4289348125457764 38.8585090637207 -1
vertex -3.554800033569336 38.376564025878906 -0.5
vertex -3.486557722091675 38.363548278808594 -0.5
endloop
endfacet
facet normal 0.1790157044826299 0.6854541940539418 0.7057661974070796
outer loop
vertex -3.878173589706421 38.975833892822266 -1
vertex -4.0040388107299805 38.49388885498047 -0.5
vertex -3.554800033569336 38.376564025878906 -0.5
endloop
endfacet
facet normal 0.1790157044826299 0.6854541940539418 0.7057661974070796
outer loop
vertex -3.554800033569336 38.376564025878906 -0.5
vertex -3.4289348125457764 38.8585090637207 -1
vertex -3.878173589706421 38.975833892822266 -1
endloop
endfacet
facet normal 0.23049953050542688 0.670960897319998 0.7047562988042894
outer loop
vertex -4.0040388107299805 38.49388885498047 -0.5
vertex -3.878173589706421 38.975833892822266 -1
vertex -4.07696008682251 38.51893997192383 -0.5
endloop
endfacet
facet normal 0.2825946789196766 0.6495213970540206 0.705876903018705
outer loop
vertex -4.07696008682251 38.51893997192383 -0.5
vertex -4.303927898406982 39.16107177734375 -1
vertex -4.50271463394165 38.70417785644531 -0.5
endloop
endfacet
facet normal 0.2825948388618447 0.6495214009422394 0.705876835408755
outer loop
vertex -4.07696008682251 38.51893997192383 -0.5
vertex -3.878173589706421 38.975833892822266 -1
vertex -4.303927898406982 39.16107177734375 -1
endloop
endfacet
facet normal 0.3296161557101646 0.6280304841673334 0.704933259856135
outer loop
vertex -4.50271463394165 38.70417785644531 -0.5
vertex -4.303927898406982 39.16107177734375 -1
vertex -4.571022033691406 38.740028381347656 -0.5
endloop
endfacet
facet normal 0.3793006377814928 0.5979283409387098 0.7061251484551693
outer loop
vertex -4.963094234466553 38.98874282836914 -0.5
vertex -4.303927898406982 39.16107177734375 -1
vertex -4.696000576019287 39.409786224365234 -1
endloop
endfacet
facet normal 0.3793008698345402 0.5979279795480053 0.7061253298221226
outer loop
vertex -4.303927898406982 39.16107177734375 -1
vertex -4.963094234466553 38.98874282836914 -0.5
vertex -4.571022033691406 38.740028381347656 -0.5
endloop
endfacet
facet normal 0.40635179938088034 0.5803314833261983 0.7057574545127633
outer loop
vertex -4.696000576019287 39.409786224365234 -1
vertex -5.017394065856934 39.026763916015625 -0.5
vertex -4.963094234466553 38.98874282836914 -0.5
endloop
endfacet
facet normal 0.46643359157856 0.5315655362881531 0.7070203570462547
outer loop
vertex -5.044999122619629 39.71602249145508 -1
vertex -5.017394065856934 39.026763916015625 -0.5
vertex -4.696000576019287 39.409786224365234 -1
endloop
endfacet
facet normal 0.46757597521131555 0.5312408201295573 0.7065096591224089
outer loop
vertex -5.044999122619629 39.71602249145508 -1
vertex -5.374220848083496 39.34082794189453 -0.5
vertex -5.017394065856934 39.026763916015625 -0.5
endloop
endfacet
facet normal 0.500942971910252 0.5009607320666695 0.7057580915731332
outer loop
vertex -5.374220848083496 39.34082794189453 -0.5
vertex -5.044999122619629 39.71602249145508 -1
vertex -5.428021430969238 39.39462661743164 -0.5
endloop
endfacet
facet normal 0.542802784555684 0.45317246967257885 0.707106674985784
outer loop
vertex -5.428021430969238 39.39462661743164 -0.5
vertex -5.044999122619629 39.71602249145508 -1
vertex -5.342564105987549 40.07244110107422 -1
endloop
endfacet
facet normal 0.542967430738912 0.4530950562114312 0.7070298715001686
outer loop
vertex -5.342564105987549 40.07244110107422 -1
vertex -5.726301670074463 39.752071380615234 -0.5
vertex -5.428021430969238 39.39462661743164 -0.5
endloop
endfacet
facet normal 0.5803231249226577 0.40636424311578595 0.7057571626253154
outer loop
vertex -5.726301670074463 39.752071380615234 -0.5
vertex -5.342564105987549 40.07244110107422 -1
vertex -5.770654201507568 39.81541061401367 -0.5
endloop
endfacet
facet normal 0.6066382139583817 0.36423232492493096 0.7066292456763761
outer loop
vertex -5.770654201507568 39.81541061401367 -0.5
vertex -5.342564105987549 40.07244110107422 -1
vertex -5.581568241119385 40.47050857543945 -1
endloop
endfacet
facet normal 0.605699982133049 0.3648672845805094 0.7071063542967705
outer loop
vertex -5.581568241119385 40.47050857543945 -1
vertex -6.010236740112305 40.213130950927734 -0.5
vertex -5.770654201507568 39.81541061401367 -0.5
endloop
endfacet
facet normal 0.6390587037001159 0.3062790171286448 0.7055474022996889
outer loop
vertex -6.010236740112305 40.213130950927734 -0.5
vertex -5.581568241119385 40.47050857543945 -1
vertex -6.043644428253174 40.2828369140625 -0.5
endloop
endfacet
facet normal 0.654406738674506 0.2678693646519844 0.7071052424203479
outer loop
vertex -5.756286144256592 40.90068817138672 -1
vertex -6.2195353507995605 40.71253967285156 -0.5
vertex -6.043644428253174 40.2828369140625 -0.5
endloop
endfacet
facet normal 0.6559636803149169 0.26642035056641084 0.7062094922271862
outer loop
vertex -6.043644428253174 40.2828369140625 -0.5
vertex -5.581568241119385 40.47050857543945 -1
vertex -5.756286144256592 40.90068817138672 -1
endloop
endfacet
facet normal 0.6747697001312876 0.21491287528755956 0.706044125972567
outer loop
vertex -6.2195353507995605 40.71253967285156 -0.5
vertex -5.756286144256592 40.90068817138672 -1
vertex -6.2430195808410645 40.78627395629883 -0.5
endloop
endfacet
facet normal 0.68834503876007 0.16180561396633886 0.7071068171806676
outer loop
vertex -6.349266052246094 41.23826217651367 -0.5
vertex -5.756286144256592 40.90068817138672 -1
vertex -5.862532615661621 41.35267639160156 -1
endloop
endfacet
facet normal 0.68834503876007 0.16180561396633886 0.7071068171806676
outer loop
vertex -6.2430195808410645 40.78627395629883 -0.5
vertex -5.756286144256592 40.90068817138672 -1
vertex -6.349266052246094 41.23826217651367 -0.5
endloop
endfacet
facet normal 0.7030161721593234 0.09139490268412634 0.7052767070064144
outer loop
vertex -6.349266052246094 41.23826217651367 -0.5
vertex -5.862532615661621 41.35267639160156 -1
vertex -6.359226226806641 41.314876556396484 -0.5
endloop
endfacet
facet normal 0.7063880591848901 0.05375438285325181 0.7057806855993369
outer loop
vertex -6.359226226806641 41.314876556396484 -0.5
vertex -5.862532615661621 41.35267639160156 -1
vertex -5.897763252258301 41.815643310546875 -1
endloop
endfacet
facet normal 0.7048488031986488 0.05649445042492817 0.7071043357953746
outer loop
vertex -5.897763252258301 41.815643310546875 -1
vertex -6.396322250366211 41.77770233154297 -0.5
vertex -6.359226226806641 41.314876556396484 -0.5
endloop
endfacet
facet normal 0.7086647711754335 -0.01684367888599256 0.7053442652892671
outer loop
vertex -6.396322250366211 41.77770233154297 -0.5
vertex -5.897763252258301 41.815643310546875 -1
vertex -6.3945465087890625 41.852413177490234 -0.5
endloop
endfacet
facet normal 0.7052288079045641 -0.05096085335891902 0.7071458971997491
outer loop
vertex -5.817011833190918 42.906578063964844 -1
vertex -6.318021774291992 42.91141128540039 -0.5
vertex -6.3945465087890625 41.852413177490234 -0.5
endloop
endfacet
facet normal 0.706488890411081 -0.05229458524196267 0.7057894332448528
outer loop
vertex -5.897763252258301 41.815643310546875 -1
vertex -5.817011833190918 42.906578063964844 -1
vertex -6.3945465087890625 41.852413177490234 -0.5
endloop
endfacet
facet normal 0.7060534976679963 0.03858222095962321 0.7071066897269545
outer loop
vertex -5.8683881759643555 43.846763610839844 -1
vertex -6.318021774291992 42.91141128540039 -0.5
vertex -5.817011833190918 42.906578063964844 -1
endloop
endfacet
facet normal 0.7060532156738184 0.038582498927196465 0.7071069561340727
outer loop
vertex -5.8683881759643555 43.846763610839844 -1
vertex -6.36546516418457 43.77961730957031 -0.5
vertex -6.318021774291992 42.91141128540039 -0.5
endloop
endfacet
facet normal 0.6909841910859281 0.15013378966051988 0.7071072711205113
outer loop
vertex -6.36546516418457 43.77961730957031 -0.5
vertex -5.94776725769043 44.21210479736328 -1
vertex -6.051164150238037 44.687984466552734 -1
endloop
endfacet
facet normal 0.6909847187998505 0.15013290175966243 0.7071069439584899
outer loop
vertex -6.36546516418457 43.77961730957031 -0.5
vertex -5.8683881759643555 43.846763610839844 -1
vertex -5.94776725769043 44.21210479736328 -1
endloop
endfacet
facet normal 0.6909850095721584 0.1501331419075181 0.7071066088275101
outer loop
vertex -6.051164150238037 44.687984466552734 -1
vertex -6.531411170959473 44.54338073730469 -0.5
vertex -6.36546516418457 43.77961730957031 -0.5
endloop
endfacet
facet normal 0.659002605610285 0.2563508366126176 0.7071066499240876
outer loop
vertex -6.531411170959473 44.54338073730469 -0.5
vertex -6.051164150238037 44.687984466552734 -1
vertex -6.391818046569824 45.56370544433594 -1
endloop
endfacet
facet normal 0.6590019054682755 0.25635118946993013 0.7071071745121345
outer loop
vertex -6.391818046569824 45.56370544433594 -1
vertex -6.843343257904053 45.34526443481445 -0.5
vertex -6.531411170959473 44.54338073730469 -0.5
endloop
endfacet
facet normal 0.6100278563250097 0.357582628408034 0.7071072608652208
outer loop
vertex -7.238607883453369 46.01957702636719 -0.5
vertex -6.391818046569824 45.56370544433594 -1
vertex -6.827146530151367 46.306365966796875 -1
endloop
endfacet
facet normal 0.6100278468050457 0.3575825684743946 0.7071072993864894
outer loop
vertex -6.843343257904053 45.34526443481445 -0.5
vertex -6.391818046569824 45.56370544433594 -1
vertex -7.238607883453369 46.01957702636719 -0.5
endloop
endfacet
facet normal 0.5465992687027749 0.44858493308765013 0.7071073449345157
outer loop
vertex -7.238607883453369 46.01957702636719 -0.5
vertex -6.827146530151367 46.306365966796875 -1
vertex -7.784453868865967 46.684688568115234 -0.5
endloop
endfacet
facet normal 0.5465994672058625 0.44858929723722407 0.707104422878602
outer loop
vertex -7.784453868865967 46.684688568115234 -0.5
vertex -6.827146530151367 46.306365966796875 -1
vertex -6.976780891418457 46.48869323730469 -1
endloop
endfacet
facet normal 0.5465999033027691 0.44858500054382205 0.7071068115896654
outer loop
vertex -7.784453868865967 46.684688568115234 -0.5
vertex -6.976780891418457 46.48869323730469 -1
vertex -7.423253059387207 47.032718658447266 -1
endloop
endfacet
facet normal 0.46856999672014066 0.5295678494937571 0.7071068172180528
outer loop
vertex -7.784453868865967 46.684688568115234 -0.5
vertex -7.423253059387207 47.032718658447266 -1
vertex -7.901314735412598 47.45571517944336 -1
endloop
endfacet
facet normal 0.46857044686730204 0.5295677652132144 0.7071065820437955
outer loop
vertex -7.784453868865967 46.684688568115234 -0.5
vertex -7.901314735412598 47.45571517944336 -1
vertex -8.06795883178711 47.60316467285156 -1
endloop
endfacet
facet normal 0.46857113351535634 0.5295677398145987 0.7071061460514902
outer loop
vertex -8.06795883178711 47.60316467285156 -1
vertex -8.369826316833496 47.20263671875 -0.5
vertex -7.784453868865967 46.684688568115234 -0.5
endloop
endfacet
facet normal 0.37998674708527724 0.596331368615506 0.7071060534634868
outer loop
vertex -8.369826316833496 47.20263671875 -0.5
vertex -8.06795883178711 47.60316467285156 -1
vertex -8.860397338867188 48.10811233520508 -1
endloop
endfacet
facet normal 0.37998509059773483 0.5963310916737556 0.707107177185056
outer loop
vertex -8.860397338867188 48.10811233520508 -1
vertex -9.095451354980469 47.665008544921875 -0.5
vertex -8.369826316833496 47.20263671875 -0.5
endloop
endfacet
facet normal 0.2806467102241878 0.6490276053051721 0.7071071995052621
outer loop
vertex -9.650541305541992 48.449771881103516 -1
vertex -9.812875747680664 47.975223541259766 -0.5
vertex -9.544448852539062 48.40389633178711 -1
endloop
endfacet
facet normal 0.2806408156579617 0.6490302956458213 0.7071070696300045
outer loop
vertex -9.095451354980469 47.665008544921875 -0.5
vertex -8.860397338867188 48.10811233520508 -1
vertex -9.544448852539062 48.40389633178711 -1
endloop
endfacet
facet normal 0.28064137355378843 0.6490304123436832 0.707106741095594
outer loop
vertex -9.095451354980469 47.665008544921875 -0.5
vertex -9.544448852539062 48.40389633178711 -1
vertex -9.812875747680664 47.975223541259766 -0.5
endloop
endfacet
facet normal 0.17568453057666886 0.6849335572777678 0.7071074655459935
outer loop
vertex -9.650541305541992 48.449771881103516 -1
vertex -10.56071949005127 48.683231353759766 -1
vertex -9.812875747680664 47.975223541259766 -0.5
endloop
endfacet
facet normal 0.1756847905614168 0.6849336932559315 0.7071072692372641
outer loop
vertex -10.56071949005127 48.683231353759766 -1
vertex -10.649673461914062 48.18986129760742 -0.5
vertex -9.812875747680664 47.975223541259766 -0.5
endloop
endfacet
facet normal 0.07479330098263183 0.7044336135071791 0.7058181396715019
outer loop
vertex -10.649673461914062 48.18986129760742 -0.5
vertex -28.73681640625 50.61124801635742 -1
vertex -28.789365768432617 50.1158447265625 -0.5
endloop
endfacet
facet normal 0.07458735421597265 0.7031614431826492 0.707107284230869
outer loop
vertex -10.649673461914062 48.18986129760742 -0.5
vertex -10.56071949005127 48.683231353759766 -1
vertex -28.73681640625 50.61124801635742 -1
endloop
endfacet
facet normal 0.12343915438790605 0.6984150437416905 0.7049675182866876
outer loop
vertex -28.789365768432617 50.1158447265625 -0.5
vertex -28.73681640625 50.61124801635742 -1
vertex -28.857202529907227 50.12783432006836 -0.5
endloop
endfacet
facet normal 0.17118743623542648 0.6874008134218078 0.705815119831092
outer loop
vertex -28.857202529907227 50.12783432006836 -0.5
vertex -28.73681640625 50.61124801635742 -1
vertex -29.187360763549805 50.72344970703125 -1
endloop
endfacet
facet normal 0.17118743623542648 0.6874008134218078 0.705815119831092
outer loop
vertex -29.187360763549805 50.72344970703125 -1
vertex -29.30774688720703 50.24003601074219 -0.5
vertex -28.857202529907227 50.12783432006836 -0.5
endloop
endfacet
facet normal 0.20319705280132758 0.679029677096046 0.7054287032405855
outer loop
vertex -29.187360763549805 50.72344970703125 -1
vertex -29.376571655273438 50.2606315612793 -0.5
vertex -29.30774688720703 50.24003601074219 -0.5
endloop
endfacet
facet normal 0.2675825627199651 0.6545211231320154 0.707107963116115
outer loop
vertex -29.376571655273438 50.2606315612793 -0.5
vertex -29.518468856811523 50.85881423950195 -1
vertex -29.73406982421875 50.946956634521484 -1
endloop
endfacet
facet normal 0.2675831372296992 0.6545210975134121 0.7071077694242586
outer loop
vertex -29.376571655273438 50.2606315612793 -0.5
vertex -29.187360763549805 50.72344970703125 -1
vertex -29.518468856811523 50.85881423950195 -1
endloop
endfacet
facet normal 0.26758402097783196 0.6545213366897346 0.707107213607115
outer loop
vertex -29.73406982421875 50.946956634521484 -1
vertex -29.90632438659668 50.47720718383789 -0.5
vertex -29.376571655273438 50.2606315612793 -0.5
endloop
endfacet
facet normal 0.2189698616006055 0.6723478506683769 0.7071071824074662
outer loop
vertex -29.90632438659668 50.47720718383789 -0.5
vertex -29.73406982421875 50.946956634521484 -1
vertex -46.00628662109375 56.246482849121094 -1
endloop
endfacet
facet normal 0.21919851588896544 0.672931649036266 0.7064807190273537
outer loop
vertex -29.90632438659668 50.47720718383789 -0.5
vertex -46.00628662109375 56.246482849121094 -1
vertex -46.18173599243164 55.77870559692383 -0.5
endloop
endfacet
facet normal 0.24842246012783697 0.6623356891579256 0.7068222663242358
outer loop
vertex -46.18173599243164 55.77870559692383 -0.5
vertex -46.00628662109375 56.246482849121094 -1
vertex -46.25717544555664 56.34058380126953 -1
endloop
endfacet
facet normal 0.24843217604179585 0.6623347434469525 0.7068197376489976
outer loop
vertex -46.25717544555664 56.34058380126953 -1
vertex -46.43262481689453 55.87281036376953 -0.5
vertex -46.18173599243164 55.77870559692383 -0.5
endloop
endfacet
facet normal 0.2993961159759743 0.6420826925730674 0.7057561771863007
outer loop
vertex -46.43262481689453 55.87281036376953 -0.5
vertex -46.25717544555664 56.34058380126953 -1
vertex -46.48784637451172 55.8985595703125 -0.5
endloop
endfacet
facet normal 0.32759554316093303 0.6277663768482266 0.70610943641899
outer loop
vertex -46.48784637451172 55.8985595703125 -0.5
vertex -46.66880416870117 56.555389404296875 -1
vertex -46.89947509765625 56.113365173339844 -0.5
endloop
endfacet
facet normal 0.32759554316093303 0.6277663768482266 0.70610943641899
outer loop
vertex -46.48784637451172 55.8985595703125 -0.5
vertex -46.25717544555664 56.34058380126953 -1
vertex -46.66880416870117 56.555389404296875 -1
endloop
endfacet
facet normal 0.3801000475607012 0.5989334780292085 0.7048422821739543
outer loop
vertex -46.66880416870117 56.555389404296875 -1
vertex -46.968414306640625 56.1571159362793 -0.5
vertex -46.89947509765625 56.113365173339844 -0.5
endloop
endfacet
facet normal 0.42508555750431654 0.5650689479157278 0.70710632361948
outer loop
vertex -47.8980598449707 56.85444259643555 -0.5
vertex -46.66880416870117 56.555389404296875 -1
vertex -47.62163162231445 57.27217483520508 -1
endloop
endfacet
facet normal 0.4249859301957084 0.5665727361850347 0.7059619633857702
outer loop
vertex -46.968414306640625 56.1571159362793 -0.5
vertex -46.66880416870117 56.555389404296875 -1
vertex -47.8980598449707 56.85444259643555 -0.5
endloop
endfacet
facet normal 0.3539275378774899 0.6121567647874392 0.707106352154295
outer loop
vertex -47.8980598449707 56.85444259643555 -0.5
vertex -47.62163162231445 57.27217483520508 -1
vertex -53.41728210449219 60.623016357421875 -1
endloop
endfacet
facet normal 0.3539294610673722 0.6121599245444846 0.7071026540540278
outer loop
vertex -64.37355041503906 66.9575424194336 -1
vertex -64.61510467529297 66.5196533203125 -0.5
vertex -47.8980598449707 56.85444259643555 -0.5
endloop
endfacet
facet normal 0.3539268450703009 0.6121558959478155 0.7071074510955959
outer loop
vertex -47.8980598449707 56.85444259643555 -0.5
vertex -53.41728210449219 60.623016357421875 -1
vertex -64.37355041503906 66.9575424194336 -1
endloop
endfacet
facet normal 0.329016353230741 0.625902717592395 0.7071025579201355
outer loop
vertex -64.61510467529297 66.5196533203125 -0.5
vertex -64.37355041503906 66.9575424194336 -1
vertex -64.97774505615234 66.71028137207031 -0.5
endloop
endfacet
facet normal 0.32902223383782075 0.6258955838093239 0.707106136169356
outer loop
vertex -64.97774505615234 66.71028137207031 -0.5
vertex -64.37355041503906 66.9575424194336 -1
vertex -64.77162170410156 67.16680145263672 -1
endloop
endfacet
facet normal 0.25189492248344897 0.6607192644328747 0.7071060752350656
outer loop
vertex -64.97774505615234 66.71028137207031 -0.5
vertex -64.77162170410156 67.16680145263672 -1
vertex -65.65144348144531 67.50222778320312 -1
endloop
endfacet
facet normal 0.25189365239118583 0.6607187645421638 0.7071069947800721
outer loop
vertex -65.65144348144531 67.50222778320312 -1
vertex -65.79225158691406 67.02080535888672 -0.5
vertex -64.97774505615234 66.71028137207031 -0.5
endloop
endfacet
facet normal 0.1438538398956528 0.6923220572608739 0.7071041237168307
outer loop
vertex -65.79225158691406 67.02080535888672 -0.5
vertex -66.4942855834961 67.67735290527344 -1
vertex -66.55748748779297 67.1798095703125 -0.5
endloop
endfacet
facet normal 0.14384972864129794 0.6923199038158974 0.7071070685194509
outer loop
vertex -66.4942855834961 67.67735290527344 -1
vertex -65.79225158691406 67.02080535888672 -0.5
vertex -65.65144348144531 67.50222778320312 -1
endloop
endfacet
facet normal 0.03380774063527695 0.7063008841028706 0.7071040219010504
outer loop
vertex -66.55748748779297 67.1798095703125 -0.5
vertex -66.4942855834961 67.67735290527344 -1
vertex -67.41692352294922 67.220947265625 -0.5
endloop
endfacet
facet normal 0.03381067155014142 0.7062979816774321 0.7071067808808753
outer loop
vertex -67.43285369873047 67.72228240966797 -1
vertex -67.41692352294922 67.220947265625 -0.5
vertex -66.4942855834961 67.67735290527344 -1
endloop
endfacet
facet normal -0.07858685613435369 0.7027263455527039 0.7071066322055398
outer loop
vertex -67.41692352294922 67.220947265625 -0.5
vertex -67.43285369873047 67.72228240966797 -1
vertex -68.1937026977539 67.13407897949219 -0.5
endloop
endfacet
facet normal -0.07859293957778052 0.7027302995466741 0.7071020265474883
outer loop
vertex -68.1937026977539 67.13407897949219 -0.5
vertex -67.43285369873047 67.72228240966797 -1
vertex -68.28836822509766 67.62660217285156 -1
endloop
endfacet
facet normal -0.18752305122431595 0.6817876999552612 0.7071072319310822
outer loop
vertex -69.02330780029297 66.90589141845703 -0.5
vertex -68.28836822509766 67.62660217285156 -1
vertex -69.19436645507812 67.37741088867188 -1
endloop
endfacet
facet normal -0.18753058931694763 0.6817914748452389 0.7071015930534962
outer loop
vertex -68.1937026977539 67.13407897949219 -0.5
vertex -68.28836822509766 67.62660217285156 -1
vertex -69.02330780029297 66.90589141845703 -0.5
endloop
endfacet
facet normal -0.29323280697200077 0.6434376694286559 0.7071085393880782
outer loop
vertex -69.97769927978516 67.02042388916016 -1
vertex -69.73455047607422 66.58175659179688 -0.5
vertex -69.19436645507812 67.37741088867188 -1
endloop
endfacet
facet normal -0.2932342009214531 0.6434380404072388 0.707107623751045
outer loop
vertex -69.02330780029297 66.90589141845703 -0.5
vertex -69.19436645507812 67.37741088867188 -1
vertex -69.73455047607422 66.58175659179688 -0.5
endloop
endfacet
facet normal -0.39025880474467844 0.589659730798573 0.7071064044355766
outer loop
vertex -70.45205688476562 66.10688781738281 -0.5
vertex -69.97769927978516 67.02042388916016 -1
vertex -70.76127624511719 66.50182342529297 -1
endloop
endfacet
facet normal -0.39025540318295265 0.5896592235522763 0.7071087047733449
outer loop
vertex -69.73455047607422 66.58175659179688 -0.5
vertex -69.97769927978516 67.02042388916016 -1
vertex -70.45205688476562 66.10688781738281 -0.5
endloop
endfacet
facet normal -0.4788008022720234 0.520329724996909 0.7071115675961664
outer loop
vertex -71.39474487304688 65.9189224243164 -1
vertex -71.02722930908203 65.57762145996094 -0.5
vertex -70.45205688476562 66.10688781738281 -0.5
endloop
endfacet
facet normal -0.4787998469437699 0.5203365264226227 0.7071072095779123
outer loop
vertex -70.45205688476562 66.10688781738281 -0.5
vertex -70.76127624511719 66.50182342529297 -1
vertex -71.39474487304688 65.9189224243164 -1
endloop
endfacet
facet normal -0.5542948901569515 0.4390353791651401 0.7071103949081887
outer loop
vertex -71.07000732421875 65.52361297607422 -0.5
vertex -71.02722930908203 65.57762145996094 -0.5
vertex -71.39474487304688 65.9189224243164 -1
endloop
endfacet
facet normal -0.5542925686672935 0.43903773659713813 0.7071107509887511
outer loop
vertex -71.39474487304688 65.9189224243164 -1
vertex -71.50750732421875 65.77655792236328 -1
vertex -71.07000732421875 65.52361297607422 -0.5
endloop
endfacet
facet normal -0.6259180924433637 0.3289789869878446 0.7071063340633519
outer loop
vertex -81.42013549804688 47.82797622680664 -0.5042179822921753
vertex -81.84969329833984 48.07632827758789 -1
vertex -81.872802734375 48.0323600769043 -1
endloop
endfacet
facet normal -0.6607192220066455 0.2518922916862238 0.707107052050816
outer loop
vertex -82.2082290649414 47.15253829956055 -1
vertex -81.726806640625 47.0117301940918 -0.5
vertex -81.42013549804688 47.82797622680664 -0.5042179822921753
endloop
endfacet
facet normal -0.660720451052791 0.2518953748745747 0.7071048052993233
outer loop
vertex -81.872802734375 48.0323600769043 -1
vertex -82.2082290649414 47.15253829956055 -1
vertex -81.42013549804688 47.82797622680664 -0.5042179822921753
endloop
endfacet
facet normal -0.6923200584123309 0.1438491097032016 0.7071070430688291
outer loop
vertex -82.38335418701172 46.3096923828125 -1
vertex -81.726806640625 47.0117301940918 -0.5
vertex -82.2082290649414 47.15253829956055 -1
endloop
endfacet
facet normal -0.6923221730544362 0.14385314684852676 0.7071041513376648
outer loop
vertex -82.38335418701172 46.3096923828125 -1
vertex -81.88581085205078 46.246490478515625 -0.5
vertex -81.726806640625 47.0117301940918 -0.5
endloop
endfacet
facet normal -0.7063006169975258 0.03381079770361266 0.707104142533163
outer loop
vertex -81.88581085205078 46.246490478515625 -0.5
vertex -82.38335418701172 46.3096923828125 -1
vertex -82.42828369140625 45.371124267578125 -1
endloop
endfacet
facet normal -0.7062981337594423 0.03380775904685779 0.7071067682296348
outer loop
vertex -82.42828369140625 45.371124267578125 -1
vertex -81.92694854736328 45.38705825805664 -0.5
vertex -81.88581085205078 46.246490478515625 -0.5
endloop
endfacet
facet normal -0.7027249707906091 -0.07859360443939602 0.7071072484203237
outer loop
vertex -81.84007263183594 44.61027908325195 -0.5
vertex -81.92694854736328 45.38705825805664 -0.5
vertex -82.41107940673828 45.217288970947266 -1
endloop
endfacet
facet normal -0.7027258297006711 -0.0785898651511401 0.7071068104374536
outer loop
vertex -81.92694854736328 45.38705825805664 -0.5
vertex -82.42828369140625 45.371124267578125 -1
vertex -82.41107940673828 45.217288970947266 -1
endloop
endfacet
facet normal -0.7027248233090553 -0.0785933188274105 0.7071074267329894
outer loop
vertex -82.33260345458984 44.5156135559082 -1
vertex -81.84007263183594 44.61027908325195 -0.5
vertex -82.41107940673828 45.217288970947266 -1
endloop
endfacet
facet normal -0.6817880317817132 -0.1875224669818321 0.7071070669256992
outer loop
vertex -81.84007263183594 44.61027908325195 -0.5
vertex -82.33260345458984 44.5156135559082 -1
vertex -82.1203842163086 43.74403381347656 -1
endloop
endfacet
facet normal -0.6817879903439028 -0.18752249861093767 0.707107098491829
outer loop
vertex -81.84007263183594 44.61027908325195 -0.5
vertex -82.1203842163086 43.74403381347656 -1
vertex -81.61189270019531 43.780670166015625 -0.5
endloop
endfacet
facet normal -0.6817872544182539 -0.18752680619297094 0.7071066656961189
outer loop
vertex -82.08341217041016 43.609615325927734 -1
vertex -81.61189270019531 43.780670166015625 -0.5
vertex -82.1203842163086 43.74403381347656 -1
endloop
endfacet
facet normal -0.6434416343501104 -0.29323583879005877 0.7071036741765307
outer loop
vertex -81.7264175415039 42.82627868652344 -1
vertex -81.28775787353516 43.069427490234375 -0.5
vertex -81.61189270019531 43.780670166015625 -0.5
endloop
endfacet
facet normal -0.6434320053706153 -0.2932405590584233 0.7071104786296494
outer loop
vertex -81.61189270019531 43.780670166015625 -0.5
vertex -82.01839447021484 43.46693801879883 -1
vertex -81.7264175415039 42.82627868652344 -1
endloop
endfacet
facet normal -0.6434463092999497 -0.29321691074563777 0.7071072693029383
outer loop
vertex -81.61189270019531 43.780670166015625 -0.5
vertex -82.08341217041016 43.609615325927734 -1
vertex -82.01839447021484 43.46693801879883 -1
endloop
endfacet
facet normal -0.5896556572077414 -0.39025931279261467 0.7071095210089755
outer loop
vertex -81.20782470703125 42.04270553588867 -1
vertex -80.81288146972656 42.35192108154297 -0.5
vertex -81.28775787353516 43.069427490234375 -0.5
endloop
endfacet
facet normal -0.5896633108248516 -0.39025733270399676 0.7071042314523627
outer loop
vertex -81.28775787353516 43.069427490234375 -0.5
vertex -81.7264175415039 42.82627868652344 -1
vertex -81.20782470703125 42.04270553588867 -1
endloop
endfacet
facet normal -0.5203305875311593 -0.4788035322282221 0.7071090843747211
outer loop
vertex -80.81288146972656 42.35192108154297 -0.5
vertex -81.20782470703125 42.04270553588867 -1
vertex -80.62491607666016 41.40924072265625 -1
endloop
endfacet
facet normal -0.5203359264610292 -0.47880278231465084 0.707105663449029
outer loop
vertex -80.62491607666016 41.40924072265625 -1
vertex -80.28362274169922 41.77675247192383 -0.5
vertex -80.81288146972656 42.35192108154297 -0.5
endloop
endfacet
facet normal -0.4390526230107232 -0.5542872866320254 0.7071056484751842
outer loop
vertex -79.88835144042969 40.8258056640625 -1
vertex -80.28362274169922 41.77675247192383 -0.5
vertex -80.62491607666016 41.40924072265625 -1
endloop
endfacet
facet normal -0.43905029301708587 -0.5542871394728807 0.7071072105533803
outer loop
vertex -79.88835144042969 40.8258056640625 -1
vertex -79.60643005371094 41.24034881591797 -0.5
vertex -80.28362274169922 41.77675247192383 -0.5
endloop
endfacet
facet normal -0.35415238144628736 -0.6120589982948769 0.7070784067712684
outer loop
vertex -63.22487258911133 31.1839542388916 -1
vertex -62.97447967529297 31.6166934967041 -0.5
vertex -79.60643005371094 41.24034881591797 -0.5
endloop
endfacet
facet normal -0.35413669403604126 -0.612034872902097 0.7071071462578619
outer loop
vertex -79.88835144042969 40.8258056640625 -1
vertex -63.22487258911133 31.1839542388916 -1
vertex -79.60643005371094 41.24034881591797 -0.5
endloop
endfacet
facet normal -0.40637081955757365 -0.58031804834996 0.7057575502758715
outer loop
vertex -62.97447967529297 31.6166934967041 -0.5
vertex -63.22487258911133 31.1839542388916 -1
vertex -62.91621780395508 31.575895309448242 -0.5
endloop
endfacet
facet normal -0.43796761402124795 -0.5561486125991689 0.7063165648436647
outer loop
vertex -62.91621780395508 31.575895309448242 -0.5
vertex -63.22487258911133 31.1839542388916 -1
vertex -62.8600959777832 30.896692276000977 -1
endloop
endfacet
facet normal -0.43796761402124795 -0.5561486125991689 0.7063165648436647
outer loop
vertex -62.91621780395508 31.575895309448242 -0.5
vertex -62.8600959777832 30.896692276000977 -1
vertex -62.55144119262695 31.288633346557617 -0.5
endloop
endfacet
facet normal -0.4835665436292966 -0.5186690619089139 0.7050856700436783
outer loop
vertex -62.8600959777832 30.896692276000977 -1
vertex -62.494991302490234 31.236003875732422 -0.5
vertex -62.55144119262695 31.288633346557617 -0.5
endloop
endfacet
facet normal -0.5163322235629245 -0.4831165110572732 0.7071064075897019
outer loop
vertex -62.54401779174805 30.556583404541016 -1
vertex -62.17776107788086 30.896963119506836 -0.5
vertex -62.494991302490234 31.236003875732422 -0.5
endloop
endfacet
facet normal -0.5187767860402083 -0.4821221651315882 0.7059949462670547
outer loop
vertex -62.494991302490234 31.236003875732422 -0.5
vertex -62.8600959777832 30.896692276000977 -1
vertex -62.54401779174805 30.556583404541016 -1
endloop
endfacet
facet normal -0.5653445549784843 -0.42771857737971014 0.7052959327264382
outer loop
vertex -62.54401779174805 30.556583404541016 -1
vertex -62.13114547729492 30.83534812927246 -0.5
vertex -62.17776107788086 30.896963119506836 -0.5
endloop
endfacet
facet normal -0.5844718023243266 -0.3979902865305188 0.7071042667917574
outer loop
vertex -62.284202575683594 30.171777725219727 -1
vertex -61.86981201171875 30.45156478881836 -0.5
vertex -62.13114547729492 30.83534812927246 -0.5
endloop
endfacet
facet normal -0.5871075410302388 -0.39640650027537716 0.7058091964581177
outer loop
vertex -62.13114547729492 30.83534812927246 -0.5
vertex -62.54401779174805 30.556583404541016 -1
vertex -62.284202575683594 30.171777725219727 -1
endloop
endfacet
facet normal -0.6249056106614149 -0.33481149228267376 0.7052618254232488
outer loop
vertex -62.284202575683594 30.171777725219727 -1
vertex -61.83332443237305 30.38346290588379 -0.5
vertex -61.86981201171875 30.45156478881836 -0.5
endloop
endfacet
facet normal -0.6412887090875264 -0.30108719089166036 0.7057586663143589
outer loop
vertex -62.086875915527344 29.751487731933594 -1
vertex -61.6359977722168 29.96317481994629 -0.5
vertex -61.83332443237305 30.38346290588379 -0.5
endloop
endfacet
facet normal -0.641289754566948 -0.30108631535980074 0.7057580898512763
outer loop
vertex -61.83332443237305 30.38346290588379 -0.5
vertex -62.284202575683594 30.171777725219727 -1
vertex -62.086875915527344 29.751487731933594 -1
endloop
endfacet
facet normal -0.6632195965601688 -0.2519630710336028 0.7047370981961163
outer loop
vertex -62.086875915527344 29.751487731933594 -1
vertex -61.60861587524414 29.89109992980957 -0.5
vertex -61.6359977722168 29.96317481994629 -0.5
endloop
endfacet
facet normal -0.678836083134614 -0.20241533573881193 0.7058396447439031
outer loop
vertex -61.60861587524414 29.89109992980957 -0.5
vertex -62.086875915527344 29.751487731933594 -1
vertex -61.52043151855469 29.59535789489746 -0.5
endloop
endfacet
facet normal -0.6787773229982246 -0.19813925331508453 0.707108324147796
outer loop
vertex -62.086875915527344 29.751487731933594 -1
vertex -62.032718658447266 29.56595802307129 -1
vertex -61.52043151855469 29.59535789489746 -0.5
endloop
endfacet
facet normal -0.7071067802092992 -0.00002937110706664893 0.7071067815538017
outer loop
vertex -61.89381408691406 -47.333526611328125 -1
vertex -61.39381408691406 -47.33350372314453 -0.5
vertex -61.39402770996094 -42.190547943115234 -0.5
endloop
endfacet
facet normal -0.7071067802433261 -0.00002989559112284913 0.7071067814977949
outer loop
vertex -61.89509963989258 -16.54761505126953 -1
vertex -61.39488220214844 -21.690549850463867 -0.5
vertex -61.39509963989258 -16.54759407043457 -0.5
endloop
endfacet
facet normal -0.7071067802092992 -0.00002937110706664893 0.7071067815538017
outer loop
vertex -61.89402770996094 -42.19057083129883 -1
vertex -61.89381408691406 -47.333526611328125 -1
vertex -61.39402770996094 -42.190547943115234 -0.5
endloop
endfacet
facet normal -0.7071067802653201 -0.00002937110570738196 0.7071067814977808
outer loop
vertex -61.39595413208008 3.952406644821167 -0.5
vertex -61.89616775512695 9.095341682434082 -1
vertex -61.89595413208008 3.952385663986206 -1
endloop
endfacet
facet normal -0.7071067802433261 -0.00002989559112284913 0.7071067814977949
outer loop
vertex -61.39488220214844 -21.690549850463867 -0.5
vertex -61.89509963989258 -16.54761505126953 -1
vertex -61.89488220214844 -21.690570831298828 -1
endloop
endfacet
facet normal -0.7071067802653201 -0.00002937110570738196 0.7071067814977808
outer loop
vertex -61.39616775512695 9.095362663269043 -0.5
vertex -61.89616775512695 9.095341682434082 -1
vertex -61.39595413208008 3.952406644821167 -0.5
endloop
endfacet
facet normal -0.6960610991257984 -0.12449136953586988 0.7071073788293182
outer loop
vertex -61.84292984008789 -67.83352661132812 -1
vertex -61.74016189575195 -68.40812683105469 -1
vertex -61.334999084472656 -67.83350372314453 -0.5
endloop
endfacet
facet normal -0.6960632787386748 -0.12448841793185712 0.707105752905737
outer loop
vertex -61.74016189575195 -68.40812683105469 -1
vertex -61.252769470214844 -68.29328155517578 -0.5
vertex -61.334999084472656 -67.83350372314453 -0.5
endloop
endfacet
facet normal -0.6784160815501662 -0.1993857434556178 0.7071046213968402
outer loop
vertex -61.5652961730957 -69.00311279296875 -1
vertex -61.09326934814453 -68.83599090576172 -0.5
vertex -61.74016189575195 -68.40812683105469 -1
endloop
endfacet
facet normal -0.6784155442088293 -0.19938363324471822 0.7071057319594954
outer loop
vertex -61.09326934814453 -68.83599090576172 -0.5
vertex -61.252769470214844 -68.29328155517578 -0.5
vertex -61.74016189575195 -68.40812683105469 -1
endloop
endfacet
facet normal -0.6527350658703611 -0.27191969478182376 0.7071043864755578
outer loop
vertex -61.09326934814453 -68.83599090576172 -0.5
vertex -61.5652961730957 -69.00311279296875 -1
vertex -60.8757438659668 -69.358154296875 -0.5
endloop
endfacet
facet normal -0.6527350064202695 -0.27191927433809715 0.7071046030376081
outer loop
vertex -60.8757438659668 -69.358154296875 -0.5
vertex -61.5652961730957 -69.00311279296875 -1
vertex -61.32681655883789 -69.57557678222656 -1
endloop
endfacet
facet normal -0.6193271881773468 -0.34122845492387727 0.707104642563323
outer loop
vertex -60.8757438659668 -69.358154296875 -0.5
vertex -61.32681655883789 -69.57557678222656 -1
vertex -61.027549743652344 -70.11874389648438 -1
endloop
endfacet
facet normal -0.6193201112076704 -0.34123262063745174 0.7071088307089762
outer loop
vertex -61.027549743652344 -70.11874389648438 -1
vertex -60.60276794433594 -69.85359191894531 -0.5
vertex -60.8757438659668 -69.358154296875 -0.5
endloop
endfacet
facet normal -0.5785788959500848 -0.4065014769034959 0.7071089098833766
outer loop
vertex -60.60276794433594 -69.85359191894531 -0.5
vertex -61.027549743652344 -70.11874389648438 -1
vertex -60.67103576660156 -70.62617492675781 -1
endloop
endfacet
facet normal -0.5785796153208392 -0.40650115293278166 0.7071085075145885
outer loop
vertex -60.67103576660156 -70.62617492675781 -1
vertex -60.27758026123047 -70.31643676757812 -0.5
vertex -60.60276794433594 -69.85359191894531 -0.5
endloop
endfacet
facet normal -0.5309866986904895 -0.4669594840619494 0.7071081713983887
outer loop
vertex -59.90402603149414 -70.7412109375 -0.5
vertex -60.27758026123047 -70.31643676757812 -0.5
vertex -60.261497497558594 -71.09186553955078 -1
endloop
endfacet
facet normal -0.5309854058207955 -0.4669599043079749 0.7071088647259431
outer loop
vertex -60.27758026123047 -70.31643676757812 -0.5
vertex -60.67103576660156 -70.62617492675781 -1
vertex -60.261497497558594 -71.09186553955078 -1
endloop
endfacet
facet normal -0.4771054647537613 -0.5218887436771338 0.7071085593635538
outer loop
vertex -59.90402603149414 -70.7412109375 -0.5
vertex -60.261497497558594 -71.09186553955078 -1
vertex -59.80378723144531 -71.51029968261719 -1
endloop
endfacet
facet normal -0.4771030247871658 -0.5218892520370065 0.7071098304699143
outer loop
vertex -59.80378723144531 -71.51029968261719 -1
vertex -59.48653030395508 -71.12287902832031 -0.5
vertex -59.90402603149414 -70.7412109375 -0.5
endloop
endfacet
facet normal -0.4175804313497816 -0.570636033782509 0.7071075592176183
outer loop
vertex -59.03003692626953 -71.4569320678711 -0.5
vertex -59.48653030395508 -71.12287902832031 -0.5
vertex -59.303321838378906 -71.87652587890625 -1
endloop
endfacet
facet normal -0.4175754109490804 -0.5706365199788931 0.7071101316181836
outer loop
vertex -59.303321838378906 -71.87652587890625 -1
vertex -59.48653030395508 -71.12287902832031 -0.5
vertex -59.80378723144531 -71.51029968261719 -1
endloop
endfacet
facet normal -0.35309140957738055 -0.6126335758048294 0.7071114185750695
outer loop
vertex -58.76602554321289 -72.18620300292969 -1
vertex -58.539947509765625 -71.73939514160156 -0.5
vertex -59.03003692626953 -71.4569320678711 -0.5
endloop
endfacet
facet normal -0.3531088815937767 -0.6126337912153459 0.7071025071379001
outer loop
vertex -59.03003692626953 -71.4569320678711 -0.5
vertex -58.98313522338867 -72.06106567382812 -1
vertex -58.76602554321289 -72.18620300292969 -1
endloop
endfacet
facet normal -0.35309365867533726 -0.6126367670107995 0.7071075306555713
outer loop
vertex -59.03003692626953 -71.4569320678711 -0.5
vertex -59.303321838378906 -71.87652587890625 -1
vertex -58.98313522338867 -72.06106567382812 -1
endloop
endfacet
facet normal -0.2844427073379459 -0.6473685667219786 0.7071112253829596
outer loop
vertex -58.539947509765625 -71.73939514160156 -0.5
vertex -58.76602554321289 -72.18620300292969 -1
vertex -58.19826126098633 -72.4356689453125 -1
endloop
endfacet
facet normal -0.28444396765801455 -0.647368720223248 0.7071105778727119
outer loop
vertex -58.19826126098633 -72.4356689453125 -1
vertex -58.022071838378906 -71.9669418334961 -0.5
vertex -58.539947509765625 -71.73939514160156 -0.5
endloop
endfacet
facet normal -0.21241983230822375 -0.6744446505263308 0.707108356773247
outer loop
vertex -57.606754302978516 -72.62196350097656 -1
vertex -57.48253631591797 -72.13687133789062 -0.5
vertex -58.022071838378906 -71.9669418334961 -0.5
endloop
endfacet
facet normal -0.21241537445587194 -0.6744436064200079 0.7071106917972214
outer loop
vertex -58.022071838378906 -71.9669418334961 -0.5
vertex -58.19826126098633 -72.4356689453125 -1
vertex -57.606754302978516 -72.62196350097656 -1
endloop
endfacet
facet normal -0.13788763235005042 -0.6935343533462092 0.7071047316865819
outer loop
vertex -56.998504638671875 -72.74288940429688 -1
vertex -56.927730560302734 -72.24717712402344 -0.5
vertex -57.48253631591797 -72.13687133789062 -0.5
endloop
endfacet
facet normal -0.13788084698527242 -0.6935319612288551 0.7071084010169033
outer loop
vertex -57.48253631591797 -72.13687133789062 -0.5
vertex -57.606754302978516 -72.62196350097656 -1
vertex -56.998504638671875 -72.74288940429688 -1
endloop
endfacet
facet normal -0.06171224777347071 -0.7044104244726553 0.7071050504479509
outer loop
vertex -56.927730560302734 -72.24717712402344 -0.5
vertex -56.998504638671875 -72.74288940429688 -1
vertex -56.38072204589844 -72.79701232910156 -1
endloop
endfacet
facet normal -0.06170843550951333 -0.7044085932507038 0.7071072073890441
outer loop
vertex -56.38072204589844 -72.79701232910156 -1
vertex -56.358856201171875 -72.29701232910156 -0.5
vertex -56.927730560302734 -72.24717712402344 -0.5
endloop
endfacet
facet normal -0.00001381427678664517 -0.7071067811190774 0.7071067811190774
outer loop
vertex -56.358856201171875 -72.29701232910156 -0.5
vertex -51.672576904296875 -72.79710388183594 -1
vertex -51.672576904296875 -72.29710388183594 -0.5
endloop
endfacet
facet normal -0.000014322243340846765 -0.7071067811140243 0.7071067811140243
outer loop
vertex -42.672576904296875 -72.29727935791016 -0.5
vertex -42.672576904296875 -72.79727935791016 -1
vertex -37.77583312988281 -72.29737854003906 -0.5
endloop
endfacet
facet normal -0.0000139699585914901 -0.7071085063347078 0.7071050558961792
outer loop
vertex 0.9648827314376831 -72.79814147949219 -1
vertex -37.77583312988281 -72.29737854003906 -0.5
vertex -42.672576904296875 -72.79727935791016 -1
endloop
endfacet
facet normal -0.000013932190910711362 -0.7071070443055859 0.7071065179301576
outer loop
vertex -37.77583312988281 -72.29737854003906 -0.5
vertex 0.9648827314376831 -72.79814147949219 -1
vertex 0.945992112159729 -72.29814147949219 -0.5
endloop
endfacet
facet normal -0.00001375011386300151 -0.7071064804617841 0.7071070817774935
outer loop
vertex -56.358856201171875 -72.29701232910156 -0.5
vertex -56.38072204589844 -72.79701232910156 -1
vertex -51.672576904296875 -72.79710388183594 -1
endloop
endfacet
facet normal 0.05331863559991858 -0.7050696584750683 0.7071307515556183
outer loop
vertex 1.4406161308288574 -72.26070404052734 -0.5
vertex 0.9648827314376831 -72.79814147949219 -1
vertex 1.0524542331695557 -72.79151916503906 -1
endloop
endfacet
facet normal 0.05337591542482047 -0.7050891588501998 0.7071069860526623
outer loop
vertex 1.4406161308288574 -72.26070404052734 -0.5
vertex 1.0524542331695557 -72.79151916503906 -1
vertex 1.5036612749099731 -72.75736236572266 -1
endloop
endfacet
facet normal 0.0533673505289218 -0.7050902549484667 0.7071065395498967
outer loop
vertex 0.945992112159729 -72.29814147949219 -0.5
vertex 0.9648827314376831 -72.79814147949219 -1
vertex 1.4406161308288574 -72.26070404052734 -0.5
endloop
endfacet
facet normal 0.16741541648995936 -0.6386295186081683 -0.7510821634706769
outer loop
vertex 1.5036612749099731 -72.75736236572266 -14.94862174987793
vertex 0.8460559844970703 -71.60875701904297 -16.071836471557617
vertex 2.114125967025757 -72.64817810058594 -14.905386924743652
endloop
endfacet
facet normal 0.16741312881311812 -0.6386297429160489 -0.7510824826635113
outer loop
vertex 0.8460559844970703 -71.60875701904297 -16.071836471557617
vertex 3.2815775871276855 -72.10262298583984 -15.109045028686523
vertex 3.3192391395568848 -72.2140884399414 -15.005873680114746
endloop
endfacet
facet normal 0.16740997363986582 -0.6386318678141709 -0.7510813791714469
outer loop
vertex 0.9648827314376831 -72.66592407226562 -15.146459579467773
vertex 0.8460559844970703 -71.60875701904297 -16.071836471557617
vertex 1.5036612749099731 -72.75736236572266 -14.94862174987793
endloop
endfacet
facet normal 0.1674152335398734 -0.6386289272917468 -0.7510827070336411
outer loop
vertex 0.8460559844970703 -71.60875701904297 -16.071836471557617
vertex 3.2815775871276855 -72.23483276367188 -14.996623992919922
vertex 2.709113121032715 -72.47331237792969 -14.921451568603516
endloop
endfacet
facet normal 0.1673627923975309 -0.6387199993523187 -0.7510169493082529
outer loop
vertex 3.2815775871276855 -72.23483276367188 -14.996623992919922
vertex 0.8460559844970703 -71.60875701904297 -16.071836471557617
vertex 3.3192391395568848 -72.2140884399414 -15.005873680114746
endloop
endfacet
facet normal 0.1674136530070947 -0.6386286844990161 -0.7510832657714298
outer loop
vertex 0.8460559844970703 -71.60875701904297 -16.071836471557617
vertex 2.836151599884033 -71.12486267089844 -16.039695739746094
vertex 3.2815775871276855 -72.10262298583984 -15.109045028686523
endloop
endfacet
facet normal 0.16231589040534983 -0.6499510063044728 -0.7424400589446408
outer loop
vertex 0.9648827314376831 -72.79814147949219 -15.030713081359863
vertex 0.9648827314376831 -72.66592407226562 -15.146459579467773
vertex 1.5036612749099731 -72.75736236572266 -14.94862174987793
endloop
endfacet
facet normal 0.16741340160254684 -0.6386310343823504 -0.751081323751026
outer loop
vertex 2.114125967025757 -72.64817810058594 -14.905386924743652
vertex 0.8460559844970703 -71.60875701904297 -16.071836471557617
vertex 2.709113121032715 -72.47331237792969 -14.921451568603516
endloop
endfacet
facet normal 0.43797509112165905 -0.5070539121709304 -0.7423436870541358
outer loop
vertex 3.2815775871276855 -72.10262298583984 -15.109045028686523
vertex 2.836151599884033 -71.12486267089844 -16.039695739746094
vertex 3.8247411251068115 -71.9355697631836 -14.902688980102539
endloop
endfacet
facet normal 0.43797380774612366 -0.5070552538207787 -0.7423435278232761
outer loop
vertex 3.8247411251068115 -71.9355697631836 -14.902688980102539
vertex 2.836151599884033 -71.12486267089844 -16.039695739746094
vertex 4.33217191696167 -71.57905578613281 -14.846826553344727
endloop
endfacet
facet normal 0.4379738904007347 -0.507055110537376 -0.7423435769272708
outer loop
vertex 4.33217191696167 -71.57905578613281 -14.846826553344727
vertex 2.836151599884033 -71.12486267089844 -16.039695739746094
vertex 4.7978620529174805 -71.16951751708984 -14.851808547973633
endloop
endfacet
facet normal 0.43797373983623605 -0.5070539134132023 -0.7423444834483637
outer loop
vertex 2.836151599884033 -71.12486267089844 -16.039695739746094
vertex 4.477802753448486 -69.83253479003906 -15.953859329223633
vertex 5.216296672821045 -70.57958984375 -15.007885932922363
endloop
endfacet
facet normal 0.43797335886998473 -0.5070567637652956 -0.7423427612902336
outer loop
vertex 2.836151599884033 -71.12486267089844 -16.039695739746094
vertex 5.216296672821045 -70.71180725097656 -14.91757583618164
vertex 4.7978620529174805 -71.16951751708984 -14.851808547973633
endloop
endfacet
facet normal 0.43797392376769306 -0.5070504665844406 -0.7423467292552937
outer loop
vertex 2.836151599884033 -71.12486267089844 -16.039695739746094
vertex 5.216296672821045 -70.57958984375 -15.007885932922363
vertex 5.2682905197143555 -70.64075469970703 -14.935432434082031
endloop
endfacet
facet normal 0.43797341261999817 -0.5070563010773456 -0.7423430456168854
outer loop
vertex 5.216296672821045 -70.71180725097656 -14.91757583618164
vertex 2.836151599884033 -71.12486267089844 -16.039695739746094
vertex 5.2682905197143555 -70.64075469970703 -14.935432434082031
endloop
endfacet
facet normal 0.4386086169944374 -0.5261473528242517 -0.728554352271853
outer loop
vertex 3.3192391395568848 -72.2140884399414 -15.005873680114746
vertex 3.2815775871276855 -72.10262298583984 -15.109045028686523
vertex 3.8247411251068115 -71.9355697631836 -14.902688980102539
endloop
endfacet
facet normal 0.5929570738520245 -0.353164198572593 -0.7236552752626232
outer loop
vertex 5.582521438598633 -70.21134185791016 -14.887519836425781
vertex 5.2682905197143555 -70.64075469970703 -14.935432434082031
vertex 5.216296672821045 -70.57958984375 -15.007885932922363
endloop
endfacet
facet normal 0.5877551951049226 -0.34539190811613046 -0.7316066295729371
outer loop
vertex 5.216296672821045 -70.57958984375 -15.007885932922363
vertex 4.477802753448486 -69.83253479003906 -15.953859329223633
vertex 5.582521438598633 -70.21134185791016 -14.887519836425781
endloop
endfacet
facet normal 0.5877547148111518 -0.3454765647827981 -0.7315670429995729
outer loop
vertex 4.477802753448486 -69.83253479003906 -15.953859329223633
vertex 5.263341426849365 -68.66089630126953 -15.876039505004883
vertex 6.064348220825195 -69.38288879394531 -14.89154052734375
endloop
endfacet
facet normal 0.5877565828430754 -0.3453888228491269 -0.7316069712458497
outer loop
vertex 5.582521438598633 -70.21134185791016 -14.887519836425781
vertex 4.477802753448486 -69.83253479003906 -15.953859329223633
vertex 6.064348220825195 -69.38288879394531 -14.89154052734375
endloop
endfacet
facet normal 0.587416054365246 -0.34593061597353497 -0.7316244856523987
outer loop
vertex 6.064348220825195 -69.38288879394531 -14.89154052734375
vertex 5.263341426849365 -68.66089630126953 -15.876039505004883
vertex 6.125607013702393 -69.30509948730469 -14.87913703918457
endloop
endfacet
facet normal 0.3623656608957152 -0.5551791136541504 -0.7486436265445684
outer loop
vertex 6.76310396194458 -68.65383911132812 -14.887161254882812
vertex 6.270892143249512 -67.72541809082031 -15.813904762268066
vertex 7.076525688171387 -68.44222259521484 -14.892386436462402
endloop
endfacet
facet normal 0.3481528900421898 -0.5633857096830315 -0.7492570368573245
outer loop
vertex 6.270892143249512 -67.72541809082031 -15.813904762268066
vertex 6.992286682128906 -67.31580352783203 -15.786698341369629
vertex 7.4872355461120605 -68.2493896484375 -14.85472583770752
endloop
endfacet
facet normal 0.33863874373706054 -0.5759432354276185 -0.7440518737328414
outer loop
vertex 7.076525688171387 -68.44222259521484 -14.892386436462402
vertex 6.270892143249512 -67.72541809082031 -15.813904762268066
vertex 7.4872355461120605 -68.2493896484375 -14.85472583770752
endloop
endfacet
facet normal 0.5479207525335622 -0.4019256378699318 -0.7336474838544077
outer loop
vertex 5.263341426849365 -68.66089630126953 -15.876039505004883
vertex 5.634729862213135 -68.2093505859375 -15.846047401428223
vertex 6.125607013702393 -69.30509948730469 -14.87913703918457
endloop
endfacet
facet normal 0.4496659724497828 -0.49996194304997094 -0.7401611775299276
outer loop
vertex 5.634729862213135 -68.2093505859375 -15.846047401428223
vertex 6.088339805603027 -67.83789825439453 -15.821375846862793
vertex 6.648886203765869 -68.7418441772461 -14.870235443115234
endloop
endfacet
facet normal 0.3699552970129266 -0.5507300652664361 -0.7482175308182135
outer loop
vertex 6.088339805603027 -67.83789825439453 -15.821375846862793
vertex 6.270892143249512 -67.72541809082031 -15.813904762268066
vertex 6.76310396194458 -68.65383911132812 -14.887161254882812
endloop
endfacet
facet normal 0.3341162187366743 -0.5770005462461595 -0.7452762722700491
outer loop
vertex 6.691718578338623 -68.70203399658203 -14.881851196289062
vertex 6.088339805603027 -67.83789825439453 -15.821375846862793
vertex 6.76310396194458 -68.65383911132812 -14.887161254882812
endloop
endfacet
facet normal 0.3341532928699932 -0.576976678200428 -0.7452781290746028
outer loop
vertex 6.648886203765869 -68.7418441772461 -14.870235443115234
vertex 6.088339805603027 -67.83789825439453 -15.821375846862793
vertex 6.691718578338623 -68.70203399658203 -14.881851196289062
endloop
endfacet
facet normal 0.4533515776020855 -0.4949697107640958 -0.7412673826034758
outer loop
vertex 6.35161018371582 -69.01811218261719 -14.867572784423828
vertex 5.634729862213135 -68.2093505859375 -15.846047401428223
vertex 6.648886203765869 -68.7418441772461 -14.870235443115234
endloop
endfacet
facet normal 0.547920335750564 -0.401925948895305 -0.7336476247324717
outer loop
vertex 6.125607013702393 -69.30509948730469 -14.87913703918457
vertex 5.634729862213135 -68.2093505859375 -15.846047401428223
vertex 6.35161018371582 -69.01811218261719 -14.867572784423828
endloop
endfacet
facet normal 0.0007999144155137824 -0.6586893895881739 -0.7524145454341554
outer loop
vertex 78.7792739868164 -68.05101013183594 -14.700518608093262
vertex 79.01853942871094 -66.84565734863281 -15.755471229553223
vertex 79.14398956298828 -67.90257263183594 -14.830078125
endloop
endfacet
facet normal 0.0007994770269325664 -0.6586893406606373 -0.7524145887318627
outer loop
vertex 78.7792739868164 -68.05101013183594 -14.700518608093262
vertex 8.469409942626953 -66.92524719238281 -15.760757446289062
vertex 79.01853942871094 -66.84565734863281 -15.755471229553223
endloop
endfacet
facet normal 0.004723676685574565 -0.664129923245126 -0.7476022551658021
outer loop
vertex 78.7792739868164 -68.05101013183594 -14.700518608093262
vertex 79.14398956298828 -67.90257263183594 -14.830078125
vertex 79.16692352294922 -68.03105163574219 -14.715799331665039
endloop
endfacet
facet normal 0.0007983269713047455 -0.6587287088658652 -0.7523801238668902
outer loop
vertex 8.470605850219727 -68.05500793457031 -14.771620750427246
vertex 8.469409942626953 -66.92524719238281 -15.760757446289062
vertex 78.7792739868164 -68.05101013183594 -14.700518608093262
endloop
endfacet
facet normal 0.06947618406460364 -0.6570972583945259 -0.7505972640892177
outer loop
vertex 8.402960777282715 -68.05500793457031 -14.777878761291504
vertex 7.888796329498291 -66.98230743408203 -15.764547348022461
vertex 8.469409942626953 -66.92524719238281 -15.760757446289062
endloop
endfacet
facet normal 0.2057523760718607 -0.6300517475501256 -0.7487995427013939
outer loop
vertex 7.724649429321289 -68.17838287353516 -14.803258895874023
vertex 7.327254295349121 -67.15227508544922 -15.775836944580078
vertex 7.942518711090088 -68.11478424072266 -14.796906471252441
endloop
endfacet
facet normal 0.30966818230508153 -0.5845041307729213 -0.749973691523415
outer loop
vertex 7.4872355461120605 -68.2493896484375 -14.85472583770752
vertex 6.992286682128906 -67.31580352783203 -15.786698341369629
vertex 7.327254295349121 -67.15227508544922 -15.775836944580078
endloop
endfacet
facet normal 0.20575773673924508 -0.6300490937545045 -0.7488003026382076
outer loop
vertex 7.942518711090088 -68.11478424072266 -14.796906471252441
vertex 7.327254295349121 -67.15227508544922 -15.775836944580078
vertex 7.888796329498291 -66.98230743408203 -15.764547348022461
endloop
endfacet
facet normal 0.20574752965881904 -0.6300507695747575 -0.7488016972453717
outer loop
vertex 7.942518711090088 -68.11478424072266 -14.796906471252441
vertex 7.888796329498291 -66.98230743408203 -15.764547348022461
vertex 8.096505165100098 -68.09479522705078 -14.771414756774902
endloop
endfacet
facet normal 0.33413142133505835 -0.576992541384161 -0.7452756540124338
outer loop
vertex 7.4872355461120605 -68.2493896484375 -14.85472583770752
vertex 7.327254295349121 -67.15227508544922 -15.775836944580078
vertex 7.724649429321289 -68.17838287353516 -14.803258895874023
endloop
endfacet
facet normal 0.06947896530083959 -0.6570963887565454 -0.7505977679581998
outer loop
vertex 8.096505165100098 -68.09479522705078 -14.771414756774902
vertex 7.888796329498291 -66.98230743408203 -15.764547348022461
vertex 8.402960777282715 -68.05500793457031 -14.777878761291504
endloop
endfacet
facet normal 0.06943986035175981 -0.6570977056106314 -0.7506002338632544
outer loop
vertex 8.469409942626953 -66.92524719238281 -15.760757446289062
vertex 8.470605850219727 -68.05500793457031 -14.771620750427246
vertex 8.402960777282715 -68.05500793457031 -14.777878761291504
endloop
endfacet
facet normal 0.1750396015503179 -0.6367309727249605 -0.7509559283086004
outer loop
vertex 79.14398956298828 -67.90257263183594 -14.830078125
vertex 79.01853942871094 -66.84565734863281 -15.755471229553223
vertex 79.65614318847656 -67.95124053955078 -14.669435501098633
endloop
endfacet
facet normal 0.17503640069059906 -0.6367324474504075 -0.7509554239747485
outer loop
vertex 79.01853942871094 -66.84565734863281 -15.755471229553223
vertex 80.27635192871094 -67.61389923095703 -14.810904502868652
vertex 80.31291198730469 -67.72612762451172 -14.70722484588623
endloop
endfacet
facet normal 0.1750352022250381 -0.6367329065075639 -0.7509553140849794
outer loop
vertex 79.65614318847656 -67.95124053955078 -14.669435501098633
vertex 79.01853942871094 -66.84565734863281 -15.755471229553223
vertex 80.27635192871094 -67.7461166381836 -14.698799133300781
endloop
endfacet
facet normal 0.17504375193769828 -0.6367186343291225 -0.7509654223768434
outer loop
vertex 79.16692352294922 -68.03105163574219 -14.715799331665039
vertex 79.14398956298828 -67.90257263183594 -14.830078125
vertex 79.65614318847656 -67.95124053955078 -14.669435501098633
endloop
endfacet
facet normal 0.17503700227492178 -0.6367318808151485 -0.7509557642020018
outer loop
vertex 79.01853942871094 -66.84565734863281 -15.755471229553223
vertex 79.865966796875 -66.62962341308594 -15.741122245788574
vertex 80.27635192871094 -67.61389923095703 -14.810904502868652
endloop
endfacet
facet normal 0.17505320609921862 -0.6367178318966867 -0.7509638989852755
outer loop
vertex 80.27635192871094 -67.7461166381836 -14.698799133300781
vertex 79.01853942871094 -66.84565734863281 -15.755471229553223
vertex 80.31291198730469 -67.72612762451172 -14.70722484588623
endloop
endfacet
facet normal 0.39261260633022 -0.5399384131090985 -0.7445279386294513
outer loop
vertex 80.87179565429688 -67.42060089111328 -14.637093544006348
vertex 79.865966796875 -66.62962341308594 -15.741122245788574
vertex 81.37194061279297 -67.01631164550781 -14.666545867919922
endloop
endfacet
facet normal 0.3936854688663196 -0.5513008143902604 -0.7355808342093626
outer loop
vertex 80.27635192871094 -67.61389923095703 -14.810904502868652
vertex 80.87179565429688 -67.42060089111328 -14.637093544006348
vertex 80.31291198730469 -67.72612762451172 -14.70722484588623
endloop
endfacet
facet normal 0.39263023555565135 -0.5399014308962607 -0.7445454606964464
outer loop
vertex 79.865966796875 -66.62962341308594 -15.741122245788574
vertex 81.37194061279297 -66.88409423828125 -14.762431144714355
vertex 81.42501831054688 -66.95540618896484 -14.682729721069336
endloop
endfacet
facet normal 0.39260942513690666 -0.5399415870739667 -0.744527314369133
outer loop
vertex 80.27635192871094 -67.61389923095703 -14.810904502868652
vertex 79.865966796875 -66.62962341308594 -15.741122245788574
vertex 80.87179565429688 -67.42060089111328 -14.637093544006348
endloop
endfacet
facet normal 0.39261357320914086 -0.5399363746542536 -0.7445289070661878
outer loop
vertex 79.865966796875 -66.62962341308594 -15.741122245788574
vertex 80.6706314086914 -66.0936050415039 -15.705520629882812
vertex 81.37194061279297 -66.88409423828125 -14.762431144714355
endloop
endfacet
facet normal 0.39259470712924316 -0.5399702295395549 -0.7445143028479065
outer loop
vertex 81.37194061279297 -67.01631164550781 -14.666545867919922
vertex 79.865966796875 -66.62962341308594 -15.741122245788574
vertex 81.42501831054688 -66.95540618896484 -14.682729721069336
endloop
endfacet
facet normal 0.5740218599567172 -0.36514244345769 -0.732918754213302
outer loop
vertex 81.37194061279297 -66.88409423828125 -14.762431144714355
vertex 80.6706314086914 -66.0936050415039 -15.705520629882812
vertex 81.80110168457031 -66.52381896972656 -14.605802536010742
endloop
endfacet
facet normal 0.5740211558907633 -0.365143877195946 -0.7329185913429566
outer loop
vertex 81.80110168457031 -66.52381896972656 -14.605802536010742
vertex 80.6706314086914 -66.0936050415039 -15.705520629882812
vertex 82.14762115478516 -65.94035339355469 -14.625094413757324
endloop
endfacet
facet normal 0.5740212842764865 -0.365143102530592 -0.732918876733235
outer loop
vertex 80.6706314086914 -66.0936050415039 -15.705520629882812
vertex 82.14762115478516 -65.80813598632812 -14.69096565246582
vertex 82.14762115478516 -65.94035339355469 -14.625094413757324
endloop
endfacet
facet normal 0.5739855445907334 -0.3651542743308534 -0.7329413008821287
outer loop
vertex 82.14762115478516 -65.94035339355469 -14.625094413757324
vertex 82.14762115478516 -65.80813598632812 -14.69096565246582
vertex 82.18704986572266 -65.83445739746094 -14.646974563598633
endloop
endfacet
facet normal 0.5796833445207761 -0.376310171865239 -0.7227432978838073
outer loop
vertex 81.42501831054688 -66.95540618896484 -14.682729721069336
vertex 81.37194061279297 -66.88409423828125 -14.762431144714355
vertex 81.80110168457031 -66.52381896972656 -14.605802536010742
endloop
endfacet
facet normal 0.5740209077396226 -0.36514699061063016 -0.7329172345673011
outer loop
vertex 80.6706314086914 -66.0936050415039 -15.705520629882812
vertex 81.23696899414062 -65.30803680419922 -15.653343200683594
vertex 82.14762115478516 -65.80813598632812 -14.69096565246582
endloop
endfacet
facet normal 0.6911805304676644 -0.1471503055869739 -0.707542409943106
outer loop
vertex 82.18704986572266 -65.83445739746094 -14.646974563598633
vertex 82.14762115478516 -65.80813598632812 -14.69096565246582
vertex 82.37200927734375 -65.33765411376953 -14.56961441040039
endloop
endfacet
facet normal 0.6818534646515632 -0.14001395128169553 -0.7179637499130066
outer loop
vertex 82.14762115478516 -65.80813598632812 -14.69096565246582
vertex 81.23696899414062 -65.30803680419922 -15.653343200683594
vertex 82.37200927734375 -65.33765411376953 -14.56961441040039
endloop
endfacet
facet normal 0.6818536743621859 -0.14001206769283145 -0.7179639180760856
outer loop
vertex 82.37200927734375 -65.33765411376953 -14.56961441040039
vertex 81.23696899414062 -65.30803680419922 -15.653343200683594
vertex 82.4903793334961 -64.69522094726562 -14.582480430603027
endloop
endfacet
facet normal 0.6818560794461394 -0.14002558479661956 -0.7179589978018973
outer loop
vertex 81.23696899414062 -65.30803680419922 -15.653343200683594
vertex 82.49040222167969 -64.5630111694336 -14.608243942260742
vertex 82.4903793334961 -64.69522094726562 -14.582480430603027
endloop
endfacet
facet normal 0.6818520358105847 -0.14000880408964514 -0.7179661106475349
outer loop
vertex 81.23696899414062 -65.30803680419922 -15.653343200683594
vertex 81.4969711303711 -64.36351776123047 -15.590607643127441
vertex 82.49040222167969 -64.5630111694336 -14.608243942260742
endloop
endfacet
facet normal 0.7071052039012959 0.046870782904120896 -0.7055532299732328
outer loop
vertex 82.49040222167969 -64.5630111694336 -14.608243942260742
vertex 81.4969711303711 -64.36351776123047 -15.590607643127441
vertex 82.50701141357422 40.01408386230469 -7.644411087036133
endloop
endfacet
facet normal 0.7071073623726098 0.04684229980927627 -0.7055529583433326
outer loop
vertex 81.49578857421875 40.545166015625 -8.622580528259277
vertex 82.46800994873047 40.59524154663086 -7.644892692565918
vertex 82.48918914794922 40.46345520019531 -7.632416248321533
endloop
endfacet
facet normal 0.7071076418306068 0.046877095405755256 -0.7055503672956863
outer loop
vertex 82.50701141357422 40.01408386230469 -7.644411087036133
vertex 81.49578857421875 40.545166015625 -8.622580528259277
vertex 82.48918914794922 40.46345520019531 -7.632416248321533
endloop
endfacet
facet normal 0.7071061456170872 0.04687070234874846 -0.7055522915361282
outer loop
vertex 82.50701141357422 40.01408386230469 -7.644411087036133
vertex 81.4969711303711 -64.36351776123047 -15.590607643127441
vertex 81.49578857421875 40.545166015625 -8.622580528259277
endloop
endfacet
facet normal 0.6876728341666271 0.21113770941126245 -0.6946415916239136
outer loop
vertex 81.49578857421875 40.545166015625 -8.622580528259277
vertex 81.1407241821289 42.02497482299805 -8.5242919921875
vertex 82.01179504394531 42.32353210449219 -7.5712127685546875
endloop
endfacet
facet normal 0.6876825165021747 0.21113052430021537 -0.6946341902080204
outer loop
vertex 81.49578857421875 40.545166015625 -8.622580528259277
vertex 82.01179504394531 42.32353210449219 -7.5712127685546875
vertex 82.06998443603516 42.210594177246094 -7.5479326248168945
endloop
endfacet
facet normal 0.6876726391333287 0.2111386464582901 -0.6946414998826113
outer loop
vertex 82.33975219726562 41.39310836791992 -7.529348850250244
vertex 81.49578857421875 40.545166015625 -8.622580528259277
vertex 82.06998443603516 42.210594177246094 -7.5479326248168945
endloop
endfacet
facet normal 0.6876723670528482 0.21113909051327517 -0.6946416342612644
outer loop
vertex 82.46800994873047 40.59524154663086 -7.644892692565918
vertex 81.49578857421875 40.545166015625 -8.622580528259277
vertex 82.33975219726562 41.39310836791992 -7.529348850250244
endloop
endfacet
facet normal 0.6024898637028762 0.41619293302057364 -0.6810208562437879
outer loop
vertex 81.1407241821289 42.02497482299805 -8.5242919921875
vertex 80.36543273925781 43.284156799316406 -8.440656661987305
vertex 81.0533218383789 43.81358337402344 -7.508541584014893
endloop
endfacet
facet normal 0.6024725758366438 0.416198753591641 -0.6810325931066178
outer loop
vertex 81.1407241821289 42.02497482299805 -8.5242919921875
vertex 81.0533218383789 43.81358337402344 -7.508541584014893
vertex 81.12897491455078 43.738929748535156 -7.48723840713501
endloop
endfacet
facet normal 0.6024878857696587 0.4161945494961197 -0.6810216182108528
outer loop
vertex 82.01179504394531 42.32353210449219 -7.5712127685546875
vertex 81.1407241821289 42.02497482299805 -8.5242919921875
vertex 81.63959503173828 43.04587936401367 -7.459041595458984
endloop
endfacet
facet normal 0.6024914595400384 0.416191468703637 -0.681020339314197
outer loop
vertex 81.63959503173828 43.04587936401367 -7.459041595458984
vertex 81.1407241821289 42.02497482299805 -8.5242919921875
vertex 81.12897491455078 43.738929748535156 -7.48723840713501
endloop
endfacet
facet normal 0.45755547778566247 0.5847904791168854 -0.6698231709060068
outer loop
vertex 80.36543273925781 43.284156799316406 -8.440656661987305
vertex 79.23739624023438 44.239437103271484 -8.37720775604248
vertex 79.69342803955078 44.931678771972656 -7.461329936981201
endloop
endfacet
facet normal 0.4575222552126314 0.5847904384492074 -0.6698458995049024
outer loop
vertex 80.36543273925781 43.284156799316406 -8.440656661987305
vertex 79.69342803955078 44.931678771972656 -7.461329936981201
vertex 79.75932312011719 44.898826599121094 -7.445002555847168
endloop
endfacet
facet normal 0.4575593121037563 0.5847893346394888 -0.6698215508619005
outer loop
vertex 80.36543273925781 43.284156799316406 -8.440656661987305
vertex 79.75932312011719 44.898826599121094 -7.445002555847168
vertex 80.46015930175781 44.39894104003906 -7.402683258056641
endloop
endfacet
facet normal 0.45755638925133235 0.5847904970902048 -0.669822532592234
outer loop
vertex 81.0533218383789 43.81358337402344 -7.508541584014893
vertex 80.36543273925781 43.284156799316406 -8.440656661987305
vertex 80.46015930175781 44.39894104003906 -7.402683258056641
endloop
endfacet
facet normal 0.2669945179139599 0.7001842426860183 -0.6621600665232683
outer loop
vertex 78.91841125488281 45.318111419677734 -7.365211486816406
vertex 79.23739624023438 44.239437103271484 -8.37720775604248
vertex 78.06947326660156 45.579280853271484 -7.431351184844971
endloop
endfacet
facet normal 0.26699850821504095 0.7001840772769669 -0.662158632458073
outer loop
vertex 79.69342803955078 44.931678771972656 -7.461329936981201
vertex 79.23739624023438 44.239437103271484 -8.37720775604248
vertex 78.91841125488281 45.318111419677734 -7.365211486816406
endloop
endfacet
facet normal 0.2669958142211958 0.7001846784060433 -0.6621590830863733
outer loop
vertex 79.23739624023438 44.239437103271484 -8.37720775604248
vertex 77.9002914428711 44.783477783203125 -8.341072082519531
vertex 78.06947326660156 45.579280853271484 -7.431351184844971
endloop
endfacet
facet normal 0.00263778726943074 0.752409355707025 -0.6586905218104027
outer loop
vertex 68.79849243164062 45.5193977355957 -7.537527561187744
vertex 38.816917419433594 45.72399139404297 -7.423888206481934
vertex 68.77930450439453 45.71479415893555 -7.314406871795654
endloop
endfacet
facet normal 0.0026839739184461426 0.7524058308470963 -0.6586943615906362
outer loop
vertex 77.1672592163086 45.71221923828125 -7.283174514770508
vertex 70.70315551757812 45.33180236816406 -7.744051933288574
vertex 70.76006317138672 45.5193977355957 -7.52953577041626
endloop
endfacet
facet normal 0.002683135094567991 0.7524118116765032 -0.6586875332323716
outer loop
vertex 77.1672592163086 45.71221923828125 -7.283174514770508
vertex 70.61074829101562 45.15891647338867 -7.941914081573486
vertex 70.70315551757812 45.33180236816406 -7.744051933288574
endloop
endfacet
facet normal 0.0026827247516461447 0.7524138729167614 -0.6586851803633559
outer loop
vertex 70.48638153076172 45.007381439208984 -8.115518569946289
vertex 70.61074829101562 45.15891647338867 -7.941914081573486
vertex 77.1672592163086 45.71221923828125 -7.283174514770508
endloop
endfacet
facet normal 0.0026837914453948443 0.7524095663202719 -0.6586900953963237
outer loop
vertex 77.9002914428711 44.783477783203125 -8.341072082519531
vertex 70.48638153076172 45.007381439208984 -8.115518569946289
vertex 77.1672592163086 45.71221923828125 -7.283174514770508
endloop
endfacet
facet normal 0.0026837228514237773 0.7524085103807324 -0.6586913018541417
outer loop
vertex 77.9002914428711 44.783477783203125 -8.341072082519531
vertex 70.33484649658203 44.883018493652344 -8.258193016052246
vertex 70.48638153076172 45.007381439208984 -8.115518569946289
endloop
endfacet
facet normal 0.002683584025896607 0.7524031027014069 -0.6586974794411105
outer loop
vertex 77.9002914428711 44.783477783203125 -8.341072082519531
vertex 70.20315551757812 44.812625885009766 -8.339136123657227
vertex 70.33484649658203 44.883018493652344 -8.258193016052246
endloop
endfacet
facet normal 0.0026835475135470535 0.7523921643945478 -0.6587099737596434
outer loop
vertex 69.34934997558594 44.81585693359375 -8.338921546936035
vertex 38.89728927612305 44.931175231933594 -8.331262588500977
vertex 69.22370147705078 44.883018493652344 -8.262720108032227
endloop
endfacet
facet normal 0.0026835522785109566 0.7524115283491158 -0.6586878551746012
outer loop
vertex 77.1672592163086 45.71221923828125 -7.283174514770508
vertex 70.76006317138672 45.5193977355957 -7.52953577041626
vertex 70.77924346923828 45.71417999267578 -7.306960105895996
endloop
endfacet
facet normal 0.0026376770479548204 0.7523994736313648 -0.6587018101835123
outer loop
vertex 68.85539245605469 45.33180236816406 -7.751579761505127
vertex 38.816917419433594 45.72399139404297 -7.423888206481934
vertex 68.79849243164062 45.5193977355957 -7.537527561187744
endloop
endfacet
facet normal 0.002637722572616466 0.7524012576387565 -0.6586997722204309
outer loop
vertex 68.94780731201172 45.15891647338867 -7.948688983917236
vertex 38.816917419433594 45.72399139404297 -7.423888206481934
vertex 68.85539245605469 45.33180236816406 -7.751579761505127
endloop
endfacet
facet normal 0.002637537216674953 0.7523964620798411 -0.6587052506600876
outer loop
vertex 69.0721664428711 45.007381439208984 -8.1212797164917
vertex 38.816917419433594 45.72399139404297 -7.423888206481934
vertex 68.94780731201172 45.15891647338867 -7.948688983917236
endloop
endfacet
facet normal 0.002636992340062898 0.7523855685740597 -0.6587176955820205
outer loop
vertex 69.22370147705078 44.883018493652344 -8.262720108032227
vertex 38.816917419433594 45.72399139404297 -7.423888206481934
vertex 69.0721664428711 45.007381439208984 -8.1212797164917
endloop
endfacet
facet normal 0.0026827833061162363 0.7531589185660275 -0.657833144542128
outer loop
vertex 69.22370147705078 44.883018493652344 -8.262720108032227
vertex 38.89728927612305 44.931175231933594 -8.331262588500977
vertex 38.816917419433594 45.72399139404297 -7.423888206481934
endloop
endfacet
facet normal 0.00268410865774744 0.7524096744823463 -0.658689970552219
outer loop
vertex 78.06947326660156 45.579280853271484 -7.431351184844971
vertex 77.9002914428711 44.783477783203125 -8.341072082519531
vertex 77.1672592163086 45.71221923828125 -7.283174514770508
endloop
endfacet
facet normal -0.11628768674852032 0.7428085053712287 -0.6593274590511452
outer loop
vertex 38.89728927612305 44.931175231933594 -8.331262588500977
vertex 37.79032897949219 45.632205963134766 -7.3462324142456055
vertex 38.816917419433594 45.72399139404297 -7.423888206481934
endloop
endfacet
facet normal -0.11628642561991341 0.7428086593890879 -0.659327507960293
outer loop
vertex 37.79032897949219 45.632205963134766 -7.3462324142456055
vertex 37.2811164855957 44.66231155395508 -8.349120140075684
vertex 37.00178146362305 45.42623519897461 -7.439205169677734
endloop
endfacet
facet normal -0.11628727819259421 0.7428087943264253 -0.6593272055678276
outer loop
vertex 38.89728927612305 44.931175231933594 -8.331262588500977
vertex 37.2811164855957 44.66231155395508 -8.349120140075684
vertex 37.79032897949219 45.632205963134766 -7.3462324142456055
endloop
endfacet
facet normal -0.33250502834467927 0.6695424806672065 -0.6641937011952971
outer loop
vertex 36.957427978515625 45.414649963378906 -7.428679943084717
vertex 37.2811164855957 44.66231155395508 -8.349120140075684
vertex 36.09661102294922 45.03791809082031 -7.377508163452148
endloop
endfacet
facet normal -0.33250182860356453 0.6695439746080544 -0.6641937970512333
outer loop
vertex 37.2811164855957 44.66231155395508 -8.349120140075684
vertex 36.957427978515625 45.414649963378906 -7.428679943084717
vertex 37.00178146362305 45.42623519897461 -7.439205169677734
endloop
endfacet
facet normal -0.3325062784183859 0.6695409391940267 -0.6641946292733295
outer loop
vertex 35.4488639831543 44.62114334106445 -7.473365306854248
vertex 36.09661102294922 45.03791809082031 -7.377508163452148
vertex 37.2811164855957 44.66231155395508 -8.349120140075684
endloop
endfacet
facet normal -0.33250528818863984 0.6695436107480159 -0.6641924319300084
outer loop
vertex 36.02043533325195 43.9920768737793 -8.393637657165527
vertex 35.4488639831543 44.62114334106445 -7.473365306854248
vertex 37.2811164855957 44.66231155395508 -8.349120140075684
endloop
endfacet
facet normal -0.5496745470429887 0.49319668342602285 -0.6742513802660374
outer loop
vertex 34.12852478027344 43.27851867675781 -7.36367130279541
vertex 34.266639709472656 41.82786178588867 -8.537384033203125
vertex 33.54994201660156 42.305870056152344 -7.603455543518066
endloop
endfacet
facet normal -0.5521033089938229 0.4876874021749913 -0.6762713463971985
outer loop
vertex 36.02043533325195 43.9920768737793 -8.393637657165527
vertex 34.12852478027344 43.27851867675781 -7.36367130279541
vertex 34.67170715332031 43.94636154174805 -7.325512409210205
endloop
endfacet
facet normal -0.5521034000708067 0.4876871230264815 -0.6762714733480986
outer loop
vertex 36.02043533325195 43.9920768737793 -8.393637657165527
vertex 34.67170715332031 43.94636154174805 -7.325512409210205
vertex 35.37267303466797 44.572120666503906 -7.4465155601501465
endloop
endfacet
facet normal -0.5521046410824512 0.48768572683503936 -0.6762714670430783
outer loop
vertex 35.4488639831543 44.62114334106445 -7.473365306854248
vertex 36.02043533325195 43.9920768737793 -8.393637657165527
vertex 35.37267303466797 44.572120666503906 -7.4465155601501465
endloop
endfacet
facet normal -0.5520484246732595 0.4920679707004874 -0.6731356839645903
outer loop
vertex 34.266639709472656 41.82786178588867 -8.537384033203125
vertex 34.12852478027344 43.27851867675781 -7.36367130279541
vertex 36.02043533325195 43.9920768737793 -8.393637657165527
endloop
endfacet
facet normal -0.3309335891892831 0.6722418554575522 -0.662249082534122
outer loop
vertex 32.6075439453125 40.64269256591797 -8.616103172302246
vertex 32.245880126953125 41.2281608581543 -7.841073036193848
vertex 32.53776550292969 41.36520004272461 -7.847824573516846
endloop
endfacet
facet normal -0.3541066243819721 0.6650078878853742 -0.6575507642905135
outer loop
vertex 32.6075439453125 40.64269256591797 -8.616103172302246
vertex 32.53776550292969 41.36520004272461 -7.847824573516846
vertex 32.922569274902344 41.62501525878906 -7.792288780212402
endloop
endfacet
facet normal -0.4258826636763433 0.6576747827292602 -0.6213596679395623
outer loop
vertex 33.029293060302734 41.72419738769531 -7.760458946228027
vertex 32.6075439453125 40.64269256591797 -8.616103172302246
vertex 32.922569274902344 41.62501525878906 -7.792288780212402
endloop
endfacet
facet normal -0.35050706914510815 0.6613442200471698 -0.6631505237044657
outer loop
vertex 33.41437530517578 41.1008186340332 -8.585674285888672
vertex 32.6075439453125 40.64269256591797 -8.616103172302246
vertex 33.029293060302734 41.72419738769531 -7.760458946228027
endloop
endfacet
facet normal -0.5479178899134008 0.4954279582469583 -0.674045342762708
outer loop
vertex 34.266639709472656 41.82786178588867 -8.537384033203125
vertex 34.05714797973633 41.573158264160156 -8.554301261901855
vertex 33.54994201660156 42.305870056152344 -7.603455543518066
endloop
endfacet
facet normal -0.33413194286671877 0.6704908794816913 -0.6624181649743461
outer loop
vertex 33.603538513183594 41.20170593261719 -8.578973770141602
vertex 33.41437530517578 41.1008186340332 -8.585674285888672
vertex 33.1450080871582 41.83173751831055 -7.709975719451904
endloop
endfacet
facet normal -0.33412934018133944 0.6704920238120509 -0.6624183195190204
outer loop
vertex 33.1450080871582 41.83173751831055 -7.709975719451904
vertex 33.41437530517578 41.1008186340332 -8.585674285888672
vertex 33.029293060302734 41.72419738769531 -7.760458946228027
endloop
endfacet
facet normal -0.449670180193661 0.5934599618573647 -0.6675342708182521
outer loop
vertex 33.26268005371094 41.941097259521484 -7.692018508911133
vertex 33.603538513183594 41.20170593261719 -8.578973770141602
vertex 33.1450080871582 41.83173751831055 -7.709975719451904
endloop
endfacet
facet normal -0.4496667777087621 0.5934620514029584 -0.6675347051424452
outer loop
vertex 33.603538513183594 41.20170593261719 -8.578973770141602
vertex 33.26268005371094 41.941097259521484 -7.692018508911133
vertex 34.05714797973633 41.573158264160156 -8.554301261901855
endloop
endfacet
facet normal -0.485635480147425 0.5478315348930226 -0.681203926734671
outer loop
vertex 33.26268005371094 41.941097259521484 -7.692018508911133
vertex 33.54994201660156 42.305870056152344 -7.603455543518066
vertex 34.05714797973633 41.573158264160156 -8.554301261901855
endloop
endfacet
facet normal -0.006771553544970913 0.7523827163888661 -0.6586914255870487
outer loop
vertex 19.816917419433594 40.97399139404297 -7.688197612762451
vertex 19.161882400512695 40.125675201416016 -8.650443077087402
vertex 19.02931022644043 40.91830062866211 -7.743712902069092
endloop
endfacet
facet normal -0.006930242801619658 0.752435274911921 -0.6586297357415111
outer loop
vertex 19.161882400512695 40.125675201416016 -8.650443077087402
vertex 19.816917419433594 40.97399139404297 -7.688197612762451
vertex 31.162302017211914 40.24302673339844 -8.642648696899414
endloop
endfacet
facet normal -0.006891491845476054 0.7526768179215646 -0.658354095531889
outer loop
vertex 31.162302017211914 40.24302673339844 -8.642648696899414
vertex 19.816917419433594 40.97399139404297 -7.688197612762451
vertex 31.15474510192871 40.977970123291016 -7.802330493927002
endloop
endfacet
facet normal -0.33412671310283976 0.6704933554897037 -0.6624182967243966
outer loop
vertex 32.2791862487793 40.46757125854492 -8.627734184265137
vertex 32.245880126953125 41.2281608581543 -7.841073036193848
vertex 32.6075439453125 40.64269256591797 -8.616103172302246
endloop
endfacet
facet normal -0.06947648706806685 0.7505971711470286 -0.6570973325244586
outer loop
vertex 31.7176456451416 40.297603607177734 -8.639023780822754
vertex 31.162302017211914 40.24302673339844 -8.642648696899414
vertex 31.211328506469727 40.977989196777344 -7.808290481567383
endloop
endfacet
facet normal -0.20575765705416588 0.7235489804936435 -0.6588935114190982
outer loop
vertex 31.7176456451416 40.297603607177734 -8.639023780822754
vertex 31.671770095825195 41.03776550292969 -7.811905860900879
vertex 32.2791862487793 40.46757125854492 -8.627734184265137
endloop
endfacet
facet normal -0.3341313562715841 0.6704907973823452 -0.6624185439597073
outer loop
vertex 32.11747360229492 41.167877197265625 -7.837324619293213
vertex 32.2791862487793 40.46757125854492 -8.627734184265137
vertex 31.98345184326172 41.128753662109375 -7.809322834014893
endloop
endfacet
facet normal -0.3341182416203134 0.670495695838288 -0.6624202008384708
outer loop
vertex 32.245880126953125 41.2281608581543 -7.841073036193848
vertex 32.2791862487793 40.46757125854492 -8.627734184265137
vertex 32.11747360229492 41.167877197265625 -7.837324619293213
endloop
endfacet
facet normal -0.06946583631412259 0.7505974183884075 -0.6570981761455721
outer loop
vertex 31.211328506469727 40.977989196777344 -7.808290481567383
vertex 31.162302017211914 40.24302673339844 -8.642648696899414
vertex 31.15474510192871 40.977970123291016 -7.802330493927002
endloop
endfacet
facet normal -0.06947315798448546 0.7505983851307518 -0.6570962977819692
outer loop
vertex 31.211328506469727 40.977989196777344 -7.808290481567383
vertex 31.562410354614258 41.02356719970703 -7.793345928192139
vertex 31.7176456451416 40.297603607177734 -8.639023780822754
endloop
endfacet
facet normal -0.20576187518619077 0.723546499854568 -0.6588949182290497
outer loop
vertex 32.2791862487793 40.46757125854492 -8.627734184265137
vertex 31.671770095825195 41.03776550292969 -7.811905860900879
vertex 31.98345184326172 41.128753662109375 -7.809322834014893
endloop
endfacet
facet normal -0.20576276979386915 0.7235480370951811 -0.6588929507761224
outer loop
vertex 31.671770095825195 41.03776550292969 -7.811905860900879
vertex 31.7176456451416 40.297603607177734 -8.639023780822754
vertex 31.562410354614258 41.02356719970703 -7.793345928192139
endloop
endfacet
facet normal -0.2086369065121613 0.7210032183796103 -0.6607760591359826
outer loop
vertex 17.703092575073242 39.676177978515625 -8.680298805236816
vertex 17.346189498901367 40.40995788574219 -7.766947269439697
vertex 18.090925216674805 40.70913314819336 -7.675650119781494
endloop
endfacet
facet normal -0.2086394163547232 0.7210033016225391 -0.6607751758295393
outer loop
vertex 19.161882400512695 40.125675201416016 -8.650443077087402
vertex 17.703092575073242 39.676177978515625 -8.680298805236816
vertex 18.090925216674805 40.70913314819336 -7.675650119781494
endloop
endfacet
facet normal -0.20863991988844977 0.72100288012667 -0.6607754767528741
outer loop
vertex 19.02931022644043 40.91830062866211 -7.743712902069092
vertex 19.161882400512695 40.125675201416016 -8.650443077087402
vertex 18.090925216674805 40.70913314819336 -7.675650119781494
endloop
endfacet
facet normal -0.36753582747078317 0.6496196878686242 -0.6655160979712196
outer loop
vertex 17.703092575073242 39.676177978515625 -8.680298805236816
vertex 15.700679779052734 39.25001525878906 -7.99043607711792
vertex 16.485715866088867 39.905914306640625 -7.783745288848877
endloop
endfacet
facet normal -0.3675367674046378 0.6496182310126987 -0.6655170009411338
outer loop
vertex 17.703092575073242 39.676177978515625 -8.680298805236816
vertex 16.485715866088867 39.905914306640625 -7.783745288848877
vertex 17.292123794555664 40.38823699951172 -7.758289813995361
endloop
endfacet
facet normal -0.3671038469968238 0.653718618452718 -0.6617301061674634
outer loop
vertex 17.703092575073242 39.676177978515625 -8.680298805236816
vertex 15.435684204101562 38.31110763549805 -8.770966529846191
vertex 15.700679779052734 39.25001525878906 -7.99043607711792
endloop
endfacet
facet normal -0.3706438130574614 0.6533655226283399 -0.6601035204290475
outer loop
vertex 15.435684204101562 38.31110763549805 -8.770966529846191
vertex 15.315872192382812 38.99020004272461 -8.031532287597656
vertex 15.700679779052734 39.25001525878906 -7.99043607711792
endloop
endfacet
facet normal -0.36754931253913364 0.6496110701469576 -0.6655170624368205
outer loop
vertex 17.703092575073242 39.676177978515625 -8.680298805236816
vertex 17.292123794555664 40.38823699951172 -7.758289813995361
vertex 17.346189498901367 40.40995788574219 -7.766947269439697
endloop
endfacet
facet normal -0.35153814232663516 0.6604404408087232 -0.6635053568991871
outer loop
vertex 15.435684204101562 38.31110763549805 -8.770966529846191
vertex 15.064591407775879 38.87222671508789 -8.015827178955078
vertex 15.315872192382812 38.99020004272461 -8.031532287597656
endloop
endfacet
facet normal -0.0033733995517485466 0.7529370470798457 -0.6580839029410661
outer loop
vertex 13.899139404296875 37.86899948120117 -8.800331115722656
vertex 1.10873544216156 37.808162689208984 -8.80437183380127
vertex 1.104688048362732 38.5990104675293 -7.899514198303223
endloop
endfacet
facet normal -0.0034254771115330694 0.7525583426965663 -0.6585166717284807
outer loop
vertex 13.899139404296875 37.86899948120117 -8.800331115722656
vertex 1.104688048362732 38.5990104675293 -7.899514198303223
vertex 13.89538288116455 38.60295867919922 -7.961536884307861
endloop
endfacet
facet normal -0.33413157567604546 0.6704898061720876 -0.6624194365774299
outer loop
vertex 15.064591407775879 38.87222671508789 -8.015827178955078
vertex 15.030403137207031 38.09495544433594 -8.785323143005371
vertex 14.895583152770996 38.792877197265625 -8.010893821716309
endloop
endfacet
facet normal -0.06947485459476249 0.7505977119666495 -0.6570968873533546
outer loop
vertex 14.46886157989502 37.92498779296875 -8.796612739562988
vertex 13.899139404296875 37.86899948120117 -8.800331115722656
vertex 13.89538288116455 38.60295867919922 -7.961536884307861
endloop
endfacet
facet normal -0.06948969324567236 0.750591694357177 -0.657102192124364
outer loop
vertex 14.46886157989502 37.92498779296875 -8.796612739562988
vertex 13.89538288116455 38.60295867919922 -7.961536884307861
vertex 13.989437103271484 38.602989196777344 -7.9714484214782715
endloop
endfacet
facet normal -0.06947730903620938 0.7505960248522309 -0.6570985550167617
outer loop
vertex 13.989437103271484 38.602989196777344 -7.9714484214782715
vertex 14.314849853515625 38.64523696899414 -7.957596302032471
vertex 14.46886157989502 37.92498779296875 -8.796612739562988
endloop
endfacet
facet normal -0.33413144209156775 0.6704898535419668 -0.6624194560118849
outer loop
vertex 14.895583152770996 38.792877197265625 -8.010893821716309
vertex 15.030403137207031 38.09495544433594 -8.785323143005371
vertex 14.738718032836914 38.74708557128906 -7.978118896484375
endloop
endfacet
facet normal -0.20574882778425946 0.7235499007872068 -0.6588952579403089
outer loop
vertex 14.46886157989502 37.92498779296875 -8.796612739562988
vertex 14.314849853515625 38.64523696899414 -7.957596302032471
vertex 14.44987964630127 38.66276550292969 -7.980512619018555
endloop
endfacet
facet normal -0.2057633826862847 0.7235474615809362 -0.6588933913656149
outer loop
vertex 14.738718032836914 38.74708557128906 -7.978118896484375
vertex 14.46886157989502 37.92498779296875 -8.796612739562988
vertex 14.44987964630127 38.66276550292969 -7.980512619018555
endloop
endfacet
facet normal -0.3341327736135689 0.6704895336934024 -0.66241910812182
outer loop
vertex 15.435684204101562 38.31110763549805 -8.770966529846191
vertex 15.030403137207031 38.09495544433594 -8.785323143005371
vertex 15.064591407775879 38.87222671508789 -8.015827178955078
endloop
endfacet
facet normal -0.20575679116398887 0.7235474069746112 -0.6588955097359634
outer loop
vertex 15.030403137207031 38.09495544433594 -8.785323143005371
vertex 14.46886157989502 37.92498779296875 -8.796612739562988
vertex 14.738718032836914 38.74708557128906 -7.978118896484375
endloop
endfacet
facet normal 0.03963167404328808 0.7526325080946068 -0.6572470145780414
outer loop
vertex 0.9212939739227295 37.82378005981445 -8.803335189819336
vertex -3.0590925216674805 38.815452575683594 -7.907757759094238
vertex 0.9699695110321045 38.602745056152344 -7.908384799957275
endloop
endfacet
facet normal 0.1007618087058514 0.7477343480874704 -0.6563081613057477
outer loop
vertex -3.209174156188965 38.06358337402344 -8.787406921386719
vertex -3.161447286605835 38.82736587524414 -7.9098992347717285
vertex -3.0590925216674805 38.815452575683594 -7.907757759094238
endloop
endfacet
facet normal 0.041372751336584 0.7560111163859305 -0.6532499424781759
outer loop
vertex -3.209174156188965 38.06358337402344 -8.787406921386719
vertex -3.0590925216674805 38.815452575683594 -7.907757759094238
vertex 0.9212939739227295 37.82378005981445 -8.803335189819336
endloop
endfacet
facet normal 0.06945897582532345 0.7516850064111439 -0.6558544821940121
outer loop
vertex 1.041100263595581 38.59899139404297 -7.905153751373291
vertex 1.10873544216156 37.808162689208984 -8.80437183380127
vertex 0.9699695110321045 38.602745056152344 -7.908384799957275
endloop
endfacet
facet normal 0.058027636267114435 0.7518086672515607 -0.6568230517229763
outer loop
vertex 1.104688048362732 38.5990104675293 -7.899514198303223
vertex 1.10873544216156 37.808162689208984 -8.80437183380127
vertex 1.041100263595581 38.59899139404297 -7.905153751373291
endloop
endfacet
facet normal 0.058970094548283 0.7513903669415716 -0.6572176537619612
outer loop
vertex 1.10873544216156 37.808162689208984 -8.80437183380127
vertex 0.9212939739227295 37.82378005981445 -8.803335189819336
vertex 0.9699695110321045 38.602745056152344 -7.908384799957275
endloop
endfacet
facet normal 0.24996851948388413 0.7772678130672481 -0.5773824434780578
outer loop
vertex -4.012196063995361 38.22267150878906 -8.776840209960938
vertex -4.212432861328125 38.290409088134766 -8.77234172821045
vertex -4.170099258422852 38.299461364746094 -8.741827964782715
endloop
endfacet
facet normal 0.23200226269080115 0.7147769302248209 -0.6597491114997655
outer loop
vertex -3.74385666847229 38.94075393676758 -7.9045023918151855
vertex -4.012196063995361 38.22267150878906 -8.776840209960938
vertex -3.9120144844055176 38.99055480957031 -7.9096808433532715
endloop
endfacet
facet normal 0.23202011364746838 0.7147726944675266 -0.6597474229632486
outer loop
vertex -3.9767255783081055 38.817386627197266 -8.120049476623535
vertex -3.9120144844055176 38.99055480957031 -7.9096808433532715
vertex -4.012196063995361 38.22267150878906 -8.776840209960938
endloop
endfacet
facet normal 0.20323966821586983 0.72031133470063 -0.6632082767617576
outer loop
vertex -4.012196063995361 38.22267150878906 -8.776840209960938
vertex -4.170099258422852 38.299461364746094 -8.741827964782715
vertex -3.9767255783081055 38.817386627197266 -8.120049476623535
endloop
endfacet
facet normal 0.06948282383222187 0.7505961461655655 -0.6570978333198957
outer loop
vertex -3.4289348125457764 38.8585090637207 -7.902609348297119
vertex -3.161447286605835 38.82736587524414 -7.9098992347717285
vertex -3.209174156188965 38.06358337402344 -8.787406921386719
endloop
endfacet
facet normal 0.19319723246756382 0.7245386298872163 -0.6616030555915151
outer loop
vertex -3.6199791431427 38.10395812988281 -8.784725189208984
vertex -3.74385666847229 38.94075393676758 -7.9045023918151855
vertex -3.4289348125457764 38.8585090637207 -7.902609348297119
endloop
endfacet
facet normal 0.20575237105201255 0.7235489163771107 -0.658895232503608
outer loop
vertex -3.6199791431427 38.10395812988281 -8.784725189208984
vertex -4.012196063995361 38.22267150878906 -8.776840209960938
vertex -3.74385666847229 38.94075393676758 -7.9045023918151855
endloop
endfacet
facet normal 0.3340910887605243 0.6705096973003316 -0.6624197236171528
outer loop
vertex -4.170099258422852 38.299461364746094 -8.741827964782715
vertex -4.212432861328125 38.290409088134766 -8.77234172821045
vertex -3.9767255783081055 38.817386627197266 -8.120049476623535
endloop
endfacet
facet normal 0.0694805788656491 0.7505959892559788 -0.657098249939332
outer loop
vertex -3.209174156188965 38.06358337402344 -8.787406921386719
vertex -3.6199791431427 38.10395812988281 -8.784725189208984
vertex -3.4289348125457764 38.8585090637207 -7.902609348297119
endloop
endfacet
facet normal 0.5066488686699014 0.5390395735543252 -0.6728619932927407
outer loop
vertex -5.044999122619629 39.71602249145508 -7.929975986480713
vertex -5.9635186195373535 39.63972854614258 -8.682719230651855
vertex -5.342564105987549 40.07244110107422 -7.868503093719482
endloop
endfacet
facet normal 0.5018576503387281 0.5422275486116614 -0.6738903355317387
outer loop
vertex -4.792177677154541 39.494178771972656 -7.920196056365967
vertex -5.346200942993164 39.007049560546875 -8.72474193572998
vertex -5.044999122619629 39.71602249145508 -7.929975986480713
endloop
endfacet
facet normal 0.5066489798312951 0.5390393305052165 -0.6728621043010196
outer loop
vertex -5.346200942993164 39.007049560546875 -8.72474193572998
vertex -5.9635186195373535 39.63972854614258 -8.682719230651855
vertex -5.044999122619629 39.71602249145508 -7.929975986480713
endloop
endfacet
facet normal 0.5208914943354295 0.5225736257346919 -0.6749732267397733
outer loop
vertex -5.342564105987549 40.07244110107422 -7.868503093719482
vertex -5.9635186195373535 39.63972854614258 -8.682719230651855
vertex -5.387070655822754 40.146568298339844 -7.845459461212158
endloop
endfacet
facet normal 0.2057646769431157 0.723544824662519 -0.658895882842335
outer loop
vertex -3.9767255783081055 38.817386627197266 -8.120049476623535
vertex -4.346917629241943 38.33111572265625 -8.769638061523438
vertex -4.029163837432861 39.041526794433594 -7.890293121337891
endloop
endfacet
facet normal 0.5024753335545875 0.5415992760147229 -0.6739352813063982
outer loop
vertex -5.318047523498535 38.97857666015625 -8.726633071899414
vertex -5.346200942993164 39.007049560546875 -8.72474193572998
vertex -4.792177677154541 39.494178771972656 -7.920196056365967
endloop
endfacet
facet normal 0.47200790478531657 0.5702103846243796 -0.6723605097614617
outer loop
vertex -4.696000576019287 39.409786224365234 -7.924249172210693
vertex -5.318047523498535 38.97857666015625 -8.726633071899414
vertex -4.792177677154541 39.494178771972656 -7.920196056365967
endloop
endfacet
facet normal 0.449664058891612 0.5934637128586134 -0.6675350594996415
outer loop
vertex -4.864437580108643 38.60712814331055 -8.751304626464844
vertex -5.318047523498535 38.97857666015625 -8.726633071899414
vertex -4.696000576019287 39.409786224365234 -7.924249172210693
endloop
endfacet
facet normal 0.44966447816776517 0.5934635150559694 -0.6675349529212119
outer loop
vertex -4.4115824699401855 39.22936248779297 -7.893063068389893
vertex -4.864437580108643 38.60712814331055 -8.751304626464844
vertex -4.696000576019287 39.409786224365234 -7.924249172210693
endloop
endfacet
facet normal 0.33412412356394144 0.6704922658629303 -0.6624207057985293
outer loop
vertex -4.303927898406982 39.16107177734375 -7.9078850746154785
vertex -4.346917629241943 38.33111572265625 -8.769638061523438
vertex -4.4115824699401855 39.22936248779297 -7.893063068389893
endloop
endfacet
facet normal 0.33413040029150437 0.670490504534186 -0.6624193225824045
outer loop
vertex -4.029163837432861 39.041526794433594 -7.890293121337891
vertex -4.346917629241943 38.33111572265625 -8.769638061523438
vertex -4.303927898406982 39.16107177734375 -7.9078850746154785
endloop
endfacet
facet normal 0.3341308650163213 0.6704908406135375 -0.6624187479961574
outer loop
vertex -4.864437580108643 38.60712814331055 -8.751304626464844
vertex -4.4115824699401855 39.22936248779297 -7.893063068389893
vertex -4.346917629241943 38.33111572265625 -8.769638061523438
endloop
endfacet
facet normal 0.20577192855447388 0.7235445307098649 -0.6588939410093355
outer loop
vertex -3.9120144844055176 38.99055480957031 -7.9096808433532715
vertex -3.9767255783081055 38.817386627197266 -8.120049476623535
vertex -4.029163837432861 39.041526794433594 -7.890293121337891
endloop
endfacet
facet normal 0.20576095578670048 0.7235466022626724 -0.6588950928849642
outer loop
vertex -4.346917629241943 38.33111572265625 -8.769638061523438
vertex -3.9767255783081055 38.817386627197266 -8.120049476623535
vertex -4.212432861328125 38.290409088134766 -8.77234172821045
endloop
endfacet
facet normal 0.6703590718716138 0.2596790051155863 -0.6951154789397284
outer loop
vertex -6.671520233154297 40.81864929199219 -8.604415893554688
vertex -6.716071128845215 40.958526611328125 -8.595125198364258
vertex -5.82205867767334 41.18049240112305 -7.650031566619873
endloop
endfacet
facet normal 0.6736130557539236 0.25158954976160564 -0.694944709720575
outer loop
vertex -5.788508415222168 41.03776550292969 -7.669182300567627
vertex -6.671520233154297 40.81864929199219 -8.604415893554688
vertex -5.82205867767334 41.18049240112305 -7.650031566619873
endloop
endfacet
facet normal 0.6227766306943143 0.38503588846361464 -0.6810995763147066
outer loop
vertex -5.581568241119385 40.47050857543945 -7.765465259552002
vertex -6.584253787994385 40.58025360107422 -8.62024974822998
vertex -5.742866039276123 40.867645263671875 -7.688443660736084
endloop
endfacet
facet normal 0.679007268655127 0.2522175286371902 -0.6894457537483658
outer loop
vertex -6.584253787994385 40.58025360107422 -8.62024974822998
vertex -6.624121189117432 40.71139144897461 -8.611539840698242
vertex -5.788508415222168 41.03776550292969 -7.669182300567627
endloop
endfacet
facet normal 0.6239037076813808 0.3795925428138009 -0.6831205347386206
outer loop
vertex -6.307633399963379 40.063873291015625 -8.654547691345215
vertex -6.584253787994385 40.58025360107422 -8.62024974822998
vertex -5.581568241119385 40.47050857543945 -7.765465259552002
endloop
endfacet
facet normal 0.5463303219000801 0.4948883577816414 -0.6757282683925135
outer loop
vertex -5.387070655822754 40.146568298339844 -7.845459461212158
vertex -5.9635186195373535 39.63972854614258 -8.682719230651855
vertex -5.581568241119385 40.47050857543945 -7.765465259552002
endloop
endfacet
facet normal 0.6747671539753968 0.26125174457707934 -0.6902440248719112
outer loop
vertex -5.756286144256592 40.90068817138672 -7.689565181732178
vertex -6.584253787994385 40.58025360107422 -8.62024974822998
vertex -5.788508415222168 41.03776550292969 -7.669182300567627
endloop
endfacet
facet normal 0.5507069938314396 0.49160151115810835 -0.6745737625880532
outer loop
vertex -5.9635186195373535 39.63972854614258 -8.682719230651855
vertex -6.307633399963379 40.063873291015625 -8.654547691345215
vertex -5.581568241119385 40.47050857543945 -7.765465259552002
endloop
endfacet
facet normal 0.6782895540913793 0.25205501593467744 -0.6902112356030489
outer loop
vertex -5.742866039276123 40.867645263671875 -7.688443660736084
vertex -6.584253787994385 40.58025360107422 -8.62024974822998
vertex -5.756286144256592 40.90068817138672 -7.689565181732178
endloop
endfacet
facet normal 0.706933209944425 0.048843560159049816 -0.7055917681695705
outer loop
vertex -5.896174907684326 41.79476547241211 -7.577447414398193
vertex -6.856655597686768 41.856143951416016 -8.535505294799805
vertex -5.817011833190918 42.906578063964844 -7.421170234680176
endloop
endfacet
facet normal 0.70710470985528 0.0485155135393349 -0.705442537877108
outer loop
vertex -5.817011833190918 42.906578063964844 -7.421170234680176
vertex -6.856655597686768 41.856143951416016 -8.535505294799805
vertex -5.8683881759643555 43.846763610839844 -7.408008098602295
endloop
endfacet
facet normal 0.7071055751613182 0.04851462720396082 -0.7054417314867628
outer loop
vertex -5.8683881759643555 43.846763610839844 -7.408008098602295
vertex -6.856655597686768 41.856143951416016 -8.535505294799805
vertex -5.8967461585998535 43.9772834777832 -7.427456855773926
endloop
endfacet
facet normal 0.7071049660332343 0.048515201189348975 -0.7054423025766853
outer loop
vertex -6.856655597686768 41.856143951416016 -8.535505294799805
vertex -6.861446380615234 43.89691925048828 -8.399957656860352
vertex -5.8967461585998535 43.9772834777832 -7.427456855773926
endloop
endfacet
facet normal 0.7053981170186913 0.11607263072773281 -0.6992429055073982
outer loop
vertex -5.866328239440918 41.402549743652344 -7.612444877624512
vertex -6.7991461753845215 41.28044128417969 -8.57374382019043
vertex -5.896174907684326 41.79476547241211 -7.577447414398193
endloop
endfacet
facet normal 0.6782882473057109 0.2520615103241136 -0.6902101481288678
outer loop
vertex -5.862532615661621 41.35267639160156 -7.626928329467773
vertex -6.7991461753845215 41.28044128417969 -8.57374382019043
vertex -5.866328239440918 41.402549743652344 -7.612444877624512
endloop
endfacet
facet normal 0.6729304686913041 0.25151863286263926 -0.6956313403159827
outer loop
vertex -5.82205867767334 41.18049240112305 -7.650031566619873
vertex -6.716071128845215 40.958526611328125 -8.595125198364258
vertex -5.862532615661621 41.35267639160156 -7.626928329467773
endloop
endfacet
facet normal 0.7051063838115094 0.11689075199590818 -0.6994008432980957
outer loop
vertex -6.856655597686768 41.856143951416016 -8.535505294799805
vertex -5.896174907684326 41.79476547241211 -7.577447414398193
vertex -6.7991461753845215 41.28044128417969 -8.57374382019043
endloop
endfacet
facet normal 0.6845144097090184 0.22275341132031864 -0.6941332297519512
outer loop
vertex -6.716071128845215 40.958526611328125 -8.595125198364258
vertex -6.7991461753845215 41.28044128417969 -8.57374382019043
vertex -5.862532615661621 41.35267639160156 -7.626928329467773
endloop
endfacet
facet normal 0.6461151281932286 0.33120105451790915 -0.6876344251170622
outer loop
vertex -6.624121189117432 40.71139144897461 -8.611539840698242
vertex -6.671520233154297 40.81864929199219 -8.604415893554688
vertex -5.788508415222168 41.03776550292969 -7.669182300567627
endloop
endfacet
facet normal 0.6764996418527641 0.2521967571754129 -0.6919140338534026
outer loop
vertex -5.8967461585998535 43.9772834777832 -7.427456855773926
vertex -6.861446380615234 43.89691925048828 -8.399957656860352
vertex -6.051164150238037 44.687984466552734 -7.319390296936035
endloop
endfacet
facet normal 0.6764974724239362 0.2521978307131464 -0.6919157636501778
outer loop
vertex -6.391818046569824 45.56370544433594 -7.333263874053955
vertex -6.861446380615234 43.89691925048828 -8.399957656860352
vertex -6.454522609710693 45.670677185058594 -7.355580806732178
endloop
endfacet
facet normal 0.6764998426194739 0.25219625966075 -0.691914018898992
outer loop
vertex -6.861446380615234 43.89691925048828 -8.399957656860352
vertex -7.296187400817871 45.32294464111328 -8.305240631103516
vertex -6.454522609710693 45.670677185058594 -7.355580806732178
endloop
endfacet
facet normal 0.6765002645021568 0.2521957762266429 -0.6919137826217606
outer loop
vertex -6.861446380615234 43.89691925048828 -8.399957656860352
vertex -6.391818046569824 45.56370544433594 -7.333263874053955
vertex -6.051164150238037 44.687984466552734 -7.319390296936035
endloop
endfacet
facet normal 0.5791264809932152 0.4516965938561789 -0.6786624390012617
outer loop
vertex -7.296187400817871 45.32294464111328 -8.305240631103516
vertex -8.145977020263672 46.53325271606445 -8.224852561950684
vertex -7.498762607574463 47.09952926635742 -7.295665740966797
endloop
endfacet
facet normal 0.5791252890330935 0.45169705055734855 -0.6786631521750155
outer loop
vertex -6.454522609710693 45.670677185058594 -7.355580806732178
vertex -7.296187400817871 45.32294464111328 -8.305240631103516
vertex -6.827146530151367 46.306365966796875 -7.250458240509033
endloop
endfacet
facet normal 0.5791183289762792 0.45169878763988763 -0.6786679352145477
outer loop
vertex -7.296187400817871 45.32294464111328 -8.305240631103516
vertex -7.498762607574463 47.09952926635742 -7.295665740966797
vertex -7.423253059387207 47.032718658447266 -7.275699138641357
endloop
endfacet
facet normal 0.579126185104942 0.4516963226623531 -0.678662871991023
outer loop
vertex -7.296187400817871 45.32294464111328 -8.305240631103516
vertex -7.423253059387207 47.032718658447266 -7.275699138641357
vertex -6.827146530151367 46.306365966796875 -7.250458240509033
endloop
endfacet
facet normal 0.4242383164509334 0.6113225274048765 -0.6680618372143341
outer loop
vertex -8.145977020263672 46.53325271606445 -8.224852561950684
vertex -9.329524993896484 47.418880462646484 -8.16602897644043
vertex -8.92121696472168 48.1344108581543 -7.25198221206665
endloop
endfacet
facet normal 0.42423949451853477 0.6113226018500901 -0.6680610209837828
outer loop
vertex -8.860397338867188 48.10811233520508 -7.237424850463867
vertex -8.145977020263672 46.53325271606445 -8.224852561950684
vertex -8.92121696472168 48.1344108581543 -7.25198221206665
endloop
endfacet
facet normal 0.42423999906484433 0.6113235214590448 -0.6680598590728032
outer loop
vertex -8.06795883178711 47.60316467285156 -7.196260929107666
vertex -7.498762607574463 47.09952926635742 -7.295665740966797
vertex -8.145977020263672 46.53325271606445 -8.224852561950684
endloop
endfacet
facet normal 0.4242422602320596 0.6113226993477594 -0.6680591754443332
outer loop
vertex -8.145977020263672 46.53325271606445 -8.224852561950684
vertex -8.860397338867188 48.10811233520508 -7.237424850463867
vertex -8.06795883178711 47.60316467285156 -7.196260929107666
endloop
endfacet
facet normal 0.22701124234891093 0.7150653129035942 -0.6611713046777581
outer loop
vertex -9.329524993896484 47.418880462646484 -8.16602897644043
vertex -10.775297164916992 47.907901763916016 -8.13354778289795
vertex -10.591346740722656 48.68648147583008 -7.228344917297363
endloop
endfacet
facet normal 0.22701208514505145 0.7150656600623159 -0.6611706398485495
outer loop
vertex -9.329524993896484 47.418880462646484 -8.16602897644043
vertex -10.591346740722656 48.68648147583008 -7.228344917297363
vertex -9.650541305541992 48.449771881103516 -7.161325454711914
endloop
endfacet
facet normal 0.22701039552124683 0.7150656791696276 -0.6611711993114691
outer loop
vertex -8.92121696472168 48.1344108581543 -7.25198221206665
vertex -9.329524993896484 47.418880462646484 -8.16602897644043
vertex -9.650541305541992 48.449771881103516 -7.161325454711914
endloop
endfacet
facet normal 0.07532907915706828 0.7499877089194691 -0.6571483594311666
outer loop
vertex -28.629928588867188 49.816192626953125 -8.006799697875977
vertex -28.541494369506836 50.59052658081055 -7.11293363571167
vertex -10.591346740722656 48.68648147583008 -7.228344917297363
endloop
endfacet
facet normal 0.07530737645044919 0.7483718793610753 -0.658990386298406
outer loop
vertex -28.629928588867188 49.816192626953125 -8.006799697875977
vertex -10.591346740722656 48.68648147583008 -7.228344917297363
vertex -10.775297164916992 47.907901763916016 -8.13354778289795
endloop
endfacet
facet normal 0.18826547905418017 0.7289071800509314 -0.6582176177121813
outer loop
vertex -28.986299514770508 50.673377990722656 -7.120050430297852
vertex -29.242984771728516 49.946754455566406 -7.9981279373168945
vertex -29.187360763549805 50.72344970703125 -7.122109413146973
endloop
endfacet
facet normal 0.2229752010392231 0.7223427536553932 -0.6546014099916542
outer loop
vertex -29.187360763549805 50.72344970703125 -7.122109413146973
vertex -29.242984771728516 49.946754455566406 -7.9981279373168945
vertex -29.73406982421875 50.946956634521484 -7.061697006225586
endloop
endfacet
facet normal 0.2219418536969609 0.722254846198182 -0.6550494261662987
outer loop
vertex -29.242984771728516 49.946754455566406 -7.9981279373168945
vertex -46.00628662109375 56.246482849121094 -6.73176383972168
vertex -29.73406982421875 50.946956634521484 -7.061697006225586
endloop
endfacet
facet normal 0.22200343390571636 0.7223855396817669 -0.6548844229272464
outer loop
vertex -46.35874557495117 55.543785095214844 -7.626373291015625
vertex -46.00628662109375 56.246482849121094 -6.73176383972168
vertex -29.242984771728516 49.946754455566406 -7.9981279373168945
endloop
endfacet
facet normal 0.28738460337845306 0.6949708757433444 -0.6591096810163982
outer loop
vertex -46.35874557495117 55.543785095214844 -7.626373291015625
vertex -46.09831619262695 56.281002044677734 -6.735493183135986
vertex -46.00628662109375 56.246482849121094 -6.73176383972168
endloop
endfacet
facet normal 0.0709859810615387 0.7504425031175798 -0.6571126539698898
outer loop
vertex -28.73681640625 50.61124801635742 -7.1103692054748535
vertex -28.541494369506836 50.59052658081055 -7.11293363571167
vertex -28.629928588867188 49.816192626953125 -8.006799697875977
endloop
endfacet
facet normal 0.20575725626525704 0.7235486475440445 -0.6588940021971497
outer loop
vertex -28.986299514770508 50.673377990722656 -7.120050430297852
vertex -28.73681640625 50.61124801635742 -7.1103692054748535
vertex -28.89898681640625 49.84263610839844 -8.005043983459473
endloop
endfacet
facet normal 0.06946474339713442 0.750433219034518 -0.6572858078448534
outer loop
vertex -28.629928588867188 49.816192626953125 -8.006799697875977
vertex -28.89898681640625 49.84263610839844 -8.005043983459473
vertex -28.73681640625 50.61124801635742 -7.1103692054748535
endloop
endfacet
facet normal 0.20575067313786014 0.7235493379508066 -0.6588952997664097
outer loop
vertex -28.89898681640625 49.84263610839844 -8.005043983459473
vertex -29.242984771728516 49.946754455566406 -7.9981279373168945
vertex -28.986299514770508 50.673377990722656 -7.120050430297852
endloop
endfacet
facet normal 0.357526877700523 0.6555981646283181 -0.6651056895394116
outer loop
vertex -48.0297737121582 56.42692947387695 -7.567715167999268
vertex -64.37355041503906 66.9575424194336 -5.973215103149414
vertex -48.096458435058594 56.55168151855469 -7.480592727661133
endloop
endfacet
facet normal 0.35751871264033297 0.6555876903033641 -0.6651204029607718
outer loop
vertex -48.0297737121582 56.42692947387695 -7.567715167999268
vertex -65.16996002197266 66.44955444335938 -6.902012825012207
vertex -64.77162170410156 67.16680145263672 -5.980928897857666
endloop
endfacet
facet normal 0.2957626098660556 0.6910509924201995 -0.659524832345437
outer loop
vertex -46.80961227416992 56.0045051574707 -7.340004920959473
vertex -46.9381217956543 55.802608489990234 -7.609182357788086
vertex -46.97748565673828 55.95357894897461 -7.4686479568481445
endloop
endfacet
facet normal 0.3575209247713982 0.6555905469807941 -0.6651163981289497
outer loop
vertex -64.77162170410156 67.16680145263672 -5.980928897857666
vertex -64.37355041503906 66.9575424194336 -5.973215103149414
vertex -48.0297737121582 56.42692947387695 -7.567715167999268
endloop
endfacet
facet normal 0.3407862127105453 0.6866405055266912 -0.642175656184858
outer loop
vertex -46.9381217956543 55.802608489990234 -7.609182357788086
vertex -47.190425872802734 55.93612289428711 -7.600314617156982
vertex -46.97748565673828 55.95357894897461 -7.4686479568481445
endloop
endfacet
facet normal 0.35752136977331056 0.6555918075906708 -0.6651149163681511
outer loop
vertex -48.096458435058594 57.31705093383789 -6.7261962890625
vertex -64.37355041503906 66.9575424194336 -5.973215103149414
vertex -48.00218963623047 57.4921989440918 -6.502883434295654
endloop
endfacet
facet normal 0.35751726935057276 0.6555855391415266 -0.6651232990841803
outer loop
vertex -48.15336227416992 57.12945556640625 -6.941688537597656
vertex -64.37355041503906 66.9575424194336 -5.973215103149414
vertex -48.096458435058594 57.31705093383789 -6.7261962890625
endloop
endfacet
facet normal 0.3575177322693699 0.6555862131530314 -0.6651223859085148
outer loop
vertex -48.172576904296875 56.934364318847656 -7.14431095123291
vertex -64.37355041503906 66.9575424194336 -5.973215103149414
vertex -48.15336227416992 57.12945556640625 -6.941688537597656
endloop
endfacet
facet normal 0.3575218727357929 0.6555919812767763 -0.665114474809474
outer loop
vertex -48.15336227416992 56.73927688598633 -7.326276779174805
vertex -64.37355041503906 66.9575424194336 -5.973215103149414
vertex -48.172576904296875 56.934364318847656 -7.14431095123291
endloop
endfacet
facet normal 0.3575138158504293 0.6555811757728296 -0.665129456157506
outer loop
vertex -48.096458435058594 56.55168151855469 -7.480592727661133
vertex -64.37355041503906 66.9575424194336 -5.973215103149414
vertex -48.15336227416992 56.73927688598633 -7.326276779174805
endloop
endfacet
facet normal 0.35754083992283325 0.6555755251669025 -0.6651204993002509
outer loop
vertex -64.82444763183594 67.18694305419922 -5.989473342895508
vertex -64.77162170410156 67.16680145263672 -5.980928897857666
vertex -65.16996002197266 66.44955444335938 -6.902012825012207
endloop
endfacet
facet normal 0.33414635428374634 0.6704838108347069 -0.6624180502729754
outer loop
vertex -46.46546936035156 56.22726058959961 -6.940948009490967
vertex -46.34110641479492 56.3787956237793 -6.72483491897583
vertex -46.576290130615234 55.6096305847168 -7.622000217437744
endloop
endfacet
facet normal 0.21131118653392852 0.7217902947841464 -0.6590647561515018
outer loop
vertex -46.25717544555664 56.34058380126953 -6.721174716949463
vertex -46.09831619262695 56.281002044677734 -6.735493183135986
vertex -46.35874557495117 55.543785095214844 -7.626373291015625
endloop
endfacet
facet normal 0.3341290160462296 0.6704895886139091 -0.662420947884598
outer loop
vertex -46.576290130615234 55.6096305847168 -7.622000217437744
vertex -46.80961227416992 56.0045051574707 -7.340004920959473
vertex -46.617008209228516 56.10289764404297 -7.143263339996338
endloop
endfacet
facet normal 0.20558660073297444 0.7230313420235719 -0.659514842934299
outer loop
vertex -46.35874557495117 55.543785095214844 -7.626373291015625
vertex -46.576290130615234 55.6096305847168 -7.622000217437744
vertex -46.25717544555664 56.34058380126953 -6.721174716949463
endloop
endfacet
facet normal 0.3341307704090647 0.6704892284239106 -0.6624204275483614
outer loop
vertex -46.576290130615234 55.6096305847168 -7.622000217437744
vertex -46.617008209228516 56.10289764404297 -7.143263339996338
vertex -46.46546936035156 56.22726058959961 -6.940948009490967
endloop
endfacet
facet normal 0.3341440013837947 0.6704847756196822 -0.6624182606189618
outer loop
vertex -46.576290130615234 55.6096305847168 -7.622000217437744
vertex -46.34110641479492 56.3787956237793 -6.72483491897583
vertex -46.25717544555664 56.34058380126953 -6.721174716949463
endloop
endfacet
facet normal 0.33413023439420547 0.6704897517308019 -0.6624201682373816
outer loop
vertex -46.576290130615234 55.6096305847168 -7.622000217437744
vertex -46.9381217956543 55.802608489990234 -7.609182357788086
vertex -46.80961227416992 56.0045051574707 -7.340004920959473
endloop
endfacet
facet normal 0.20133544058140276 0.7232090173309 -0.6606305757510519
outer loop
vertex -65.16996002197266 66.44955444335938 -6.902012825012207
vertex -66.51283264160156 67.6782455444336 -5.966190814971924
vertex -65.65144348144531 67.50222778320312 -5.896362781524658
endloop
endfacet
facet normal 0.20133740409972112 0.7232091768837104 -0.660629802674366
outer loop
vertex -65.16996002197266 66.44955444335938 -6.902012825012207
vertex -65.65144348144531 67.50222778320312 -5.896362781524658
vertex -64.82444763183594 67.18694305419922 -5.989473342895508
endloop
endfacet
facet normal 0.20133677334543382 0.7232096429507162 -0.66062948469013
outer loop
vertex -65.16996002197266 66.44955444335938 -6.902012825012207
vertex -66.62489318847656 66.8807601928711 -6.873372554779053
vertex -66.51283264160156 67.6782455444336 -5.966190814971924
endloop
endfacet
facet normal -0.02003813387180735 0.7521323149724853 -0.6587074115000269
outer loop
vertex -66.62489318847656 66.8807601928711 -6.873372554779053
vertex -68.10155487060547 66.8389892578125 -6.876147270202637
vertex -68.26200103759766 67.62955474853516 -5.968574523925781
endloop
endfacet
facet normal -0.020038300038883308 0.7521321597427291 -0.6587075836911929
outer loop
vertex -66.62489318847656 66.8807601928711 -6.873372554779053
vertex -68.26200103759766 67.62955474853516 -5.968574523925781
vertex -67.43285369873047 67.72228240966797 -5.887918472290039
endloop
endfacet
facet normal -0.020039900358497658 0.752131477918994 -0.6587083135326376
outer loop
vertex -66.51283264160156 67.6782455444336 -5.966190814971924
vertex -66.62489318847656 66.8807601928711 -6.873372554779053
vertex -67.43285369873047 67.72228240966797 -5.887918472290039
endloop
endfacet
facet normal -0.2392844330874707 0.7107931858018877 -0.6614499278854076
outer loop
vertex -68.10155487060547 66.8389892578125 -6.876147270202637
vertex -69.91535949707031 67.04883575439453 -5.9944891929626465
vertex -69.19436645507812 67.37741088867188 -5.902227401733398
endloop
endfacet
facet normal -0.23929059248087212 0.7107875698756049 -0.6614537344822278
outer loop
vertex -68.10155487060547 66.8389892578125 -6.876147270202637
vertex -69.19436645507812 67.37741088867188 -5.902227401733398
vertex -68.26200103759766 67.62955474853516 -5.968574523925781
endloop
endfacet
facet normal -0.23928876760246595 0.710785197615358 -0.661456943837004
outer loop
vertex -68.10155487060547 66.8389892578125 -6.876147270202637
vertex -69.49230194091797 66.3399429321289 -6.909293174743652
vertex -69.91535949707031 67.04883575439453 -5.9944891929626465
endloop
endfacet
facet normal -0.43455934057083445 0.6034509022698721 -0.6685844659220843
outer loop
vertex -69.97769927978516 67.02042388916016 -5.979611396789551
vertex -69.49230194091797 66.3399429321289 -6.909293174743652
vertex -70.76127624511719 66.50182342529297 -5.938388824462891
endloop
endfacet
facet normal -0.43458223050434713 0.6034344881120378 -0.668584402664936
outer loop
vertex -69.91535949707031 67.04883575439453 -5.9944891929626465
vertex -69.49230194091797 66.3399429321289 -6.909293174743652
vertex -69.97769927978516 67.02042388916016 -5.979611396789551
endloop
endfacet
facet normal -0.43456119709843577 0.6034475045831931 -0.6685863259061552
outer loop
vertex -69.49230194091797 66.3399429321289 -6.909293174743652
vertex -71.31689453125 65.99054718017578 -6.038717269897461
vertex -70.76127624511719 66.50182342529297 -5.938388824462891
endloop
endfacet
facet normal -0.43456015360601946 0.6034532208743951 -0.6685818447387211
outer loop
vertex -69.49230194091797 66.3399429321289 -6.909293174743652
vertex -70.63351440429688 65.45285034179688 -6.96821403503418
vertex -71.31689453125 65.99054718017578 -6.038717269897461
endloop
endfacet
facet normal -0.6104348417738295 0.4029580202832101 -0.681904786490017
outer loop
vertex -71.31689453125 65.99054718017578 -6.038717269897461
vertex -70.63351440429688 65.45285034179688 -6.96821403503418
vertex -71.39474487304688 65.9189224243164 -6.011351585388184
endloop
endfacet
facet normal -0.6104707875598245 0.40290164045427795 -0.6819059214109666
outer loop
vertex -71.9781723022461 65.1823501586914 -5.924243927001953
vertex -71.39474487304688 65.9189224243164 -6.011351585388184
vertex -70.63351440429688 65.45285034179688 -6.96821403503418
endloop
endfacet
facet normal -0.6104696554671178 0.4029090909122581 -0.6819025327817138
outer loop
vertex -70.63351440429688 65.45285034179688 -6.96821403503418
vertex -81.66354370117188 48.4304313659668 -7.151508808135986
vertex -71.9781723022461 65.1823501586914 -5.924243927001953
endloop
endfacet
facet normal -0.6105181988066344 0.4029398816688165 -0.6818408763682497
outer loop
vertex -70.63351440429688 65.45285034179688 -6.96821403503418
vertex -81.8128433227539 48.14643096923828 -7.185658931732178
vertex -81.66354370117188 48.4304313659668 -7.151508808135986
endloop
endfacet
facet normal -0.6104675775386278 0.40290798837153313 -0.681905044475053
outer loop
vertex -70.63351440429688 65.45285034179688 -6.96821403503418
vertex -80.93331909179688 47.87058639526367 -8.136027336120605
vertex -81.8128433227539 48.14643096923828 -7.185658931732178
endloop
endfacet
facet normal -0.6922599822172403 0.19068847117631163 -0.6959985804446925
outer loop
vertex -82.38335418701172 46.3096923828125 -7.121430397033691
vertex -81.41487884521484 45.56292724609375 -8.289300918579102
vertex -82.42193603515625 45.50371551513672 -7.303875923156738
endloop
endfacet
facet normal -0.6922574543046224 0.1906826488500989 -0.6960026899281305
outer loop
vertex -80.93331909179688 47.87058639526367 -8.136027336120605
vertex -82.38335418701172 46.3096923828125 -7.121430397033691
vertex -82.2082290649414 47.15253829956055 -7.064700126647949
endloop
endfacet
facet normal -0.6922671942909665 0.19065507189456196 -0.6960005569461799
outer loop
vertex -80.93331909179688 47.87058639526367 -8.136027336120605
vertex -81.872802734375 48.0323600769043 -7.157268524169922
vertex -81.8128433227539 48.14643096923828 -7.185658931732178
endloop
endfacet
facet normal -0.6922590365275904 0.1906913717860288 -0.6959987263438453
outer loop
vertex -80.93331909179688 47.87058639526367 -8.136027336120605
vertex -82.2082290649414 47.15253829956055 -7.064700126647949
vertex -81.872802734375 48.0323600769043 -7.157268524169922
endloop
endfacet
facet normal -0.6922602317732369 0.19068797285945663 -0.6959984687569474
outer loop
vertex -80.93331909179688 47.87058639526367 -8.136027336120605
vertex -81.41487884521484 45.56292724609375 -8.289300918579102
vertex -82.38335418701172 46.3096923828125 -7.121430397033691
endloop
endfacet
facet normal -0.6939884823768482 -0.08841289953945951 -0.7145370148028055
outer loop
vertex -82.33260345458984 44.5156135559082 -7.268379211425781
vertex -82.42828369140625 45.371124267578125 -7.281306743621826
vertex -81.41487884521484 45.56292724609375 -8.289300918579102
endloop
endfacet
facet normal -0.6939902577543567 -0.08840172394813528 -0.7145366731981214
outer loop
vertex -81.41487884521484 45.56292724609375 -8.289300918579102
vertex -82.42828369140625 45.371124267578125 -7.281306743621826
vertex -82.42193603515625 45.50371551513672 -7.303875923156738
endloop
endfacet
facet normal -0.6936050337739831 -0.08903631938577879 -0.7148318620162545
outer loop
vertex -81.41487884521484 45.56292724609375 -8.289300918579102
vertex -82.11515045166016 43.72500991821289 -7.380900859832764
vertex -82.33260345458984 44.5156135559082 -7.268379211425781
endloop
endfacet
facet normal -0.7066110598740984 -0.07835662236918615 -0.7032503464588523
outer loop
vertex -81.41487884521484 45.56292724609375 -8.289300918579102
vertex -82.08341217041016 43.7418327331543 -7.414665222167969
vertex -82.11515045166016 43.72500991821289 -7.380900859832764
endloop
endfacet
facet normal -0.6939890240136486 -0.08841086946486276 -0.7145367399294807
outer loop
vertex -81.41487884521484 45.56292724609375 -8.289300918579102
vertex -81.13875579833984 44.15256881713867 -8.382977485656738
vertex -82.08341217041016 43.7418327331543 -7.414665222167969
endloop
endfacet
facet normal -0.6175906669985969 -0.2967327885216818 -0.7283758784119468
outer loop
vertex -82.08341217041016 43.7418327331543 -7.414665222167969
vertex -82.08341217041016 43.609615325927734 -7.3608012199401855
vertex -82.11515045166016 43.72500991821289 -7.380900859832764
endloop
endfacet
facet normal -0.6175933425866937 -0.2967334416245565 -0.7283733437010452
outer loop
vertex -81.7264175415039 42.82627868652344 -7.344374656677246
vertex -82.08341217041016 43.609615325927734 -7.3608012199401855
vertex -81.13875579833984 44.15256881713867 -8.382977485656738
endloop
endfacet
facet normal -0.6175956749548654 -0.2967314840336955 -0.7283721635676399
outer loop
vertex -81.13875579833984 44.15256881713867 -8.382977485656738
vertex -81.2664566040039 42.13129425048828 -7.45125150680542
vertex -81.7264175415039 42.82627868652344 -7.344374656677246
endloop
endfacet
facet normal -0.617588474155934 -0.29673423650951414 -0.7283771478244365
outer loop
vertex -81.13875579833984 44.15256881713867 -8.382977485656738
vertex -81.20782470703125 42.174922943115234 -7.518739223480225
vertex -81.2664566040039 42.13129425048828 -7.45125150680542
endloop
endfacet
facet normal -0.6175942508444578 -0.29673172677599263 -0.7283732721952465
outer loop
vertex -81.13875579833984 44.15256881713867 -8.382977485656738
vertex -82.08341217041016 43.609615325927734 -7.3608012199401855
vertex -82.08341217041016 43.7418327331543 -7.414665222167969
endloop
endfacet
facet normal -0.6175922338428894 -0.29673294248247506 -0.7283744871579741
outer loop
vertex -81.13875579833984 44.15256881713867 -8.382977485656738
vertex -80.41727447509766 42.861446380615234 -8.468733787536621
vertex -81.20782470703125 42.174922943115234 -7.518739223480225
endloop
endfacet
facet normal -0.47995508664307335 -0.4712663719839498 -0.7399669732106463
outer loop
vertex -81.20782470703125 42.04270553588867 -7.434534072875977
vertex -80.41727447509766 42.861446380615234 -8.468733787536621
vertex -80.62491607666016 41.40924072265625 -7.409180641174316
endloop
endfacet
facet normal -0.479959632682965 -0.47126187530234154 -0.7399668883682252
outer loop
vertex -81.20782470703125 42.174922943115234 -7.518739223480225
vertex -80.41727447509766 42.861446380615234 -8.468733787536621
vertex -81.20782470703125 42.04270553588867 -7.434534072875977
endloop
endfacet
facet normal -0.4799551675382309 -0.47126463134273083 -0.7399680293085296
outer loop
vertex -80.41727447509766 42.861446380615234 -8.468733787536621
vertex -79.88835144042969 40.95802307128906 -7.599565505981445
vertex -79.95123291015625 40.875614166259766 -7.506295680999756
endloop
endfacet
facet normal -0.47995795119779155 -0.4712645918750413 -0.7399662489106305
outer loop
vertex -80.41727447509766 42.861446380615234 -8.468733787536621
vertex -79.29484558105469 41.826271057128906 -8.537489891052246
vertex -79.88835144042969 40.95802307128906 -7.599565505981445
endloop
endfacet
facet normal -0.4959536900885649 -0.4664586366054543 -0.7324249296847538
outer loop
vertex -81.2664566040039 42.13129425048828 -7.45125150680542
vertex -81.20782470703125 42.174922943115234 -7.518739223480225
vertex -81.20782470703125 42.04270553588867 -7.434534072875977
endloop
endfacet
facet normal -0.47995991013349454 -0.47126434261045613 -0.7399651370494305
outer loop
vertex -80.41727447509766 42.861446380615234 -8.468733787536621
vertex -79.95123291015625 40.875614166259766 -7.506295680999756
vertex -80.62491607666016 41.40924072265625 -7.409180641174316
endloop
endfacet
facet normal -0.35497800553504727 -0.5633323860526489 -0.7460879562160143
outer loop
vertex -63.607749938964844 31.405494689941406 -8.132997512817383
vertex -79.88835144042969 40.8258056640625 -7.499708652496338
vertex -79.29484558105469 41.826271057128906 -8.537489891052246
endloop
endfacet
facet normal -0.35588211812850884 -0.5646383181607991 -0.7446687100052681
outer loop
vertex -63.0611457824707 32.41853332519531 -9.16235065460205
vertex -63.607749938964844 31.405494689941406 -8.132997512817383
vertex -79.29484558105469 41.826271057128906 -8.537489891052246
endloop
endfacet
facet normal -0.36640377446627437 -0.5607639712710135 -0.7424904326529935
outer loop
vertex -79.95123291015625 40.875614166259766 -7.506295680999756
vertex -79.88835144042969 40.95802307128906 -7.599565505981445
vertex -79.88835144042969 40.8258056640625 -7.499708652496338
endloop
endfacet
facet normal -0.3547293356128251 -0.5634839026482009 -0.7460918106453365
outer loop
vertex -79.88835144042969 40.8258056640625 -7.499708652496338
vertex -79.88835144042969 40.95802307128906 -7.599565505981445
vertex -79.29484558105469 41.826271057128906 -8.537489891052246
endloop
endfacet
facet normal -0.5582874935820218 -0.39506581284996467 -0.7295464879136221
outer loop
vertex -62.22161102294922 31.692346572875977 -9.21058464050293
vertex -61.75033950805664 31.09912872314453 -9.249985694885254
vertex -62.54401779174805 30.556583404541016 -8.348820686340332
endloop
endfacet
facet normal -0.5910260558321254 -0.34584978875560685 -0.7287496997908292
outer loop
vertex -61.75033950805664 31.09912872314453 -9.249985694885254
vertex -62.47925567626953 30.46066665649414 -8.355823516845703
vertex -62.54401779174805 30.556583404541016 -8.348820686340332
endloop
endfacet
facet normal -0.5576208875710953 -0.39547401415992517 -0.7298350840214928
outer loop
vertex -62.22161102294922 31.692346572875977 -9.21058464050293
vertex -62.54401779174805 30.556583404541016 -8.348820686340332
vertex -62.8600959777832 30.896692276000977 -8.291619300842285
endloop
endfacet
facet normal -0.5316338719433936 -0.42173030375997095 -0.7345127480806563
outer loop
vertex -63.00221252441406 31.008609771728516 -8.253015518188477
vertex -62.22161102294922 31.692346572875977 -9.21058464050293
vertex -62.8600959777832 30.896692276000977 -8.291619300842285
endloop
endfacet
facet normal -0.5479214580252203 -0.4019239909027114 -0.7336478592433524
outer loop
vertex -62.439796447753906 31.957624435424805 -9.192964553833008
vertex -62.22161102294922 31.692346572875977 -9.21058464050293
vertex -63.00221252441406 31.008609771728516 -8.253015518188477
endloop
endfacet
facet normal -0.44966325209396096 -0.49996526832922467 -0.7401605840496839
outer loop
vertex -62.439796447753906 31.957624435424805 -9.192964553833008
vertex -63.22487258911133 31.1839542388916 -8.193413734436035
vertex -62.893409729003906 32.32907485961914 -9.168292999267578
endloop
endfacet
facet normal -0.5277552836631758 -0.4190236656948506 -0.7388460787966942
outer loop
vertex -62.439796447753906 31.957624435424805 -9.192964553833008
vertex -63.00221252441406 31.008609771728516 -8.253015518188477
vertex -63.22487258911133 31.1839542388916 -8.193413734436035
endloop
endfacet
facet normal -0.4167888781505376 -0.5162865217168383 -0.7481545686177055
outer loop
vertex -62.893409729003906 32.32907485961914 -9.168292999267578
vertex -63.22487258911133 31.1839542388916 -8.193413734436035
vertex -63.607749938964844 31.405494689941406 -8.132997512817383
endloop
endfacet
facet normal -0.33412955966617663 -0.5769927360291806 -0.7452763379625351
outer loop
vertex -63.607749938964844 31.405494689941406 -8.132997512817383
vertex -63.0611457824707 32.41853332519531 -9.16235065460205
vertex -62.893409729003906 32.32907485961914 -9.168292999267578
endloop
endfacet
facet normal -0.7071037158062033 0.04514342018977966 -0.7056673484770492
outer loop
vertex -60.856353759765625 -67.42849731445312 -15.794183731079102
vertex -61.84934616088867 -67.66544342041016 -14.81432819366455
vertex -61.09249496459961 29.259660720825195 -9.372162818908691
endloop
endfacet
facet normal -0.7071508400449014 0.04514114483661445 -0.7056202707310996
outer loop
vertex -61.09249496459961 29.259660720825195 -9.372162818908691
vertex -61.84934616088867 -67.66544342041016 -14.81432819366455
vertex -61.89299011230469 -67.08352661132812 -14.733362197875977
endloop
endfacet
facet normal -0.7071841822859578 0.0441314904490994 -0.705650723712009
outer loop
vertex -61.09249496459961 29.259660720825195 -9.372162818908691
vertex -61.89699172973633 28.8453426361084 -8.591829299926758
vertex -61.94319152832031 29.201204299926758 -8.523273468017578
endloop
endfacet
facet normal -0.7074135359434816 0.04512871639998459 -0.7053577022476116
outer loop
vertex -61.09249496459961 29.259660720825195 -9.372162818908691
vertex -61.89299011230469 -67.08352661132812 -14.733362197875977
vertex -61.89699172973633 28.8453426361084 -8.591829299926758
endloop
endfacet
facet normal -0.7053996337505957 -0.022570772004008536 -0.7084503630852826
outer loop
vertex -61.14929962158203 29.835105895996094 -9.333942413330078
vertex -61.94319152832031 29.201204299926758 -8.523273468017578
vertex -61.95676803588867 29.305784225463867 -8.513087272644043
endloop
endfacet
facet normal -0.6782910088455983 -0.15855449704949565 -0.7174829466855654
outer loop
vertex -62.086875915527344 29.751487731933594 -8.429101943969727
vertex -61.31964111328125 30.39541244506836 -9.29672622680664
vertex -61.14929962158203 29.835105895996094 -9.333942413330078
endloop
endfacet
facet normal -0.7053966223844681 -0.02257808010747438 -0.7084531286029052
outer loop
vertex -61.14929962158203 29.835105895996094 -9.333942413330078
vertex -61.09249496459961 29.259660720825195 -9.372162818908691
vertex -61.94319152832031 29.201204299926758 -8.523273468017578
endloop
endfacet
facet normal -0.7053995117943214 -0.022571128732217813 -0.708450473151149
outer loop
vertex -61.14929962158203 29.835105895996094 -9.333942413330078
vertex -61.95676803588867 29.305784225463867 -8.513087272644043
vertex -62.04195785522461 29.597614288330078 -8.437561988830566
endloop
endfacet
facet normal -0.6782907602632255 -0.1585560687757104 -0.7174828343562845
outer loop
vertex -61.14929962158203 29.835105895996094 -9.333942413330078
vertex -62.04195785522461 29.597614288330078 -8.437561988830566
vertex -62.086875915527344 29.751487731933594 -8.429101943969727
endloop
endfacet
facet normal -0.5479167284861082 -0.4019288618393532 -0.7336487229359856
outer loop
vertex -61.59626007080078 30.911794662475586 -9.262428283691406
vertex -62.38589859008789 30.322397232055664 -8.3497953414917
vertex -62.47925567626953 30.46066665649414 -8.355823516845703
endloop
endfacet
facet normal -0.6251148214802489 -0.2866478718793076 -0.7259920505851154
outer loop
vertex -62.284202575683594 30.171777725219727 -8.377890586853027
vertex -62.38589859008789 30.322397232055664 -8.3497953414917
vertex -61.59626007080078 30.911794662475586 -9.262428283691406
endloop
endfacet
facet normal -0.625114755232039 -0.2866502657279042 -0.7259911624457352
outer loop
vertex -61.31964111328125 30.39541244506836 -9.29672622680664
vertex -62.19081115722656 29.972862243652344 -8.379765510559082
vertex -62.284202575683594 30.171777725219727 -8.377890586853027
endloop
endfacet
facet normal -0.6782903439495593 -0.15855576012334366 -0.7174832961376154
outer loop
vertex -62.19081115722656 29.972862243652344 -8.379765510559082
vertex -61.31964111328125 30.39541244506836 -9.29672622680664
vertex -62.086875915527344 29.751487731933594 -8.429101943969727
endloop
endfacet
facet normal -0.5479183658040708 -0.4019261668315287 -0.7336489765757944
outer loop
vertex -62.47925567626953 30.46066665649414 -8.355823516845703
vertex -61.75033950805664 31.09912872314453 -9.249985694885254
vertex -61.59626007080078 30.911794662475586 -9.262428283691406
endloop
endfacet
facet normal -0.6251161415574524 -0.2866461151420968 -0.7259916075536045
outer loop
vertex -61.31964111328125 30.39541244506836 -9.29672622680664
vertex -62.284202575683594 30.171777725219727 -8.377890586853027
vertex -61.59626007080078 30.911794662475586 -9.262428283691406
endloop
endfacet
facet normal -0.6667246744605784 -0.1881556389865563 -0.7211627167172444
outer loop
vertex -61.84934616088867 -67.79766082763672 -14.779831886291504
vertex -61.84934616088867 -67.66544342041016 -14.81432819366455
vertex -60.856353759765625 -67.42849731445312 -15.794183731079102
endloop
endfacet
facet normal -0.6667253774613148 -0.18815834052047514 -0.7211613619306348
outer loop
vertex -60.856353759765625 -67.42849731445312 -15.794183731079102
vertex -60.16402053833008 -69.3839340209961 -15.924063682556152
vertex -61.027549743652344 -69.98652648925781 -14.968494415283203
endloop
endfacet
facet normal -0.6667462533380141 -0.18815130591583976 -0.7211438966959955
outer loop
vertex -60.856353759765625 -67.42849731445312 -15.794183731079102
vertex -61.027549743652344 -69.98652648925781 -14.968494415283203
vertex -61.08338165283203 -70.01740264892578 -14.908818244934082
endloop
endfacet
facet normal -0.6667225728937561 -0.1881600863013689 -0.7211634992960968
outer loop
vertex -60.856353759765625 -67.42849731445312 -15.794183731079102
vertex -61.08338165283203 -70.01740264892578 -14.908818244934082
vertex -61.32681655883789 -69.57557678222656 -14.79903793334961
endloop
endfacet
facet normal -0.6667231210933751 -0.1881597695790103 -0.7211630751164972
outer loop
vertex -61.32681655883789 -69.57557678222656 -14.79903793334961
vertex -61.5652961730957 -69.00311279296875 -14.727923393249512
vertex -60.856353759765625 -67.42849731445312 -15.794183731079102
endloop
endfacet
facet normal -0.6667230648124894 -0.18816054239487562 -0.7211629255117786
outer loop
vertex -60.856353759765625 -67.42849731445312 -15.794183731079102
vertex -61.74016189575195 -68.40812683105469 -14.721495628356934
vertex -61.84934616088867 -67.79766082763672 -14.779831886291504
endloop
endfacet
facet normal -0.6667243205723461 -0.18815867245199022 -0.721162252435919
outer loop
vertex -60.856353759765625 -67.42849731445312 -15.794183731079102
vertex -61.5652961730957 -69.00311279296875 -14.727923393249512
vertex -61.74016189575195 -68.40812683105469 -14.721495628356934
endloop
endfacet
facet normal -0.5053391505854155 -0.4466543927625399 -0.7383306822227678
outer loop
vertex -60.67103576660156 -70.62617492675781 -14.825549125671387
vertex -60.16402053833008 -69.3839340209961 -15.924063682556152
vertex -60.261497497558594 -71.09186553955078 -14.82413101196289
endloop
endfacet
facet normal -0.5319985307224855 -0.43827988705340404 -0.7244917555870267
outer loop
vertex -61.027549743652344 -69.98652648925781 -14.968494415283203
vertex -61.027549743652344 -70.11874389648438 -14.888509750366211
vertex -61.08338165283203 -70.01740264892578 -14.908818244934082
endloop
endfacet
facet normal -0.5053399345275463 -0.44665195076033415 -0.7383316229538616
outer loop
vertex -60.261497497558594 -71.09186553955078 -14.82413101196289
vertex -58.747249603271484 -70.8282699584961 -16.019996643066406
vertex -59.303321838378906 -71.74430847167969 -15.085246086120605
endloop
endfacet
facet normal -0.4853789444691417 -0.4207862247274061 -0.7663851729683179
outer loop
vertex -60.261497497558594 -71.09186553955078 -14.82413101196289
vertex -59.34978485107422 -71.84252166748047 -14.989400863647461
vertex -59.80378723144531 -71.51029968261719 -14.884272575378418
endloop
endfacet
facet normal -0.5124529609892019 -0.4632052703985857 -0.7230718085006305
outer loop
vertex -60.261497497558594 -71.09186553955078 -14.82413101196289
vertex -59.303321838378906 -71.74430847167969 -15.085246086120605
vertex -59.34978485107422 -71.84252166748047 -14.989400863647461
endloop
endfacet
facet normal -0.5053392506138207 -0.44665432672301825 -0.7383306537105644
outer loop
vertex -61.027549743652344 -70.11874389648438 -14.888509750366211
vertex -60.16402053833008 -69.3839340209961 -15.924063682556152
vertex -60.67103576660156 -70.62617492675781 -14.825549125671387
endloop
endfacet
facet normal -0.5053415064001974 -0.4466517212311167 -0.7383306859602005
outer loop
vertex -60.16402053833008 -69.3839340209961 -15.924063682556152
vertex -61.027549743652344 -70.11874389648438 -14.888509750366211
vertex -61.027549743652344 -69.98652648925781 -14.968494415283203
endloop
endfacet
facet normal -0.5053388567125684 -0.44665449804998575 -0.7383308196656494
outer loop
vertex -58.747249603271484 -70.8282699584961 -16.019996643066406
vertex -60.261497497558594 -71.09186553955078 -14.82413101196289
vertex -60.16402053833008 -69.3839340209961 -15.924063682556152
endloop
endfacet
facet normal -0.24928016499785186 -0.6133921995985729 -0.7494060373457556
outer loop
vertex -58.747249603271484 -70.8282699584961 -16.019996643066406
vertex -56.998504638671875 -72.61067199707031 -15.142789840698242
vertex -57.031192779541016 -72.73638916015625 -15.029016494750977
endloop
endfacet
facet normal -0.24927780308789996 -0.6133913467346336 -0.7494075210716413
outer loop
vertex -58.19826126098633 -72.4356689453125 -14.88694953918457
vertex -58.747249603271484 -70.8282699584961 -16.019996643066406
vertex -57.606754302978516 -72.62196350097656 -14.931221961975098
endloop
endfacet
facet normal -0.24928015044583768 -0.6133915061057145 -0.7494066098127664
outer loop
vertex -58.76602554321289 -72.18620300292969 -14.902278900146484
vertex -58.747249603271484 -70.8282699584961 -16.019996643066406
vertex -58.19826126098633 -72.4356689453125 -14.88694953918457
endloop
endfacet
facet normal -0.24928055213970934 -0.6133914370761167 -0.749406532695451
outer loop
vertex -59.303321838378906 -71.74430847167969 -15.085246086120605
vertex -58.747249603271484 -70.8282699584961 -16.019996643066406
vertex -58.76602554321289 -72.18620300292969 -14.902278900146484
endloop
endfacet
facet normal -0.24927940051899047 -0.6133918098244917 -0.7494066106708208
outer loop
vertex -58.747249603271484 -70.8282699584961 -16.019996643066406
vertex -57.031192779541016 -72.73638916015625 -15.029016494750977
vertex -57.606754302978516 -72.62196350097656 -14.931221961975098
endloop
endfacet
facet normal -0.24928052931571554 -0.6133924118822481 -0.7494057424048437
outer loop
vertex -58.747249603271484 -70.8282699584961 -16.019996643066406
vertex -56.817134857177734 -71.55378723144531 -16.068185806274414
vertex -56.998504638671875 -72.61067199707031 -15.142789840698242
endloop
endfacet
facet normal -0.24931521488446862 -0.6133849917664497 -0.7494002772235835
outer loop
vertex -59.34978485107422 -71.84252166748047 -14.989400863647461
vertex -59.303321838378906 -71.74430847167969 -15.085246086120605
vertex -59.303321838378906 -71.87652587890625 -14.977025985717773
endloop
endfacet
facet normal -0.24927973259945443 -0.6133907771334269 -0.7494073454689347
outer loop
vertex -59.303321838378906 -71.87652587890625 -14.977025985717773
vertex -59.303321838378906 -71.74430847167969 -15.085246086120605
vertex -58.76602554321289 -72.18620300292969 -14.902278900146484
endloop
endfacet
facet normal -0.000675391768002439 -0.6586857912751153 -0.7524178175842429
outer loop
vertex 0.9648827314376831 -72.79814147949219 -15.030713081359863
vertex -56.817134857177734 -71.55378723144531 -16.068185806274414
vertex 0.9648827314376831 -72.66592407226562 -15.146459579467773
endloop
endfacet
facet normal -0.000677813576059891 -0.6586888845241587 -0.752415107485938
outer loop
vertex -56.998504638671875 -72.74288940429688 -15.027043342590332
vertex -56.817134857177734 -71.55378723144531 -16.068185806274414
vertex -56.38072204589844 -72.79701232910156 -14.980218887329102
endloop
endfacet
facet normal -0.08346481550360067 -0.6492125018622633 -0.7560137247422765
outer loop
vertex -57.031192779541016 -72.73638916015625 -15.029016494750977
vertex -56.817134857177734 -71.55378723144531 -16.068185806274414
vertex -56.998504638671875 -72.74288940429688 -15.027043342590332
endloop
endfacet
facet normal 0.24927427034020616 0.6133940994565059 0.7494064430589719
outer loop
vertex -56.998504638671875 -72.61067199707031 -15.142789840698242
vertex -56.817134857177734 -71.55378723144531 -16.068185806274414
vertex -57.031192779541016 -72.73638916015625 -15.029016494750977
endloop
endfacet
facet normal -0.0006755592993882847 -0.6586908355355994 -0.7524134015294035
outer loop
vertex -56.817134857177734 -71.55378723144531 -16.068185806274414
vertex 0.8460559844970703 -71.60875701904297 -16.071836471557617
vertex 0.9648827314376831 -72.66592407226562 -15.146459579467773
endloop
endfacet
facet normal -0.0006754898365218578 -0.6586884236909042 -0.752415513004
outer loop
vertex -56.38072204589844 -72.79701232910156 -14.980218887329102
vertex -56.817134857177734 -71.55378723144531 -16.068185806274414
vertex 0.9648827314376831 -72.79814147949219 -15.030713081359863
endloop
endfacet
facet normal -0.19509040787318935 0 -0.9807852633251952
outer loop
vertex 16.90700912475586 -66.55101013183594 -3.450000047683716
vertex 17.481033325195312 -66.55101013183594 -3.564180612564087
vertex 17.481033325195312 -68.05449676513672 -3.564180612564087
endloop
endfacet
facet normal 0.9807852473969465 0 0.19509048794984968
outer loop
vertex 3.4070088863372803 -72.16572570800781 -9.949999809265137
vertex 3.5211896896362305 -66.55101013183594 -10.524024963378906
vertex 3.4070088863372803 -66.55101013183594 -9.949999809265137
endloop
endfacet
facet normal 0 -1 0
outer loop
vertex 4.907009124755859 -66.55101013183594 -3.450000047683716
vertex 6.157009124755859 -66.55101013183594 -6.699999809265137
vertex 6.233129501342773 -66.55101013183594 -6.31731653213501
endloop
endfacet
facet normal 0 -1 0
outer loop
vertex 15.65700912475586 -66.55101013183594 -8.199999809265137
vertex 16.90700912475586 -66.55101013183594 -11.449999809265137
vertex 15.65700912475586 -66.55101013183594 -6.699999809265137
endloop
endfacet
facet normal 0.555570535231291 0 -0.8314694103710714
outer loop
vertex 3.846348762512207 -71.9203872680664 -3.8893399238586426
vertex 3.846348762512207 -66.55101013183594 -3.8893399238586426
vertex 4.33217191696167 -71.57905578613281 -3.564723014831543
endloop
endfacet
facet normal -0.5555703047945764 0 -0.8314695643440364
outer loop
vertex 17.481033325195312 -66.55101013183594 -3.564180612564087
vertex 17.967668533325195 -68.0544662475586 -3.8893399238586426
vertex 17.481033325195312 -68.05449676513672 -3.564180612564087
endloop
endfacet
facet normal -0.8314695010489663 0 -0.5555703995223136
outer loop
vertex 17.967668533325195 -66.55101013183594 -3.8893399238586426
vertex 18.292827606201172 -66.55101013183594 -4.375974655151367
vertex 18.292827606201172 -68.054443359375 -4.375974655151367
endloop
endfacet
facet normal -0.8314695010489663 0 -0.5555703995223136
outer loop
vertex 18.292827606201172 -68.054443359375 -4.375974655151367
vertex 17.967668533325195 -68.0544662475586 -3.8893399238586426
vertex 17.967668533325195 -66.55101013183594 -3.8893399238586426
endloop
endfacet
facet normal 0 -1 0
outer loop
vertex 4.907009124755859 -66.55101013183594 -3.450000047683716
vertex 6.157009124755859 -66.55101013183594 -8.199999809265137
vertex 6.157009124755859 -66.55101013183594 -6.699999809265137
endloop
endfacet
facet normal 0 -1 0
outer loop
vertex 4.33298397064209 -66.55101013183594 -3.564180612564087
vertex 4.907009124755859 -66.55101013183594 -11.449999809265137
vertex 4.907009124755859 -66.55101013183594 -3.450000047683716
endloop
endfacet
facet normal 0 -1 0
outer loop
vertex 3.846348762512207 -66.55101013183594 -3.8893399238586426
vertex 4.33298397064209 -66.55101013183594 -11.335819244384766
vertex 4.33298397064209 -66.55101013183594 -3.564180612564087
endloop
endfacet
facet normal 0.9807852473969465 0 -0.19509048794984968
outer loop
vertex 3.4070088863372803 -72.16572570800781 -4.949999809265137
vertex 3.4070088863372803 -66.55101013183594 -4.949999809265137
vertex 3.5211896896362305 -72.10281372070312 -4.375974655151367
endloop
endfacet
facet normal 0.9807852473969465 0 -0.19509048794984968
outer loop
vertex 3.5211896896362305 -66.55101013183594 -4.375974655151367
vertex 3.5211896896362305 -72.10281372070312 -4.375974655151367
vertex 3.4070088863372803 -66.55101013183594 -4.949999809265137
endloop
endfacet
facet normal 0 -1 0
outer loop
vertex 18.292827606201172 -66.55101013183594 -4.375974655151367
vertex 18.40700912475586 -66.55101013183594 -9.949999809265137
vertex 18.40700912475586 -66.55101013183594 -4.949999809265137
endloop
endfacet
facet normal -1 0 0
outer loop
vertex 18.40700912475586 -66.55101013183594 -4.949999809265137
vertex 18.40700912475586 -68.054443359375 -9.949999809265137
vertex 18.40700912475586 -68.054443359375 -4.949999809265137
endloop
endfacet
facet normal 0.5555699674886204 7.299115060645313e-9 0.8314697897246136
outer loop
vertex 3.846348762512207 -71.9203872680664 -11.010660171508789
vertex 4.33217191696167 -71.57905578613281 -11.33527660369873
vertex 4.33298397064209 -66.55101013183594 -11.335819244384766
endloop
endfacet
facet normal 0 -1 0
outer loop
vertex 4.907009124755859 -66.55101013183594 -3.450000047683716
vertex 6.233129501342773 -66.55101013183594 -6.31731653213501
vertex 6.449902057647705 -66.55101013183594 -5.992893218994141
endloop
endfacet
facet normal 0 0 1
outer loop
vertex 4.907009124755859 -66.55101013183594 -11.449999809265137
vertex 4.907009124755859 -71.05012512207031 -11.449999809265137
vertex 5.216296672821045 -70.71180725097656 -11.449999809265137
endloop
endfacet
facet normal 0.19579983195666173 0.00007421119845405535 0.9806438804675431
outer loop
vertex 4.33217191696167 -71.57905578613281 -11.33527660369873
vertex 4.7978620529174805 -71.16951751708984 -11.428289413452148
vertex 4.33298397064209 -66.55101013183594 -11.335819244384766
endloop
endfacet
facet normal 0 -1 0
outer loop
vertex 15.65700912475586 -66.55101013183594 -6.699999809265137
vertex 16.90700912475586 -66.55101013183594 -11.449999809265137
vertex 16.90700912475586 -66.55101013183594 -3.450000047683716
endloop
endfacet
facet normal 0.19508767145767716 0 0.9807858076283634
outer loop
vertex 4.7978620529174805 -71.16951751708984 -11.428289413452148
vertex 4.907009124755859 -71.05012512207031 -11.449999809265137
vertex 4.907009124755859 -66.55101013183594 -11.449999809265137
endloop
endfacet
facet normal -1 0 0
outer loop
vertex 18.40700912475586 -66.55101013183594 -9.949999809265137
vertex 18.40700912475586 -68.054443359375 -9.949999809265137
vertex 18.40700912475586 -66.55101013183594 -4.949999809265137
endloop
endfacet
facet normal 0 -1 0
outer loop
vertex 18.292827606201172 -66.55101013183594 -10.524024963378906
vertex 18.40700912475586 -66.55101013183594 -9.949999809265137
vertex 18.292827606201172 -66.55101013183594 -4.375974655151367
endloop
endfacet
facet normal 0 -1 0
outer loop
vertex 4.907009124755859 -66.55101013183594 -3.450000047683716
vertex 6.449902057647705 -66.55101013183594 -5.992893218994141
vertex 6.774325370788574 -66.55101013183594 -5.776120662689209
endloop
endfacet
facet normal 0 -1 0
outer loop
vertex 4.907009124755859 -66.55101013183594 -3.450000047683716
vertex 6.774325370788574 -66.55101013183594 -5.776120662689209
vertex 7.157009124755859 -66.55101013183594 -5.699999809265137
endloop
endfacet
facet normal 0.19509009608979214 -5.956731999796699e-8 0.9807853253427439
outer loop
vertex 4.33298397064209 -66.55101013183594 -11.335819244384766
vertex 4.7978620529174805 -71.16951751708984 -11.428289413452148
vertex 4.907009124755859 -66.55101013183594 -11.449999809265137
endloop
endfacet
facet normal 0 0 1
outer loop
vertex 4.907009124755859 -66.55101013183594 -11.449999809265137
vertex 5.216296672821045 -70.71180725097656 -11.449999809265137
vertex 5.582521438598633 -70.21134185791016 -11.449999809265137
endloop
endfacet
facet normal 0 0 -1
outer loop
vertex 16.90700912475586 -68.05452728271484 -3.450000047683716
vertex 4.907009124755859 -66.55101013183594 -3.450000047683716
vertex 16.90700912475586 -66.55101013183594 -3.450000047683716
endloop
endfacet
facet normal 0 0 -1
outer loop
vertex 8.402960777282715 -68.05500793457031 -3.450000047683716
vertex 4.907009124755859 -66.55101013183594 -3.450000047683716
vertex 16.90700912475586 -68.05452728271484 -3.450000047683716
endloop
endfacet
facet normal 0 0 -1
outer loop
vertex 7.942518711090088 -68.11478424072266 -3.450000047683716
vertex 4.907009124755859 -66.55101013183594 -3.450000047683716
vertex 8.402960777282715 -68.05500793457031 -3.450000047683716
endloop
endfacet
facet normal 0 0 -1
outer loop
vertex 7.496814727783203 -68.2448959350586 -3.450000047683716
vertex 4.907009124755859 -66.55101013183594 -3.450000047683716
vertex 7.942518711090088 -68.11478424072266 -3.450000047683716
endloop
endfacet
facet normal 0 -1 0
outer loop
vertex 3.5211896896362305 -66.55101013183594 -4.375974655151367
vertex 3.846348762512207 -66.55101013183594 -11.010660171508789
vertex 3.846348762512207 -66.55101013183594 -3.8893399238586426
endloop
endfacet
facet normal 0 -1 0
outer loop
vertex 3.4070088863372803 -66.55101013183594 -4.949999809265137
vertex 3.5211896896362305 -66.55101013183594 -10.524024963378906
vertex 3.5211896896362305 -66.55101013183594 -4.375974655151367
endloop
endfacet
facet normal 1 0 0
outer loop
vertex 3.4070088863372803 -72.16572570800781 -4.949999809265137
vertex 3.4070088863372803 -66.55101013183594 -9.949999809265137
vertex 3.4070088863372803 -66.55101013183594 -4.949999809265137
endloop
endfacet
facet normal 0 0 1
outer loop
vertex 5.582521438598633 -70.21134185791016 -11.449999809265137
vertex 6.064348220825195 -69.38288879394531 -11.449999809265137
vertex 4.907009124755859 -66.55101013183594 -11.449999809265137
endloop
endfacet
facet normal 0 -1 0
outer loop
vertex 4.907009124755859 -66.55101013183594 -11.449999809265137
vertex 6.157009124755859 -66.55101013183594 -8.199999809265137
vertex 4.907009124755859 -66.55101013183594 -3.450000047683716
endloop
endfacet
facet normal 1 0 0
outer loop
vertex 3.4070088863372803 -72.16572570800781 -9.949999809265137
vertex 3.4070088863372803 -66.55101013183594 -9.949999809265137
vertex 3.4070088863372803 -72.16572570800781 -4.949999809265137
endloop
endfacet
facet normal 0 0 1
outer loop
vertex 6.064348220825195 -69.38288879394531 -11.449999809265137
vertex 6.35161018371582 -69.01811218261719 -11.449999809265137
vertex 4.907009124755859 -66.55101013183594 -11.449999809265137
endloop
endfacet
facet normal 0 0 1
outer loop
vertex 6.35161018371582 -69.01811218261719 -11.449999809265137
vertex 6.691718578338623 -68.70203399658203 -11.449999809265137
vertex 4.907009124755859 -66.55101013183594 -11.449999809265137
endloop
endfacet
facet normal 0 0 -1
outer loop
vertex 7.076525688171387 -68.44222259521484 -3.450000047683716
vertex 4.907009124755859 -66.55101013183594 -3.450000047683716
vertex 7.496814727783203 -68.2448959350586 -3.450000047683716
endloop
endfacet
facet normal 0 0 1
outer loop
vertex 6.691718578338623 -68.70203399658203 -11.449999809265137
vertex 7.076525688171387 -68.44222259521484 -11.449999809265137
vertex 4.907009124755859 -66.55101013183594 -11.449999809265137
endloop
endfacet
facet normal 0 -1 0
outer loop
vertex 16.90700912475586 -66.55101013183594 -3.450000047683716
vertex 17.481033325195312 -66.55101013183594 -11.335819244384766
vertex 17.481033325195312 -66.55101013183594 -3.564180612564087
endloop
endfacet
facet normal 0 -1 0
outer loop
vertex 17.481033325195312 -66.55101013183594 -3.564180612564087
vertex 17.967668533325195 -66.55101013183594 -11.010660171508789
vertex 17.967668533325195 -66.55101013183594 -3.8893399238586426
endloop
endfacet
facet normal 0 -1 0
outer loop
vertex 17.967668533325195 -66.55101013183594 -3.8893399238586426
vertex 18.292827606201172 -66.55101013183594 -10.524024963378906
vertex 18.292827606201172 -66.55101013183594 -4.375974655151367
endloop
endfacet
facet normal 0 -1 0
outer loop
vertex 15.65700912475586 -66.55101013183594 -6.699999809265137
vertex 16.90700912475586 -66.55101013183594 -3.450000047683716
vertex 15.580888748168945 -66.55101013183594 -6.31731653213501
endloop
endfacet
facet normal 0 -1 0
outer loop
vertex 16.90700912475586 -66.55101013183594 -3.450000047683716
vertex 7.157009124755859 -66.55101013183594 -5.699999809265137
vertex 14.65700912475586 -66.55101013183594 -5.699999809265137
endloop
endfacet
facet normal 0 -1 0
outer loop
vertex 15.364115715026855 -66.55101013183594 -5.992893218994141
vertex 15.580888748168945 -66.55101013183594 -6.31731653213501
vertex 16.90700912475586 -66.55101013183594 -3.450000047683716
endloop
endfacet
facet normal -0.19509040787318935 0 -0.9807852633251952
outer loop
vertex 16.90700912475586 -66.55101013183594 -3.450000047683716
vertex 17.481033325195312 -68.05449676513672 -3.564180612564087
vertex 16.90700912475586 -68.05452728271484 -3.450000047683716
endloop
endfacet
facet normal 0 -1 0
outer loop
vertex 15.039692878723145 -66.55101013183594 -5.776120662689209
vertex 15.364115715026855 -66.55101013183594 -5.992893218994141
vertex 16.90700912475586 -66.55101013183594 -3.450000047683716
endloop
endfacet
facet normal -0.5555703047945764 0 -0.8314695643440363
outer loop
vertex 17.481033325195312 -66.55101013183594 -3.564180612564087
vertex 17.967668533325195 -66.55101013183594 -3.8893399238586426
vertex 17.967668533325195 -68.0544662475586 -3.8893399238586426
endloop
endfacet
facet normal 0 -1 0
outer loop
vertex 14.65700912475586 -66.55101013183594 -5.699999809265137
vertex 15.039692878723145 -66.55101013183594 -5.776120662689209
vertex 16.90700912475586 -66.55101013183594 -3.450000047683716
endloop
endfacet
facet normal -0.980785013558684 0 -0.1950916635294606
outer loop
vertex 18.40700912475586 -66.55101013183594 -4.949999809265137
vertex 18.40700912475586 -68.054443359375 -4.949999809265137
vertex 18.292827606201172 -66.55101013183594 -4.375974655151367
endloop
endfacet
facet normal -0.980785013558684 0 -0.1950916635294606
outer loop
vertex 18.292827606201172 -66.55101013183594 -4.375974655151367
vertex 18.40700912475586 -68.054443359375 -4.949999809265137
vertex 18.292827606201172 -68.054443359375 -4.375974655151367
endloop
endfacet
facet normal 0.8314694774607768 0 -0.5555704348245167
outer loop
vertex 3.5211896896362305 -66.55101013183594 -4.375974655151367
vertex 3.8247411251068115 -71.9355697631836 -3.921678066253662
vertex 3.5211896896362305 -72.10281372070312 -4.375974655151367
endloop
endfacet
facet normal 0.8314698324233942 0 -0.5555699035853299
outer loop
vertex 3.8247411251068115 -71.9355697631836 -3.921678066253662
vertex 3.846348762512207 -66.55101013183594 -3.8893399238586426
vertex 3.846348762512207 -71.9203872680664 -3.8893399238586426
endloop
endfacet
facet normal 0.555570304794576 -3.2206095704766754e-8 -0.8314695643440358
outer loop
vertex 4.33298397064209 -66.55101013183594 -3.564180612564087
vertex 4.33217191696167 -71.57905578613281 -3.564723014831543
vertex 3.846348762512207 -66.55101013183594 -3.8893399238586426
endloop
endfacet
facet normal 0.19579890552910326 0.00007416486811115206 -0.9806440654453469
outer loop
vertex 4.33217191696167 -71.57905578613281 -3.564723014831543
vertex 4.33298397064209 -66.55101013183594 -3.564180612564087
vertex 4.7978620529174805 -71.16951751708984 -3.471710681915283
endloop
endfacet
facet normal 0.19508977687625104 -4.233866932208218e-8 -0.9807853888381356
outer loop
vertex 4.7978620529174805 -71.16951751708984 -3.471710681915283
vertex 4.33298397064209 -66.55101013183594 -3.564180612564087
vertex 4.907009124755859 -71.05012512207031 -3.450000047683716
endloop
endfacet
facet normal 0 0 -1
outer loop
vertex 4.907009124755859 -71.05012512207031 -3.450000047683716
vertex 4.907009124755859 -66.55101013183594 -3.450000047683716
vertex 5.216296672821045 -70.71180725097656 -3.450000047683716
endloop
endfacet
facet normal 0.19509009608979253 0 -0.9807853253427458
outer loop
vertex 4.907009124755859 -66.55101013183594 -3.450000047683716
vertex 4.907009124755859 -71.05012512207031 -3.450000047683716
vertex 4.33298397064209 -66.55101013183594 -3.564180612564087
endloop
endfacet
facet normal 0 -1 0
outer loop
vertex 4.907009124755859 -66.55101013183594 -3.450000047683716
vertex 7.157009124755859 -66.55101013183594 -5.699999809265137
vertex 16.90700912475586 -66.55101013183594 -3.450000047683716
endloop
endfacet
facet normal 0 0 -1
outer loop
vertex 5.216296672821045 -70.71180725097656 -3.450000047683716
vertex 4.907009124755859 -66.55101013183594 -3.450000047683716
vertex 5.582521438598633 -70.21134185791016 -3.450000047683716
endloop
endfacet
facet normal 0 0 -1
outer loop
vertex 5.582521438598633 -70.21134185791016 -3.450000047683716
vertex 4.907009124755859 -66.55101013183594 -3.450000047683716
vertex 6.064348220825195 -69.38288879394531 -3.450000047683716
endloop
endfacet
facet normal 0 0 -1
outer loop
vertex 6.064348220825195 -69.38288879394531 -3.450000047683716
vertex 4.907009124755859 -66.55101013183594 -3.450000047683716
vertex 6.35161018371582 -69.01811218261719 -3.450000047683716
endloop
endfacet
facet normal 0 0 -1
outer loop
vertex 6.35161018371582 -69.01811218261719 -3.450000047683716
vertex 4.907009124755859 -66.55101013183594 -3.450000047683716
vertex 6.691718578338623 -68.70203399658203 -3.450000047683716
endloop
endfacet
facet normal 0 0 -1
outer loop
vertex 6.691718578338623 -68.70203399658203 -3.450000047683716
vertex 4.907009124755859 -66.55101013183594 -3.450000047683716
vertex 7.076525688171387 -68.44222259521484 -3.450000047683716
endloop
endfacet
facet normal 0 -1 0
outer loop
vertex 17.967668533325195 -66.55101013183594 -11.010660171508789
vertex 18.292827606201172 -66.55101013183594 -10.524024963378906
vertex 17.967668533325195 -66.55101013183594 -3.8893399238586426
endloop
endfacet
facet normal 0 0 1
outer loop
vertex 7.076525688171387 -68.44222259521484 -11.449999809265137
vertex 7.496814727783203 -68.2448959350586 -11.449999809265137
vertex 4.907009124755859 -66.55101013183594 -11.449999809265137
endloop
endfacet
facet normal 0 0 1
outer loop
vertex 7.496814727783203 -68.2448959350586 -11.449999809265137
vertex 7.942518711090088 -68.11478424072266 -11.449999809265137
vertex 4.907009124755859 -66.55101013183594 -11.449999809265137
endloop
endfacet
facet normal 0 -1 0
outer loop
vertex 17.481033325195312 -66.55101013183594 -11.335819244384766
vertex 17.967668533325195 -66.55101013183594 -11.010660171508789
vertex 17.481033325195312 -66.55101013183594 -3.564180612564087
endloop
endfacet
facet normal 0 -1 0
outer loop
vertex 16.90700912475586 -66.55101013183594 -11.449999809265137
vertex 17.481033325195312 -66.55101013183594 -11.335819244384766
vertex 16.90700912475586 -66.55101013183594 -3.450000047683716
endloop
endfacet
facet normal 0 0 1
outer loop
vertex 7.942518711090088 -68.11478424072266 -11.449999809265137
vertex 8.402960777282715 -68.05500793457031 -11.449999809265137
vertex 4.907009124755859 -66.55101013183594 -11.449999809265137
endloop
endfacet
facet normal 0 0 1
outer loop
vertex 8.402960777282715 -68.05500793457031 -11.449999809265137
vertex 16.90700912475586 -66.55101013183594 -11.449999809265137
vertex 4.907009124755859 -66.55101013183594 -11.449999809265137
endloop
endfacet
facet normal 0.8314698324233942 0 0.5555699035853299
outer loop
vertex 3.8247411251068115 -71.9355697631836 -10.97832202911377
vertex 3.846348762512207 -71.9203872680664 -11.010660171508789
vertex 3.846348762512207 -66.55101013183594 -11.010660171508789
endloop
endfacet
facet normal 0.8314697468341758 0 0.5555700316787358
outer loop
vertex 3.5211896896362305 -72.10281372070312 -10.524024963378906
vertex 3.8247411251068115 -71.9355697631836 -10.97832202911377
vertex 3.5211896896362305 -66.55101013183594 -10.524024963378906
endloop
endfacet
facet normal 0.9807852473969465 0 0.19509048794984968
outer loop
vertex 3.4070088863372803 -72.16572570800781 -9.949999809265137
vertex 3.5211896896362305 -72.10281372070312 -10.524024963378906
vertex 3.5211896896362305 -66.55101013183594 -10.524024963378906
endloop
endfacet
facet normal 0.5555700231666056 0 0.8314697525217963
outer loop
vertex 3.846348762512207 -71.9203872680664 -11.010660171508789
vertex 4.33298397064209 -66.55101013183594 -11.335819244384766
vertex 3.846348762512207 -66.55101013183594 -11.010660171508789
endloop
endfacet
facet normal 0.8314697525217963 1.0388075283643004e-9 0.5555700231666056
outer loop
vertex 3.5211896896362305 -66.55101013183594 -10.524024963378906
vertex 3.8247411251068115 -71.9355697631836 -10.97832202911377
vertex 3.846348762512207 -66.55101013183594 -11.010660171508789
endloop
endfacet
facet normal 0 -1 0
outer loop
vertex 15.580888748168945 -66.55101013183594 -8.582683563232422
vertex 16.90700912475586 -66.55101013183594 -11.449999809265137
vertex 15.65700912475586 -66.55101013183594 -8.199999809265137
endloop
endfacet
facet normal 0 -1 0
outer loop
vertex 15.364115715026855 -66.55101013183594 -8.907106399536133
vertex 16.90700912475586 -66.55101013183594 -11.449999809265137
vertex 15.580888748168945 -66.55101013183594 -8.582683563232422
endloop
endfacet
facet normal -0.980785013558684 0 0.1950916635294606
outer loop
vertex 18.40700912475586 -66.55101013183594 -9.949999809265137
vertex 18.292827606201172 -68.054443359375 -10.524024963378906
vertex 18.40700912475586 -68.054443359375 -9.949999809265137
endloop
endfacet
facet normal 0 -1 0
outer loop
vertex 15.039692878723145 -66.55101013183594 -9.123879432678223
vertex 16.90700912475586 -66.55101013183594 -11.449999809265137
vertex 15.364115715026855 -66.55101013183594 -8.907106399536133
endloop
endfacet
facet normal 0 -1 0
outer loop
vertex 14.65700912475586 -66.55101013183594 -9.199999809265137
vertex 16.90700912475586 -66.55101013183594 -11.449999809265137
vertex 15.039692878723145 -66.55101013183594 -9.123879432678223
endloop
endfacet
facet normal 0 0 1
outer loop
vertex 16.90700912475586 -66.55101013183594 -11.449999809265137
vertex 8.402960777282715 -68.05500793457031 -11.449999809265137
vertex 16.90700912475586 -68.05452728271484 -11.449999809265137
endloop
endfacet
facet normal -0.19509040787318935 0 0.9807852633251952
outer loop
vertex 16.90700912475586 -68.05452728271484 -11.449999809265137
vertex 17.481033325195312 -68.05449676513672 -11.335819244384766
vertex 17.481033325195312 -66.55101013183594 -11.335819244384766
endloop
endfacet
facet normal -0.19509040787318935 0 0.9807852633251952
outer loop
vertex 16.90700912475586 -66.55101013183594 -11.449999809265137
vertex 16.90700912475586 -68.05452728271484 -11.449999809265137
vertex 17.481033325195312 -66.55101013183594 -11.335819244384766
endloop
endfacet
facet normal -0.5555700231666056 0 0.8314697525217963
outer loop
vertex 17.481033325195312 -66.55101013183594 -11.335819244384766
vertex 17.481033325195312 -68.05449676513672 -11.335819244384766
vertex 17.967668533325195 -66.55101013183594 -11.010660171508789
endloop
endfacet
facet normal 0 -1 0
outer loop
vertex 4.907009124755859 -66.55101013183594 -11.449999809265137
vertex 16.90700912475586 -66.55101013183594 -11.449999809265137
vertex 14.65700912475586 -66.55101013183594 -9.199999809265137
endloop
endfacet
facet normal -0.5555700231666056 0 0.8314697525217963
outer loop
vertex 17.967668533325195 -66.55101013183594 -11.010660171508789
vertex 17.481033325195312 -68.05449676513672 -11.335819244384766
vertex 17.967668533325195 -68.0544662475586 -11.010660171508789
endloop
endfacet
facet normal -0.8314697525217963 0 0.5555700231666056
outer loop
vertex 17.967668533325195 -66.55101013183594 -11.010660171508789
vertex 17.967668533325195 -68.0544662475586 -11.010660171508789
vertex 18.292827606201172 -66.55101013183594 -10.524024963378906
endloop
endfacet
facet normal -0.8314697525217963 0 0.5555700231666056
outer loop
vertex 18.292827606201172 -66.55101013183594 -10.524024963378906
vertex 17.967668533325195 -68.0544662475586 -11.010660171508789
vertex 18.292827606201172 -68.054443359375 -10.524024963378906
endloop
endfacet
facet normal -0.980785013558684 0 0.1950916635294606
outer loop
vertex 18.292827606201172 -66.55101013183594 -10.524024963378906
vertex 18.292827606201172 -68.054443359375 -10.524024963378906
vertex 18.40700912475586 -66.55101013183594 -9.949999809265137
endloop
endfacet
facet normal 0 -1 0
outer loop
vertex 3.4070088863372803 -66.55101013183594 -9.949999809265137
vertex 3.5211896896362305 -66.55101013183594 -10.524024963378906
vertex 3.4070088863372803 -66.55101013183594 -4.949999809265137
endloop
endfacet
facet normal 0 -1 0
outer loop
vertex 3.846348762512207 -66.55101013183594 -11.010660171508789
vertex 4.33298397064209 -66.55101013183594 -11.335819244384766
vertex 3.846348762512207 -66.55101013183594 -3.8893399238586426
endloop
endfacet
facet normal 0 -1 0
outer loop
vertex 3.5211896896362305 -66.55101013183594 -10.524024963378906
vertex 3.846348762512207 -66.55101013183594 -11.010660171508789
vertex 3.5211896896362305 -66.55101013183594 -4.375974655151367
endloop
endfacet
facet normal 0 -1 0
outer loop
vertex 4.33298397064209 -66.55101013183594 -11.335819244384766
vertex 4.907009124755859 -66.55101013183594 -11.449999809265137
vertex 4.33298397064209 -66.55101013183594 -3.564180612564087
endloop
endfacet
facet normal 0 -1 0
outer loop
vertex 4.907009124755859 -66.55101013183594 -11.449999809265137
vertex 6.233129501342773 -66.55101013183594 -8.582683563232422
vertex 6.157009124755859 -66.55101013183594 -8.199999809265137
endloop
endfacet
facet normal 0 -1 0
outer loop
vertex 4.907009124755859 -66.55101013183594 -11.449999809265137
vertex 6.449902057647705 -66.55101013183594 -8.907106399536133
vertex 6.233129501342773 -66.55101013183594 -8.582683563232422
endloop
endfacet
facet normal 0 -1 0
outer loop
vertex 7.157009124755859 -66.55101013183594 -9.199999809265137
vertex 4.907009124755859 -66.55101013183594 -11.449999809265137
vertex 14.65700912475586 -66.55101013183594 -9.199999809265137
endloop
endfacet
facet normal 0 -1 0
outer loop
vertex 4.907009124755859 -66.55101013183594 -11.449999809265137
vertex 6.774325370788574 -66.55101013183594 -9.123879432678223
vertex 6.449902057647705 -66.55101013183594 -8.907106399536133
endloop
endfacet
facet normal 0 -1 0
outer loop
vertex 7.157009124755859 -66.55101013183594 -9.199999809265137
vertex 6.774325370788574 -66.55101013183594 -9.123879432678223
vertex 4.907009124755859 -66.55101013183594 -11.449999809265137
endloop
endfacet
facet normal 0.8314695010489663 4.308225903447703e-9 -0.5555703995223136
outer loop
vertex 3.8247411251068115 -71.9355697631836 -3.921678066253662
vertex 3.5211896896362305 -66.55101013183594 -4.375974655151367
vertex 3.846348762512207 -66.55101013183594 -3.8893399238586426
endloop
endfacet
facet normal 0.19508994019846038 0 0.9807853563514094
outer loop
vertex 6.774325370788574 -66.55101013183594 -9.123879432678223
vertex 7.157009124755859 -66.55101013183594 -9.199999809265137
vertex 7.157009124755859 -65.35101318359375 -9.199999809265137
endloop
endfacet
facet normal 0.19508994019846038 0 0.9807853563514094
outer loop
vertex 6.774325370788574 -65.35101318359375 -9.123879432678223
vertex 6.774325370788574 -66.55101013183594 -9.123879432678223
vertex 7.157009124755859 -65.35101318359375 -9.199999809265137
endloop
endfacet
facet normal 0.5555707746001806 0 0.8314692504297169
outer loop
vertex 6.449902057647705 -66.55101013183594 -8.907106399536133
vertex 6.774325370788574 -66.55101013183594 -9.123879432678223
vertex 6.774325370788574 -65.35101318359375 -9.123879432678223
endloop
endfacet
facet normal 0.831469437753771 0 0.5555704942502148
outer loop
vertex 6.233129501342773 -66.55101013183594 -8.582683563232422
vertex 6.449902057647705 -66.55101013183594 -8.907106399536133
vertex 6.449902057647705 -65.35101318359375 -8.907106399536133
endloop
endfacet
facet normal 0.5555707746001806 0 0.8314692504297169
outer loop
vertex 6.449902057647705 -65.35101318359375 -8.907106399536133
vertex 6.449902057647705 -66.55101013183594 -8.907106399536133
vertex 6.774325370788574 -65.35101318359375 -9.123879432678223
endloop
endfacet
facet normal 0 0 1
outer loop
vertex 7.157009124755859 -65.35101318359375 -9.199999809265137
vertex 7.157009124755859 -66.55101013183594 -9.199999809265137
vertex 14.65700912475586 -65.35101318359375 -9.199999809265137
endloop
endfacet
facet normal 0.831469437753771 0 0.5555704942502148
outer loop
vertex 6.233129501342773 -66.55101013183594 -8.582683563232422
vertex 6.449902057647705 -65.35101318359375 -8.907106399536133
vertex 6.233129501342773 -65.35101318359375 -8.582683563232422
endloop
endfacet
facet normal 0.9807853563514094 0 0.19508994019846038
outer loop
vertex 6.233129501342773 -66.55101013183594 -8.582683563232422
vertex 6.233129501342773 -65.35101318359375 -8.582683563232422
vertex 6.157009124755859 -66.55101013183594 -8.199999809265137
endloop
endfacet
facet normal 0.9807853563514094 0 0.19508994019846038
outer loop
vertex 6.157009124755859 -66.55101013183594 -8.199999809265137
vertex 6.233129501342773 -65.35101318359375 -8.582683563232422
vertex 6.157009124755859 -65.35101318359375 -8.199999809265137
endloop
endfacet
facet normal 0 0 1
outer loop
vertex 14.65700912475586 -65.35101318359375 -9.199999809265137
vertex 7.157009124755859 -66.55101013183594 -9.199999809265137
vertex 14.65700912475586 -66.55101013183594 -9.199999809265137
endloop
endfacet
facet normal -0.19508994019846038 0 0.9807853563514094
outer loop
vertex 14.65700912475586 -65.35101318359375 -9.199999809265137
vertex 14.65700912475586 -66.55101013183594 -9.199999809265137
vertex 15.039692878723145 -65.35101318359375 -9.123879432678223
endloop
endfacet
facet normal -0.19508994019846038 0 0.9807853563514094
outer loop
vertex 15.039692878723145 -65.35101318359375 -9.123879432678223
vertex 14.65700912475586 -66.55101013183594 -9.199999809265137
vertex 15.039692878723145 -66.55101013183594 -9.123879432678223
endloop
endfacet
facet normal -0.5555713391342493 0 0.8314688732193027
outer loop
vertex 15.039692878723145 -65.35101318359375 -9.123879432678223
vertex 15.039692878723145 -66.55101013183594 -9.123879432678223
vertex 15.364115715026855 -65.35101318359375 -8.907106399536133
endloop
endfacet
facet normal -0.5555713391342493 0 0.8314688732193027
outer loop
vertex 15.364115715026855 -65.35101318359375 -8.907106399536133
vertex 15.039692878723145 -66.55101013183594 -9.123879432678223
vertex 15.364115715026855 -66.55101013183594 -8.907106399536133
endloop
endfacet
facet normal -0.8314688732193027 0 0.5555713391342493
outer loop
vertex 15.364115715026855 -65.35101318359375 -8.907106399536133
vertex 15.364115715026855 -66.55101013183594 -8.907106399536133
vertex 15.580888748168945 -65.35101318359375 -8.582683563232422
endloop
endfacet
facet normal 0 0 -1
outer loop
vertex 7.157009124755859 -66.55101013183594 -5.699999809265137
vertex 7.157009124755859 -65.35101318359375 -5.699999809265137
vertex 14.65700912475586 -66.55101013183594 -5.699999809265137
endloop
endfacet
facet normal -0.9807853563514094 0 0.19508994019846038
outer loop
vertex 15.580888748168945 -65.35101318359375 -8.582683563232422
vertex 15.580888748168945 -66.55101013183594 -8.582683563232422
vertex 15.65700912475586 -65.35101318359375 -8.199999809265137
endloop
endfacet
facet normal -0.9807853563514094 0 0.19508994019846038
outer loop
vertex 15.65700912475586 -65.35101318359375 -8.199999809265137
vertex 15.580888748168945 -66.55101013183594 -8.582683563232422
vertex 15.65700912475586 -66.55101013183594 -8.199999809265137
endloop
endfacet
facet normal -0.8314692504297169 0 -0.5555707746001806
outer loop
vertex 15.580888748168945 -65.35101318359375 -6.31731653213501
vertex 15.580888748168945 -66.55101013183594 -6.31731653213501
vertex 15.364115715026855 -65.35101318359375 -5.992893218994141
endloop
endfacet
facet normal -0.19509111577748658 0 -0.9807851225139457
outer loop
vertex 14.65700912475586 -66.55101013183594 -5.699999809265137
vertex 14.65700912475586 -65.35101318359375 -5.699999809265137
vertex 15.039692878723145 -66.55101013183594 -5.776120662689209
endloop
endfacet
facet normal -0.19509111577748658 0 -0.9807851225139457
outer loop
vertex 15.039692878723145 -65.35101318359375 -5.776120662689209
vertex 15.039692878723145 -66.55101013183594 -5.776120662689209
vertex 14.65700912475586 -65.35101318359375 -5.699999809265137
endloop
endfacet
facet normal -0.5555704942502148 0 -0.831469437753771
outer loop
vertex 15.039692878723145 -65.35101318359375 -5.776120662689209
vertex 15.364115715026855 -66.55101013183594 -5.992893218994141
vertex 15.039692878723145 -66.55101013183594 -5.776120662689209
endloop
endfacet
facet normal 1 0 0
outer loop
vertex 6.157009124755859 -66.55101013183594 -8.199999809265137
vertex 6.157009124755859 -65.35101318359375 -8.199999809265137
vertex 6.157009124755859 -66.55101013183594 -6.699999809265137
endloop
endfacet
facet normal 1 0 0
outer loop
vertex 6.157009124755859 -66.55101013183594 -6.699999809265137
vertex 6.157009124755859 -65.35101318359375 -8.199999809265137
vertex 6.157009124755859 -65.35101318359375 -6.699999809265137
endloop
endfacet
facet normal 0.9807853098383859 0 -0.19509017403555012
outer loop
vertex 6.157009124755859 -66.55101013183594 -6.699999809265137
vertex 6.157009124755859 -65.35101318359375 -6.699999809265137
vertex 6.233129501342773 -66.55101013183594 -6.31731653213501
endloop
endfacet
facet normal 0.9807853098383859 0 -0.19509017403555012
outer loop
vertex 6.233129501342773 -66.55101013183594 -6.31731653213501
vertex 6.157009124755859 -65.35101318359375 -6.699999809265137
vertex 6.233129501342773 -65.35101318359375 -6.31731653213501
endloop
endfacet
facet normal 0 0 -1
outer loop
vertex 14.65700912475586 -66.55101013183594 -5.699999809265137
vertex 7.157009124755859 -65.35101318359375 -5.699999809265137
vertex 14.65700912475586 -65.35101318359375 -5.699999809265137
endloop
endfacet
facet normal -0.5555704942502148 0 -0.831469437753771
outer loop
vertex 15.364115715026855 -65.35101318359375 -5.992893218994141
vertex 15.364115715026855 -66.55101013183594 -5.992893218994141
vertex 15.039692878723145 -65.35101318359375 -5.776120662689209
endloop
endfacet
facet normal -0.8314692504297169 0 -0.5555707746001806
outer loop
vertex 15.364115715026855 -66.55101013183594 -5.992893218994141
vertex 15.364115715026855 -65.35101318359375 -5.992893218994141
vertex 15.580888748168945 -66.55101013183594 -6.31731653213501
endloop
endfacet
facet normal -1 0 0
outer loop
vertex 15.65700912475586 -65.35101318359375 -8.199999809265137
vertex 15.65700912475586 -66.55101013183594 -8.199999809265137
vertex 15.65700912475586 -65.35101318359375 -6.699999809265137
endloop
endfacet
facet normal -1 0 0
outer loop
vertex 15.65700912475586 -65.35101318359375 -6.699999809265137
vertex 15.65700912475586 -66.55101013183594 -8.199999809265137
vertex 15.65700912475586 -66.55101013183594 -6.699999809265137
endloop
endfacet
facet normal -0.9807853098383859 0 -0.19509017403555012
outer loop
vertex 15.65700912475586 -65.35101318359375 -6.699999809265137
vertex 15.65700912475586 -66.55101013183594 -6.699999809265137
vertex 15.580888748168945 -65.35101318359375 -6.31731653213501
endloop
endfacet
facet normal -0.9807853098383859 0 -0.19509017403555012
outer loop
vertex 15.580888748168945 -65.35101318359375 -6.31731653213501
vertex 15.65700912475586 -66.55101013183594 -6.699999809265137
vertex 15.580888748168945 -66.55101013183594 -6.31731653213501
endloop
endfacet
facet normal 0.831469814963294 0 -0.555569929716238
outer loop
vertex 6.233129501342773 -66.55101013183594 -6.31731653213501
vertex 6.233129501342773 -65.35101318359375 -6.31731653213501
vertex 6.449902057647705 -66.55101013183594 -5.992893218994141
endloop
endfacet
facet normal 0.831469814963294 0 -0.555569929716238
outer loop
vertex 6.449902057647705 -66.55101013183594 -5.992893218994141
vertex 6.233129501342773 -65.35101318359375 -6.31731653213501
vertex 6.449902057647705 -65.35101318359375 -5.992893218994141
endloop
endfacet
facet normal 0.555569929716238 0 -0.831469814963294
outer loop
vertex 6.449902057647705 -66.55101013183594 -5.992893218994141
vertex 6.449902057647705 -65.35101318359375 -5.992893218994141
vertex 6.774325370788574 -66.55101013183594 -5.776120662689209
endloop
endfacet
facet normal 0.19509111577748658 0 -0.9807851225139457
outer loop
vertex 6.774325370788574 -66.55101013183594 -5.776120662689209
vertex 6.774325370788574 -65.35101318359375 -5.776120662689209
vertex 7.157009124755859 -66.55101013183594 -5.699999809265137
endloop
endfacet
facet normal 0.19509111577748658 0 -0.9807851225139457
outer loop
vertex 7.157009124755859 -66.55101013183594 -5.699999809265137
vertex 6.774325370788574 -65.35101318359375 -5.776120662689209
vertex 7.157009124755859 -65.35101318359375 -5.699999809265137
endloop
endfacet
facet normal 0.555569929716238 0 -0.831469814963294
outer loop
vertex 6.774325370788574 -66.55101013183594 -5.776120662689209
vertex 6.449902057647705 -65.35101318359375 -5.992893218994141
vertex 6.774325370788574 -65.35101318359375 -5.776120662689209
endloop
endfacet
facet normal -0.8314688732193027 0 0.5555713391342493
outer loop
vertex 15.580888748168945 -65.35101318359375 -8.582683563232422
vertex 15.364115715026855 -66.55101013183594 -8.907106399536133
vertex 15.580888748168945 -66.55101013183594 -8.582683563232422
endloop
endfacet
facet normal -0.030738358281302572 -0.11471638220394974 -0.9929226077515849
outer loop
vertex 67.31551361083984 -68.32013702392578 -1.5949000120162964
vertex 68.39009094238281 -69.42947387695312 -1.5
vertex 67.0431137084961 -69.06855010986328 -1.5
endloop
endfacet
facet normal 0.05019163378127304 -0.10763613031354552 -0.9929225867858442
outer loop
vertex 73.7792739868164 -68.47920989990234 -1.5
vertex 72.24303436279297 -68.32013702392578 -1.5949000120162964
vertex 72.8194580078125 -68.05134582519531 -1.5949000120162964
endloop
endfacet
facet normal 0.04492989743536493 -0.09635231872311675 -0.9943327083995208
outer loop
vertex 72.24303436279297 -68.32013702392578 -1.5949000120162964
vertex 72.14521789550781 -68.05138397216797 -1.625362515449524
vertex 72.8194580078125 -68.05134582519531 -1.5949000120162964
endloop
endfacet
facet normal -0.009265430460975693 -0.10590950246537766 -0.9943326048591131
outer loop
vertex 68.52838897705078 -68.64512634277344 -1.5949000120162964
vertex 68.63304901123047 -68.05158996582031 -1.6590946912765503
vertex 69.3792724609375 -68.05154418945312 -1.666053056716919
endloop
endfacet
facet normal -0.009266381898999526 -0.10590815474992009 -0.994332739541432
outer loop
vertex 69.3792724609375 -68.71957397460938 -1.5949000120162964
vertex 68.52838897705078 -68.64512634277344 -1.5949000120162964
vertex 69.3792724609375 -68.05154418945312 -1.666053056716919
endloop
endfacet
facet normal 0.010351544089549069 -0.11831078680827413 -0.9929226572396106
outer loop
vertex 71.16845703125 -69.42947387695312 -1.5
vertex 70.17927551269531 -68.71957397460938 -1.5949000120162964
vertex 71.03015899658203 -68.64512634277344 -1.5949000120162964
endloop
endfacet
facet normal 0.010350718881707533 -0.11831191976451631 -0.9929225308453155
outer loop
vertex 70.17927551269531 -68.71957397460938 -1.5949000120162964
vertex 71.16845703125 -69.42947387695312 -1.5
vertex 70.17927551269531 -69.5160140991211 -1.5
endloop
endfacet
facet normal 0.009266368077458037 -0.10590799677953089 -0.9943327564959328
outer loop
vertex 71.03015899658203 -68.64512634277344 -1.5949000120162964
vertex 70.17927551269531 -68.71957397460938 -1.5949000120162964
vertex 70.17927551269531 -68.05149841308594 -1.666057825088501
endloop
endfacet
facet normal 1 0 0
outer loop
vertex 74.2792739868164 -68.05126190185547 -1
vertex 74.2792739868164 -67.55126190185547 -0.5
vertex 74.2792739868164 -68.12911224365234 -0.5
endloop
endfacet
facet normal 0.009266160836762809 -0.10590829031418601 -0.9943327271623283
outer loop
vertex 70.17927551269531 -68.05149841308594 -1.666057825088501
vertex 70.92547607421875 -68.05145263671875 -1.6591088771820068
vertex 71.03015899658203 -68.64512634277344 -1.5949000120162964
endloop
endfacet
facet normal 0.03073829439549061 -0.11471614378037633 -0.9929226372753399
outer loop
vertex 71.16845703125 -69.42947387695312 -1.5
vertex 71.03015899658203 -68.64512634277344 -1.5949000120162964
vertex 72.51543426513672 -69.06855010986328 -1.5
endloop
endfacet
facet normal 0.5735697163184464 -0.8191567496653964 0
outer loop
vertex 73.7792739868164 -68.47920989990234 -0.5
vertex 73.7792739868164 -68.47920989990234 -1.5
vertex 74.2792739868164 -68.12911224365234 -0.5
endloop
endfacet
facet normal 0.42261948047228126 -0.9063072187317825 0
outer loop
vertex 72.51543426513672 -69.06855010986328 -0.5
vertex 72.51543426513672 -69.06855010986328 -1.5
vertex 73.7792739868164 -68.47920989990234 -0.5
endloop
endfacet
facet normal 1 0 0
outer loop
vertex 74.2792739868164 -68.12911224365234 -0.5
vertex 74.2792739868164 -68.12911224365234 -1.5
vertex 74.2792739868164 -68.05126190185547 -1
endloop
endfacet
facet normal 0.5735697163184464 -0.8191567496653964 0
outer loop
vertex 73.7792739868164 -68.47920989990234 -1.5
vertex 74.2792739868164 -68.12911224365234 -1.5
vertex 74.2792739868164 -68.12911224365234 -0.5
endloop
endfacet
facet normal 0.42261948047228126 -0.9063072187317825 0
outer loop
vertex 72.51543426513672 -69.06855010986328 -1.5
vertex 73.7792739868164 -68.47920989990234 -1.5
vertex 73.7792739868164 -68.47920989990234 -0.5
endloop
endfacet
facet normal 1 0 0
outer loop
vertex 74.2792739868164 -68.12911224365234 -1.5
vertex 74.2792739868164 -68.05126190185547 -1.507627010345459
vertex 74.2792739868164 -68.05126190185547 -1
endloop
endfacet
facet normal 0.027515792778864717 -0.1026903196423486 -0.9943327307292579
outer loop
vertex 71.03015899658203 -68.64512634277344 -1.5949000120162964
vertex 70.92547607421875 -68.05145263671875 -1.6591088771820068
vertex 72.14521789550781 -68.05138397216797 -1.625362515449524
endloop
endfacet
facet normal 0.027515841919092662 -0.10269041137276891 -0.9943327198958982
outer loop
vertex 72.14521789550781 -68.05138397216797 -1.625362515449524
vertex 72.24303436279297 -68.32013702392578 -1.5949000120162964
vertex 71.03015899658203 -68.64512634277344 -1.5949000120162964
endloop
endfacet
facet normal 0.030738209004710124 -0.11471643632919659 -0.9929226061194862
outer loop
vertex 72.51543426513672 -69.06855010986328 -1.5
vertex 71.03015899658203 -68.64512634277344 -1.5949000120162964
vertex 72.24303436279297 -68.32013702392578 -1.5949000120162964
endloop
endfacet
facet normal -1 0 0
outer loop
vertex 65.2792739868164 -68.0517807006836 -1
vertex 65.2792739868164 -68.0517807006836 -1.5075769424438477
vertex 65.2792739868164 -68.12911224365234 -1.5
endloop
endfacet
facet normal 0.06811283694470179 -0.09727691078294928 -0.9929238863436969
outer loop
vertex 73.7792739868164 -68.47920989990234 -1.5
vertex 74.2792739868164 -68.05126190185547 -1.507627010345459
vertex 74.2792739868164 -68.12911224365234 -1.5
endloop
endfacet
facet normal -0.5735697163184464 -0.8191567496653964 0
outer loop
vertex 65.2792739868164 -68.12911224365234 -1.5
vertex 65.7792739868164 -68.47920989990234 -1.5
vertex 65.7792739868164 -68.47920989990234 -0.5
endloop
endfacet
facet normal -1 0 0
outer loop
vertex 65.2792739868164 -68.0517807006836 -1
vertex 65.2792739868164 -68.12911224365234 -1.5
vertex 65.2792739868164 -68.12911224365234 -0.5
endloop
endfacet
facet normal 0.06812078933517923 -0.09728617618598914 -0.9929224330145134
outer loop
vertex 73.7792739868164 -68.47920989990234 -1.5
vertex 73.5322265625 -68.05130767822266 -1.5588747262954712
vertex 74.2792739868164 -68.05126190185547 -1.507627010345459
endloop
endfacet
facet normal 0.05019165176549849 -0.10763596667221456 -0.9929226036160064
outer loop
vertex 72.51543426513672 -69.06855010986328 -1.5
vertex 72.24303436279297 -68.32013702392578 -1.5949000120162964
vertex 73.7792739868164 -68.47920989990234 -1.5
endloop
endfacet
facet normal -0.42261948047228126 -0.9063072187317825 0
outer loop
vertex 65.7792739868164 -68.47920989990234 -1.5
vertex 67.0431137084961 -69.06855010986328 -1.5
vertex 67.0431137084961 -69.06855010986328 -0.5
endloop
endfacet
facet normal -0.5735697163184464 -0.8191567496653964 0
outer loop
vertex 65.2792739868164 -68.12911224365234 -0.5
vertex 65.2792739868164 -68.12911224365234 -1.5
vertex 65.7792739868164 -68.47920989990234 -0.5
endloop
endfacet
facet normal -0.42261948047228126 -0.9063072187317825 0
outer loop
vertex 65.7792739868164 -68.47920989990234 -0.5
vertex 65.7792739868164 -68.47920989990234 -1.5
vertex 67.0431137084961 -69.06855010986328 -0.5
endloop
endfacet
facet normal -1 0 0
outer loop
vertex 65.2792739868164 -67.5517807006836 -0.5
vertex 65.2792739868164 -68.0517807006836 -1
vertex 65.2792739868164 -68.12911224365234 -0.5
endloop
endfacet
facet normal -0.010351643117954003 -0.1183119186325124 -0.9929225213450708
outer loop
vertex 69.3792724609375 -69.5160140991211 -1.5
vertex 68.52838897705078 -68.64512634277344 -1.5949000120162964
vertex 69.3792724609375 -68.71957397460938 -1.5949000120162964
endloop
endfacet
facet normal -0.010350633706011374 -0.11831094617995228 -0.9929226477404413
outer loop
vertex 68.39009094238281 -69.42947387695312 -1.5
vertex 68.52838897705078 -68.64512634277344 -1.5949000120162964
vertex 69.3792724609375 -69.5160140991211 -1.5
endloop
endfacet
facet normal -0.027515718378157923 -0.10269306185312765 -0.9943324495808047
outer loop
vertex 68.63304901123047 -68.05158996582031 -1.6590946912765503
vertex 67.31551361083984 -68.32013702392578 -1.5949000120162964
vertex 67.4132308959961 -68.0516586303711 -1.6253321170806885
endloop
endfacet
facet normal -0.02751608330580014 -0.10269131223927204 -0.994332620178019
outer loop
vertex 68.52838897705078 -68.64512634277344 -1.5949000120162964
vertex 67.31551361083984 -68.32013702392578 -1.5949000120162964
vertex 68.63304901123047 -68.05158996582031 -1.6590946912765503
endloop
endfacet
facet normal -0.04493007829250618 -0.09635480993717055 -0.9943324588217972
outer loop
vertex 67.31551361083984 -68.32013702392578 -1.5949000120162964
vertex 66.73983001708984 -68.05169677734375 -1.5949000120162964
vertex 67.4132308959961 -68.0516586303711 -1.6253321170806885
endloop
endfacet
facet normal -0.030738138055674796 -0.11471617154407224 -0.9929226389075542
outer loop
vertex 68.39009094238281 -69.42947387695312 -1.5
vertex 67.31551361083984 -68.32013702392578 -1.5949000120162964
vertex 68.52838897705078 -68.64512634277344 -1.5949000120162964
endloop
endfacet
facet normal -0.25882058733748775 -0.9659254130471346 0
outer loop
vertex 67.0431137084961 -69.06855010986328 -1.5
vertex 68.39009094238281 -69.42947387695312 -1.5
vertex 68.39009094238281 -69.42947387695312 -0.5
endloop
endfacet
facet normal -0.08715379696267496 -0.9961948683239583 0
outer loop
vertex 68.39009094238281 -69.42947387695312 -1.5
vertex 69.3792724609375 -69.5160140991211 -1.5
vertex 69.3792724609375 -69.5160140991211 -0.5
endloop
endfacet
facet normal -0.050192011509297384 -0.10763673814257241 -0.9929225018009603
outer loop
vertex 65.7792739868164 -68.47920989990234 -1.5
vertex 66.73983001708984 -68.05169677734375 -1.5949000120162964
vertex 67.0431137084961 -69.06855010986328 -1.5
endloop
endfacet
facet normal -0.0501906350388415 -0.10763633814099258 -0.9929226147419524
outer loop
vertex 67.0431137084961 -69.06855010986328 -1.5
vertex 66.73983001708984 -68.05169677734375 -1.5949000120162964
vertex 67.31551361083984 -68.32013702392578 -1.5949000120162964
endloop
endfacet
facet normal -0.05019184029328738 -0.10763711567493053 -0.992922469529799
outer loop
vertex 65.7792739868164 -68.47920989990234 -1.5
vertex 66.02607727050781 -68.0517349243164 -1.5588159561157227
vertex 66.73983001708984 -68.05169677734375 -1.5949000120162964
endloop
endfacet
facet normal 0.08715379696267496 -0.9961948683239583 0
outer loop
vertex 71.16845703125 -69.42947387695312 -1.5
vertex 71.16845703125 -69.42947387695312 -0.5
vertex 70.17927551269531 -69.5160140991211 -1.5
endloop
endfacet
facet normal -0.06811956561532946 -0.09728651750709347 -0.9929224835261415
outer loop
vertex 65.2792739868164 -68.0517807006836 -1.5075769424438477
vertex 66.02607727050781 -68.0517349243164 -1.5588159561157227
vertex 65.2792739868164 -68.12911224365234 -1.5
endloop
endfacet
facet normal -0.06811956533029859 -0.09728652008120746 -0.9929224832934844
outer loop
vertex 66.02607727050781 -68.0517349243164 -1.5588159561157227
vertex 65.7792739868164 -68.47920989990234 -1.5
vertex 65.2792739868164 -68.12911224365234 -1.5
endloop
endfacet
facet normal 0.25882058733748775 -0.9659254130471346 0
outer loop
vertex 71.16845703125 -69.42947387695312 -1.5
vertex 72.51543426513672 -69.06855010986328 -1.5
vertex 72.51543426513672 -69.06855010986328 -0.5
endloop
endfacet
facet normal -0.25882058733748775 -0.9659254130471346 0
outer loop
vertex 67.0431137084961 -69.06855010986328 -0.5
vertex 67.0431137084961 -69.06855010986328 -1.5
vertex 68.39009094238281 -69.42947387695312 -0.5
endloop
endfacet
facet normal -0.08715379696267496 -0.9961948683239583 0
outer loop
vertex 68.39009094238281 -69.42947387695312 -0.5
vertex 68.39009094238281 -69.42947387695312 -1.5
vertex 69.3792724609375 -69.5160140991211 -0.5
endloop
endfacet
facet normal 0.08715379696267496 -0.9961948683239583 0
outer loop
vertex 70.17927551269531 -69.5160140991211 -0.5
vertex 70.17927551269531 -69.5160140991211 -1.5
vertex 71.16845703125 -69.42947387695312 -0.5
endloop
endfacet
facet normal 0.25882058733748775 -0.9659254130471346 0
outer loop
vertex 71.16845703125 -69.42947387695312 -0.5
vertex 71.16845703125 -69.42947387695312 -1.5
vertex 72.51543426513672 -69.06855010986328 -0.5
endloop
endfacet
facet normal 0.05019079479559955 -0.10763797738308403 -0.9929224289654579
outer loop
vertex 73.7792739868164 -68.47920989990234 -1.5
vertex 72.8194580078125 -68.05134582519531 -1.5949000120162964
vertex 73.5322265625 -68.05130767822266 -1.5588747262954712
endloop
endfacet
facet normal 0.06811970236955696 -0.0972853856225587 -0.9929225850454572
outer loop
vertex -43.172576904296875 -73.22920989990234 -1.5
vertex -43.42196273803711 -72.7972640991211 -1.559430718421936
vertex -42.672576904296875 -72.79727935791016 -1.5080174207687378
endloop
endfacet
facet normal 0.044929537949115965 -0.09635411814292408 -0.9943325502750969
outer loop
vertex -44.70881652832031 -73.07013702392578 -1.5949000120162964
vertex -44.808143615722656 -72.7972412109375 -1.6258326768875122
vertex -44.12360763549805 -72.79725646972656 -1.5949000120162964
endloop
endfacet
facet normal -0.2588212712285562 -0.9659252297976455 0
outer loop
vertex -49.90873718261719 -73.81855010986328 -0.5
vertex -49.90873718261719 -73.81855010986328 -1.5
vertex -48.561763763427734 -74.17947387695312 -0.5
endloop
endfacet
facet normal 0.42261948047228126 -0.9063072187317825 0
outer loop
vertex -44.43641662597656 -73.81855010986328 -0.5
vertex -44.43641662597656 -73.81855010986328 -1.5
vertex -43.172576904296875 -73.22920989990234 -0.5
endloop
endfacet
facet normal -0.05019202948022062 -0.10763677668120636 -0.9929224967147924
outer loop
vertex -50.221805572509766 -72.79713439941406 -1.5949000120162964
vertex -49.90873718261719 -73.81855010986328 -1.5
vertex -51.172576904296875 -73.22920989990234 -1.5
endloop
endfacet
facet normal -0.06811951901411953 -0.09728645393369373 -0.99292249295214
outer loop
vertex -50.9231071472168 -72.797119140625 -1.5594511032104492
vertex -51.172576904296875 -73.22920989990234 -1.5
vertex -51.672576904296875 -72.87911224365234 -1.5
endloop
endfacet
facet normal -0.06812000347866815 -0.09728229684139666 -0.9929228670180421
outer loop
vertex -51.672576904296875 -72.87911224365234 -1.5
vertex -51.672576904296875 -72.79710388183594 -1.5080348253250122
vertex -50.9231071472168 -72.797119140625 -1.5594511032104492
endloop
endfacet
facet normal -0.05019190301963433 -0.10763704985445532 -0.9929224734942287
outer loop
vertex -51.172576904296875 -73.22920989990234 -1.5
vertex -50.9231071472168 -72.797119140625 -1.5594511032104492
vertex -50.221805572509766 -72.79713439941406 -1.5949000120162964
endloop
endfacet
facet normal 1 0 0
outer loop
vertex -42.672576904296875 -72.87911224365234 -1.5
vertex -42.672576904296875 -72.79727935791016 -1.5080174207687378
vertex -42.672576904296875 -72.79727935791016 -1
endloop
endfacet
facet normal -0.05019098205618789 -0.10763646371259387 -0.9929225835883092
outer loop
vertex -49.90873718261719 -73.81855010986328 -1.5
vertex -50.221805572509766 -72.79713439941406 -1.5949000120162964
vertex -49.6363410949707 -73.07013702392578 -1.5949000120162964
endloop
endfacet
facet normal 0.25882058733748775 -0.9659254130471346 0
outer loop
vertex -45.78339385986328 -74.17947387695312 -1.5
vertex -44.43641662597656 -73.81855010986328 -1.5
vertex -44.43641662597656 -73.81855010986328 -0.5
endloop
endfacet
facet normal 0.08715346341544244 -0.9961948975048472 0
outer loop
vertex -45.78339385986328 -74.17947387695312 -1.5
vertex -45.78339385986328 -74.17947387695312 -0.5
vertex -46.772579193115234 -74.2660140991211 -1.5
endloop
endfacet
facet normal 0.5735697163184464 -0.8191567496653964 0
outer loop
vertex -43.172576904296875 -73.22920989990234 -0.5
vertex -43.172576904296875 -73.22920989990234 -1.5
vertex -42.672576904296875 -72.87911224365234 -0.5
endloop
endfacet
facet normal 0.06811484686586074 -0.09727978129796568 -0.992923467235547
outer loop
vertex -43.172576904296875 -73.22920989990234 -1.5
vertex -42.672576904296875 -72.79727935791016 -1.5080174207687378
vertex -42.672576904296875 -72.87911224365234 -1.5
endloop
endfacet
facet normal -1 0 0
outer loop
vertex -51.672576904296875 -72.79710388183594 -1
vertex -51.672576904296875 -72.87911224365234 -1.5
vertex -51.672576904296875 -72.87911224365234 -0.5
endloop
endfacet
facet normal -1 0 0
outer loop
vertex -51.672576904296875 -72.79710388183594 -1.5080348253250122
vertex -51.672576904296875 -72.87911224365234 -1.5
vertex -51.672576904296875 -72.79710388183594 -1
endloop
endfacet
facet normal 1 0 0
outer loop
vertex -42.672576904296875 -72.79727935791016 -1
vertex -42.672576904296875 -72.29727935791016 -0.5
vertex -42.672576904296875 -72.87911224365234 -0.5
endloop
endfacet
facet normal 0.08715346341544244 -0.9961948975048472 0
outer loop
vertex -46.772579193115234 -74.2660140991211 -1.5
vertex -45.78339385986328 -74.17947387695312 -0.5
vertex -46.772579193115234 -74.2660140991211 -0.5
endloop
endfacet
facet normal -0.5735697163184464 -0.8191567496653964 0
outer loop
vertex -51.672576904296875 -72.87911224365234 -0.5
vertex -51.672576904296875 -72.87911224365234 -1.5
vertex -51.172576904296875 -73.22920989990234 -0.5
endloop
endfacet
facet normal -1 0 0
outer loop
vertex -51.672576904296875 -72.29710388183594 -0.5
vertex -51.672576904296875 -72.79710388183594 -1
vertex -51.672576904296875 -72.87911224365234 -0.5
endloop
endfacet
facet normal -0.08715346341544244 -0.9961948975048472 0
outer loop
vertex -48.561763763427734 -74.17947387695312 -0.5
vertex -48.561763763427734 -74.17947387695312 -1.5
vertex -47.57257843017578 -74.2660140991211 -0.5
endloop
endfacet
facet normal 0.5735697163184464 -0.8191567496653964 0
outer loop
vertex -43.172576904296875 -73.22920989990234 -1.5
vertex -42.672576904296875 -72.87911224365234 -1.5
vertex -42.672576904296875 -72.87911224365234 -0.5
endloop
endfacet
facet normal -0.42261948047228126 -0.9063072187317825 0
outer loop
vertex -51.172576904296875 -73.22920989990234 -0.5
vertex -51.172576904296875 -73.22920989990234 -1.5
vertex -49.90873718261719 -73.81855010986328 -0.5
endloop
endfacet
facet normal -0.08715346341544244 -0.9961948975048472 0
outer loop
vertex -48.561763763427734 -74.17947387695312 -1.5
vertex -47.57257843017578 -74.2660140991211 -1.5
vertex -47.57257843017578 -74.2660140991211 -0.5
endloop
endfacet
facet normal -0.2588212712285562 -0.9659252297976455 0
outer loop
vertex -49.90873718261719 -73.81855010986328 -1.5
vertex -48.561763763427734 -74.17947387695312 -1.5
vertex -48.561763763427734 -74.17947387695312 -0.5
endloop
endfacet
facet normal -0.5735697163184464 -0.8191567496653964 0
outer loop
vertex -51.172576904296875 -73.22920989990234 -0.5
vertex -51.672576904296875 -72.87911224365234 -1.5
vertex -51.172576904296875 -73.22920989990234 -1.5
endloop
endfacet
facet normal -0.42261948047228126 -0.9063072187317825 0
outer loop
vertex -51.172576904296875 -73.22920989990234 -1.5
vertex -49.90873718261719 -73.81855010986328 -1.5
vertex -49.90873718261719 -73.81855010986328 -0.5
endloop
endfacet
facet normal -0.030738475336703073 -0.11471649417491271 -0.9929225911913739
outer loop
vertex -49.90873718261719 -73.81855010986328 -1.5
vertex -49.6363410949707 -73.07013702392578 -1.5949000120162964
vertex -48.561763763427734 -74.17947387695312 -1.5
endloop
endfacet
facet normal -0.044929151144599985 -0.09635226785161427 -0.9943327470506421
outer loop
vertex -49.6363410949707 -73.07013702392578 -1.5949000120162964
vertex -50.221805572509766 -72.79713439941406 -1.5949000120162964
vertex -49.53697967529297 -72.7971420288086 -1.6258432865142822
endloop
endfacet
facet normal -0.027516304364729998 -0.10268998587261594 -0.9943327510424211
outer loop
vertex -49.6363410949707 -73.07013702392578 -1.5949000120162964
vertex -49.53697967529297 -72.7971420288086 -1.6258432865142822
vertex -48.31802749633789 -72.79717254638672 -1.6595723628997803
endloop
endfacet
facet normal 0.25882058733748775 -0.9659254130471346 0
outer loop
vertex -45.78339385986328 -74.17947387695312 -0.5
vertex -45.78339385986328 -74.17947387695312 -1.5
vertex -44.43641662597656 -73.81855010986328 -0.5
endloop
endfacet
facet normal 0.42261948047228126 -0.9063072187317825 0
outer loop
vertex -44.43641662597656 -73.81855010986328 -1.5
vertex -43.172576904296875 -73.22920989990234 -1.5
vertex -43.172576904296875 -73.22920989990234 -0.5
endloop
endfacet
facet normal -0.00926642205715638 -0.10590861372909198 -0.9943326902803914
outer loop
vertex -48.4234619140625 -73.39512634277344 -1.5949000120162964
vertex -47.57257843017578 -72.79718780517578 -1.6665173768997192
vertex -47.57257843017578 -73.46957397460938 -1.5949000120162964
endloop
endfacet
facet normal -0.030738008060226956 -0.11471604719512055 -0.9929226572983497
outer loop
vertex -48.561763763427734 -74.17947387695312 -1.5
vertex -49.6363410949707 -73.07013702392578 -1.5949000120162964
vertex -48.4234619140625 -73.39512634277344 -1.5949000120162964
endloop
endfacet
facet normal -0.010350590115886993 -0.11831090418586529 -0.9929226531986144
outer loop
vertex -48.561763763427734 -74.17947387695312 -1.5
vertex -48.4234619140625 -73.39512634277344 -1.5949000120162964
vertex -47.57257843017578 -74.2660140991211 -1.5
endloop
endfacet
facet normal -0.010351643117954003 -0.1183119186325124 -0.9929225213450708
outer loop
vertex -47.57257843017578 -74.2660140991211 -1.5
vertex -48.4234619140625 -73.39512634277344 -1.5949000120162964
vertex -47.57257843017578 -73.46957397460938 -1.5949000120162964
endloop
endfacet
facet normal 1 0 0
outer loop
vertex -42.672576904296875 -72.87911224365234 -0.5
vertex -42.672576904296875 -72.87911224365234 -1.5
vertex -42.672576904296875 -72.79727935791016 -1
endloop
endfacet
facet normal -0.027516011636194916 -0.10269136774557525 -0.9943326164288184
outer loop
vertex -48.4234619140625 -73.39512634277344 -1.5949000120162964
vertex -49.6363410949707 -73.07013702392578 -1.5949000120162964
vertex -48.31802749633789 -72.79717254638672 -1.6595723628997803
endloop
endfacet
facet normal -0.009265918121783687 -0.10590932236551391 -0.9943326194978409
outer loop
vertex -47.57257843017578 -72.79718780517578 -1.6665173768997192
vertex -48.4234619140625 -73.39512634277344 -1.5949000120162964
vertex -48.31802749633789 -72.79717254638672 -1.6595723628997803
endloop
endfacet
facet normal 0.009266374929353914 -0.10590854990095498 -0.9943326975180619
outer loop
vertex -46.772579193115234 -73.46957397460938 -1.5949000120162964
vertex -46.772579193115234 -72.79720306396484 -1.6665157079696655
vertex -45.92169189453125 -73.39512634277344 -1.5949000120162964
endloop
endfacet
facet normal 0.010350678969440938 -0.11831191981339857 -0.9929225312555555
outer loop
vertex -46.772579193115234 -73.46957397460938 -1.5949000120162964
vertex -45.78339385986328 -74.17947387695312 -1.5
vertex -46.772579193115234 -74.2660140991211 -1.5
endloop
endfacet
facet normal 0.05019268539003957 -0.10763562919579027 -0.9929225879498175
outer loop
vertex -43.172576904296875 -73.22920989990234 -1.5
vertex -44.12360763549805 -72.79725646972656 -1.5949000120162964
vertex -43.42196273803711 -72.7972640991211 -1.559430718421936
endloop
endfacet
facet normal 0.010351498381610402 -0.11831079480990511 -0.9929226567627027
outer loop
vertex -45.78339385986328 -74.17947387695312 -1.5
vertex -46.772579193115234 -73.46957397460938 -1.5949000120162964
vertex -45.92169189453125 -73.39512634277344 -1.5949000120162964
endloop
endfacet
facet normal 0.03073829439549061 -0.11471614378037633 -0.9929226372753399
outer loop
vertex -45.78339385986328 -74.17947387695312 -1.5
vertex -45.92169189453125 -73.39512634277344 -1.5949000120162964
vertex -44.43641662597656 -73.81855010986328 -1.5
endloop
endfacet
facet normal 0.009265780731307897 -0.10590938549021753 -0.9943326140545344
outer loop
vertex -45.92169189453125 -73.39512634277344 -1.5949000120162964
vertex -46.772579193115234 -72.79720306396484 -1.6665157079696655
vertex -46.027122497558594 -72.7972183227539 -1.6595674753189087
endloop
endfacet
facet normal 0.02751586662310345 -0.1026913040165108 -0.9943326270234566
outer loop
vertex -45.92169189453125 -73.39512634277344 -1.5949000120162964
vertex -46.027122497558594 -72.7972183227539 -1.6595674753189087
vertex -44.808143615722656 -72.7972412109375 -1.6258326768875122
endloop
endfacet
facet normal 0.027516292191189725 -0.10269209180933388 -0.9943325338858587
outer loop
vertex -44.808143615722656 -72.7972412109375 -1.6258326768875122
vertex -44.70881652832031 -73.07013702392578 -1.5949000120162964
vertex -45.92169189453125 -73.39512634277344 -1.5949000120162964
endloop
endfacet
facet normal 0.030738209004710124 -0.11471643632919659 -0.9929226061194862
outer loop
vertex -44.43641662597656 -73.81855010986328 -1.5
vertex -45.92169189453125 -73.39512634277344 -1.5949000120162964
vertex -44.70881652832031 -73.07013702392578 -1.5949000120162964
endloop
endfacet
facet normal 0.05019165176549849 -0.10763596667221456 -0.9929226036160064
outer loop
vertex -44.43641662597656 -73.81855010986328 -1.5
vertex -44.70881652832031 -73.07013702392578 -1.5949000120162964
vertex -43.172576904296875 -73.22920989990234 -1.5
endloop
endfacet
facet normal 0.0501913784052777 -0.10763845401872182 -0.9929223477947496
outer loop
vertex -43.172576904296875 -73.22920989990234 -1.5
vertex -44.70881652832031 -73.07013702392578 -1.5949000120162964
vertex -44.12360763549805 -72.79725646972656 -1.5949000120162964
endloop
endfacet
facet normal 0.0071932805101710675 0.9999741280230714 0
outer loop
vertex 64.08793640136719 -66.81295013427734 -4
vertex 69.3792724609375 -66.85101318359375 -0.5
vertex 69.3792724609375 -66.85101318359375 -4
endloop
endfacet
facet normal -0.9807891957659867 0.19507063712591177 0
outer loop
vertex 75.7792739868164 -66.35101318359375 -0.5
vertex 75.7792739868164 -66.35101318359375 -4
vertex 75.74121856689453 -66.54235076904297 -4
endloop
endfacet
facet normal 0 0 -1
outer loop
vertex 75.7792739868164 -68.05117797851562 -4
vertex 70.17927551269531 -66.85101318359375 -4
vertex 75.47061920166016 -66.81295013427734 -4
endloop
endfacet
facet normal 0 0 1
outer loop
vertex 75.7792739868164 -65.35101318359375 -5
vertex 63.779273986816406 -68.05186462402344 -5
vertex 75.7792739868164 -68.05117797851562 -5
endloop
endfacet
facet normal 1 0 0
outer loop
vertex 63.779273986816406 -68.05186462402344 -5
vertex 63.779273986816406 -66.35101318359375 -4
vertex 63.779273986816406 -68.05186462402344 -4
endloop
endfacet
facet normal 0.980781712837501 0.19510825652323827 0
outer loop
vertex 63.81733703613281 -66.54235076904297 -0.5
vertex 63.81733703613281 -66.54235076904297 -4
vertex 63.779273986816406 -66.35101318359375 -4
endloop
endfacet
facet normal 1 0 0
outer loop
vertex 69.3792724609375 -68.05154418945312 -4
vertex 69.3792724609375 -66.85101318359375 -4
vertex 69.3792724609375 -68.05154418945312 -1.666053056716919
endloop
endfacet
facet normal 0 0 -1
outer loop
vertex 63.779273986816406 -68.05186462402344 -4
vertex 63.779273986816406 -66.35101318359375 -4
vertex 63.81733703613281 -66.54235076904297 -4
endloop
endfacet
facet normal 0 0 -1
outer loop
vertex 63.779273986816406 -68.05186462402344 -4
vertex 63.92572021484375 -66.7045669555664 -4
vertex 64.08793640136719 -66.81295013427734 -4
endloop
endfacet
facet normal -0.9807891957659867 0.19507063712591177 0
outer loop
vertex 75.74121856689453 -66.54235076904297 -4
vertex 75.74121856689453 -66.54235076904297 -0.5
vertex 75.7792739868164 -66.35101318359375 -0.5
endloop
endfacet
facet normal -0.8314662558937794 0.5555752562074558 0
outer loop
vertex 75.63282775878906 -66.7045669555664 -4
vertex 75.63282775878906 -66.7045669555664 -0.5
vertex 75.74121856689453 -66.54235076904297 -0.5
endloop
endfacet
facet normal -0.5555662850640511 0.8314722502285506 0
outer loop
vertex 75.47061920166016 -66.81295013427734 -4
vertex 75.47061920166016 -66.81295013427734 -0.5
vertex 75.63282775878906 -66.7045669555664 -0.5
endloop
endfacet
facet normal -0.007193270138980207 0.999974128097676 0
outer loop
vertex 75.47061920166016 -66.81295013427734 -0.5
vertex 70.17927551269531 -66.85101318359375 -4
vertex 70.17927551269531 -66.85101318359375 -0.5
endloop
endfacet
facet normal 0 0 -1
outer loop
vertex 63.92572021484375 -66.7045669555664 -4
vertex 63.779273986816406 -68.05186462402344 -4
vertex 63.81733703613281 -66.54235076904297 -4
endloop
endfacet
facet normal 1 0 0
outer loop
vertex 69.3792724609375 -69.5160140991211 -0.5
vertex 69.3792724609375 -68.71957397460938 -1.5949000120162964
vertex 69.3792724609375 -68.05154418945312 -1.666053056716919
endloop
endfacet
facet normal -1 0 0
outer loop
vertex 75.7792739868164 -65.35101318359375 -5
vertex 75.7792739868164 -68.05117797851562 -5
vertex 75.7792739868164 -66.35101318359375 -4
endloop
endfacet
facet normal -1 0 0
outer loop
vertex 70.17927551269531 -66.85101318359375 -0.5
vertex 70.17927551269531 -68.05149841308594 -4
vertex 70.17927551269531 -68.05149841308594 -1.666057825088501
endloop
endfacet
facet normal 1 0 0
outer loop
vertex 69.3792724609375 -69.5160140991211 -0.5
vertex 69.3792724609375 -69.5160140991211 -1.5
vertex 69.3792724609375 -68.71957397460938 -1.5949000120162964
endloop
endfacet
facet normal 1 0 0
outer loop
vertex 69.3792724609375 -66.85101318359375 -4
vertex 69.3792724609375 -66.85101318359375 -0.5
vertex 69.3792724609375 -68.05154418945312 -1.666053056716919
endloop
endfacet
facet normal 0.0071932805101710675 0.9999741280230714 0
outer loop
vertex 64.08793640136719 -66.81295013427734 -4
vertex 64.08793640136719 -66.81295013427734 -0.5
vertex 69.3792724609375 -66.85101318359375 -0.5
endloop
endfacet
facet normal 0 0 -1
outer loop
vertex 69.3792724609375 -68.05154418945312 -4
vertex 63.779273986816406 -68.05186462402344 -4
vertex 64.08793640136719 -66.81295013427734 -4
endloop
endfacet
facet normal -1 0 0
outer loop
vertex 70.17927551269531 -66.85101318359375 -0.5
vertex 70.17927551269531 -68.05149841308594 -1.666057825088501
vertex 70.17927551269531 -68.71957397460938 -1.5949000120162964
endloop
endfacet
facet normal 0 0 -1
outer loop
vertex 69.3792724609375 -68.05154418945312 -4
vertex 64.08793640136719 -66.81295013427734 -4
vertex 69.3792724609375 -66.85101318359375 -4
endloop
endfacet
facet normal 1 0 0
outer loop
vertex 63.779273986816406 -66.35101318359375 -0.5
vertex 63.779273986816406 -66.35101318359375 -4
vertex 63.779273986816406 -65.35101318359375 -0.5
endloop
endfacet
facet normal 0.980781712837501 0.19510825652323827 0
outer loop
vertex 63.779273986816406 -66.35101318359375 -4
vertex 63.779273986816406 -66.35101318359375 -0.5
vertex 63.81733703613281 -66.54235076904297 -0.5
endloop
endfacet
facet normal 0.8314843204337715 0.5555482201148602 0
outer loop
vertex 63.81733703613281 -66.54235076904297 -4
vertex 63.81733703613281 -66.54235076904297 -0.5
vertex 63.92572021484375 -66.7045669555664 -0.5
endloop
endfacet
facet normal -1 0 0
outer loop
vertex 70.17927551269531 -69.5160140991211 -1.5
vertex 70.17927551269531 -66.85101318359375 -0.5
vertex 70.17927551269531 -68.71957397460938 -1.5949000120162964
endloop
endfacet
facet normal 0 0 -1
outer loop
vertex 70.17927551269531 -68.05149841308594 -4
vertex 70.17927551269531 -66.85101318359375 -4
vertex 75.7792739868164 -68.05117797851562 -4
endloop
endfacet
facet normal 1 0 0
outer loop
vertex 63.779273986816406 -65.35101318359375 -5
vertex 63.779273986816406 -65.35101318359375 -0.5
vertex 63.779273986816406 -66.35101318359375 -4
endloop
endfacet
facet normal 1 0 0
outer loop
vertex 69.3792724609375 -69.5160140991211 -0.5
vertex 69.3792724609375 -68.05154418945312 -1.666053056716919
vertex 69.3792724609375 -66.85101318359375 -0.5
endloop
endfacet
facet normal 0 0 1
outer loop
vertex 75.7792739868164 -65.35101318359375 -5
vertex 63.779273986816406 -65.35101318359375 -5
vertex 63.779273986816406 -68.05186462402344 -5
endloop
endfacet
facet normal 0.5555482201148602 0.8314843204337715 0
outer loop
vertex 63.92572021484375 -66.7045669555664 -4
vertex 63.92572021484375 -66.7045669555664 -0.5
vertex 64.08793640136719 -66.81295013427734 -0.5
endloop
endfacet
facet normal 1 0 0
outer loop
vertex 63.779273986816406 -68.05186462402344 -5
vertex 63.779273986816406 -65.35101318359375 -5
vertex 63.779273986816406 -66.35101318359375 -4
endloop
endfacet
facet normal -1 0 0
outer loop
vertex 75.7792739868164 -66.35101318359375 -4
vertex 75.7792739868164 -68.05117797851562 -5
vertex 75.7792739868164 -68.05117797851562 -4
endloop
endfacet
facet normal 0 0 -1
outer loop
vertex 75.7792739868164 -68.05117797851562 -4
vertex 75.47061920166016 -66.81295013427734 -4
vertex 75.63282775878906 -66.7045669555664 -4
endloop
endfacet
facet normal 0 0 -1
outer loop
vertex 75.7792739868164 -68.05117797851562 -4
vertex 75.63282775878906 -66.7045669555664 -4
vertex 75.74121856689453 -66.54235076904297 -4
endloop
endfacet
facet normal -1 0 0
outer loop
vertex 75.7792739868164 -65.35101318359375 -5
vertex 75.7792739868164 -66.35101318359375 -0.5
vertex 75.7792739868164 -65.35101318359375 -0.5
endloop
endfacet
facet normal 0 0 -1
outer loop
vertex 75.7792739868164 -66.35101318359375 -4
vertex 75.7792739868164 -68.05117797851562 -4
vertex 75.74121856689453 -66.54235076904297 -4
endloop
endfacet
facet normal 0.8314843204337715 0.5555482201148602 0
outer loop
vertex 63.92572021484375 -66.7045669555664 -0.5
vertex 63.92572021484375 -66.7045669555664 -4
vertex 63.81733703613281 -66.54235076904297 -4
endloop
endfacet
facet normal -1 0 0
outer loop
vertex 70.17927551269531 -66.85101318359375 -0.5
vertex 70.17927551269531 -69.5160140991211 -1.5
vertex 70.17927551269531 -69.5160140991211 -0.5
endloop
endfacet
facet normal -1 0 0
outer loop
vertex 75.7792739868164 -66.35101318359375 -0.5
vertex 75.7792739868164 -65.35101318359375 -5
vertex 75.7792739868164 -66.35101318359375 -4
endloop
endfacet
facet normal -0.007193270138980207 0.999974128097676 0
outer loop
vertex 75.47061920166016 -66.81295013427734 -0.5
vertex 75.47061920166016 -66.81295013427734 -4
vertex 70.17927551269531 -66.85101318359375 -4
endloop
endfacet
facet normal 0.5555482201148602 0.8314843204337715 0
outer loop
vertex 64.08793640136719 -66.81295013427734 -0.5
vertex 64.08793640136719 -66.81295013427734 -4
vertex 63.92572021484375 -66.7045669555664 -4
endloop
endfacet
facet normal -0.5555662850640511 0.8314722502285506 0
outer loop
vertex 75.63282775878906 -66.7045669555664 -0.5
vertex 75.63282775878906 -66.7045669555664 -4
vertex 75.47061920166016 -66.81295013427734 -4
endloop
endfacet
facet normal -0.8314662558937794 0.5555752562074558 0
outer loop
vertex 75.74121856689453 -66.54235076904297 -0.5
vertex 75.74121856689453 -66.54235076904297 -4
vertex 75.63282775878906 -66.7045669555664 -4
endloop
endfacet
facet normal -1 0 0
outer loop
vertex 70.17927551269531 -68.05149841308594 -4
vertex 70.17927551269531 -66.85101318359375 -0.5
vertex 70.17927551269531 -66.85101318359375 -4
endloop
endfacet
facet normal 1 0 0
outer loop
vertex -53.172576904296875 -71.10101318359375 -0.5
vertex -53.172576904296875 -71.10101318359375 -4
vertex -53.172576904296875 -70.10101318359375 -0.5
endloop
endfacet
facet normal -0.5555842886150507 -0.8314602204820793 0
outer loop
vertex -41.48123550415039 -69.63906860351562 -0.5
vertex -41.48123550415039 -69.63906860351562 -5
vertex -41.31902313232422 -69.7474594116211 -5
endloop
endfacet
facet normal 0.831475288175546 0.5555617383814266 0
outer loop
vertex -53.134517669677734 -71.29235076904297 -4
vertex -53.134517669677734 -71.29235076904297 -0.5
vertex -53.02613067626953 -71.4545669555664 -0.5
endloop
endfacet
facet normal 0.5555572524753821 0.8314782854783427 0
outer loop
vertex -53.02613067626953 -71.4545669555664 -4
vertex -53.02613067626953 -71.4545669555664 -0.5
vertex -52.86391830444336 -71.56295013427734 -0.5
endloop
endfacet
facet normal -0.8314632175140401 -0.5555798033776967 0
outer loop
vertex -41.31902313232422 -69.7474594116211 -0.5
vertex -41.31902313232422 -69.7474594116211 -5
vertex -41.210636138916016 -69.90966796875 -5
endloop
endfacet
facet normal 0.8314632175140401 -0.5555798033776967 0
outer loop
vertex -53.02613067626953 -69.7474594116211 -5
vertex -53.02613067626953 -69.7474594116211 -0.5
vertex -53.134517669677734 -69.90966796875 -0.5
endloop
endfacet
facet normal 0.5555842886150507 -0.8314602204820793 0
outer loop
vertex -52.86391830444336 -69.63906860351562 -5
vertex -52.86391830444336 -69.63906860351562 -0.5
vertex -53.02613067626953 -69.7474594116211 -0.5
endloop
endfacet
facet normal -1 0 0
outer loop
vertex -41.172576904296875 -70.10101318359375 -5
vertex -41.172576904296875 -72.79730987548828 -5
vertex -41.172576904296875 -71.10101318359375 -4
endloop
endfacet
facet normal -1 0 0
outer loop
vertex -41.172576904296875 -71.10101318359375 -4
vertex -41.172576904296875 -72.79730987548828 -5
vertex -41.172576904296875 -72.79730987548828 -4
endloop
endfacet
facet normal -0.9807869428222868 -0.19508196428504695 0
outer loop
vertex -41.210636138916016 -69.90966796875 -0.5
vertex -41.210636138916016 -69.90966796875 -5
vertex -41.172576904296875 -70.10101318359375 -5
endloop
endfacet
facet normal -1 0 0
outer loop
vertex -46.772579193115234 -72.79720306396484 -4
vertex -46.772579193115234 -72.79720306396484 -1.6665157079696655
vertex -46.772579193115234 -71.60101318359375 -4
endloop
endfacet
facet normal -1 0 0
outer loop
vertex -46.772579193115234 -74.2660140991211 -1.5
vertex -46.772579193115234 -71.60101318359375 -0.5
vertex -46.772579193115234 -73.46957397460938 -1.5949000120162964
endloop
endfacet
facet normal 1 0 0
outer loop
vertex -47.57257843017578 -74.2660140991211 -0.5
vertex -47.57257843017578 -74.2660140991211 -1.5
vertex -47.57257843017578 -73.46957397460938 -1.5949000120162964
endloop
endfacet
facet normal 0.0071932753245719 0.9999741280603738 0
outer loop
vertex -52.86391830444336 -71.56295013427734 -4
vertex -47.57257843017578 -71.60101318359375 -0.5
vertex -47.57257843017578 -71.60101318359375 -4
endloop
endfacet
facet normal -1 0 0
outer loop
vertex -46.772579193115234 -71.60101318359375 -0.5
vertex -46.772579193115234 -72.79720306396484 -1.6665157079696655
vertex -46.772579193115234 -73.46957397460938 -1.5949000120162964
endloop
endfacet
facet normal 0 0 -1
outer loop
vertex -41.172576904296875 -72.79730987548828 -4
vertex -41.31902313232422 -71.4545669555664 -4
vertex -41.210636138916016 -71.29235076904297 -4
endloop
endfacet
facet normal 1 0 0
outer loop
vertex -47.57257843017578 -74.2660140991211 -0.5
vertex -47.57257843017578 -73.46957397460938 -1.5949000120162964
vertex -47.57257843017578 -72.79718780517578 -1.6665173768997192
endloop
endfacet
facet normal 1 0 0
outer loop
vertex -53.172576904296875 -70.10101318359375 -5
vertex -53.172576904296875 -70.10101318359375 -0.5
vertex -53.172576904296875 -71.10101318359375 -4
endloop
endfacet
facet normal 1 0 0
outer loop
vertex -47.57257843017578 -71.60101318359375 -0.5
vertex -47.57257843017578 -72.79718780517578 -4
vertex -47.57257843017578 -71.60101318359375 -4
endloop
endfacet
facet normal -0.007193270138980207 0.999974128097676 0
outer loop
vertex -41.48123550415039 -71.56295013427734 -0.5
vertex -41.48123550415039 -71.56295013427734 -4
vertex -46.772579193115234 -71.60101318359375 -4
endloop
endfacet
facet normal 0.5555842886150507 -0.8314602204820793 0
outer loop
vertex -53.02613067626953 -69.7474594116211 -0.5
vertex -53.02613067626953 -69.7474594116211 -5
vertex -52.86391830444336 -69.63906860351562 -5
endloop
endfacet
facet normal 0.8314632175140401 -0.5555798033776967 0
outer loop
vertex -53.134517669677734 -69.90966796875 -0.5
vertex -53.134517669677734 -69.90966796875 -5
vertex -53.02613067626953 -69.7474594116211 -5
endloop
endfacet
facet normal 0 0 -1
outer loop
vertex -41.172576904296875 -72.79730987548828 -4
vertex -41.210636138916016 -71.29235076904297 -4
vertex -41.172576904296875 -71.10101318359375 -4
endloop
endfacet
facet normal 0.980785454467839 0.19508944693220684 0
outer loop
vertex -53.172576904296875 -71.10101318359375 -4
vertex -53.172576904296875 -71.10101318359375 -0.5
vertex -53.134517669677734 -71.29235076904297 -0.5
endloop
endfacet
facet normal -0.5555572524753821 0.8314782854783427 0
outer loop
vertex -41.31902313232422 -71.4545669555664 -0.5
vertex -41.31902313232422 -71.4545669555664 -4
vertex -41.48123550415039 -71.56295013427734 -4
endloop
endfacet
facet normal 0.9807869428222868 -0.19508196428504695 0
outer loop
vertex -53.172576904296875 -70.10101318359375 -0.5
vertex -53.172576904296875 -70.10101318359375 -5
vertex -53.134517669677734 -69.90966796875 -5
endloop
endfacet
facet normal -0.5555842886150507 -0.8314602204820793 0
outer loop
vertex -41.31902313232422 -69.7474594116211 -5
vertex -41.31902313232422 -69.7474594116211 -0.5
vertex -41.48123550415039 -69.63906860351562 -0.5
endloop
endfacet
facet normal -1 0 0
outer loop
vertex -41.172576904296875 -70.10101318359375 -0.5
vertex -41.172576904296875 -70.10101318359375 -5
vertex -41.172576904296875 -71.10101318359375 -4
endloop
endfacet
facet normal 0 0 -1
outer loop
vertex -53.02613067626953 -71.4545669555664 -4
vertex -53.172576904296875 -72.79707336425781 -4
vertex -53.134517669677734 -71.29235076904297 -4
endloop
endfacet
facet normal 0 0 -1
outer loop
vertex -53.172576904296875 -72.79707336425781 -4
vertex -53.02613067626953 -71.4545669555664 -4
vertex -52.86391830444336 -71.56295013427734 -4
endloop
endfacet
facet normal 0 0 -1
outer loop
vertex -53.172576904296875 -72.79707336425781 -4
vertex -53.172576904296875 -71.10101318359375 -4
vertex -53.134517669677734 -71.29235076904297 -4
endloop
endfacet
facet normal 1 0 0
outer loop
vertex -53.172576904296875 -72.79707336425781 -5
vertex -53.172576904296875 -71.10101318359375 -4
vertex -53.172576904296875 -72.79707336425781 -4
endloop
endfacet
facet normal 0 0 1
outer loop
vertex -41.210636138916016 -69.90966796875 -5
vertex -53.172576904296875 -72.79707336425781 -5
vertex -41.172576904296875 -70.10101318359375 -5
endloop
endfacet
facet normal 0 0 1
outer loop
vertex -41.48123550415039 -69.63906860351562 -5
vertex -53.172576904296875 -72.79707336425781 -5
vertex -41.31902313232422 -69.7474594116211 -5
endloop
endfacet
facet normal 0 0 1
outer loop
vertex -53.172576904296875 -72.79707336425781 -5
vertex -41.210636138916016 -69.90966796875 -5
vertex -41.31902313232422 -69.7474594116211 -5
endloop
endfacet
facet normal 0 0 -1
outer loop
vertex -41.172576904296875 -72.79730987548828 -4
vertex -41.48123550415039 -71.56295013427734 -4
vertex -41.31902313232422 -71.4545669555664 -4
endloop
endfacet
facet normal -0.980785454467839 0.19508944693220684 0
outer loop
vertex -41.172576904296875 -71.10101318359375 -0.5
vertex -41.172576904296875 -71.10101318359375 -4
vertex -41.210636138916016 -71.29235076904297 -4
endloop
endfacet
facet normal -1 0 0
outer loop
vertex -46.772579193115234 -71.60101318359375 -0.5
vertex -46.772579193115234 -74.2660140991211 -1.5
vertex -46.772579193115234 -74.2660140991211 -0.5
endloop
endfacet
facet normal 0 0 -1
outer loop
vertex -41.172576904296875 -72.79730987548828 -4
vertex -46.772579193115234 -71.60101318359375 -4
vertex -41.48123550415039 -71.56295013427734 -4
endloop
endfacet
facet normal 1 0 0
outer loop
vertex -47.57257843017578 -74.2660140991211 -0.5
vertex -47.57257843017578 -72.79718780517578 -1.6665173768997192
vertex -47.57257843017578 -71.60101318359375 -0.5
endloop
endfacet
facet normal 0 0 1
outer loop
vertex -41.172576904296875 -72.79730987548828 -5
vertex -41.172576904296875 -70.10101318359375 -5
vertex -53.172576904296875 -72.79707336425781 -5
endloop
endfacet
facet normal 0 0 1
outer loop
vertex -52.86391830444336 -69.63906860351562 -5
vertex -53.172576904296875 -72.79707336425781 -5
vertex -41.48123550415039 -69.63906860351562 -5
endloop
endfacet
facet normal 1 0 0
outer loop
vertex -53.172576904296875 -72.79707336425781 -5
vertex -53.172576904296875 -70.10101318359375 -5
vertex -53.172576904296875 -71.10101318359375 -4
endloop
endfacet
facet normal 0 0 1
outer loop
vertex -53.02613067626953 -69.7474594116211 -5
vertex -53.172576904296875 -72.79707336425781 -5
vertex -52.86391830444336 -69.63906860351562 -5
endloop
endfacet
facet normal 0 0 1
outer loop
vertex -53.134517669677734 -69.90966796875 -5
vertex -53.172576904296875 -72.79707336425781 -5
vertex -53.02613067626953 -69.7474594116211 -5
endloop
endfacet
facet normal 0 0 1
outer loop
vertex -53.172576904296875 -72.79707336425781 -5
vertex -53.134517669677734 -69.90966796875 -5
vertex -53.172576904296875 -70.10101318359375 -5
endloop
endfacet
facet normal 0 -1 0
outer loop
vertex -41.48123550415039 -69.63906860351562 -5
vertex -41.48123550415039 -69.63906860351562 -0.5
vertex -52.86391830444336 -69.63906860351562 -0.5
endloop
endfacet
facet normal -0.9807869428222868 -0.19508196428504695 0
outer loop
vertex -41.172576904296875 -70.10101318359375 -5
vertex -41.172576904296875 -70.10101318359375 -0.5
vertex -41.210636138916016 -69.90966796875 -0.5
endloop
endfacet
facet normal -0.980785454467839 0.19508944693220684 0
outer loop
vertex -41.210636138916016 -71.29235076904297 -4
vertex -41.210636138916016 -71.29235076904297 -0.5
vertex -41.172576904296875 -71.10101318359375 -0.5
endloop
endfacet
facet normal -0.831475288175546 0.5555617383814266 0
outer loop
vertex -41.31902313232422 -71.4545669555664 -4
vertex -41.31902313232422 -71.4545669555664 -0.5
vertex -41.210636138916016 -71.29235076904297 -0.5
endloop
endfacet
facet normal -1 0 0
outer loop
vertex -41.172576904296875 -71.10101318359375 -4
vertex -41.172576904296875 -71.10101318359375 -0.5
vertex -41.172576904296875 -70.10101318359375 -0.5
endloop
endfacet
facet normal -0.5555572524753821 0.8314782854783427 0
outer loop
vertex -41.48123550415039 -71.56295013427734 -4
vertex -41.48123550415039 -71.56295013427734 -0.5
vertex -41.31902313232422 -71.4545669555664 -0.5
endloop
endfacet
facet normal 0.0071932753245719 0.9999741280603738 0
outer loop
vertex -52.86391830444336 -71.56295013427734 -4
vertex -52.86391830444336 -71.56295013427734 -0.5
vertex -47.57257843017578 -71.60101318359375 -0.5
endloop
endfacet
facet normal -0.8314632175140401 -0.5555798033776967 0
outer loop
vertex -41.210636138916016 -69.90966796875 -5
vertex -41.210636138916016 -69.90966796875 -0.5
vertex -41.31902313232422 -69.7474594116211 -0.5
endloop
endfacet
facet normal 0 0 -1
outer loop
vertex -46.772579193115234 -71.60101318359375 -4
vertex -41.172576904296875 -72.79730987548828 -4
vertex -46.772579193115234 -72.79720306396484 -4
endloop
endfacet
facet normal 0 -1 0
outer loop
vertex -52.86391830444336 -69.63906860351562 -0.5
vertex -52.86391830444336 -69.63906860351562 -5
vertex -41.48123550415039 -69.63906860351562 -5
endloop
endfacet
facet normal 0.9807869428222868 -0.19508196428504695 0
outer loop
vertex -53.134517669677734 -69.90966796875 -5
vertex -53.134517669677734 -69.90966796875 -0.5
vertex -53.172576904296875 -70.10101318359375 -0.5
endloop
endfacet
facet normal 0 0 -1
outer loop
vertex -47.57257843017578 -72.79718780517578 -4
vertex -52.86391830444336 -71.56295013427734 -4
vertex -47.57257843017578 -71.60101318359375 -4
endloop
endfacet
facet normal 0 0 -1
outer loop
vertex -47.57257843017578 -72.79718780517578 -4
vertex -53.172576904296875 -72.79707336425781 -4
vertex -52.86391830444336 -71.56295013427734 -4
endloop
endfacet
facet normal 0.831475288175546 0.5555617383814266 0
outer loop
vertex -53.02613067626953 -71.4545669555664 -0.5
vertex -53.02613067626953 -71.4545669555664 -4
vertex -53.134517669677734 -71.29235076904297 -4
endloop
endfacet
facet normal 0.980785454467839 0.19508944693220684 0
outer loop
vertex -53.134517669677734 -71.29235076904297 -0.5
vertex -53.134517669677734 -71.29235076904297 -4
vertex -53.172576904296875 -71.10101318359375 -4
endloop
endfacet
facet normal 0.5555572524753821 0.8314782854783427 0
outer loop
vertex -52.86391830444336 -71.56295013427734 -0.5
vertex -52.86391830444336 -71.56295013427734 -4
vertex -53.02613067626953 -71.4545669555664 -4
endloop
endfacet
facet normal -0.007193270138980207 0.999974128097676 0
outer loop
vertex -41.48123550415039 -71.56295013427734 -0.5
vertex -46.772579193115234 -71.60101318359375 -4
vertex -46.772579193115234 -71.60101318359375 -0.5
endloop
endfacet
facet normal -1 0 0
outer loop
vertex -46.772579193115234 -71.60101318359375 -0.5
vertex -46.772579193115234 -71.60101318359375 -4
vertex -46.772579193115234 -72.79720306396484 -1.6665157079696655
endloop
endfacet
facet normal 1 0 0
outer loop
vertex -47.57257843017578 -72.79718780517578 -4
vertex -47.57257843017578 -71.60101318359375 -0.5
vertex -47.57257843017578 -72.79718780517578 -1.6665173768997192
endloop
endfacet
facet normal -0.831475288175546 0.5555617383814266 0
outer loop
vertex -41.210636138916016 -71.29235076904297 -0.5
vertex -41.210636138916016 -71.29235076904297 -4
vertex -41.31902313232422 -71.4545669555664 -4
endloop
endfacet
facet normal 0 0 -1
outer loop
vertex -46.97748565673828 55.95357894897461 -3.5
vertex -47.172576904296875 55.934364318847656 -3.5
vertex -47.62163162231445 57.27217483520508 -3.5
endloop
endfacet
facet normal 0.6343974203505326 0.7730070588633648 0
outer loop
vertex -47.7281494140625 56.10289764404297 -3.5
vertex -47.7281494140625 56.10289764404297 -7.589237213134766
vertex -47.87968444824219 56.22726058959961 -3.5
endloop
endfacet
facet normal -0.7730070588633648 0.6343974203505327 0
outer loop
vertex -46.34110641479492 56.3787956237793 -6.72483491897583
vertex -46.46546936035156 56.22726058959961 -3.5
vertex -46.34110641479492 56.3787956237793 -3.5
endloop
endfacet
facet normal 0.9951846295964323 0.09801812595133512 0
outer loop
vertex -48.15336227416992 56.73927688598633 -3.5
vertex -48.15336227416992 56.73927688598633 -7.326276779174805
vertex -48.172576904296875 56.934364318847656 -3.5
endloop
endfacet
facet normal -0.4714031058222316 0.8819178600193749 0
outer loop
vertex -46.617008209228516 56.10289764404297 -3.5
vertex -46.617008209228516 56.10289764404297 -7.143263339996338
vertex -46.789894104003906 56.0104866027832 -3.5
endloop
endfacet
facet normal -0.29029578757115826 0.9569369653840515 6.135717429093126e-8
outer loop
vertex -46.789894104003906 56.0104866027832 -3.5
vertex -46.80961227416992 56.0045051574707 -7.340004920959473
vertex -46.97748565673828 55.95357894897461 -3.5
endloop
endfacet
facet normal -0.09801622777686082 0.9951848165503705 0
outer loop
vertex -46.97748565673828 55.95357894897461 -3.5
vertex -46.97748565673828 55.95357894897461 -7.4686479568481445
vertex -47.172576904296875 55.934364318847656 -3.5
endloop
endfacet
facet normal 0.0980162277768597 0.9951848165503591 1.5096730558858686e-7
outer loop
vertex -47.172576904296875 55.934364318847656 -3.5
vertex -47.190425872802734 55.93612289428711 -7.600314617156982
vertex -47.36766815185547 55.95357894897461 -3.5
endloop
endfacet
facet normal 0.9951848165503705 -0.09801622777686082 0
outer loop
vertex -48.172576904296875 56.934364318847656 -3.5
vertex -48.172576904296875 56.934364318847656 -7.14431095123291
vertex -48.15336227416992 57.12945556640625 -3.5
endloop
endfacet
facet normal 0.9569440106171243 -0.2902725625063677 0
outer loop
vertex -48.15336227416992 57.12945556640625 -3.5
vertex -48.15336227416992 57.12945556640625 -6.941688537597656
vertex -48.096458435058594 57.31705093383789 -3.5
endloop
endfacet
facet normal 0.881917860019375 -0.4714031058222316 0
outer loop
vertex -48.096458435058594 57.31705093383789 -3.5
vertex -48.096458435058594 57.31705093383789 -6.7261962890625
vertex -48.00404739379883 57.48993682861328 -3.5
endloop
endfacet
facet normal 0 0 -1
outer loop
vertex -47.7281494140625 56.10289764404297 -3.5
vertex -47.87968444824219 56.22726058959961 -3.5
vertex -48.00404739379883 57.48993682861328 -3.5
endloop
endfacet
facet normal 0 0 -1
outer loop
vertex -47.36766815185547 55.95357894897461 -3.5
vertex -47.555259704589844 56.0104866027832 -3.5
vertex -47.62163162231445 57.27217483520508 -3.5
endloop
endfacet
facet normal 0 0 -1
outer loop
vertex -47.555259704589844 56.0104866027832 -3.5
vertex -47.7281494140625 56.10289764404297 -3.5
vertex -47.62163162231445 57.27217483520508 -3.5
endloop
endfacet
facet normal 0 0 -1
outer loop
vertex -47.172576904296875 55.934364318847656 -3.5
vertex -47.36766815185547 55.95357894897461 -3.5
vertex -47.62163162231445 57.27217483520508 -3.5
endloop
endfacet
facet normal 0 0 -1
outer loop
vertex -46.789894104003906 56.0104866027832 -3.5
vertex -46.97748565673828 55.95357894897461 -3.5
vertex -47.62163162231445 57.27217483520508 -3.5
endloop
endfacet
facet normal 0 0 -1
outer loop
vertex -46.789894104003906 56.0104866027832 -3.5
vertex -47.62163162231445 57.27217483520508 -3.5
vertex -46.66880416870117 56.555389404296875 -3.5
endloop
endfacet
facet normal 0 0 -1
outer loop
vertex -46.617008209228516 56.10289764404297 -3.5
vertex -46.789894104003906 56.0104866027832 -3.5
vertex -46.66880416870117 56.555389404296875 -3.5
endloop
endfacet
facet normal 0 0 -1
outer loop
vertex -46.46546936035156 56.22726058959961 -3.5
vertex -46.617008209228516 56.10289764404297 -3.5
vertex -46.66880416870117 56.555389404296875 -3.5
endloop
endfacet
facet normal 0 0 -1
outer loop
vertex -46.34110641479492 56.3787956237793 -3.5
vertex -46.46546936035156 56.22726058959961 -3.5
vertex -46.66880416870117 56.555389404296875 -3.5
endloop
endfacet
facet normal 0 0 -1
outer loop
vertex -47.87968444824219 56.22726058959961 -3.5
vertex -48.00404739379883 56.3787956237793 -3.5
vertex -48.00404739379883 57.48993682861328 -3.5
endloop
endfacet
facet normal 0 0 -1
outer loop
vertex -48.00404739379883 56.3787956237793 -3.5
vertex -48.096458435058594 56.55168151855469 -3.5
vertex -48.00404739379883 57.48993682861328 -3.5
endloop
endfacet
facet normal 0 0 -1
outer loop
vertex -48.096458435058594 56.55168151855469 -3.5
vertex -48.15336227416992 56.73927688598633 -3.5
vertex -48.096458435058594 57.31705093383789 -3.5
endloop
endfacet
facet normal 0 0 -1
outer loop
vertex -48.15336227416992 56.73927688598633 -3.5
vertex -48.172576904296875 56.934364318847656 -3.5
vertex -48.096458435058594 57.31705093383789 -3.5
endloop
endfacet
facet normal 0 0 -1
outer loop
vertex -48.096458435058594 57.31705093383789 -3.5
vertex -48.172576904296875 56.934364318847656 -3.5
vertex -48.15336227416992 57.12945556640625 -3.5
endloop
endfacet
facet normal 0 0 -1
outer loop
vertex -48.00404739379883 57.48993682861328 -3.5
vertex -48.096458435058594 56.55168151855469 -3.5
vertex -48.096458435058594 57.31705093383789 -3.5
endloop
endfacet
facet normal 0 0 -1
outer loop
vertex -47.62163162231445 57.27217483520508 -3.5
vertex -47.7281494140625 56.10289764404297 -3.5
vertex -48.00404739379883 57.48993682861328 -3.5
endloop
endfacet
facet normal 0.47139501592801797 0.8819221841853304 0
outer loop
vertex -47.555259704589844 56.0104866027832 -7.595375061035156
vertex -47.7281494140625 56.10289764404297 -7.589237213134766
vertex -47.7281494140625 56.10289764404297 -3.5
endloop
endfacet
facet normal 0.6343974203505327 0.773007058863365 0
outer loop
vertex -47.7281494140625 56.10289764404297 -7.589237213134766
vertex -47.87968444824219 56.22726058959961 -7.580977439880371
vertex -47.87968444824219 56.22726058959961 -3.5
endloop
endfacet
facet normal 0.7730070588633648 0.6343974203505326 0
outer loop
vertex -47.87968444824219 56.22726058959961 -7.580977439880371
vertex -48.00404739379883 56.3787956237793 -7.5709123611450195
vertex -48.00404739379883 56.3787956237793 -3.5
endloop
endfacet
facet normal 0.8819347221065605 0.4713715582636023 0.0000017225551213473885
outer loop
vertex -48.00404739379883 56.3787956237793 -7.5709123611450195
vertex -48.0297737121582 56.42692947387695 -7.567715167999268
vertex -48.096458435058594 56.55168151855469 -3.5
endloop
endfacet
facet normal 0.8819113722397471 0.47141524319246 0
outer loop
vertex -48.096458435058594 56.55168151855469 -3.5
vertex -48.0297737121582 56.42692947387695 -7.567715167999268
vertex -48.096458435058594 56.55168151855469 -7.480592727661133
endloop
endfacet
facet normal 0.2902957875711588 0.9569369653840532 0
outer loop
vertex -47.36766815185547 55.95357894897461 -7.599154949188232
vertex -47.555259704589844 56.0104866027832 -7.595375061035156
vertex -47.555259704589844 56.0104866027832 -3.5
endloop
endfacet
facet normal 0.09801276885727521 0.9951851572149427 0
outer loop
vertex -47.190425872802734 55.93612289428711 -7.600314617156982
vertex -47.36766815185547 55.95357894897461 -7.599154949188232
vertex -47.36766815185547 55.95357894897461 -3.5
endloop
endfacet
facet normal -0.08218448217078125 0.996616824242845 0.000785191967983225
outer loop
vertex -46.97748565673828 55.95357894897461 -7.4686479568481445
vertex -47.190425872802734 55.93612289428711 -7.600314617156982
vertex -47.172576904296875 55.934364318847656 -3.5
endloop
endfacet
facet normal -0.29029707280362355 0.9569365754958098 0
outer loop
vertex -46.80961227416992 56.0045051574707 -7.340004920959473
vertex -46.97748565673828 55.95357894897461 -7.4686479568481445
vertex -46.97748565673828 55.95357894897461 -3.5
endloop
endfacet
facet normal 0.2902957875711588 0.9569369653840533 0
outer loop
vertex -47.36766815185547 55.95357894897461 -3.5
vertex -47.36766815185547 55.95357894897461 -7.599154949188232
vertex -47.555259704589844 56.0104866027832 -3.5
endloop
endfacet
facet normal 0.4713950159280179 0.8819221841853303 0
outer loop
vertex -47.555259704589844 56.0104866027832 -3.5
vertex -47.555259704589844 56.0104866027832 -7.595375061035156
vertex -47.7281494140625 56.10289764404297 -3.5
endloop
endfacet
facet normal -0.45570125430472536 0.8901322697925695 0.0009534668470364248
outer loop
vertex -46.617008209228516 56.10289764404297 -7.143263339996338
vertex -46.80961227416992 56.0045051574707 -7.340004920959473
vertex -46.789894104003906 56.0104866027832 -3.5
endloop
endfacet
facet normal -0.634387877656003 0.773014890337251 0
outer loop
vertex -46.46546936035156 56.22726058959961 -6.940948009490967
vertex -46.617008209228516 56.10289764404297 -7.143263339996338
vertex -46.617008209228516 56.10289764404297 -3.5
endloop
endfacet
facet normal 0.9569440106171242 0.2902725625063676 0
outer loop
vertex -48.096458435058594 56.55168151855469 -7.480592727661133
vertex -48.15336227416992 56.73927688598633 -7.326276779174805
vertex -48.15336227416992 56.73927688598633 -3.5
endloop
endfacet
facet normal 0.9951846295964324 0.09801812595133513 0
outer loop
vertex -48.15336227416992 56.73927688598633 -7.326276779174805
vertex -48.172576904296875 56.934364318847656 -7.14431095123291
vertex -48.172576904296875 56.934364318847656 -3.5
endloop
endfacet
facet normal 0.9951848165503705 -0.09801622777686082 0
outer loop
vertex -48.172576904296875 56.934364318847656 -7.14431095123291
vertex -48.15336227416992 57.12945556640625 -6.941688537597656
vertex -48.15336227416992 57.12945556640625 -3.5
endloop
endfacet
facet normal -0.773007058863365 0.6343974203505327 0
outer loop
vertex -46.34110641479492 56.3787956237793 -6.72483491897583
vertex -46.46546936035156 56.22726058959961 -6.940948009490967
vertex -46.46546936035156 56.22726058959961 -3.5
endloop
endfacet
facet normal 0.9569440106171243 -0.2902725625063677 0
outer loop
vertex -48.15336227416992 57.12945556640625 -6.941688537597656
vertex -48.096458435058594 57.31705093383789 -6.7261962890625
vertex -48.096458435058594 57.31705093383789 -3.5
endloop
endfacet
facet normal 0.880458708222474 -0.4741227983806167 0.00018753918366011302
outer loop
vertex -48.096458435058594 57.31705093383789 -6.7261962890625
vertex -48.00218963623047 57.4921989440918 -6.502883434295654
vertex -48.00404739379883 57.48993682861328 -3.5
endloop
endfacet
facet normal 0.881917860019375 0.47140310582223166 0
outer loop
vertex -48.00404739379883 56.3787956237793 -3.5
vertex -48.00404739379883 56.3787956237793 -7.5709123611450195
vertex -48.096458435058594 56.55168151855469 -3.5
endloop
endfacet
facet normal 0.9569440106171242 0.2902725625063677 0
outer loop
vertex -48.096458435058594 56.55168151855469 -3.5
vertex -48.096458435058594 56.55168151855469 -7.480592727661133
vertex -48.15336227416992 56.73927688598633 -3.5
endloop
endfacet
facet normal 0.773007058863365 0.6343974203505327 0
outer loop
vertex -47.87968444824219 56.22726058959961 -3.5
vertex -47.87968444824219 56.22726058959961 -7.580977439880371
vertex -48.00404739379883 56.3787956237793 -3.5
endloop
endfacet
facet normal -0.6343878776560031 0.7730148903372511 0
outer loop
vertex -46.46546936035156 56.22726058959961 -3.5
vertex -46.46546936035156 56.22726058959961 -6.940948009490967
vertex -46.617008209228516 56.10289764404297 -3.5
endloop
endfacet
facet normal 0.4713950159280179 0.8819221841853303 0
outer loop
vertex 69.39659118652344 44.79060745239258 -3.5
vertex 69.39659118652344 44.79060745239258 -8.340599060058594
vertex 69.22370147705078 44.883018493652344 -3.5
endloop
endfacet
facet normal 0 0 -1
outer loop
vertex 70.61074829101562 45.15891647338867 -3.5
vertex 70.48638153076172 45.007381439208984 -3.5
vertex 68.7792739868164 45.71448516845703 -3.5
endloop
endfacet
facet normal 0.2902957875711588 0.9569369653840533 0
outer loop
vertex 69.58418273925781 44.733699798583984 -8.344378471374512
vertex 69.39659118652344 44.79060745239258 -8.340599060058594
vertex 69.39659118652344 44.79060745239258 -3.5
endloop
endfacet
facet normal 0.47137533616883487 0.8819327029036295 -9.037049968632794e-7
outer loop
vertex 69.39659118652344 44.79060745239258 -8.340599060058594
vertex 69.34934997558594 44.81585693359375 -8.338921546936035
vertex 69.22370147705078 44.883018493652344 -3.5
endloop
endfacet
facet normal 0.9569494157470138 0.29025474277167085 0
outer loop
vertex 68.85539245605469 45.33180236816406 -7.751579761505127
vertex 68.79849243164062 45.5193977355957 -7.537527561187744
vertex 68.79849243164062 45.5193977355957 -3.5
endloop
endfacet
facet normal -0.956938605216473 0.29029038193910456 0
outer loop
vertex 70.70315551757812 45.33180236816406 -7.744051933288574
vertex 70.70315551757812 45.33180236816406 -3.5
vertex 70.76006317138672 45.5193977355957 -7.52953577041626
endloop
endfacet
facet normal 0.9952147380115027 0.09771194907788093 0.000015877594461278743
outer loop
vertex 68.79849243164062 45.5193977355957 -7.537527561187744
vertex 68.77930450439453 45.71479415893555 -7.314406871795654
vertex 68.7792739868164 45.71448516845703 -3.5
endloop
endfacet
facet normal -0.9951867598486162 0.097996494947589 0
outer loop
vertex 70.76006317138672 45.5193977355957 -7.52953577041626
vertex 70.76006317138672 45.5193977355957 -3.5
vertex 70.77924346923828 45.71417999267578 -7.306960105895996
endloop
endfacet
facet normal 0.6343974203505326 0.7730070588633648 0
outer loop
vertex 69.22370147705078 44.883018493652344 -3.5
vertex 69.22370147705078 44.883018493652344 -8.262720108032227
vertex 69.0721664428711 45.007381439208984 -3.5
endloop
endfacet
facet normal 0 0 -1
outer loop
vertex 70.77924346923828 45.71417999267578 -3.5
vertex 70.76006317138672 45.5193977355957 -3.5
vertex 68.7792739868164 45.71448516845703 -3.5
endloop
endfacet
facet normal 0.2902957875711588 0.9569369653840532 0
outer loop
vertex 69.58418273925781 44.733699798583984 -3.5
vertex 69.58418273925781 44.733699798583984 -8.344378471374512
vertex 69.39659118652344 44.79060745239258 -3.5
endloop
endfacet
facet normal 0.7730166016834488 0.6343857923391508 0
outer loop
vertex 69.0721664428711 45.007381439208984 -3.5
vertex 69.0721664428711 45.007381439208984 -8.1212797164917
vertex 68.94780731201172 45.15891647338867 -3.5
endloop
endfacet
facet normal 0.8819097699505025 0.47141824070123944 0
outer loop
vertex 68.94780731201172 45.15891647338867 -3.5
vertex 68.94780731201172 45.15891647338867 -7.948688983917236
vertex 68.85539245605469 45.33180236816406 -3.5
endloop
endfacet
facet normal 0.9569494157470139 0.2902547427716709 0
outer loop
vertex 68.85539245605469 45.33180236816406 -3.5
vertex 68.85539245605469 45.33180236816406 -7.751579761505127
vertex 68.79849243164062 45.5193977355957 -3.5
endloop
endfacet
facet normal 0.09801622777686082 0.9951848165503705 0
outer loop
vertex 69.7792739868164 44.71448516845703 -3.5
vertex 69.7792739868164 44.71448516845703 -8.345654487609863
vertex 69.58418273925781 44.733699798583984 -3.5
endloop
endfacet
facet normal -0.09801622777686081 0.9951848165503704 0
outer loop
vertex 69.974365234375 44.733699798583984 -3.5
vertex 69.974365234375 44.733699798583984 -8.344378471374512
vertex 69.7792739868164 44.71448516845703 -3.5
endloop
endfacet
facet normal -0.2902957875711588 0.9569369653840533 0
outer loop
vertex 70.16195678710938 44.79060745239258 -3.5
vertex 70.16195678710938 44.79060745239258 -8.340599060058594
vertex 69.974365234375 44.733699798583984 -3.5
endloop
endfacet
facet normal -0.4713950159280179 0.8819221841853303 0
outer loop
vertex 70.33484649658203 44.883018493652344 -3.5
vertex 70.33484649658203 44.883018493652344 -8.258193016052246
vertex 70.16195678710938 44.79060745239258 -3.5
endloop
endfacet
facet normal -0.6343974203505327 0.773007058863365 0
outer loop
vertex 70.48638153076172 45.007381439208984 -3.5
vertex 70.48638153076172 45.007381439208984 -8.115518569946289
vertex 70.33484649658203 44.883018493652344 -3.5
endloop
endfacet
facet normal -0.7729975161039842 0.6344090479312781 0
outer loop
vertex 70.61074829101562 45.15891647338867 -3.5
vertex 70.61074829101562 45.15891647338867 -7.941914081573486
vertex 70.48638153076172 45.007381439208984 -3.5
endloop
endfacet
facet normal -0.8819259499769284 0.471387970526712 0
outer loop
vertex 70.70315551757812 45.33180236816406 -3.5
vertex 70.70315551757812 45.33180236816406 -7.744051933288574
vertex 70.61074829101562 45.15891647338867 -3.5
endloop
endfacet
facet normal -0.9569386052164731 0.29029038193910456 0
outer loop
vertex 70.76006317138672 45.5193977355957 -3.5
vertex 70.76006317138672 45.5193977355957 -7.52953577041626
vertex 70.70315551757812 45.33180236816406 -3.5
endloop
endfacet
facet normal 0.9951827312023818 0.09803739856079466 0
outer loop
vertex 68.79849243164062 45.5193977355957 -3.5
vertex 68.79849243164062 45.5193977355957 -7.537527561187744
vertex 68.7792739868164 45.71448516845703 -3.5
endloop
endfacet
facet normal -0.9951867598486163 0.09799649494758901 0
outer loop
vertex 70.77924346923828 45.71417999267578 -3.5
vertex 70.77924346923828 45.71417999267578 -7.306960105895996
vertex 70.76006317138672 45.5193977355957 -3.5
endloop
endfacet
facet normal 0.4714024055402572 0.8819182343340334 0
outer loop
vertex 69.22370147705078 44.883018493652344 -3.5
vertex 69.34934997558594 44.81585693359375 -8.338921546936035
vertex 69.22370147705078 44.883018493652344 -8.262720108032227
endloop
endfacet
facet normal 0 0 -1
outer loop
vertex 68.85539245605469 45.33180236816406 -3.5
vertex 68.79849243164062 45.5193977355957 -3.5
vertex 68.94780731201172 45.15891647338867 -3.5
endloop
endfacet
facet normal 0 0 -1
outer loop
vertex 69.0721664428711 45.007381439208984 -3.5
vertex 68.94780731201172 45.15891647338867 -3.5
vertex 68.7792739868164 45.71448516845703 -3.5
endloop
endfacet
facet normal 0 0 -1
outer loop
vertex 68.7792739868164 45.71448516845703 -3.5
vertex 68.94780731201172 45.15891647338867 -3.5
vertex 68.79849243164062 45.5193977355957 -3.5
endloop
endfacet
facet normal 0 0 -1
outer loop
vertex 69.39659118652344 44.79060745239258 -3.5
vertex 69.22370147705078 44.883018493652344 -3.5
vertex 68.7792739868164 45.71448516845703 -3.5
endloop
endfacet
facet normal 0 0 -1
outer loop
vertex 68.7792739868164 45.71448516845703 -3.5
vertex 69.22370147705078 44.883018493652344 -3.5
vertex 69.0721664428711 45.007381439208984 -3.5
endloop
endfacet
facet normal 0 0 -1
outer loop
vertex 69.58418273925781 44.733699798583984 -3.5
vertex 69.39659118652344 44.79060745239258 -3.5
vertex 68.7792739868164 45.71448516845703 -3.5
endloop
endfacet
facet normal 0.6343974203505326 0.7730070588633648 0
outer loop
vertex 69.22370147705078 44.883018493652344 -8.262720108032227
vertex 69.0721664428711 45.007381439208984 -8.1212797164917
vertex 69.0721664428711 45.007381439208984 -3.5
endloop
endfacet
facet normal 0 0 -1
outer loop
vertex 70.76006317138672 45.5193977355957 -3.5
vertex 70.70315551757812 45.33180236816406 -3.5
vertex 68.7792739868164 45.71448516845703 -3.5
endloop
endfacet
facet normal 0 0 -1
outer loop
vertex 70.70315551757812 45.33180236816406 -3.5
vertex 70.61074829101562 45.15891647338867 -3.5
vertex 68.7792739868164 45.71448516845703 -3.5
endloop
endfacet
facet normal 0.7730166016834488 0.6343857923391508 0
outer loop
vertex 69.0721664428711 45.007381439208984 -8.1212797164917
vertex 68.94780731201172 45.15891647338867 -7.948688983917236
vertex 68.94780731201172 45.15891647338867 -3.5
endloop
endfacet
facet normal 0.8819097699505025 0.4714182407012395 0
outer loop
vertex 68.94780731201172 45.15891647338867 -7.948688983917236
vertex 68.85539245605469 45.33180236816406 -7.751579761505127
vertex 68.85539245605469 45.33180236816406 -3.5
endloop
endfacet
facet normal 0.09801622777686081 0.9951848165503704 0
outer loop
vertex 69.7792739868164 44.71448516845703 -8.345654487609863
vertex 69.58418273925781 44.733699798583984 -8.344378471374512
vertex 69.58418273925781 44.733699798583984 -3.5
endloop
endfacet
facet normal -0.8819259499769284 0.471387970526712 0
outer loop
vertex 70.61074829101562 45.15891647338867 -7.941914081573486
vertex 70.61074829101562 45.15891647338867 -3.5
vertex 70.70315551757812 45.33180236816406 -7.744051933288574
endloop
endfacet
facet normal -0.7729975161039842 0.6344090479312782 0
outer loop
vertex 70.48638153076172 45.007381439208984 -8.115518569946289
vertex 70.48638153076172 45.007381439208984 -3.5
vertex 70.61074829101562 45.15891647338867 -7.941914081573486
endloop
endfacet
facet normal 0 0 -1
outer loop
vertex 69.7792739868164 44.71448516845703 -3.5
vertex 69.58418273925781 44.733699798583984 -3.5
vertex 68.7792739868164 45.71448516845703 -3.5
endloop
endfacet
facet normal -0.6343974203505326 0.7730070588633647 0
outer loop
vertex 70.48638153076172 45.007381439208984 -8.115518569946289
vertex 70.33484649658203 44.883018493652344 -8.258193016052246
vertex 70.33484649658203 44.883018493652344 -3.5
endloop
endfacet
facet normal -0.47140848813940556 0.881914983039592 -6.293717128762115e-7
outer loop
vertex 70.20315551757812 44.812625885009766 -8.339136123657227
vertex 70.16195678710938 44.79060745239258 -3.5
vertex 70.33484649658203 44.883018493652344 -8.258193016052246
endloop
endfacet
facet normal 0 0 -1
outer loop
vertex 69.974365234375 44.733699798583984 -3.5
vertex 69.7792739868164 44.71448516845703 -3.5
vertex 68.7792739868164 45.71448516845703 -3.5
endloop
endfacet
facet normal 0 0 -1
outer loop
vertex 70.16195678710938 44.79060745239258 -3.5
vertex 69.974365234375 44.733699798583984 -3.5
vertex 68.7792739868164 45.71448516845703 -3.5
endloop
endfacet
facet normal 0 0 -1
outer loop
vertex 70.33484649658203 44.883018493652344 -3.5
vertex 70.16195678710938 44.79060745239258 -3.5
vertex 68.7792739868164 45.71448516845703 -3.5
endloop
endfacet
facet normal -0.47135098820254645 0.8819457159715006 0
outer loop
vertex 70.20315551757812 44.812625885009766 -8.339136123657227
vertex 70.16195678710938 44.79060745239258 -8.340599060058594
vertex 70.16195678710938 44.79060745239258 -3.5
endloop
endfacet
facet normal -0.2902957875711588 0.9569369653840532 0
outer loop
vertex 70.16195678710938 44.79060745239258 -8.340599060058594
vertex 69.974365234375 44.733699798583984 -8.344378471374512
vertex 69.974365234375 44.733699798583984 -3.5
endloop
endfacet
facet normal 0 0 -1
outer loop
vertex 70.48638153076172 45.007381439208984 -3.5
vertex 70.33484649658203 44.883018493652344 -3.5
vertex 68.7792739868164 45.71448516845703 -3.5
endloop
endfacet
facet normal -0.09801622777686082 0.9951848165503705 0
outer loop
vertex 69.974365234375 44.733699798583984 -8.344378471374512
vertex 69.7792739868164 44.71448516845703 -8.345654487609863
vertex 69.7792739868164 44.71448516845703 -3.5
endloop
endfacet
facet normal 0.07456490189921963 0.09911960056935984 0.9922778744826121
outer loop
vertex -47.49077606201172 58.174827575683594 -1.2000000476837158
vertex -47.62163162231445 57.27217483520508 -1.100000023841858
vertex -46.66880416870117 56.555389404296875 -1.100000023841858
endloop
endfacet
facet normal 0.07456465014597681 0.0991194747323295 0.9922779059705981
outer loop
vertex -45.892520904541016 56.97250747680664 -1.2000000476837158
vertex -47.49077606201172 58.174827575683594 -1.2000000476837158
vertex -46.66880416870117 56.555389404296875 -1.100000023841858
endloop
endfacet
facet normal -0.6294635462367936 0.7770300148379083 0
outer loop
vertex -47.49077606201172 58.174827575683594 -2.4000000953674316
vertex -48.19548034667969 57.60395431518555 -2.5099802017211914
vertex -47.49077606201172 58.174827575683594 -1.2000000476837158
endloop
endfacet
facet normal 0.6011605627888481 0.7991282611367184 0
outer loop
vertex -45.892520904541016 56.97250747680664 -2.4000000953674316
vertex -47.49077606201172 58.174827575683594 -2.4000000953674316
vertex -45.892520904541016 56.97250747680664 -1.2000000476837158
endloop
endfacet
facet normal -0.6294635462367936 0.7770300148379083 0
outer loop
vertex -47.49077606201172 58.174827575683594 -1.2000000476837158
vertex -48.19548034667969 57.60395431518555 -2.5099802017211914
vertex -48.19548034667969 57.60395431518555 -1.0900198221206665
endloop
endfacet
facet normal 0.6011605627888481 0.7991282611367184 0
outer loop
vertex -45.892520904541016 56.97250747680664 -1.2000000476837158
vertex -47.49077606201172 58.174827575683594 -2.4000000953674316
vertex -47.49077606201172 58.174827575683594 -1.2000000476837158
endloop
endfacet
facet normal 0.921070494239296 -0.3893958713722822 0
outer loop
vertex -46.17301940917969 56.30902099609375 -2.4873545169830322
vertex -45.892520904541016 56.97250747680664 -2.4000000953674316
vertex -45.892520904541016 56.97250747680664 -1.2000000476837158
endloop
endfacet
facet normal 0.921070494239296 -0.3893958713722822 0
outer loop
vertex -46.17301940917969 56.30902099609375 -2.4873545169830322
vertex -45.892520904541016 56.97250747680664 -1.2000000476837158
vertex -46.17301940917969 56.30902099609375 -1.1126456260681152
endloop
endfacet
facet normal 0.07456457299791029 0.09911961630916573 0.9922778976256414
outer loop
vertex -45.892520904541016 56.97250747680664 -1.2000000476837158
vertex -46.66880416870117 56.555389404296875 -1.100000023841858
vertex -46.25717544555664 56.34058380126953 -1.1094746589660645
endloop
endfacet
facet normal 0.07456491637908506 0.0991195983739968 0.9922778736138167
outer loop
vertex -47.49077606201172 58.174827575683594 -1.2000000476837158
vertex -48.19548034667969 57.60395431518555 -1.0900198221206665
vertex -47.62163162231445 57.27217483520508 -1.100000023841858
endloop
endfacet
facet normal 0.07456484775458438 0.09911947916713948 -0.9922778906782972
outer loop
vertex -47.62163162231445 57.27217483520508 -2.5
vertex -48.19548034667969 57.60395431518555 -2.5099802017211914
vertex -47.49077606201172 58.174827575683594 -2.4000000953674316
endloop
endfacet
facet normal 0.07456462861508543 0.09911923729101393 -0.9922779313067192
outer loop
vertex -47.62163162231445 57.27217483520508 -2.5
vertex -45.892520904541016 56.97250747680664 -2.4000000953674316
vertex -46.66880416870117 56.555389404296875 -2.5
endloop
endfacet
facet normal 0.07456464638224077 0.09911920468594687 -0.992277933228547
outer loop
vertex -46.25717544555664 56.34058380126953 -2.490525245666504
vertex -46.66880416870117 56.555389404296875 -2.5
vertex -45.892520904541016 56.97250747680664 -2.4000000953674316
endloop
endfacet
facet normal 0.07456467337148287 0.09911950560620816 -0.9922779011413007
outer loop
vertex -47.62163162231445 57.27217483520508 -2.5
vertex -47.49077606201172 58.174827575683594 -2.4000000953674316
vertex -45.892520904541016 56.97250747680664 -2.4000000953674316
endloop
endfacet
facet normal 0.07456132116805532 0.09912113173514776 -0.992277990600022
outer loop
vertex -46.17301940917969 56.30902099609375 -2.4873545169830322
vertex -46.25717544555664 56.34058380126953 -2.490525245666504
vertex -45.892520904541016 56.97250747680664 -2.4000000953674316
endloop
endfacet
facet normal 0.07456374170367051 0.09912009806623819 0.9922779119694681
outer loop
vertex -45.892520904541016 56.97250747680664 -1.2000000476837158
vertex -46.25717544555664 56.34058380126953 -1.1094746589660645
vertex -46.17301940917969 56.30902099609375 -1.1126456260681152
endloop
endfacet
facet normal 0.00030708311540383643 0.9999999528499789 0
outer loop
vertex 70.7795181274414 46.51417922973633 -2.4000000953674316
vertex 68.7795181274414 46.514793395996094 -2.4000000953674316
vertex 70.7795181274414 46.51417922973633 -1.2000000476837158
endloop
endfacet
facet normal 0.9702151119899727 0.24224499265471916 0
outer loop
vertex 70.97927856445312 45.71411895751953 -2.5
vertex 70.7795181274414 46.51417922973633 -2.4000000953674316
vertex 70.7795181274414 46.51417922973633 -1.2000000476837158
endloop
endfacet
facet normal -0.9700692561864309 0.24282841308608116 0
outer loop
vertex 68.7795181274414 46.514793395996094 -2.4000000953674316
vertex 68.57927703857422 45.7148551940918 -2.5
vertex 68.57927703857422 45.7148551940918 -1.100000023841858
endloop
endfacet
facet normal 0.00003808895313074549 0.12403466496280927 -0.9922778846859358
outer loop
vertex 68.57927703857422 45.7148551940918 -2.5
vertex 68.7795181274414 46.514793395996094 -2.4000000953674316
vertex 70.7795181274414 46.51417922973633 -2.4000000953674316
endloop
endfacet
facet normal 0.000038049532156392744 0.1240347718034501 -0.9922778713323698
outer loop
vertex 70.97927856445312 45.71411895751953 -2.5
vertex 68.57927703857422 45.7148551940918 -2.5
vertex 70.7795181274414 46.51417922973633 -2.4000000953674316
endloop
endfacet
facet normal 0.00030708311540383643 0.9999999528499789 0
outer loop
vertex 68.7795181274414 46.514793395996094 -2.4000000953674316
vertex 68.7795181274414 46.514793395996094 -1.2000000476837158
vertex 70.7795181274414 46.51417922973633 -1.2000000476837158
endloop
endfacet
facet normal -0.970069256186431 0.24282841308608116 0
outer loop
vertex 68.7795181274414 46.514793395996094 -2.4000000953674316
vertex 68.57927703857422 45.7148551940918 -1.100000023841858
vertex 68.7795181274414 46.514793395996094 -1.2000000476837158
endloop
endfacet
facet normal 0.00003804954702503613 0.12403482027260818 0.9922778652737214
outer loop
vertex 68.7795181274414 46.514793395996094 -1.2000000476837158
vertex 68.57927703857422 45.7148551940918 -1.100000023841858
vertex 70.97927856445312 45.71411895751953 -1.100000023841858
endloop
endfacet
facet normal 0.00003808903362548377 0.12403492708967476 0.992277851920058
outer loop
vertex 70.7795181274414 46.51417922973633 -1.2000000476837158
vertex 68.7795181274414 46.514793395996094 -1.2000000476837158
vertex 70.97927856445312 45.71411895751953 -1.100000023841858
endloop
endfacet
facet normal 0.9702151119899726 0.24224499265471916 0
outer loop
vertex 70.97927856445312 45.71411895751953 -2.5
vertex 70.7795181274414 46.51417922973633 -1.2000000476837158
vertex 70.97927856445312 45.71411895751953 -1.100000023841858
endloop
endfacet
facet normal 0 0 1
outer loop
vertex -59.90402603149414 -70.7412109375 -0.5
vertex -59.48653030395508 -71.12287902832031 -0.5
vertex -56.38571548461914 -64.79386138916016 -0.5
endloop
endfacet
facet normal 0 0 1
outer loop
vertex 81.39435577392578 -66.2295150756836 -0.5
vertex 81.69474792480469 -65.72372436523438 -0.5
vertex 80.4902572631836 -65.44490814208984 -0.5
endloop
endfacet
facet normal 0 0 1
outer loop
vertex 8.402932167053223 -67.55500793457031 -0.5
vertex 63.81733703613281 -66.54235076904297 -0.5
vertex 63.779273986816406 -66.35101318359375 -0.5
endloop
endfacet
facet normal 0 0 1
outer loop
vertex 8.402932167053223 -67.55500793457031 -0.5
vertex 63.92572021484375 -66.7045669555664 -0.5
vertex 63.81733703613281 -66.54235076904297 -0.5
endloop
endfacet
facet normal 0 0 1
outer loop
vertex 15.527559280395508 38.53932189941406 -0.5
vertex 15.108078002929688 38.34027862548828 -0.5
vertex 15.145570755004883 35.59899139404297 -0.5
endloop
endfacet
facet normal 0 0 1
outer loop
vertex -61.04778289794922 33.48418426513672 -0.5
vertex -62.91621780395508 31.575895309448242 -0.5
vertex -62.55144119262695 31.288633346557617 -0.5
endloop
endfacet
facet normal 0 0 1
outer loop
vertex -61.04778289794922 33.48418426513672 -0.5
vertex -62.55144119262695 31.288633346557617 -0.5
vertex -62.494991302490234 31.236003875732422 -0.5
endloop
endfacet
facet normal 0 0 1
outer loop
vertex 15.108078002929688 38.34027862548828 -0.5
vertex 15.035196304321289 38.31461715698242 -0.5
vertex 15.145570755004883 35.59899139404297 -0.5
endloop
endfacet
facet normal 0 0 1
outer loop
vertex 15.035196304321289 38.31461715698242 -0.5
vertex 14.589991569519043 38.18280029296875 -0.5
vertex 15.145570755004883 35.59899139404297 -0.5
endloop
endfacet
facet normal 0 0 1
outer loop
vertex -30.120615005493164 47.734458923339844 -0.5
vertex -28.789365768432617 50.1158447265625 -0.5
vertex -28.857202529907227 50.12783432006836 -0.5
endloop
endfacet
facet normal 0 0 1
outer loop
vertex 81.2134017944336 42.78140640258789 -0.5
vertex 81.85242462158203 41.27433776855469 -0.5
vertex 81.60749816894531 42.01655197143555 -0.5
endloop
endfacet
facet normal 0 0 1
outer loop
vertex -30.120615005493164 47.734458923339844 -0.5
vertex -10.649673461914062 48.18986129760742 -0.5
vertex -28.789365768432617 50.1158447265625 -0.5
endloop
endfacet
facet normal 0 0 1
outer loop
vertex -59.89616775512695 9.095425605773926 -0.5
vertex -59.89595413208008 3.9524691104888916 -0.5
vertex -58.88987350463867 -20.566423416137695 -0.5
endloop
endfacet
facet normal 0 0 1
outer loop
vertex -30.818937301635742 48.14992141723633 -0.5
vertex -29.376571655273438 50.2606315612793 -0.5
vertex -29.90632438659668 50.47720718383789 -0.5
endloop
endfacet
facet normal 0 0 1
outer loop
vertex 15.979443550109863 38.83714294433594 -0.5
vertex 15.595660209655762 38.57581329345703 -0.5
vertex 15.145570755004883 35.59899139404297 -0.5
endloop
endfacet
facet normal 0 0 1
outer loop
vertex 15.979443550109863 38.83714294433594 -0.5
vertex 15.145570755004883 35.59899139404297 -0.5
vertex 16.021203994750977 38.86638641357422 -0.5
endloop
endfacet
facet normal 0 0 1
outer loop
vertex 17.515012741088867 39.93893814086914 -0.5
vertex 15.145570755004883 35.59899139404297 -0.5
vertex 17.1269474029541 35.59899139404297 -0.5
endloop
endfacet
facet normal 0 0 1
outer loop
vertex 81.2134017944336 42.78140640258789 -0.5
vertex 80.74977111816406 43.410675048828125 -0.5
vertex 78.80000305175781 41.84513473510742 -0.5
endloop
endfacet
facet normal 0 0 1
outer loop
vertex -61.39595413208008 3.952406644821167 -0.5
vertex -59.89595413208008 3.9524691104888916 -0.5
vertex -61.39616775512695 9.095362663269043 -0.5
endloop
endfacet
facet normal 0 0 1
outer loop
vertex 15.145570755004883 35.59899139404297 -0.5
vertex 16.7761173248291 39.49699783325195 -0.5
vertex 16.021203994750977 38.86638641357422 -0.5
endloop
endfacet
facet normal 0 0 1
outer loop
vertex 15.145570755004883 35.59899139404297 -0.5
vertex 17.515012741088867 39.93893814086914 -0.5
vertex 16.7761173248291 39.49699783325195 -0.5
endloop
endfacet
facet normal 0 0 1
outer loop
vertex 17.515012741088867 39.93893814086914 -0.5
vertex 17.1269474029541 35.59899139404297 -0.5
vertex 17.24811553955078 36.134605407714844 -0.5
endloop
endfacet
facet normal 0 0 1
outer loop
vertex 17.45635986328125 36.60178756713867 -0.5
vertex 17.515012741088867 39.93893814086914 -0.5
vertex 17.24811553955078 36.134605407714844 -0.5
endloop
endfacet
facet normal 0 0 1
outer loop
vertex 17.45635986328125 36.60178756713867 -0.5
vertex 17.748981475830078 37.02130889892578 -0.5
vertex 17.515012741088867 39.93893814086914 -0.5
endloop
endfacet
facet normal 0 0 1
outer loop
vertex 17.515012741088867 39.93893814086914 -0.5
vertex 17.748981475830078 37.02130889892578 -0.5
vertex 18.115476608276367 37.378108978271484 -0.5
endloop
endfacet
facet normal 0 0 1
outer loop
vertex 17.515012741088867 39.93893814086914 -0.5
vertex 18.115476608276367 37.378108978271484 -0.5
vertex 18.54269027709961 37.65938186645508 -0.5
endloop
endfacet
facet normal 0 0 1
outer loop
vertex -58.88987350463867 -20.566423416137695 -0.5
vertex -59.89702224731445 29.59542465209961 -0.5
vertex -59.89616775512695 9.095425605773926 -0.5
endloop
endfacet
facet normal 0 0 1
outer loop
vertex -59.89616775512695 9.095425605773926 -0.5
vertex -61.39616775512695 9.095362663269043 -0.5
vertex -59.89595413208008 3.9524691104888916 -0.5
endloop
endfacet
facet normal 0 0 1
outer loop
vertex -30.818937301635742 48.14992141723633 -0.5
vertex -30.120615005493164 47.734458923339844 -0.5
vertex -28.857202529907227 50.12783432006836 -0.5
endloop
endfacet
facet normal 0 0 1
outer loop
vertex 63.779273986816406 -65.35101318359375 -0.5
vertex 18.40700912475586 -65.35101318359375 -0.5
vertex 8.402932167053223 -67.55500793457031 -0.5
endloop
endfacet
facet normal 0 0 1
outer loop
vertex 81.2134017944336 42.78140640258789 -0.5
vertex 80.50712585449219 40.764400482177734 -0.5
vertex 81.85242462158203 41.27433776855469 -0.5
endloop
endfacet
facet normal 0 0 1
outer loop
vertex 8.338777542114258 -67.56062316894531 -0.5
vertex 8.402932167053223 -67.55500793457031 -0.5
vertex 18.40700912475586 -65.35101318359375 -0.5
endloop
endfacet
facet normal 0 0 1
outer loop
vertex 7.855694770812988 -67.62238311767578 -0.5
vertex 8.338777542114258 -67.56062316894531 -0.5
vertex 18.40700912475586 -65.35101318359375 -0.5
endloop
endfacet
facet normal 0 0 1
outer loop
vertex -58.88987350463867 -20.566423416137695 -0.5
vertex -58.88608932495117 29.844392776489258 -0.5
vertex -59.89702224731445 29.59542465209961 -0.5
endloop
endfacet
facet normal 0 0 1
outer loop
vertex 81.2134017944336 42.78140640258789 -0.5
vertex 79.4673080444336 40.4837646484375 -0.5
vertex 80.50712585449219 40.764400482177734 -0.5
endloop
endfacet
facet normal 0 0 1
outer loop
vertex 79.4673080444336 40.4837646484375 -0.5
vertex 81.2134017944336 42.78140640258789 -0.5
vertex 79.33284759521484 40.97726821899414 -0.5
endloop
endfacet
facet normal 0 0 1
outer loop
vertex -48.44499206542969 53.88447189331055 -0.5
vertex -30.818937301635742 48.14992141723633 -0.5
vertex -29.90632438659668 50.47720718383789 -0.5
endloop
endfacet
facet normal 0 0 1
outer loop
vertex 18.54269027709961 37.65938186645508 -0.5
vertex 19.01528549194336 37.85503005981445 -0.5
vertex 19.080638885498047 40.42068099975586 -0.5
endloop
endfacet
facet normal 0 0 1
outer loop
vertex 19.01528549194336 37.85503005981445 -0.5
vertex 19.516300201416016 37.95803451538086 -0.5
vertex 19.834659576416016 40.473995208740234 -0.5
endloop
endfacet
facet normal 0 0 1
outer loop
vertex 19.516300201416016 37.95803451538086 -0.5
vertex 19.807008743286133 37.97399139404297 -0.5
vertex 19.834659576416016 40.473995208740234 -0.5
endloop
endfacet
facet normal 0 0 1
outer loop
vertex -30.120615005493164 47.734458923339844 -0.5
vertex -11.040648460388184 45.7218132019043 -0.5
vertex -9.812875747680664 47.975223541259766 -0.5
endloop
endfacet
facet normal 0 0 1
outer loop
vertex -10.649673461914062 48.18986129760742 -0.5
vertex -30.120615005493164 47.734458923339844 -0.5
vertex -9.812875747680664 47.975223541259766 -0.5
endloop
endfacet
facet normal 0 0 1
outer loop
vertex -9.524812698364258 36.1593017578125 -0.5
vertex -5.770654201507568 39.81541061401367 -0.5
vertex -8.820189476013184 43.24287033081055 -0.5
endloop
endfacet
facet normal 0 0 1
outer loop
vertex -5.374220848083496 39.34082794189453 -0.5
vertex -5.428021430969238 39.39462661743164 -0.5
vertex -9.524812698364258 36.1593017578125 -0.5
endloop
endfacet
facet normal 0 0 1
outer loop
vertex 17.515012741088867 39.93893814086914 -0.5
vertex 18.54269027709961 37.65938186645508 -0.5
vertex 19.080638885498047 40.42068099975586 -0.5
endloop
endfacet
facet normal 0 0 1
outer loop
vertex 19.01528549194336 37.85503005981445 -0.5
vertex 19.834659576416016 40.473995208740234 -0.5
vertex 19.080638885498047 40.42068099975586 -0.5
endloop
endfacet
facet normal 0 0 1
outer loop
vertex -61.60861587524414 29.89109992980957 -0.5
vertex -61.52043151855469 29.59535789489746 -0.5
vertex -59.89702224731445 29.59542465209961 -0.5
endloop
endfacet
facet normal 0 0 1
outer loop
vertex 18.240299224853516 40.23030471801758 -0.5
vertex 17.515012741088867 39.93893814086914 -0.5
vertex 19.080638885498047 40.42068099975586 -0.5
endloop
endfacet
facet normal 0 0 1
outer loop
vertex -56.358856201171875 -72.29701232910156 -0.5
vertex -53.172576904296875 -71.10101318359375 -0.5
vertex -53.172576904296875 -70.10101318359375 -0.5
endloop
endfacet
facet normal 0 0 1
outer loop
vertex -56.358856201171875 -72.29701232910156 -0.5
vertex -53.134517669677734 -71.29235076904297 -0.5
vertex -53.172576904296875 -71.10101318359375 -0.5
endloop
endfacet
facet normal 0 0 1
outer loop
vertex -56.358856201171875 -72.29701232910156 -0.5
vertex -53.02613067626953 -71.4545669555664 -0.5
vertex -53.134517669677734 -71.29235076904297 -0.5
endloop
endfacet
facet normal 0 0 1
outer loop
vertex -56.358856201171875 -72.29701232910156 -0.5
vertex -52.86391830444336 -71.56295013427734 -0.5
vertex -53.02613067626953 -71.4545669555664 -0.5
endloop
endfacet
facet normal 0 0 1
outer loop
vertex -59.89702224731445 29.59542465209961 -0.5
vertex -61.6359977722168 29.96317481994629 -0.5
vertex -61.60861587524414 29.89109992980957 -0.5
endloop
endfacet
facet normal 0 0 1
outer loop
vertex 80.13734436035156 44.01504135131836 -0.5
vertex 79.50100708007812 44.46891784667969 -0.5
vertex 77.98357391357422 42.45386505126953 -0.5
endloop
endfacet
facet normal 0 0 1
outer loop
vertex -59.89702224731445 29.59542465209961 -0.5
vertex -58.88608932495117 29.844392776489258 -0.5
vertex -61.6359977722168 29.96317481994629 -0.5
endloop
endfacet
facet normal 0 0 1
outer loop
vertex 14.589991569519043 38.18280029296875 -0.5
vertex 14.514062881469727 38.16838073730469 -0.5
vertex 15.145570755004883 35.59899139404297 -0.5
endloop
endfacet
facet normal 0 0 1
outer loop
vertex -56.38571548461914 -64.79386138916016 -0.5
vertex -56.8901481628418 -64.70918273925781 -0.5
vertex -59.89295959472656 -67.83344268798828 -0.5
endloop
endfacet
facet normal 0 0 1
outer loop
vertex -56.8901481628418 -64.70918273925781 -0.5
vertex -57.36956024169922 -64.5308837890625 -0.5
vertex -59.89295959472656 -67.83344268798828 -0.5
endloop
endfacet
facet normal 0 0 1
outer loop
vertex -57.36956024169922 -64.5308837890625 -0.5
vertex -57.80673599243164 -64.26536560058594 -0.5
vertex -59.89295959472656 -67.83344268798828 -0.5
endloop
endfacet
facet normal 0 0 1
outer loop
vertex -57.48253631591797 -72.13687133789062 -0.5
vertex -56.927730560302734 -72.24717712402344 -0.5
vertex -56.38571548461914 -64.79386138916016 -0.5
endloop
endfacet
facet normal 0 0 1
outer loop
vertex -58.022071838378906 -71.9669418334961 -0.5
vertex -57.48253631591797 -72.13687133789062 -0.5
vertex -56.38571548461914 -64.79386138916016 -0.5
endloop
endfacet
facet normal 0 0 1
outer loop
vertex -58.539947509765625 -71.73939514160156 -0.5
vertex -58.022071838378906 -71.9669418334961 -0.5
vertex -56.38571548461914 -64.79386138916016 -0.5
endloop
endfacet
facet normal 0 0 1
outer loop
vertex -60.27758026123047 -70.31643676757812 -0.5
vertex -56.38571548461914 -64.79386138916016 -0.5
vertex -59.89295959472656 -67.83344268798828 -0.5
endloop
endfacet
facet normal 0 0 1
outer loop
vertex -60.27758026123047 -70.31643676757812 -0.5
vertex -59.90402603149414 -70.7412109375 -0.5
vertex -56.38571548461914 -64.79386138916016 -0.5
endloop
endfacet
facet normal 0 0 1
outer loop
vertex -59.03003692626953 -71.4569320678711 -0.5
vertex -56.38571548461914 -64.79386138916016 -0.5
vertex -59.48653030395508 -71.12287902832031 -0.5
endloop
endfacet
facet normal 0 0 1
outer loop
vertex -59.03003692626953 -71.4569320678711 -0.5
vertex -58.539947509765625 -71.73939514160156 -0.5
vertex -56.38571548461914 -64.79386138916016 -0.5
endloop
endfacet
facet normal 0 0 1
outer loop
vertex 80.4902572631836 -65.44490814208984 -0.5
vertex 75.7792739868164 -65.35101318359375 -0.5
vertex 75.7792739868164 -66.35101318359375 -0.5
endloop
endfacet
facet normal 0 0 1
outer loop
vertex -60.8757438659668 -69.358154296875 -0.5
vertex -60.60276794433594 -69.85359191894531 -0.5
vertex -59.89295959472656 -67.83344268798828 -0.5
endloop
endfacet
facet normal 0 0 1
outer loop
vertex -59.89295959472656 -67.83344268798828 -0.5
vertex -60.60276794433594 -69.85359191894531 -0.5
vertex -60.27758026123047 -70.31643676757812 -0.5
endloop
endfacet
facet normal 0 0 1
outer loop
vertex -59.89295959472656 -67.83344268798828 -0.5
vertex -61.334999084472656 -67.83350372314453 -0.5
vertex -61.252769470214844 -68.29328155517578 -0.5
endloop
endfacet
facet normal 0 0 1
outer loop
vertex -59.89295959472656 -67.83344268798828 -0.5
vertex -61.252769470214844 -68.29328155517578 -0.5
vertex -60.8757438659668 -69.358154296875 -0.5
endloop
endfacet
facet normal 0 0 1
outer loop
vertex -9.524812698364258 36.1593017578125 -0.5
vertex -5.017394065856934 39.026763916015625 -0.5
vertex -5.374220848083496 39.34082794189453 -0.5
endloop
endfacet
facet normal 0 0 1
outer loop
vertex -62.494991302490234 31.236003875732422 -0.5
vertex -62.17776107788086 30.896963119506836 -0.5
vertex -58.88608932495117 29.844392776489258 -0.5
endloop
endfacet
facet normal 0 0 1
outer loop
vertex -61.09326934814453 -68.83599090576172 -0.5
vertex -60.8757438659668 -69.358154296875 -0.5
vertex -61.252769470214844 -68.29328155517578 -0.5
endloop
endfacet
facet normal 0 0 1
outer loop
vertex -58.88608932495117 29.844392776489258 -0.5
vertex -61.86981201171875 30.45156478881836 -0.5
vertex -61.83332443237305 30.38346290588379 -0.5
endloop
endfacet
facet normal 0 0 1
outer loop
vertex -9.524812698364258 36.1593017578125 -0.5
vertex -4.963094234466553 38.98874282836914 -0.5
vertex -5.017394065856934 39.026763916015625 -0.5
endloop
endfacet
facet normal 0 0 1
outer loop
vertex -62.17776107788086 30.896963119506836 -0.5
vertex -62.13114547729492 30.83534812927246 -0.5
vertex -58.88608932495117 29.844392776489258 -0.5
endloop
endfacet
facet normal 0 0 1
outer loop
vertex -62.13114547729492 30.83534812927246 -0.5
vertex -61.86981201171875 30.45156478881836 -0.5
vertex -58.88608932495117 29.844392776489258 -0.5
endloop
endfacet
facet normal 0 0 1
outer loop
vertex -61.6359977722168 29.96317481994629 -0.5
vertex -58.88608932495117 29.844392776489258 -0.5
vertex -61.83332443237305 30.38346290588379 -0.5
endloop
endfacet
facet normal 0 0 1
outer loop
vertex -58.88584518432617 33.091712951660156 -0.5
vertex -62.494991302490234 31.236003875732422 -0.5
vertex -58.88608932495117 29.844392776489258 -0.5
endloop
endfacet
facet normal 0 0 1
outer loop
vertex 79.50100708007812 44.46891784667969 -0.5
vertex 78.73099517822266 44.852848052978516 -0.5
vertex 77.50416564941406 42.632164001464844 -0.5
endloop
endfacet
facet normal 0 0 1
outer loop
vertex 7.855694770812988 -67.62238311767578 -0.5
vertex 18.40700912475586 -65.35101318359375 -0.5
vertex -19.59299087524414 -65.35101318359375 -0.5
endloop
endfacet
facet normal 0 0 1
outer loop
vertex 14.514062881469727 38.16838073730469 -0.5
vertex 14.053621292114258 38.108604431152344 -0.5
vertex 15.145570755004883 35.59899139404297 -0.5
endloop
endfacet
facet normal 0 0 1
outer loop
vertex 14.053621292114258 38.108604431152344 -0.5
vertex 13.989591598510742 38.103004455566406 -0.5
vertex 15.145570755004883 35.59899139404297 -0.5
endloop
endfacet
facet normal 0 0 1
outer loop
vertex 8.402932167053223 -67.55500793457031 -0.5
vertex 64.08793640136719 -66.81295013427734 -0.5
vertex 63.92572021484375 -66.7045669555664 -0.5
endloop
endfacet
facet normal 0 0 1
outer loop
vertex 8.402932167053223 -67.55500793457031 -0.5
vertex 63.779273986816406 -66.35101318359375 -0.5
vertex 63.779273986816406 -65.35101318359375 -0.5
endloop
endfacet
facet normal 0 0 1
outer loop
vertex 8.402932167053223 -67.55500793457031 -0.5
vertex 69.3792724609375 -66.85101318359375 -0.5
vertex 64.08793640136719 -66.81295013427734 -0.5
endloop
endfacet
facet normal 0 0 1
outer loop
vertex 69.3792724609375 -66.85101318359375 -0.5
vertex 8.402932167053223 -67.55500793457031 -0.5
vertex 65.2792739868164 -67.5517807006836 -0.5
endloop
endfacet
facet normal 0 0 1
outer loop
vertex -53.172576904296875 -70.10101318359375 -0.5
vertex -53.134517669677734 -69.90966796875 -0.5
vertex -56.358856201171875 -72.29701232910156 -0.5
endloop
endfacet
facet normal 0 0 1
outer loop
vertex -53.134517669677734 -69.90966796875 -0.5
vertex -53.02613067626953 -69.7474594116211 -0.5
vertex -56.358856201171875 -72.29701232910156 -0.5
endloop
endfacet
facet normal 0 0 1
outer loop
vertex -51.672576904296875 -72.29710388183594 -0.5
vertex -51.672576904296875 -72.87911224365234 -0.5
vertex -51.172576904296875 -73.22920989990234 -0.5
endloop
endfacet
facet normal 0 0 1
outer loop
vertex -56.358856201171875 -72.29701232910156 -0.5
vertex -51.672576904296875 -72.29710388183594 -0.5
vertex -47.57257843017578 -71.60101318359375 -0.5
endloop
endfacet
facet normal 0 0 1
outer loop
vertex 31.211503982543945 40.478004455566406 -0.5
vertex 19.834659576416016 40.473995208740234 -0.5
vertex 19.807008743286133 37.97399139404297 -0.5
endloop
endfacet
facet normal 0 0 1
outer loop
vertex 31.211503982543945 40.478004455566406 -0.5
vertex 19.807008743286133 37.97399139404297 -0.5
vertex 31.2755126953125 40.483604431152344 -0.5
endloop
endfacet
facet normal 0 0 1
outer loop
vertex 19.807008743286133 37.97399139404297 -0.5
vertex 31.73595428466797 40.54338073730469 -0.5
vertex 31.2755126953125 40.483604431152344 -0.5
endloop
endfacet
facet normal 0 0 1
outer loop
vertex -56.358856201171875 -72.29701232910156 -0.5
vertex -47.57257843017578 -71.60101318359375 -0.5
vertex -52.86391830444336 -71.56295013427734 -0.5
endloop
endfacet
facet normal 0 0 1
outer loop
vertex 31.73595428466797 40.54338073730469 -0.5
vertex 19.807008743286133 37.97399139404297 -0.5
vertex 34.119205474853516 37.97399139404297 -0.5
endloop
endfacet
facet normal 0 0 1
outer loop
vertex -56.927730560302734 -72.24717712402344 -0.5
vertex -56.358856201171875 -72.29701232910156 -0.5
vertex -56.38571548461914 -64.79386138916016 -0.5
endloop
endfacet
facet normal 0 0 1
outer loop
vertex 13.989591598510742 38.103004455566406 -0.5
vertex 1.0412547588348389 38.09899139404297 -0.5
vertex 0.879658043384552 35.59899139404297 -0.5
endloop
endfacet
facet normal 0 0 1
outer loop
vertex 13.989591598510742 38.103004455566406 -0.5
vertex 0.879658043384552 35.59899139404297 -0.5
vertex 15.145570755004883 35.59899139404297 -0.5
endloop
endfacet
facet normal 0 0 1
outer loop
vertex -53.02613067626953 -69.7474594116211 -0.5
vertex -56.38571548461914 -64.79386138916016 -0.5
vertex -56.358856201171875 -72.29701232910156 -0.5
endloop
endfacet
facet normal 0 0 1
outer loop
vertex -53.02613067626953 -69.7474594116211 -0.5
vertex -52.86391830444336 -69.63906860351562 -0.5
vertex -56.38571548461914 -64.79386138916016 -0.5
endloop
endfacet
facet normal 0 0 1
outer loop
vertex 78.73099517822266 44.852848052978516 -0.5
vertex 77.98506164550781 45.08632278442383 -0.5
vertex 77.50416564941406 42.632164001464844 -0.5
endloop
endfacet
facet normal 0 0 1
outer loop
vertex 77.98506164550781 45.08632278442383 -0.5
vertex 76.9997329711914 42.71684265136719 -0.5
vertex 77.50416564941406 42.632164001464844 -0.5
endloop
endfacet
facet normal 0 0 1
outer loop
vertex -57.80673599243164 -64.26536560058594 -0.5
vertex -58.18598937988281 -63.92215347290039 -0.5
vertex -59.89295959472656 -67.83344268798828 -0.5
endloop
endfacet
facet normal 0 0 1
outer loop
vertex -59.89295959472656 -67.83344268798828 -0.5
vertex -58.18598937988281 -63.92215347290039 -0.5
vertex -58.49370193481445 -63.513572692871094 -0.5
endloop
endfacet
facet normal 0 0 1
outer loop
vertex -58.49370193481445 -63.513572692871094 -0.5
vertex -58.71883010864258 -63.05428695678711 -0.5
vertex -59.89295959472656 -67.83344268798828 -0.5
endloop
endfacet
facet normal 0 0 1
outer loop
vertex -58.71883010864258 -63.05428695678711 -0.5
vertex -58.853294372558594 -62.560787200927734 -0.5
vertex -59.89295959472656 -67.83344268798828 -0.5
endloop
endfacet
facet normal 0 0 1
outer loop
vertex -58.853294372558594 -62.560787200927734 -0.5
vertex -59.89381408691406 -47.33344268798828 -0.5
vertex -59.89295959472656 -67.83344268798828 -0.5
endloop
endfacet
facet normal 0 0 1
outer loop
vertex 31.811384201049805 40.55950927734375 -0.5
vertex 31.73595428466797 40.54338073730469 -0.5
vertex 34.119205474853516 37.97399139404297 -0.5
endloop
endfacet
facet normal 0 0 1
outer loop
vertex 32.25708770751953 40.68961715698242 -0.5
vertex 31.811384201049805 40.55950927734375 -0.5
vertex 34.119205474853516 37.97399139404297 -0.5
endloop
endfacet
facet normal 0 0 1
outer loop
vertex 32.3299674987793 40.71527862548828 -0.5
vertex 32.25708770751953 40.68961715698242 -0.5
vertex 34.119205474853516 37.97399139404297 -0.5
endloop
endfacet
facet normal 0 0 1
outer loop
vertex 32.74945068359375 40.91432189941406 -0.5
vertex 32.3299674987793 40.71527862548828 -0.5
vertex 34.119205474853516 37.97399139404297 -0.5
endloop
endfacet
facet normal 0 0 1
outer loop
vertex 32.8165283203125 40.952327728271484 -0.5
vertex 32.74945068359375 40.91432189941406 -0.5
vertex 34.119205474853516 37.97399139404297 -0.5
endloop
endfacet
facet normal 0 0 1
outer loop
vertex -51.172576904296875 -73.22920989990234 -0.5
vertex -49.90873718261719 -73.81855010986328 -0.5
vertex -47.57257843017578 -74.2660140991211 -0.5
endloop
endfacet
facet normal 0 0 1
outer loop
vertex -51.672576904296875 -72.29710388183594 -0.5
vertex -51.172576904296875 -73.22920989990234 -0.5
vertex -47.57257843017578 -71.60101318359375 -0.5
endloop
endfacet
facet normal 0 0 1
outer loop
vertex -49.90873718261719 -73.81855010986328 -0.5
vertex -48.561763763427734 -74.17947387695312 -0.5
vertex -47.57257843017578 -74.2660140991211 -0.5
endloop
endfacet
facet normal 0 0 1
outer loop
vertex -47.57257843017578 -74.2660140991211 -0.5
vertex -47.57257843017578 -71.60101318359375 -0.5
vertex -51.172576904296875 -73.22920989990234 -0.5
endloop
endfacet
facet normal 0 0 1
outer loop
vertex 33.20133590698242 41.21214294433594 -0.5
vertex 32.8165283203125 40.952327728271484 -0.5
vertex 34.119205474853516 37.97399139404297 -0.5
endloop
endfacet
facet normal 0 0 1
outer loop
vertex 33.2629508972168 41.25876235961914 -0.5
vertex 33.20133590698242 41.21214294433594 -0.5
vertex 34.119205474853516 37.97399139404297 -0.5
endloop
endfacet
facet normal 0 0 1
outer loop
vertex 34.119205474853516 37.97399139404297 -0.5
vertex 36.10700988769531 37.97399139404297 -0.5
vertex 36.11415481567383 40.216712951660156 -0.5
endloop
endfacet
facet normal 0 0 1
outer loop
vertex 33.60198974609375 41.575992584228516 -0.5
vertex 33.2629508972168 41.25876235961914 -0.5
vertex 34.119205474853516 37.97399139404297 -0.5
endloop
endfacet
facet normal 0 0 1
outer loop
vertex 33.65462112426758 41.63243865966797 -0.5
vertex 33.60198974609375 41.575992584228516 -0.5
vertex 34.119205474853516 37.97399139404297 -0.5
endloop
endfacet
facet normal 0 0 1
outer loop
vertex 33.9418830871582 41.997215270996094 -0.5
vertex 33.65462112426758 41.63243865966797 -0.5
vertex 34.119205474853516 37.97399139404297 -0.5
endloop
endfacet
facet normal 0 0 1
outer loop
vertex 33.97920608520508 42.05052185058594 -0.5
vertex 33.9418830871582 41.997215270996094 -0.5
vertex 34.119205474853516 37.97399139404297 -0.5
endloop
endfacet
facet normal 0 0 1
outer loop
vertex 33.97920608520508 42.05052185058594 -0.5
vertex 34.119205474853516 37.97399139404297 -0.5
vertex 34.539527893066406 42.991432189941406 -0.5
endloop
endfacet
facet normal 0 0 1
outer loop
vertex 36.11415481567383 40.216712951660156 -0.5
vertex 36.19883346557617 40.72114944458008 -0.5
vertex 34.119205474853516 37.97399139404297 -0.5
endloop
endfacet
facet normal 0 0 1
outer loop
vertex 36.19883346557617 40.72114944458008 -0.5
vertex 36.3336181640625 44.595855712890625 -0.5
vertex 34.119205474853516 37.97399139404297 -0.5
endloop
endfacet
facet normal 0 0 1
outer loop
vertex -46.772579193115234 -71.60101318359375 -0.5
vertex -46.772579193115234 -74.2660140991211 -0.5
vertex -45.78339385986328 -74.17947387695312 -0.5
endloop
endfacet
facet normal 0 0 1
outer loop
vertex -52.86391830444336 -69.63906860351562 -0.5
vertex -41.48123550415039 -69.63906860351562 -0.5
vertex -56.38571548461914 -64.79386138916016 -0.5
endloop
endfacet
facet normal 0 0 1
outer loop
vertex -46.772579193115234 -71.60101318359375 -0.5
vertex -45.78339385986328 -74.17947387695312 -0.5
vertex -44.43641662597656 -73.81855010986328 -0.5
endloop
endfacet
facet normal 0 0 1
outer loop
vertex -46.772579193115234 -71.60101318359375 -0.5
vertex -44.43641662597656 -73.81855010986328 -0.5
vertex -43.172576904296875 -73.22920989990234 -0.5
endloop
endfacet
facet normal 0 0 1
outer loop
vertex -46.772579193115234 -71.60101318359375 -0.5
vertex -43.172576904296875 -73.22920989990234 -0.5
vertex -42.672576904296875 -72.29727935791016 -0.5
endloop
endfacet
facet normal 0 0 1
outer loop
vertex 69.3792724609375 -66.85101318359375 -0.5
vertex 65.2792739868164 -68.12911224365234 -0.5
vertex 65.7792739868164 -68.47920989990234 -0.5
endloop
endfacet
facet normal 0 0 1
outer loop
vertex 69.3792724609375 -66.85101318359375 -0.5
vertex 65.2792739868164 -67.5517807006836 -0.5
vertex 65.2792739868164 -68.12911224365234 -0.5
endloop
endfacet
facet normal 0 0 1
outer loop
vertex -43.172576904296875 -73.22920989990234 -0.5
vertex -42.672576904296875 -72.87911224365234 -0.5
vertex -42.672576904296875 -72.29727935791016 -0.5
endloop
endfacet
facet normal 0 0 1
outer loop
vertex -41.48123550415039 -71.56295013427734 -0.5
vertex -46.772579193115234 -71.60101318359375 -0.5
vertex -42.672576904296875 -72.29727935791016 -0.5
endloop
endfacet
facet normal 0 0 1
outer loop
vertex -79.60643005371094 41.24034881591797 -0.5
vertex -61.6278190612793 33.73353958129883 -0.5
vertex -78.24555206298828 43.336090087890625 -0.5
endloop
endfacet
facet normal 0 0 1
outer loop
vertex -81.28775787353516 43.069427490234375 -0.5
vertex -80.81288146972656 42.35192108154297 -0.5
vertex -81.61189270019531 43.780670166015625 -0.5
endloop
endfacet
facet normal 0 0 1
outer loop
vertex -80.81288146972656 42.35192108154297 -0.5
vertex -80.28362274169922 41.77675247192383 -0.5
vertex -81.61189270019531 43.780670166015625 -0.5
endloop
endfacet
facet normal 0 0 1
outer loop
vertex -80.28362274169922 41.77675247192383 -0.5
vertex -79.60643005371094 41.24034881591797 -0.5
vertex -81.61189270019531 43.780670166015625 -0.5
endloop
endfacet
facet normal 0 0 1
outer loop
vertex -79.60643005371094 41.24034881591797 -0.5
vertex -81.88581085205078 46.246490478515625 -0.5
vertex -81.92694854736328 45.38705825805664 -0.5
endloop
endfacet
facet normal 0 0 1
outer loop
vertex -81.61189270019531 43.780670166015625 -0.5
vertex -81.92694854736328 45.38705825805664 -0.5
vertex -81.84007263183594 44.61027908325195 -0.5
endloop
endfacet
facet normal 0 0 1
outer loop
vertex -81.61189270019531 43.780670166015625 -0.5
vertex -79.60643005371094 41.24034881591797 -0.5
vertex -81.92694854736328 45.38705825805664 -0.5
endloop
endfacet
facet normal 0 0 1
outer loop
vertex -81.726806640625 47.0117301940918 -0.5
vertex -79.60643005371094 41.24034881591797 -0.5
vertex -78.64006042480469 43.66164779663086 -0.5
endloop
endfacet
facet normal 0 0 1
outer loop
vertex -79.60643005371094 41.24034881591797 -0.5
vertex -81.726806640625 47.0117301940918 -0.5
vertex -81.88581085205078 46.246490478515625 -0.5
endloop
endfacet
facet normal 0 0 1
outer loop
vertex -79.21192932128906 44.504310607910156 -0.5
vertex -81.726806640625 47.0117301940918 -0.5
vertex -78.9660873413086 44.05577087402344 -0.5
endloop
endfacet
facet normal 0 0 1
outer loop
vertex -79.21192932128906 44.504310607910156 -0.5
vertex -79.36875915527344 44.99116516113281 -0.5
vertex -81.726806640625 47.0117301940918 -0.5
endloop
endfacet
facet normal 0 0 1
outer loop
vertex -79.60643005371094 41.24034881591797 -0.5
vertex -78.24555206298828 43.336090087890625 -0.5
vertex -78.64006042480469 43.66164779663086 -0.5
endloop
endfacet
facet normal 0 0 1
outer loop
vertex -81.726806640625 47.0117301940918 -0.5
vertex -78.64006042480469 43.66164779663086 -0.5
vertex -78.9660873413086 44.05577087402344 -0.5
endloop
endfacet
facet normal 0 0 1
outer loop
vertex -9.524812698364258 36.1593017578125 -0.5
vertex -5.428021430969238 39.39462661743164 -0.5
vertex -5.726301670074463 39.752071380615234 -0.5
endloop
endfacet
facet normal 0 0 1
outer loop
vertex -5.726301670074463 39.752071380615234 -0.5
vertex -5.770654201507568 39.81541061401367 -0.5
vertex -9.524812698364258 36.1593017578125 -0.5
endloop
endfacet
facet normal 0 0 1
outer loop
vertex -9.524812698364258 36.1593017578125 -0.5
vertex -4.0040388107299805 38.49388885498047 -0.5
vertex -4.07696008682251 38.51893997192383 -0.5
endloop
endfacet
facet normal 0 0 1
outer loop
vertex -79.36875915527344 44.99116516113281 -0.5
vertex -79.43094635009766 45.498863220214844 -0.5
vertex -81.726806640625 47.0117301940918 -0.5
endloop
endfacet
facet normal 0 0 1
outer loop
vertex -79.43094635009766 45.498863220214844 -0.5
vertex -80.1321792602539 47.08332443237305 -0.5
vertex -81.726806640625 47.0117301940918 -0.5
endloop
endfacet
facet normal 0 0 1
outer loop
vertex -9.524812698364258 36.1593017578125 -0.5
vertex -3.554800033569336 38.376564025878906 -0.5
vertex -4.0040388107299805 38.49388885498047 -0.5
endloop
endfacet
facet normal -0.0002359852196763941 0.00525612817026671 0.999986158618025
outer loop
vertex -80.1321792602539 47.08332443237305 -0.5
vertex -81.42013549804688 47.82797622680664 -0.5042179822921753
vertex -81.726806640625 47.0117301940918 -0.5
endloop
endfacet
facet normal 0 0 1
outer loop
vertex -3.554800033569336 38.376564025878906 -0.5
vertex -9.524812698364258 36.1593017578125 -0.5
vertex -3.486557722091675 38.363548278808594 -0.5
endloop
endfacet
facet normal 0 0 1
outer loop
vertex -79.3962631225586 46.00918197631836 -0.5
vertex -80.1321792602539 47.08332443237305 -0.5
vertex -79.43094635009766 45.498863220214844 -0.5
endloop
endfacet
facet normal 0 0 1
outer loop
vertex -79.3962631225586 46.00918197631836 -0.5
vertex -79.26595306396484 46.5037956237793 -0.5
vertex -80.1321792602539 47.08332443237305 -0.5
endloop
endfacet
facet normal 0 0 1
outer loop
vertex -61.6278190612793 33.73353958129883 -0.5
vertex -79.60643005371094 41.24034881591797 -0.5
vertex -62.97447967529297 31.6166934967041 -0.5
endloop
endfacet
facet normal 0 0 1
outer loop
vertex -61.6278190612793 33.73353958129883 -0.5
vertex -62.97447967529297 31.6166934967041 -0.5
vertex -62.91621780395508 31.575895309448242 -0.5
endloop
endfacet
facet normal 0 0 1
outer loop
vertex -61.04778289794922 33.48418426513672 -0.5
vertex -61.6278190612793 33.73353958129883 -0.5
vertex -62.91621780395508 31.575895309448242 -0.5
endloop
endfacet
facet normal 0 0 1
outer loop
vertex 80.74977111816406 43.410675048828125 -0.5
vertex 80.13734436035156 44.01504135131836 -0.5
vertex 78.4207534790039 42.1883430480957 -0.5
endloop
endfacet
facet normal 0 0 1
outer loop
vertex 80.74977111816406 43.410675048828125 -0.5
vertex 78.4207534790039 42.1883430480957 -0.5
vertex 78.80000305175781 41.84513473510742 -0.5
endloop
endfacet
facet normal 0 0 1
outer loop
vertex -79.26595306396484 46.5037956237793 -0.5
vertex -69.871337890625 64.83058166503906 -0.5
vertex -80.1321792602539 47.08332443237305 -0.5
endloop
endfacet
facet normal 0 0 1
outer loop
vertex -69.871337890625 64.83058166503906 -0.5
vertex -79.26595306396484 46.5037956237793 -0.5
vertex -69.46788787841797 63.539546966552734 -0.5
endloop
endfacet
facet normal 0 0 1
outer loop
vertex 80.13734436035156 44.01504135131836 -0.5
vertex 77.98357391357422 42.45386505126953 -0.5
vertex 78.4207534790039 42.1883430480957 -0.5
endloop
endfacet
facet normal 0 0 1
outer loop
vertex 81.2134017944336 42.78140640258789 -0.5
vertex 78.80000305175781 41.84513473510742 -0.5
vertex 79.10771942138672 41.436553955078125 -0.5
endloop
endfacet
facet normal 0 0 1
outer loop
vertex 34.119205474853516 37.97399139404297 -0.5
vertex 35.03443908691406 43.59992599487305 -0.5
vertex 34.539527893066406 42.991432189941406 -0.5
endloop
endfacet
facet normal 0 0 1
outer loop
vertex 81.2134017944336 42.78140640258789 -0.5
vertex 79.10771942138672 41.436553955078125 -0.5
vertex 79.33284759521484 40.97726821899414 -0.5
endloop
endfacet
facet normal 0 0 1
outer loop
vertex 79.50100708007812 44.46891784667969 -0.5
vertex 77.50416564941406 42.632164001464844 -0.5
vertex 77.98357391357422 42.45386505126953 -0.5
endloop
endfacet
facet normal 0 0 1
outer loop
vertex 34.119205474853516 37.97399139404297 -0.5
vertex 35.676300048828125 44.17292404174805 -0.5
vertex 35.03443908691406 43.59992599487305 -0.5
endloop
endfacet
facet normal 0 0 1
outer loop
vertex 35.676300048828125 44.17292404174805 -0.5
vertex 34.119205474853516 37.97399139404297 -0.5
vertex 36.3336181640625 44.595855712890625 -0.5
endloop
endfacet
facet normal 0 0 1
outer loop
vertex -9.524812698364258 36.1593017578125 -0.5
vertex -3.085367441177368 38.3177490234375 -0.5
vertex -3.486557722091675 38.363548278808594 -0.5
endloop
endfacet
facet normal 0 0 1
outer loop
vertex -71.02722930908203 65.57762145996094 -0.5
vertex -71.07000732421875 65.52361297607422 -0.5
vertex -69.871337890625 64.83058166503906 -0.5
endloop
endfacet
facet normal 0 0 1
outer loop
vertex -69.871337890625 64.83058166503906 -0.5
vertex -69.142333984375 63.934059143066406 -0.5
vertex -69.73455047607422 66.58175659179688 -0.5
endloop
endfacet
facet normal 0 0 1
outer loop
vertex -70.45205688476562 66.10688781738281 -0.5
vertex -71.02722930908203 65.57762145996094 -0.5
vertex -69.871337890625 64.83058166503906 -0.5
endloop
endfacet
facet normal 0 0 1
outer loop
vertex -70.45205688476562 66.10688781738281 -0.5
vertex -69.871337890625 64.83058166503906 -0.5
vertex -69.73455047607422 66.58175659179688 -0.5
endloop
endfacet
facet normal 0 0 1
outer loop
vertex -69.871337890625 64.83058166503906 -0.5
vertex -69.46788787841797 63.539546966552734 -0.5
vertex -69.142333984375 63.934059143066406 -0.5
endloop
endfacet
facet normal 0 0 1
outer loop
vertex 36.19883346557617 40.72114944458008 -0.5
vertex 36.37713623046875 41.200557708740234 -0.5
vertex 36.3336181640625 44.595855712890625 -0.5
endloop
endfacet
facet normal 0 0 1
outer loop
vertex 36.37713623046875 41.200557708740234 -0.5
vertex 36.64265441894531 41.63773727416992 -0.5
vertex 36.3336181640625 44.595855712890625 -0.5
endloop
endfacet
facet normal 0 0 1
outer loop
vertex 36.64265441894531 41.63773727416992 -0.5
vertex 36.98586654663086 42.01698684692383 -0.5
vertex 36.3336181640625 44.595855712890625 -0.5
endloop
endfacet
facet normal 0 0 1
outer loop
vertex 36.98586654663086 42.01698684692383 -0.5
vertex 37.394447326660156 42.32469940185547 -0.5
vertex 36.3336181640625 44.595855712890625 -0.5
endloop
endfacet
facet normal 0 0 1
outer loop
vertex 37.394447326660156 42.32469940185547 -0.5
vertex 37.853729248046875 42.549827575683594 -0.5
vertex 36.3336181640625 44.595855712890625 -0.5
endloop
endfacet
facet normal 0 0 1
outer loop
vertex -68.74821472167969 64.26008605957031 -0.5
vertex -69.73455047607422 66.58175659179688 -0.5
vertex -69.142333984375 63.934059143066406 -0.5
endloop
endfacet
facet normal 0 0 1
outer loop
vertex -68.74821472167969 64.26008605957031 -0.5
vertex -68.29967498779297 64.50592803955078 -0.5
vertex -69.73455047607422 66.58175659179688 -0.5
endloop
endfacet
facet normal 0 0 1
outer loop
vertex -68.29967498779297 64.50592803955078 -0.5
vertex -67.81281280517578 64.66275787353516 -0.5
vertex -69.02330780029297 66.90589141845703 -0.5
endloop
endfacet
facet normal 0 0 1
outer loop
vertex -68.29967498779297 64.50592803955078 -0.5
vertex -69.02330780029297 66.90589141845703 -0.5
vertex -69.73455047607422 66.58175659179688 -0.5
endloop
endfacet
facet normal 0 0 1
outer loop
vertex -69.02330780029297 66.90589141845703 -0.5
vertex -67.81281280517578 64.66275787353516 -0.5
vertex -68.1937026977539 67.13407897949219 -0.5
endloop
endfacet
facet normal 0 0 1
outer loop
vertex 37.853729248046875 42.549827575683594 -0.5
vertex 37.12185287475586 44.94082260131836 -0.5
vertex 36.3336181640625 44.595855712890625 -0.5
endloop
endfacet
facet normal 0 0 1
outer loop
vertex -67.81281280517578 64.66275787353516 -0.5
vertex -67.41692352294922 67.220947265625 -0.5
vertex -68.1937026977539 67.13407897949219 -0.5
endloop
endfacet
facet normal 0 0 1
outer loop
vertex -67.81281280517578 64.66275787353516 -0.5
vertex -67.30511474609375 64.72494506835938 -0.5
vertex -66.55748748779297 67.1798095703125 -0.5
endloop
endfacet
facet normal 0 0 1
outer loop
vertex 37.853729248046875 42.549827575683594 -0.5
vertex 38.347232818603516 42.68429183959961 -0.5
vertex 37.87636947631836 45.13790512084961 -0.5
endloop
endfacet
facet normal 0 0 1
outer loop
vertex 37.853729248046875 42.549827575683594 -0.5
vertex 37.87636947631836 45.13790512084961 -0.5
vertex 37.12185287475586 44.94082260131836 -0.5
endloop
endfacet
facet normal 0 0 1
outer loop
vertex 38.347232818603516 42.68429183959961 -0.5
vertex 38.83914566040039 45.22398376464844 -0.5
vertex 37.87636947631836 45.13790512084961 -0.5
endloop
endfacet
facet normal 0 0 1
outer loop
vertex -67.81281280517578 64.66275787353516 -0.5
vertex -66.55748748779297 67.1798095703125 -0.5
vertex -67.41692352294922 67.220947265625 -0.5
endloop
endfacet
facet normal 0 0 1
outer loop
vertex -66.7947998046875 64.69026184082031 -0.5
vertex -66.30018615722656 64.55995178222656 -0.5
vertex -64.97774505615234 66.71028137207031 -0.5
endloop
endfacet
facet normal 0 0 1
outer loop
vertex -67.30511474609375 64.72494506835938 -0.5
vertex -66.7947998046875 64.69026184082031 -0.5
vertex -66.55748748779297 67.1798095703125 -0.5
endloop
endfacet
facet normal 0 0 1
outer loop
vertex -66.7947998046875 64.69026184082031 -0.5
vertex -65.79225158691406 67.02080535888672 -0.5
vertex -66.55748748779297 67.1798095703125 -0.5
endloop
endfacet
facet normal 0 0 1
outer loop
vertex -66.7947998046875 64.69026184082031 -0.5
vertex -64.97774505615234 66.71028137207031 -0.5
vertex -65.79225158691406 67.02080535888672 -0.5
endloop
endfacet
facet normal 0 0 1
outer loop
vertex -66.30018615722656 64.55995178222656 -0.5
vertex -64.61510467529297 66.5196533203125 -0.5
vertex -64.97774505615234 66.71028137207031 -0.5
endloop
endfacet
facet normal 0 0 1
outer loop
vertex -60.545921325683594 33.385398864746094 -0.5
vertex -61.04778289794922 33.48418426513672 -0.5
vertex -62.494991302490234 31.236003875732422 -0.5
endloop
endfacet
facet normal 0 0 1
outer loop
vertex -60.03443145751953 33.38304138183594 -0.5
vertex -60.545921325683594 33.385398864746094 -0.5
vertex -62.494991302490234 31.236003875732422 -0.5
endloop
endfacet
facet normal 0 0 1
outer loop
vertex -60.03443145751953 33.38304138183594 -0.5
vertex -62.494991302490234 31.236003875732422 -0.5
vertex -59.531681060791016 33.477195739746094 -0.5
endloop
endfacet
facet normal 0 0 1
outer loop
vertex -58.88584518432617 33.091712951660156 -0.5
vertex -58.81106948852539 33.55784225463867 -0.5
vertex -62.494991302490234 31.236003875732422 -0.5
endloop
endfacet
facet normal 0 0 1
outer loop
vertex -62.494991302490234 31.236003875732422 -0.5
vertex -58.99336242675781 33.69771957397461 -0.5
vertex -59.531681060791016 33.477195739746094 -0.5
endloop
endfacet
facet normal 0 0 1
outer loop
vertex -62.494991302490234 31.236003875732422 -0.5
vertex -58.81106948852539 33.55784225463867 -0.5
vertex -58.99336242675781 33.69771957397461 -0.5
endloop
endfacet
facet normal 0 0 1
outer loop
vertex -4.571022033691406 38.740028381347656 -0.5
vertex -4.963094234466553 38.98874282836914 -0.5
vertex -9.524812698364258 36.1593017578125 -0.5
endloop
endfacet
facet normal 0 0 1
outer loop
vertex -58.853294372558594 -62.560787200927734 -0.5
vertex -58.89176559448242 -45.77568435668945 -0.5
vertex -59.89381408691406 -47.33344268798828 -0.5
endloop
endfacet
facet normal 0 0 1
outer loop
vertex -9.524812698364258 36.1593017578125 -0.5
vertex -4.50271463394165 38.70417785644531 -0.5
vertex -4.571022033691406 38.740028381347656 -0.5
endloop
endfacet
facet normal 0 0 1
outer loop
vertex -61.39402770996094 -42.190547943115234 -0.5
vertex -61.39381408691406 -47.33350372314453 -0.5
vertex -59.89381408691406 -47.33344268798828 -0.5
endloop
endfacet
facet normal 0 0 1
outer loop
vertex -58.89176559448242 -45.77568435668945 -0.5
vertex -61.39402770996094 -42.190547943115234 -0.5
vertex -59.89381408691406 -47.33344268798828 -0.5
endloop
endfacet
facet normal 0 0 1
outer loop
vertex -59.89402770996094 -42.190486907958984 -0.5
vertex -61.39402770996094 -42.190547943115234 -0.5
vertex -58.89176559448242 -45.77568435668945 -0.5
endloop
endfacet
facet normal 0 0 1
outer loop
vertex -4.07696008682251 38.51893997192383 -0.5
vertex -4.50271463394165 38.70417785644531 -0.5
vertex -9.524812698364258 36.1593017578125 -0.5
endloop
endfacet
facet normal 0 0 1
outer loop
vertex -5.770654201507568 39.81541061401367 -0.5
vertex -6.010236740112305 40.213130950927734 -0.5
vertex -8.820189476013184 43.24287033081055 -0.5
endloop
endfacet
facet normal 0 0 1
outer loop
vertex 1.0412547588348389 38.09899139404297 -0.5
vertex -9.524812698364258 36.1593017578125 -0.5
vertex 0.879658043384552 35.59899139404297 -0.5
endloop
endfacet
facet normal 0 0 1
outer loop
vertex -9.524812698364258 36.1593017578125 -0.5
vertex 1.0412547588348389 38.09899139404297 -0.5
vertex -3.085367441177368 38.3177490234375 -0.5
endloop
endfacet
facet normal 0 0 1
outer loop
vertex 80.50032043457031 -2.090252161026001 -0.5
vertex 82.00032043457031 -2.0904905796051025 -0.5
vertex 80.50047302246094 -1.1629257202148438 -0.5
endloop
endfacet
facet normal 0 0 1
outer loop
vertex -6.318021774291992 42.91141128540039 -0.5
vertex -8.902294158935547 43.74773406982422 -0.5
vertex -8.820189476013184 43.24287033081055 -0.5
endloop
endfacet
facet normal 0 0 1
outer loop
vertex -6.531411170959473 44.54338073730469 -0.5
vertex -9.078145980834961 44.22804641723633 -0.5
vertex -8.902294158935547 43.74773406982422 -0.5
endloop
endfacet
facet normal 0 0 1
outer loop
vertex 82.0004653930664 -1.1631639003753662 -0.5
vertex 80.50047302246094 -1.1629257202148438 -0.5
vertex 82.00032043457031 -2.0904905796051025 -0.5
endloop
endfacet
facet normal 0 0 1
outer loop
vertex 80.49706268310547 -22.590251922607422 -0.5
vertex 80.50032043457031 -2.090252161026001 -0.5
vertex 79.4673080444336 40.4837646484375 -0.5
endloop
endfacet
facet normal 0 0 1
outer loop
vertex -7.238607883453369 46.01957702636719 -0.5
vertex -9.341432571411133 44.66657257080078 -0.5
vertex -9.078145980834961 44.22804641723633 -0.5
endloop
endfacet
facet normal 0 0 1
outer loop
vertex -7.238607883453369 46.01957702636719 -0.5
vertex -9.682703971862793 45.047569274902344 -0.5
vertex -9.341432571411133 44.66657257080078 -0.5
endloop
endfacet
facet normal 0 0 1
outer loop
vertex -30.818937301635742 48.14992141723633 -0.5
vertex -29.30774688720703 50.24003601074219 -0.5
vertex -29.376571655273438 50.2606315612793 -0.5
endloop
endfacet
facet normal 0 0 1
outer loop
vertex 15.595660209655762 38.57581329345703 -0.5
vertex 15.527559280395508 38.53932189941406 -0.5
vertex 15.145570755004883 35.59899139404297 -0.5
endloop
endfacet
facet normal 0 0 1
outer loop
vertex -30.818937301635742 48.14992141723633 -0.5
vertex -28.857202529907227 50.12783432006836 -0.5
vertex -29.30774688720703 50.24003601074219 -0.5
endloop
endfacet
facet normal 0 0 1
outer loop
vertex -7.238607883453369 46.01957702636719 -0.5
vertex -9.078145980834961 44.22804641723633 -0.5
vertex -6.843343257904053 45.34526443481445 -0.5
endloop
endfacet
facet normal 0 0 1
outer loop
vertex 80.50032043457031 -2.090252161026001 -0.5
vertex 80.50047302246094 -1.1629257202148438 -0.5
vertex 79.4673080444336 40.4837646484375 -0.5
endloop
endfacet
facet normal 0 0 1
outer loop
vertex -6.2195353507995605 40.71253967285156 -0.5
vertex -6.2430195808410645 40.78627395629883 -0.5
vertex -8.820189476013184 43.24287033081055 -0.5
endloop
endfacet
facet normal 0 0 1
outer loop
vertex -59.89488220214844 -21.690486907958984 -0.5
vertex -59.89402770996094 -42.190486907958984 -0.5
vertex -58.89176559448242 -45.77568435668945 -0.5
endloop
endfacet
facet normal 0 0 1
outer loop
vertex -6.2430195808410645 40.78627395629883 -0.5
vertex -6.349266052246094 41.23826217651367 -0.5
vertex -8.820189476013184 43.24287033081055 -0.5
endloop
endfacet
facet normal 0 0 1
outer loop
vertex 80.50712585449219 40.764400482177734 -0.5
vertex 81.93443298339844 40.76417541503906 -0.5
vertex 81.85242462158203 41.27433776855469 -0.5
endloop
endfacet
facet normal 0 0 1
outer loop
vertex -6.349266052246094 41.23826217651367 -0.5
vertex -6.359226226806641 41.314876556396484 -0.5
vertex -8.820189476013184 43.24287033081055 -0.5
endloop
endfacet
facet normal 0 0 1
outer loop
vertex 69.3792724609375 -66.85101318359375 -0.5
vertex 65.7792739868164 -68.47920989990234 -0.5
vertex 67.0431137084961 -69.06855010986328 -0.5
endloop
endfacet
facet normal 0 0 1
outer loop
vertex 80.50387573242188 20.264400482177734 -0.5
vertex 80.50712585449219 40.764400482177734 -0.5
vertex 79.4673080444336 40.4837646484375 -0.5
endloop
endfacet
facet normal 0 0 1
outer loop
vertex 80.50047302246094 -1.1629257202148438 -0.5
vertex 80.50372314453125 19.337074279785156 -0.5
vertex 79.4673080444336 40.4837646484375 -0.5
endloop
endfacet
facet normal 0 0 1
outer loop
vertex 80.50372314453125 19.337074279785156 -0.5
vertex 82.00372314453125 19.336835861206055 -0.5
vertex 80.50387573242188 20.264400482177734 -0.5
endloop
endfacet
facet normal 0 0 1
outer loop
vertex -6.359226226806641 41.314876556396484 -0.5
vertex -6.396322250366211 41.77770233154297 -0.5
vertex -8.820189476013184 43.24287033081055 -0.5
endloop
endfacet
facet normal 0 0 1
outer loop
vertex 80.4902572631836 -65.44490814208984 -0.5
vertex 75.7792739868164 -66.35101318359375 -0.5
vertex 75.74121856689453 -66.54235076904297 -0.5
endloop
endfacet
facet normal 0 0 1
outer loop
vertex 69.3792724609375 -66.85101318359375 -0.5
vertex 67.0431137084961 -69.06855010986328 -0.5
vertex 68.39009094238281 -69.42947387695312 -0.5
endloop
endfacet
facet normal 0 0 1
outer loop
vertex 82.00387573242188 20.264162063598633 -0.5
vertex 80.50387573242188 20.264400482177734 -0.5
vertex 82.00372314453125 19.336835861206055 -0.5
endloop
endfacet
facet normal 0 0 1
outer loop
vertex 75.74121856689453 -66.54235076904297 -0.5
vertex 75.63282775878906 -66.7045669555664 -0.5
vertex 78.76815032958984 -67.55101013183594 -0.5
endloop
endfacet
facet normal 0 0 1
outer loop
vertex -6.010236740112305 40.213130950927734 -0.5
vertex -6.043644428253174 40.2828369140625 -0.5
vertex -8.820189476013184 43.24287033081055 -0.5
endloop
endfacet
facet normal 0 0 1
outer loop
vertex 80.50372314453125 19.337074279785156 -0.5
vertex 80.50387573242188 20.264400482177734 -0.5
vertex 79.4673080444336 40.4837646484375 -0.5
endloop
endfacet
facet normal 0 0 1
outer loop
vertex 69.3792724609375 -66.85101318359375 -0.5
vertex 68.39009094238281 -69.42947387695312 -0.5
vertex 69.3792724609375 -69.5160140991211 -0.5
endloop
endfacet
facet normal 0 0 1
outer loop
vertex 70.17927551269531 -66.85101318359375 -0.5
vertex 70.17927551269531 -69.5160140991211 -0.5
vertex 71.16845703125 -69.42947387695312 -0.5
endloop
endfacet
facet normal 0 0 1
outer loop
vertex 70.17927551269531 -66.85101318359375 -0.5
vertex 71.16845703125 -69.42947387695312 -0.5
vertex 72.51543426513672 -69.06855010986328 -0.5
endloop
endfacet
facet normal 0 0 1
outer loop
vertex -6.2195353507995605 40.71253967285156 -0.5
vertex -8.820189476013184 43.24287033081055 -0.5
vertex -6.043644428253174 40.2828369140625 -0.5
endloop
endfacet
facet normal 0 0 1
outer loop
vertex 77.13054656982422 45.21223068237305 -0.5
vertex 38.347232818603516 42.68429183959961 -0.5
vertex 77.98506164550781 45.08632278442383 -0.5
endloop
endfacet
facet normal 0 0 1
outer loop
vertex -59.89488220214844 -21.690486907958984 -0.5
vertex -58.89176559448242 -45.77568435668945 -0.5
vertex -58.88987350463867 -20.566423416137695 -0.5
endloop
endfacet
facet normal 0 0 1
outer loop
vertex 77.98506164550781 45.08632278442383 -0.5
vertex 38.347232818603516 42.68429183959961 -0.5
vertex 76.9997329711914 42.71684265136719 -0.5
endloop
endfacet
facet normal 0 0 1
outer loop
vertex 75.63282775878906 -66.7045669555664 -0.5
vertex 75.47061920166016 -66.81295013427734 -0.5
vertex 78.76815032958984 -67.55101013183594 -0.5
endloop
endfacet
facet normal 0 0 1
outer loop
vertex 70.17927551269531 -66.85101318359375 -0.5
vertex 72.51543426513672 -69.06855010986328 -0.5
vertex 73.7792739868164 -68.47920989990234 -0.5
endloop
endfacet
facet normal 0 0 1
outer loop
vertex -61.39509963989258 -16.54759407043457 -0.5
vertex -61.39488220214844 -21.690549850463867 -0.5
vertex -59.89488220214844 -21.690486907958984 -0.5
endloop
endfacet
facet normal 0 0 1
outer loop
vertex -58.88987350463867 -20.566423416137695 -0.5
vertex -61.39509963989258 -16.54759407043457 -0.5
vertex -59.89488220214844 -21.690486907958984 -0.5
endloop
endfacet
facet normal 0 0 1
outer loop
vertex -59.89509963989258 -16.547531127929688 -0.5
vertex -61.39509963989258 -16.54759407043457 -0.5
vertex -58.88987350463867 -20.566423416137695 -0.5
endloop
endfacet
facet normal 0 0 1
outer loop
vertex 75.47061920166016 -66.81295013427734 -0.5
vertex 74.2792739868164 -67.55126190185547 -0.5
vertex 78.76815032958984 -67.55101013183594 -0.5
endloop
endfacet
facet normal 0 0 1
outer loop
vertex 75.47061920166016 -66.81295013427734 -0.5
vertex 70.17927551269531 -66.85101318359375 -0.5
vertex 74.2792739868164 -67.55126190185547 -0.5
endloop
endfacet
facet normal 0 0 1
outer loop
vertex 73.7792739868164 -68.47920989990234 -0.5
vertex 74.2792739868164 -68.12911224365234 -0.5
vertex 74.2792739868164 -67.55126190185547 -0.5
endloop
endfacet
facet normal 0 0 1
outer loop
vertex -59.89595413208008 3.9524691104888916 -0.5
vertex -59.89509963989258 -16.547531127929688 -0.5
vertex -58.88987350463867 -20.566423416137695 -0.5
endloop
endfacet
facet normal 0 0 1
outer loop
vertex 70.17927551269531 -66.85101318359375 -0.5
vertex 73.7792739868164 -68.47920989990234 -0.5
vertex 74.2792739868164 -67.55126190185547 -0.5
endloop
endfacet
facet normal 0 0 1
outer loop
vertex 80.09558868408203 -32.22509002685547 -0.5
vertex 80.49706268310547 -22.590251922607422 -0.5
vertex 79.4673080444336 40.4837646484375 -0.5
endloop
endfacet
facet normal 0 0 1
outer loop
vertex 79.69733428955078 -31.71405601501465 -0.5
vertex 79.88334655761719 -31.83807373046875 -0.5
vertex 79.4673080444336 40.4837646484375 -0.5
endloop
endfacet
facet normal 0 0 1
outer loop
vertex 79.50701141357422 -31.659099578857422 -0.5
vertex 79.69733428955078 -31.71405601501465 -0.5
vertex 79.4673080444336 40.4837646484375 -0.5
endloop
endfacet
facet normal 0 0 1
outer loop
vertex 80.4902572631836 -65.44490814208984 -0.5
vertex 75.74121856689453 -66.54235076904297 -0.5
vertex 78.76815032958984 -67.55101013183594 -0.5
endloop
endfacet
facet normal 0 0 1
outer loop
vertex 79.88334655761719 -31.83807373046875 -0.5
vertex 80.02076721191406 -32.0144157409668 -0.5
vertex 79.4673080444336 40.4837646484375 -0.5
endloop
endfacet
facet normal 0 0 1
outer loop
vertex 80.02076721191406 -32.0144157409668 -0.5
vertex 80.09558868408203 -32.22509002685547 -0.5
vertex 79.4673080444336 40.4837646484375 -0.5
endloop
endfacet
facet normal 0 0 1
outer loop
vertex -6.396322250366211 41.77770233154297 -0.5
vertex -6.3945465087890625 41.852413177490234 -0.5
vertex -8.820189476013184 43.24287033081055 -0.5
endloop
endfacet
facet normal 0 0 1
outer loop
vertex -66.30018615722656 64.55995178222656 -0.5
vertex -49.264434814453125 54.76189041137695 -0.5
vertex -47.8980598449707 56.85444259643555 -0.5
endloop
endfacet
facet normal 0 0 1
outer loop
vertex -66.30018615722656 64.55995178222656 -0.5
vertex -47.8980598449707 56.85444259643555 -0.5
vertex -64.61510467529297 66.5196533203125 -0.5
endloop
endfacet
facet normal 0 0 1
outer loop
vertex -6.318021774291992 42.91141128540039 -0.5
vertex -8.820189476013184 43.24287033081055 -0.5
vertex -6.3945465087890625 41.852413177490234 -0.5
endloop
endfacet
facet normal 0 0 1
outer loop
vertex -6.318021774291992 42.91141128540039 -0.5
vertex -6.36546516418457 43.77961730957031 -0.5
vertex -8.902294158935547 43.74773406982422 -0.5
endloop
endfacet
facet normal 0 0 1
outer loop
vertex -6.36546516418457 43.77961730957031 -0.5
vertex -6.531411170959473 44.54338073730469 -0.5
vertex -8.902294158935547 43.74773406982422 -0.5
endloop
endfacet
facet normal 0 0 1
outer loop
vertex 81.99706268310547 -22.590490341186523 -0.5
vertex 80.49706268310547 -22.590251922607422 -0.5
vertex 81.99691772460938 -23.5178165435791 -0.5
endloop
endfacet
facet normal 0 0 1
outer loop
vertex 80.49691772460938 -23.517578125 -0.5
vertex 81.99691772460938 -23.5178165435791 -0.5
vertex 80.49706268310547 -22.590251922607422 -0.5
endloop
endfacet
facet normal 0 0 1
outer loop
vertex -9.078145980834961 44.22804641723633 -0.5
vertex -6.531411170959473 44.54338073730469 -0.5
vertex -6.843343257904053 45.34526443481445 -0.5
endloop
endfacet
facet normal 0 0 1
outer loop
vertex -11.040648460388184 45.7218132019043 -0.5
vertex -10.54783821105957 45.58483123779297 -0.5
vertex -9.095451354980469 47.665008544921875 -0.5
endloop
endfacet
facet normal 0 0 1
outer loop
vertex -10.54783821105957 45.58483123779297 -0.5
vertex -10.08970832824707 45.357364654541016 -0.5
vertex -9.095451354980469 47.665008544921875 -0.5
endloop
endfacet
facet normal 0 0 1
outer loop
vertex -9.682703971862793 45.047569274902344 -0.5
vertex -7.784453868865967 46.684688568115234 -0.5
vertex -10.08970832824707 45.357364654541016 -0.5
endloop
endfacet
facet normal 0 0 1
outer loop
vertex -41.48123550415039 -71.56295013427734 -0.5
vertex -42.672576904296875 -72.29727935791016 -0.5
vertex -37.77583312988281 -72.29737854003906 -0.5
endloop
endfacet
facet normal 0 0 1
outer loop
vertex -49.264434814453125 54.76189041137695 -0.5
vertex -48.86992263793945 54.43633270263672 -0.5
vertex -47.8980598449707 56.85444259643555 -0.5
endloop
endfacet
facet normal 0 0 1
outer loop
vertex -48.86992263793945 54.43633270263672 -0.5
vertex -48.54389572143555 54.04220962524414 -0.5
vertex -47.8980598449707 56.85444259643555 -0.5
endloop
endfacet
facet normal 0 0 1
outer loop
vertex -46.48784637451172 55.8985595703125 -0.5
vertex -48.54389572143555 54.04220962524414 -0.5
vertex -48.44499206542969 53.88447189331055 -0.5
endloop
endfacet
facet normal 0 0 1
outer loop
vertex -46.968414306640625 56.1571159362793 -0.5
vertex -47.8980598449707 56.85444259643555 -0.5
vertex -48.54389572143555 54.04220962524414 -0.5
endloop
endfacet
facet normal 0 0 1
outer loop
vertex -46.89947509765625 56.113365173339844 -0.5
vertex -46.968414306640625 56.1571159362793 -0.5
vertex -48.54389572143555 54.04220962524414 -0.5
endloop
endfacet
facet normal 0 0 1
outer loop
vertex -46.43262481689453 55.87281036376953 -0.5
vertex -46.48784637451172 55.8985595703125 -0.5
vertex -48.44499206542969 53.88447189331055 -0.5
endloop
endfacet
facet normal 0 0 1
outer loop
vertex -46.18173599243164 55.77870559692383 -0.5
vertex -46.43262481689453 55.87281036376953 -0.5
vertex -48.44499206542969 53.88447189331055 -0.5
endloop
endfacet
facet normal 0 0 1
outer loop
vertex -46.48784637451172 55.8985595703125 -0.5
vertex -46.89947509765625 56.113365173339844 -0.5
vertex -48.54389572143555 54.04220962524414 -0.5
endloop
endfacet
facet normal 0 0 1
outer loop
vertex 80.49691772460938 -23.517578125 -0.5
vertex 80.49706268310547 -22.590251922607422 -0.5
vertex 80.09558868408203 -32.22509002685547 -0.5
endloop
endfacet
facet normal 0 0 1
outer loop
vertex -29.90632438659668 50.47720718383789 -0.5
vertex -46.18173599243164 55.77870559692383 -0.5
vertex -48.44499206542969 53.88447189331055 -0.5
endloop
endfacet
facet normal 0 0 1
outer loop
vertex 80.09558868408203 -32.22509002685547 -0.5
vertex 80.10700988769531 -32.351009368896484 -0.5
vertex 80.49691772460938 -23.517578125 -0.5
endloop
endfacet
facet normal 0 0 1
outer loop
vertex -11.040648460388184 45.7218132019043 -0.5
vertex -9.095451354980469 47.665008544921875 -0.5
vertex -9.812875747680664 47.975223541259766 -0.5
endloop
endfacet
facet normal 0 0 1
outer loop
vertex 80.10700988769531 -32.351009368896484 -0.5
vertex 80.49365997314453 -44.017578125 -0.5
vertex 80.49691772460938 -23.517578125 -0.5
endloop
endfacet
facet normal 0 0 1
outer loop
vertex 80.4902572631836 -65.44490814208984 -0.5
vertex 78.76815032958984 -67.55101013183594 -0.5
vertex 79.09245300292969 -67.53659057617188 -0.5
endloop
endfacet
facet normal 0 0 1
outer loop
vertex 79.09245300292969 -67.53659057617188 -0.5
vertex 79.53665161132812 -67.46412658691406 -0.5
vertex 80.4902572631836 -65.44490814208984 -0.5
endloop
endfacet
facet normal 0 0 1
outer loop
vertex 7.802905559539795 -67.63652801513672 -0.5
vertex 7.855694770812988 -67.62238311767578 -0.5
vertex -19.59299087524414 -65.35101318359375 -0.5
endloop
endfacet
facet normal 0 0 1
outer loop
vertex -41.31902313232422 -71.4545669555664 -0.5
vertex -41.48123550415039 -71.56295013427734 -0.5
vertex -37.77583312988281 -72.29737854003906 -0.5
endloop
endfacet
facet normal 0 0 1
outer loop
vertex -41.210636138916016 -71.29235076904297 -0.5
vertex -41.31902313232422 -71.4545669555664 -0.5
vertex -37.77583312988281 -72.29737854003906 -0.5
endloop
endfacet
facet normal 0 0 1
outer loop
vertex -41.172576904296875 -71.10101318359375 -0.5
vertex -41.210636138916016 -71.29235076904297 -0.5
vertex -37.77583312988281 -72.29737854003906 -0.5
endloop
endfacet
facet normal 0 0 1
outer loop
vertex -41.172576904296875 -70.10101318359375 -0.5
vertex -41.172576904296875 -71.10101318359375 -0.5
vertex -37.77583312988281 -72.29737854003906 -0.5
endloop
endfacet
facet normal 0 0 1
outer loop
vertex -41.210636138916016 -69.90966796875 -0.5
vertex -41.172576904296875 -70.10101318359375 -0.5
vertex -37.77583312988281 -72.29737854003906 -0.5
endloop
endfacet
facet normal 0 0 1
outer loop
vertex -41.31902313232422 -69.7474594116211 -0.5
vertex -41.210636138916016 -69.90966796875 -0.5
vertex -37.77583312988281 -72.29737854003906 -0.5
endloop
endfacet
facet normal 0 0 1
outer loop
vertex -41.48123550415039 -69.63906860351562 -0.5
vertex -20.728496551513672 -64.80101013183594 -0.5
vertex -56.38571548461914 -64.79386138916016 -0.5
endloop
endfacet
facet normal 0 0 1
outer loop
vertex -41.48123550415039 -69.63906860351562 -0.5
vertex -41.31902313232422 -69.7474594116211 -0.5
vertex -20.728496551513672 -64.80101013183594 -0.5
endloop
endfacet
facet normal 0 0 1
outer loop
vertex -41.31902313232422 -69.7474594116211 -0.5
vertex -37.77583312988281 -72.29737854003906 -0.5
vertex -20.728496551513672 -64.80101013183594 -0.5
endloop
endfacet
facet normal 0 0 1
outer loop
vertex -37.77583312988281 -72.29737854003906 -0.5
vertex -20.413686752319336 -65.01531219482422 -0.5
vertex -20.728496551513672 -64.80101013183594 -0.5
endloop
endfacet
facet normal 0 0 1
outer loop
vertex -37.77583312988281 -72.29737854003906 -0.5
vertex -19.59299087524414 -65.05101013183594 -0.5
vertex -20.413686752319336 -65.01531219482422 -0.5
endloop
endfacet
facet normal 0 0 1
outer loop
vertex -37.77583312988281 -72.29737854003906 -0.5
vertex -19.59299087524414 -65.35101318359375 -0.5
vertex -19.59299087524414 -65.05101013183594 -0.5
endloop
endfacet
facet normal 0 0 1
outer loop
vertex -37.77583312988281 -72.29737854003906 -0.5
vertex 0.945992112159729 -72.29814147949219 -0.5
vertex -19.59299087524414 -65.35101318359375 -0.5
endloop
endfacet
facet normal 0 0 1
outer loop
vertex 0.945992112159729 -72.29814147949219 -0.5
vertex 1.4406161308288574 -72.26070404052734 -0.5
vertex -19.59299087524414 -65.35101318359375 -0.5
endloop
endfacet
facet normal 0 0 1
outer loop
vertex -19.59299087524414 -65.35101318359375 -0.5
vertex 1.4406161308288574 -72.26070404052734 -0.5
vertex 1.99927818775177 -72.1607894897461 -0.5
endloop
endfacet
facet normal 0 0 1
outer loop
vertex -19.59299087524414 -65.35101318359375 -0.5
vertex 1.99927818775177 -72.1607894897461 -0.5
vertex 2.541987657546997 -72.00128936767578 -0.5
endloop
endfacet
facet normal 0 0 1
outer loop
vertex 80.49351501464844 -44.94490432739258 -0.5
vertex 80.49365997314453 -44.017578125 -0.5
vertex 80.10700988769531 -32.351009368896484 -0.5
endloop
endfacet
facet normal 0 0 1
outer loop
vertex 81.99365997314453 -44.01781463623047 -0.5
vertex 80.49365997314453 -44.017578125 -0.5
vertex 81.99351501464844 -44.94514465332031 -0.5
endloop
endfacet
facet normal 0 0 1
outer loop
vertex -19.59299087524414 -65.35101318359375 -0.5
vertex 2.541987657546997 -72.00128936767578 -0.5
vertex 3.0641536712646484 -71.78376007080078 -0.5
endloop
endfacet
facet normal 0 0 1
outer loop
vertex 7.357202053070068 -67.76663970947266 -0.5
vertex 7.802905559539795 -67.63652801513672 -0.5
vertex -19.59299087524414 -65.35101318359375 -0.5
endloop
endfacet
facet normal 0 0 1
outer loop
vertex 80.49351501464844 -44.94490432739258 -0.5
vertex 81.99351501464844 -44.94514465332031 -0.5
vertex 80.49365997314453 -44.017578125 -0.5
endloop
endfacet
facet normal 0 0 1
outer loop
vertex 7.28432035446167 -67.79229736328125 -0.5
vertex 7.357202053070068 -67.76663970947266 -0.5
vertex -19.59299087524414 -65.35101318359375 -0.5
endloop
endfacet
facet normal 0 0 1
outer loop
vertex -19.59299087524414 -65.35101318359375 -0.5
vertex 3.0641536712646484 -71.78376007080078 -0.5
vertex 3.5595929622650146 -71.51078796386719 -0.5
endloop
endfacet
facet normal 0 0 1
outer loop
vertex -10.08970832824707 45.357364654541016 -0.5
vertex -8.369826316833496 47.20263671875 -0.5
vertex -9.095451354980469 47.665008544921875 -0.5
endloop
endfacet
facet normal 0 0 1
outer loop
vertex 80.4902572631836 -65.44490814208984 -0.5
vertex 80.49351501464844 -44.94490432739258 -0.5
vertex 80.10700988769531 -32.351009368896484 -0.5
endloop
endfacet
facet normal 0 0 1
outer loop
vertex -10.08970832824707 45.357364654541016 -0.5
vertex -7.784453868865967 46.684688568115234 -0.5
vertex -8.369826316833496 47.20263671875 -0.5
endloop
endfacet
facet normal 0 0 1
outer loop
vertex 6.86483907699585 -67.99134063720703 -0.5
vertex 7.28432035446167 -67.79229736328125 -0.5
vertex -19.59299087524414 -65.35101318359375 -0.5
endloop
endfacet
facet normal 0 0 1
outer loop
vertex 80.4902572631836 -65.44490814208984 -0.5
vertex 80.10700988769531 -32.351009368896484 -0.5
vertex 80.10301208496094 -64.42571258544922 -0.5
endloop
endfacet
facet normal 0 0 1
outer loop
vertex -19.59299087524414 -65.35101318359375 -0.5
vertex 3.5595929622650146 -71.51078796386719 -0.5
vertex 4.022439479827881 -71.18560028076172 -0.5
endloop
endfacet
facet normal 0 0 1
outer loop
vertex -19.59299087524414 -65.35101318359375 -0.5
vertex 4.022439479827881 -71.18560028076172 -0.5
vertex 4.447212219238281 -70.81204223632812 -0.5
endloop
endfacet
facet normal 0 0 1
outer loop
vertex -19.59299087524414 -65.35101318359375 -0.5
vertex 4.447212219238281 -70.81204223632812 -0.5
vertex 4.828881740570068 -70.39454650878906 -0.5
endloop
endfacet
facet normal 0 0 1
outer loop
vertex -19.59299087524414 -65.35101318359375 -0.5
vertex 4.828881740570068 -70.39454650878906 -0.5
vertex 5.163509368896484 -69.93726348876953 -0.5
endloop
endfacet
facet normal 0 0 1
outer loop
vertex 5.632251739501953 -69.13158416748047 -0.5
vertex -19.59299087524414 -65.35101318359375 -0.5
vertex 5.163509368896484 -69.93726348876953 -0.5
endloop
endfacet
facet normal 0 0 1
outer loop
vertex 38.347232818603516 42.68429183959961 -0.5
vertex 77.13054656982422 45.21223068237305 -0.5
vertex 38.83914566040039 45.22398376464844 -0.5
endloop
endfacet
facet normal 0 0 1
outer loop
vertex 79.53665161132812 -67.46412658691406 -0.5
vertex 80.0762939453125 -67.28564453125 -0.5
vertex 80.4902572631836 -65.44490814208984 -0.5
endloop
endfacet
facet normal 0 0 1
outer loop
vertex -9.682703971862793 45.047569274902344 -0.5
vertex -7.238607883453369 46.01957702636719 -0.5
vertex -7.784453868865967 46.684688568115234 -0.5
endloop
endfacet
facet normal 0 0 1
outer loop
vertex 80.4902572631836 -65.44490814208984 -0.5
vertex 80.0762939453125 -67.28564453125 -0.5
vertex 80.59246826171875 -67.00346374511719 -0.5
endloop
endfacet
facet normal 0 0 1
outer loop
vertex 80.4902572631836 -65.44490814208984 -0.5
vertex 80.04396057128906 -64.6413345336914 -0.5
vertex 79.9199447631836 -64.82734680175781 -0.5
endloop
endfacet
facet normal 0 0 1
outer loop
vertex 80.4902572631836 -65.44490814208984 -0.5
vertex 80.10301208496094 -64.42571258544922 -0.5
vertex 80.04396057128906 -64.6413345336914 -0.5
endloop
endfacet
facet normal 0 0 1
outer loop
vertex 80.4902572631836 -65.44490814208984 -0.5
vertex 79.9199447631836 -64.82734680175781 -0.5
vertex 79.74360656738281 -64.96477508544922 -0.5
endloop
endfacet
facet normal 0 0 1
outer loop
vertex 80.4902572631836 -65.44490814208984 -0.5
vertex 79.74360656738281 -64.96477508544922 -0.5
vertex 79.4070053100586 -65.35101318359375 -0.5
endloop
endfacet
facet normal 0 0 1
outer loop
vertex 79.74360656738281 -64.96477508544922 -0.5
vertex 79.4070053100586 -65.05101013183594 -0.5
vertex 79.4070053100586 -65.35101318359375 -0.5
endloop
endfacet
facet normal 0 0 1
outer loop
vertex 75.7792739868164 -65.35101318359375 -0.5
vertex 80.4902572631836 -65.44490814208984 -0.5
vertex 79.4070053100586 -65.35101318359375 -0.5
endloop
endfacet
facet normal 0 0 1
outer loop
vertex 80.59246826171875 -67.00346374511719 -0.5
vertex 81.02366638183594 -66.65491485595703 -0.5
vertex 80.4902572631836 -65.44490814208984 -0.5
endloop
endfacet
facet normal 0 0 1
outer loop
vertex 81.02366638183594 -66.65491485595703 -0.5
vertex 81.39435577392578 -66.2295150756836 -0.5
vertex 80.4902572631836 -65.44490814208984 -0.5
endloop
endfacet
facet normal 0 0 1
outer loop
vertex 5.632251739501953 -69.13158416748047 -0.5
vertex 5.6724066734313965 -69.07423400878906 -0.5
vertex -19.59299087524414 -65.35101318359375 -0.5
endloop
endfacet
facet normal 0 0 1
outer loop
vertex -19.59299087524414 -65.35101318359375 -0.5
vertex 5.6724066734313965 -69.07423400878906 -0.5
vertex 5.9596686363220215 -68.70945739746094 -0.5
endloop
endfacet
facet normal 0 0 1
outer loop
vertex -19.59299087524414 -65.35101318359375 -0.5
vertex 5.9596686363220215 -68.70945739746094 -0.5
vertex 6.012299060821533 -68.65300750732422 -0.5
endloop
endfacet
facet normal 0 0 1
outer loop
vertex -19.59299087524414 -65.35101318359375 -0.5
vertex 6.012299060821533 -68.65300750732422 -0.5
vertex 6.351339340209961 -68.33578491210938 -0.5
endloop
endfacet
facet normal 0 0 1
outer loop
vertex 6.412954807281494 -68.2891616821289 -0.5
vertex -19.59299087524414 -65.35101318359375 -0.5
vertex 6.351339340209961 -68.33578491210938 -0.5
endloop
endfacet
facet normal 0 0 1
outer loop
vertex 81.69474792480469 -65.72372436523438 -0.5
vertex 81.79847717285156 -65.44511413574219 -0.5
vertex 80.4902572631836 -65.44490814208984 -0.5
endloop
endfacet
facet normal 0 0 1
outer loop
vertex 6.412954807281494 -68.2891616821289 -0.5
vertex 6.7967376708984375 -68.02783203125 -0.5
vertex -19.59299087524414 -65.35101318359375 -0.5
endloop
endfacet
facet normal 0 0 1
outer loop
vertex 6.7967376708984375 -68.02783203125 -0.5
vertex 6.86483907699585 -67.99134063720703 -0.5
vertex -19.59299087524414 -65.35101318359375 -0.5
endloop
endfacet
facet normal 0.0001574610264434297 0.9999999876030125 0
outer loop
vertex 80.4902572631836 -65.44490814208984 -0.5
vertex 81.79847717285156 -65.44511413574219 -0.5
vertex 80.4902572631836 -65.44490814208984 -1
endloop
endfacet
facet normal 0 0 1
outer loop
vertex 82.4903793334961 -64.69522094726562 -1
vertex 80.49351501464844 -44.94490432739258 -1
vertex 80.4902572631836 -65.44490814208984 -1
endloop
endfacet
facet normal 0.9999999873730632 -0.00015891467402424174 0
outer loop
vertex 80.4902572631836 -65.44490814208984 -1
vertex 80.49351501464844 -44.94490432739258 -1
vertex 80.4902572631836 -65.44490814208984 -0.5
endloop
endfacet
facet normal 0 0 1
outer loop
vertex 82.4903793334961 -64.69522094726562 -1
vertex 82.49351501464844 -44.945220947265625 -1
vertex 80.49351501464844 -44.94490432739258 -1
endloop
endfacet
facet normal 0.9999999873730632 -0.00015891467402424174 0
outer loop
vertex 80.4902572631836 -65.44490814208984 -0.5
vertex 80.49351501464844 -44.94490432739258 -1
vertex 80.49351501464844 -44.94490432739258 -0.5
endloop
endfacet
facet normal -0.00015830993453965286 -0.9999999874689821 0
outer loop
vertex 82.49351501464844 -44.945220947265625 -1
vertex 80.49351501464844 -44.94490432739258 -0.5
vertex 80.49351501464844 -44.94490432739258 -1
endloop
endfacet
facet normal 0 0 1
outer loop
vertex 82.37200927734375 -65.33765411376953 -1
vertex 80.4902572631836 -65.44490814208984 -1
vertex 82.33197021484375 -65.44519805908203 -1
endloop
endfacet
facet normal 0.00015741703305831233 0.9999999876099321 1.1510604745932599e-7
outer loop
vertex 82.33197021484375 -65.44519805908203 -1
vertex 80.4902572631836 -65.44490814208984 -1
vertex 81.79847717285156 -65.44511413574219 -0.5
endloop
endfacet
facet normal -0.00016021728309523203 -0.9999999871361073 -0.000007629394433106287
outer loop
vertex 81.99351501464844 -44.94514465332031 -0.5
vertex 80.49351501464844 -44.94490432739258 -0.5
vertex 82.49351501464844 -44.945220947265625 -1
endloop
endfacet
facet normal 0 0 1
outer loop
vertex 82.4903793334961 -64.69522094726562 -1
vertex 80.4902572631836 -65.44490814208984 -1
vertex 82.37200927734375 -65.33765411376953 -1
endloop
endfacet
facet normal 0.9999999874321317 -0.00015854253802270214 0
outer loop
vertex 80.50387573242188 20.264400482177734 -1
vertex 80.50712585449219 40.764400482177734 -1
vertex 80.50387573242188 20.264400482177734 -0.5
endloop
endfacet
facet normal 0 0 1
outer loop
vertex 82.50387573242188 20.264083862304688 -1
vertex 80.50712585449219 40.764400482177734 -1
vertex 80.50387573242188 20.264400482177734 -1
endloop
endfacet
facet normal 0.00015894571739325989 0.9999999873681293 0
outer loop
vertex 80.50387573242188 20.264400482177734 -0.5
vertex 82.00387573242188 20.264162063598633 -0.5
vertex 80.50387573242188 20.264400482177734 -1
endloop
endfacet
facet normal 0 0 1
outer loop
vertex 80.50712585449219 40.764400482177734 -1
vertex 82.50387573242188 20.264083862304688 -1
vertex 82.50701141357422 40.01408386230469 -1
endloop
endfacet
facet normal 0.9999999874321317 -0.00015854253802270214 0
outer loop
vertex 80.50387573242188 20.264400482177734 -0.5
vertex 80.50712585449219 40.764400482177734 -1
vertex 80.50712585449219 40.764400482177734 -0.5
endloop
endfacet
facet normal 0.0001583099345393649 0.9999999874671631 0.0000019073486089080107
outer loop
vertex 80.50387573242188 20.264400482177734 -1
vertex 82.00387573242188 20.264162063598633 -0.5
vertex 82.50387573242188 20.264083862304688 -1
endloop
endfacet
facet normal -0.00015768654924238395 -0.9999999875344131 0.000008131781169408279
outer loop
vertex 81.93443298339844 40.76417541503906 -0.5
vertex 80.50712585449219 40.764400482177734 -0.5
vertex 82.44086456298828 40.76409149169922 -1
endloop
endfacet
facet normal 0 0 1
outer loop
vertex 80.50712585449219 40.764400482177734 -1
vertex 82.50701141357422 40.01408386230469 -1
vertex 82.48918914794922 40.46345520019531 -1
endloop
endfacet
facet normal -0.00015978915518078022 -0.9999999872337129 0
outer loop
vertex 80.50712585449219 40.764400482177734 -1
vertex 82.44086456298828 40.76409149169922 -1
vertex 80.50712585449219 40.764400482177734 -0.5
endloop
endfacet
facet normal 0 0 1
outer loop
vertex 82.44086456298828 40.76409149169922 -1
vertex 80.50712585449219 40.764400482177734 -1
vertex 82.48918914794922 40.46345520019531 -1
endloop
endfacet
facet normal 0.5005292081794522 0.8657196496113722 -0.000006001156216256587
outer loop
vertex -81.42013549804688 47.82797622680664 -0.5042179822921753
vertex -80.1321792602539 47.08332443237305 -0.5
vertex -81.84969329833984 48.07632827758789 -1
endloop
endfacet
facet normal 0 0 1
outer loop
vertex -80.1321792602539 47.08332443237305 -1
vertex -71.9781723022461 65.1823501586914 -1
vertex -81.66354370117188 48.4304313659668 -1
endloop
endfacet
facet normal -0.8657198599661128 0.5005288443838719 0
outer loop
vertex -80.1321792602539 47.08332443237305 -1
vertex -80.1321792602539 47.08332443237305 -0.5
vertex -69.871337890625 64.83058166503906 -0.5
endloop
endfacet
facet normal 0 0 1
outer loop
vertex -80.1321792602539 47.08332443237305 -1
vertex -69.871337890625 64.83058166503906 -1
vertex -71.9781723022461 65.1823501586914 -1
endloop
endfacet
facet normal -0.8657198599661128 0.5005288443838719 0
outer loop
vertex -80.1321792602539 47.08332443237305 -1
vertex -69.871337890625 64.83058166503906 -0.5
vertex -69.871337890625 64.83058166503906 -1
endloop
endfacet
facet normal 0 0 1
outer loop
vertex -71.9781723022461 65.1823501586914 -1
vertex -69.871337890625 64.83058166503906 -1
vertex -71.50750732421875 65.77655792236328 -1
endloop
endfacet
facet normal 0.5005278988263813 0.8657204066535845 0
outer loop
vertex -81.84969329833984 48.07632827758789 -1
vertex -80.1321792602539 47.08332443237305 -0.5
vertex -80.1321792602539 47.08332443237305 -1
endloop
endfacet
facet normal -0.5005290446496327 -0.8657197441699932 0.000004045687508881737
outer loop
vertex -71.07000732421875 65.52361297607422 -0.5
vertex -71.50750732421875 65.77655792236328 -1
vertex -69.871337890625 64.83058166503906 -1
endloop
endfacet
facet normal -0.500530309439592 -0.865719012920651 0
outer loop
vertex -69.871337890625 64.83058166503906 -0.5
vertex -71.07000732421875 65.52361297607422 -0.5
vertex -69.871337890625 64.83058166503906 -1
endloop
endfacet
facet normal 0 0 1
outer loop
vertex -81.66354370117188 48.4304313659668 -1
vertex -81.84969329833984 48.07632827758789 -1
vertex -80.1321792602539 47.08332443237305 -1
endloop
endfacet
facet normal 0.00004069010413298168 -0.9999999991721578 0
outer loop
vertex -59.89381408691406 -47.33344268798828 -0.5
vertex -61.39381408691406 -47.33350372314453 -0.5
vertex -59.89381408691406 -47.33344268798828 -1
endloop
endfacet
facet normal -0.9999999991312827 -0.00004168254569549697 0
outer loop
vertex -59.89295959472656 -67.83344268798828 -1
vertex -59.89295959472656 -67.83344268798828 -0.5
vertex -59.89381408691406 -47.33344268798828 -0.5
endloop
endfacet
facet normal 0 0 1
outer loop
vertex -61.89381408691406 -47.333526611328125 -1
vertex -61.84934616088867 -67.79766082763672 -1
vertex -59.89295959472656 -67.83344268798828 -1
endloop
endfacet
facet normal 0 0 1
outer loop
vertex -61.84292984008789 -67.83352661132812 -1
vertex -59.89295959472656 -67.83344268798828 -1
vertex -61.84934616088867 -67.79766082763672 -1
endloop
endfacet
facet normal -0.000043038266848258385 0.9999999990738537 0
outer loop
vertex -59.89295959472656 -67.83344268798828 -1
vertex -61.84292984008789 -67.83352661132812 -1
vertex -59.89295959472656 -67.83344268798828 -0.5
endloop
endfacet
facet normal -0.0000423255788964837 0.99999999910041 -0.000002779440604833674
outer loop
vertex -61.334999084472656 -67.83350372314453 -0.5
vertex -59.89295959472656 -67.83344268798828 -0.5
vertex -61.84292984008789 -67.83352661132812 -1
endloop
endfacet
facet normal 0.00004196166988462702 -0.9999999991123332 0.0000038146972622388198
outer loop
vertex -61.89381408691406 -47.333526611328125 -1
vertex -59.89381408691406 -47.33344268798828 -1
vertex -61.39381408691406 -47.33350372314453 -0.5
endloop
endfacet
facet normal -0.9999999991312827 -0.00004168254569549697 0
outer loop
vertex -59.89295959472656 -67.83344268798828 -1
vertex -59.89381408691406 -47.33344268798828 -0.5
vertex -59.89381408691406 -47.33344268798828 -1
endloop
endfacet
facet normal 0 0 1
outer loop
vertex -61.89381408691406 -47.333526611328125 -1
vertex -59.89295959472656 -67.83344268798828 -1
vertex -59.89381408691406 -47.33344268798828 -1
endloop
endfacet
facet normal -0.0001589457173931314 -0.999999987367321 0.0000012715657391450514
outer loop
vertex 81.99691772460938 -23.5178165435791 -0.5
vertex 80.49691772460938 -23.517578125 -0.5
vertex 82.49691772460938 -23.51789665222168 -1
endloop
endfacet
facet normal -0.00015926360881999118 -0.9999999873175512 0
outer loop
vertex 80.49691772460938 -23.517578125 -1
vertex 82.49691772460938 -23.51789665222168 -1
vertex 80.49691772460938 -23.517578125 -0.5
endloop
endfacet
facet normal 0.9999999873730584 -0.00015891470359552742 0
outer loop
vertex 80.49365997314453 -44.017578125 -0.5
vertex 80.49691772460938 -23.517578125 -1
vertex 80.49691772460938 -23.517578125 -0.5
endloop
endfacet
facet normal 0 0 1
outer loop
vertex 82.49365997314453 -44.01789474487305 -1
vertex 82.49691772460938 -23.51789665222168 -1
vertex 80.49691772460938 -23.517578125 -1
endloop
endfacet
facet normal 0.9999999873730584 -0.00015891470359552742 0
outer loop
vertex 80.49365997314453 -44.017578125 -0.5
vertex 80.49365997314453 -44.017578125 -1
vertex 80.49691772460938 -23.517578125 -1
endloop
endfacet
facet normal 0 0 1
outer loop
vertex 80.49365997314453 -44.017578125 -1
vertex 82.49365997314453 -44.01789474487305 -1
vertex 80.49691772460938 -23.517578125 -1
endloop
endfacet
facet normal 0.00015767415168585385 0.9999999875694309 0
outer loop
vertex 80.49365997314453 -44.017578125 -0.5
vertex 81.99365997314453 -44.01781463623047 -0.5
vertex 80.49365997314453 -44.017578125 -1
endloop
endfacet
facet normal 0.0001583099345393649 0.9999999874671631 -0.0000019073486089080107
outer loop
vertex 81.99365997314453 -44.01781463623047 -0.5
vertex 82.49365997314453 -44.01789474487305 -1
vertex 80.49365997314453 -44.017578125 -1
endloop
endfacet
facet normal 0 0 1
outer loop
vertex 80.49706268310547 -22.590251922607422 -1
vertex 82.49706268310547 -22.5905704498291 -1
vertex 80.50032043457031 -2.090252161026001 -1
endloop
endfacet
facet normal 0.00015894571739325989 0.9999999873681293 0
outer loop
vertex 80.49706268310547 -22.590251922607422 -1
vertex 80.49706268310547 -22.590251922607422 -0.5
vertex 81.99706268310547 -22.590490341186523 -0.5
endloop
endfacet
facet normal 0.00015926360881991875 0.9999999873170965 -9.536743043108907e-7
outer loop
vertex 80.49706268310547 -22.590251922607422 -1
vertex 81.99706268310547 -22.590490341186523 -0.5
vertex 82.49706268310547 -22.5905704498291 -1
endloop
endfacet
facet normal 0.9999999873730581 -0.00015891470544373315 0
outer loop
vertex 80.49706268310547 -22.590251922607422 -0.5
vertex 80.49706268310547 -22.590251922607422 -1
vertex 80.50032043457031 -2.090252161026001 -1
endloop
endfacet
facet normal -0.0001589457173932579 -0.9999999873681168 -1.589457173932579e-7
outer loop
vertex 80.50032043457031 -2.090252161026001 -0.5
vertex 82.50032043457031 -2.0905699729919434 -1
vertex 82.00032043457031 -2.0904905796051025 -0.5
endloop
endfacet
facet normal 0 0 1
outer loop
vertex 82.49706268310547 -22.5905704498291 -1
vertex 82.50032043457031 -2.0905699729919434 -1
vertex 80.50032043457031 -2.090252161026001 -1
endloop
endfacet
facet normal 0.9999999873730581 -0.00015891470544373315 0
outer loop
vertex 80.49706268310547 -22.590251922607422 -0.5
vertex 80.50032043457031 -2.090252161026001 -1
vertex 80.50032043457031 -2.090252161026001 -0.5
endloop
endfacet
facet normal -0.0001589059809649151 -0.9999999873744444 0
outer loop
vertex 80.50032043457031 -2.090252161026001 -1
vertex 82.50032043457031 -2.0905699729919434 -1
vertex 80.50032043457031 -2.090252161026001 -0.5
endloop
endfacet
facet normal 0 0 1
outer loop
vertex 82.5004653930664 -1.163243293762207 -1
vertex 82.50372314453125 19.336755752563477 -1
vertex 80.50372314453125 19.337074279785156 -1
endloop
endfacet
facet normal -0.00015926360881999118 -0.9999999873175512 0
outer loop
vertex 80.50372314453125 19.337074279785156 -1
vertex 82.50372314453125 19.336755752563477 -1
vertex 80.50372314453125 19.337074279785156 -0.5
endloop
endfacet
facet normal 0.00015878737740563533 0.9999999873932843 6.05725774405042e-10
outer loop
vertex 80.50047302246094 -1.1629257202148438 -1
vertex 82.0004653930664 -1.1631639003753662 -0.5
vertex 82.5004653930664 -1.163243293762207 -1
endloop
endfacet
facet normal 0.9999999874321317 -0.00015854253802270214 0
outer loop
vertex 80.50047302246094 -1.1629257202148438 -0.5
vertex 80.50047302246094 -1.1629257202148438 -1
vertex 80.50372314453125 19.337074279785156 -1
endloop
endfacet
facet normal 0.00015878757931524865 0.9999999873932522 0
outer loop
vertex 80.50047302246094 -1.1629257202148438 -0.5
vertex 82.0004653930664 -1.1631639003753662 -0.5
vertex 80.50047302246094 -1.1629257202148438 -1
endloop
endfacet
facet normal 0 0 1
outer loop
vertex 80.50047302246094 -1.1629257202148438 -1
vertex 82.5004653930664 -1.163243293762207 -1
vertex 80.50372314453125 19.337074279785156 -1
endloop
endfacet
facet normal 0.9999999874321317 -0.00015854253802270214 0
outer loop
vertex 80.50047302246094 -1.1629257202148438 -0.5
vertex 80.50372314453125 19.337074279785156 -1
vertex 80.50372314453125 19.337074279785156 -0.5
endloop
endfacet
facet normal -0.0001589457173931314 -0.999999987367321 0.0000012715657391450514
outer loop
vertex 80.50372314453125 19.337074279785156 -0.5
vertex 82.50372314453125 19.336755752563477 -1
vertex 82.00372314453125 19.336835861206055 -0.5
endloop
endfacet
facet normal 0 0 1
outer loop
vertex -61.89616775512695 9.095341682434082 -1
vertex -59.89616775512695 9.095425605773926 -1
vertex -61.89699172973633 28.8453426361084 -1
endloop
endfacet
facet normal -0.00004196166988493233 0.9999999991196091 0
outer loop
vertex -61.39616775512695 9.095362663269043 -0.5
vertex -59.89616775512695 9.095425605773926 -0.5
vertex -61.89616775512695 9.095341682434082 -1
endloop
endfacet
facet normal -0.00004196166988493233 0.9999999991196091 0
outer loop
vertex -61.89616775512695 9.095341682434082 -1
vertex -59.89616775512695 9.095425605773926 -0.5
vertex -59.89616775512695 9.095425605773926 -1
endloop
endfacet
facet normal 0.000041121609488526755 -0.9999999991545065 0
outer loop
vertex -59.89702224731445 29.59542465209961 -0.5
vertex -61.52043151855469 29.59535789489746 -0.5
vertex -59.89702224731445 29.59542465209961 -1
endloop
endfacet
facet normal 0.013782149210679053 -0.9989091924513916 0.04461476884668848
outer loop
vertex -61.52043151855469 29.59535789489746 -0.5
vertex -62.032718658447266 29.56595802307129 -1
vertex -59.89702224731445 29.59542465209961 -1
endloop
endfacet
facet normal 0 0 1
outer loop
vertex -59.89702224731445 29.59542465209961 -1
vertex -62.032718658447266 29.56595802307129 -1
vertex -61.95676803588867 29.305784225463867 -1
endloop
endfacet
facet normal 0 0 1
outer loop
vertex -59.89702224731445 29.59542465209961 -1
vertex -61.95676803588867 29.305784225463867 -1
vertex -61.89699172973633 28.8453426361084 -1
endloop
endfacet
facet normal -0.9999999991312826 -0.00004168254763459819 0
outer loop
vertex -59.89616775512695 9.095425605773926 -1
vertex -59.89702224731445 29.59542465209961 -0.5
vertex -59.89702224731445 29.59542465209961 -1
endloop
endfacet
facet normal 0 0 1
outer loop
vertex -59.89702224731445 29.59542465209961 -1
vertex -61.89699172973633 28.8453426361084 -1
vertex -59.89616775512695 9.095425605773926 -1
endloop
endfacet
facet normal -0.9999999991312826 -0.00004168254763459819 0
outer loop
vertex -59.89616775512695 9.095425605773926 -1
vertex -59.89616775512695 9.095425605773926 -0.5
vertex -59.89702224731445 29.59542465209961 -0.5
endloop
endfacet
facet normal 0 0 1
outer loop
vertex -61.89595413208008 3.952385663986206 -1
vertex -59.89509963989258 -16.547531127929688 -1
vertex -59.89595413208008 3.9524691104888916 -1
endloop
endfacet
facet normal -0.9999999991312827 -0.00004168254521072169 0
outer loop
vertex -59.89595413208008 3.9524691104888916 -0.5
vertex -59.89595413208008 3.9524691104888916 -1
vertex -59.89509963989258 -16.547531127929688 -1
endloop
endfacet
facet normal 0.00004164377844696351 -0.9999999991328979 0
outer loop
vertex -59.89595413208008 3.9524691104888916 -0.5
vertex -61.39595413208008 3.952406644821167 -0.5
vertex -59.89595413208008 3.9524691104888916 -1
endloop
endfacet
facet normal -0.00004196166988493233 0.9999999991196091 0
outer loop
vertex -59.89509963989258 -16.547531127929688 -1
vertex -61.89509963989258 -16.54761505126953 -1
vertex -59.89509963989258 -16.547531127929688 -0.5
endloop
endfacet
facet normal -0.00004196166988493233 0.9999999991196091 0
outer loop
vertex -61.39509963989258 -16.54759407043457 -0.5
vertex -59.89509963989258 -16.547531127929688 -0.5
vertex -61.89509963989258 -16.54761505126953 -1
endloop
endfacet
facet normal 0 0 1
outer loop
vertex -61.89509963989258 -16.54761505126953 -1
vertex -59.89509963989258 -16.547531127929688 -1
vertex -61.89595413208008 3.952385663986206 -1
endloop
endfacet
facet normal -0.9999999991312827 -0.00004168254521072169 0
outer loop
vertex -59.89509963989258 -16.547531127929688 -1
vertex -59.89509963989258 -16.547531127929688 -0.5
vertex -59.89595413208008 3.9524691104888916 -0.5
endloop
endfacet
facet normal 0.000041723251306455714 -0.9999999991295567 2.3841857889403265e-7
outer loop
vertex -61.39595413208008 3.952406644821167 -0.5
vertex -61.89595413208008 3.952385663986206 -1
vertex -59.89595413208008 3.9524691104888916 -1
endloop
endfacet
facet normal -0.00004196166988493233 0.9999999991196091 0
outer loop
vertex -59.89402770996094 -42.190486907958984 -1
vertex -61.89402770996094 -42.19057083129883 -1
vertex -59.89402770996094 -42.190486907958984 -0.5
endloop
endfacet
facet normal 0.00004196166988493233 -0.9999999991196091 0
outer loop
vertex -59.89488220214844 -21.690486907958984 -1
vertex -59.89488220214844 -21.690486907958984 -0.5
vertex -61.39488220214844 -21.690549850463867 -0.5
endloop
endfacet
facet normal 0.00004196166988493233 -0.9999999991196091 0
outer loop
vertex -61.89488220214844 -21.690570831298828 -1
vertex -59.89488220214844 -21.690486907958984 -1
vertex -61.39488220214844 -21.690549850463867 -0.5
endloop
endfacet
facet normal -0.9999999991312827 -0.00004168254569549697 0
outer loop
vertex -59.89488220214844 -21.690486907958984 -0.5
vertex -59.89488220214844 -21.690486907958984 -1
vertex -59.89402770996094 -42.190486907958984 -1
endloop
endfacet
facet normal 0 0 1
outer loop
vertex -61.89488220214844 -21.690570831298828 -1
vertex -59.89402770996094 -42.190486907958984 -1
vertex -59.89488220214844 -21.690486907958984 -1
endloop
endfacet
facet normal -0.9999999991312827 -0.00004168254569549697 0
outer loop
vertex -59.89402770996094 -42.190486907958984 -1
vertex -59.89402770996094 -42.190486907958984 -0.5
vertex -59.89488220214844 -21.690486907958984 -0.5
endloop
endfacet
facet normal -0.00004069010413245535 0.9999999991592227 -0.000005086263016556919
outer loop
vertex -59.89402770996094 -42.190486907958984 -0.5
vertex -61.89402770996094 -42.19057083129883 -1
vertex -61.39402770996094 -42.190547943115234 -0.5
endloop
endfacet
facet normal 0 0 1
outer loop
vertex -61.89402770996094 -42.19057083129883 -1
vertex -59.89402770996094 -42.190486907958984 -1
vertex -61.89488220214844 -21.690570831298828 -1
endloop
endfacet
endsolid auto-kdk-case
