solid auto-kdk-case
facet normal 0.47236780140606555 -0.8814015317633613 0
outer loop
vertex -47.824153900146484 26.6637020111084 5.300000190734863
vertex -48.05997085571289 26.537321090698242 10.5
vertex -48.05997085571289 26.537321090698242 5.300000190734863
endloop
endfacet
facet normal 0.31396774995092036 0.9494336480190473 0
outer loop
vertex -48.04084014892578 30.19672203063965 5.300000190734863
vertex -56.20293045043945 32.89583969116211 5.300000190734863
vertex -48.04084014892578 30.19672203063965 10.5
endloop
endfacet
facet normal 0.2611075441475345 0.9653097173390741 0
outer loop
vertex -0.9996775984764099 41.52830123901367 9.5
vertex -1.408745288848877 41.63895034790039 -3.700000047683716
vertex -1.408745288848877 41.63895034790039 9.5
endloop
endfacet
facet normal 0.6891581720703406 -0.7246109396556658 0
outer loop
vertex -47.630287170410156 26.84808349609375 5.300000190734863
vertex -47.824153900146484 26.6637020111084 10.5
vertex -47.824153900146484 26.6637020111084 5.300000190734863
endloop
endfacet
facet normal 0 0 1
outer loop
vertex 80.22727966308594 46.51740264892578 11.5
vertex 77.31352996826172 41.10723114013672 11.5
vertex 81.3906021118164 45.75577163696289 11.5
endloop
endfacet
facet normal 0.8566135443263118 -0.5159585600382204 0
outer loop
vertex -47.492244720458984 27.077266693115234 5.300000190734863
vertex -47.630287170410156 26.84808349609375 10.5
vertex -47.630287170410156 26.84808349609375 5.300000190734863
endloop
endfacet
facet normal 0 0 1
outer loop
vertex 78.9411849975586 47.04595184326172 11.5
vertex 77.583740234375 47.321380615234375 11.5
vertex 77.23454284667969 41.144065856933594 11.5
endloop
endfacet
facet normal 0.9627590952182947 -0.2703607304592338 0
outer loop
vertex -47.4199104309082 27.334850311279297 5.300000190734863
vertex -47.492244720458984 27.077266693115234 10.5
vertex -47.492244720458984 27.077266693115234 5.300000190734863
endloop
endfacet
facet normal 0.997904582161367 -0.0647027426107057 0
outer loop
vertex -47.41023635864258 27.484052658081055 5.300000190734863
vertex -47.4199104309082 27.334850311279297 10.5
vertex -47.4199104309082 27.334850311279297 5.300000190734863
endloop
endfacet
facet normal 0 0 -1
outer loop
vertex -59.560646057128906 -73.62525177001953 -5.699999809265137
vertex -58.907188415527344 -72.45091247558594 -5.699999809265137
vertex -58.83182144165039 -73.9525375366211 -5.699999809265137
endloop
endfacet
facet normal 0.9999258575540914 0.012177002698315068 0
outer loop
vertex -47.43325424194336 29.374187469482422 5.300000190734863
vertex -47.41023635864258 27.484052658081055 10.5
vertex -47.41023635864258 27.484052658081055 5.300000190734863
endloop
endfacet
facet normal 0 0 -1
outer loop
vertex -61.47581100463867 -72.19989776611328 -5.699999809265137
vertex -60.48012924194336 -71.29729461669922 -5.699999809265137
vertex -60.89051818847656 -72.74371337890625 -5.699999809265137
endloop
endfacet
facet normal 0.717635181146941 0.6964192320579589 0
outer loop
vertex -47.810279846191406 30.060993194580078 5.300000190734863
vertex -47.62395477294922 29.86899185180664 10.5
vertex -47.62395477294922 29.86899185180664 5.300000190734863
endloop
endfacet
facet normal 0 0 -1
outer loop
vertex -59.998802185058594 -71.73826599121094 -5.699999809265137
vertex -60.89051818847656 -72.74371337890625 -5.699999809265137
vertex -60.48012924194336 -71.29729461669922 -5.699999809265137
endloop
endfacet
facet normal 0.9728190638779121 0.23156655405239956 0
outer loop
vertex -47.495208740234375 29.63446044921875 5.300000190734863
vertex -47.43325424194336 29.374187469482422 10.5
vertex -47.43325424194336 29.374187469482422 5.300000190734863
endloop
endfacet
facet normal 0 0 -1
outer loop
vertex -59.472412109375 -72.12432861328125 -5.699999809265137
vertex -60.24959945678711 -73.22071075439453 -5.699999809265137
vertex -59.998802185058594 -71.73826599121094 -5.699999809265137
endloop
endfacet
facet normal 0.8766042605012854 0.48121198080575106 0
outer loop
vertex -47.495208740234375 29.63446044921875 5.300000190734863
vertex -47.62395477294922 29.86899185180664 5.300000190734863
vertex -47.495208740234375 29.63446044921875 10.5
endloop
endfacet
facet normal 0 0 -1
outer loop
vertex -58.907188415527344 -72.45091247558594 -5.699999809265137
vertex -58.30982971191406 -72.71414947509766 -5.699999809265137
vertex -58.83182144165039 -73.9525375366211 -5.699999809265137
endloop
endfacet
facet normal 0.5073120229773839 0.8617624448434699 0
outer loop
vertex -47.810279846191406 30.060993194580078 5.300000190734863
vertex -48.04084014892578 30.19672203063965 5.300000190734863
vertex -47.810279846191406 30.060993194580078 10.5
endloop
endfacet
facet normal 0 0 1
outer loop
vertex 83.75719451904297 42.38145446777344 11.5
vertex 77.99288940429688 40.13514709472656 11.5
vertex 84.08061981201172 41.01335906982422 11.5
endloop
endfacet
facet normal 0.9587138415068369 0.2843725902811377 0
outer loop
vertex -2.8816797733306885 43.07670211791992 9.5
vertex -3.002187967300415 43.482975006103516 -3.700000047683716
vertex -3.002187967300415 43.482975006103516 9.5
endloop
endfacet
facet normal 0 0 1
outer loop
vertex -57.34207534790039 38.31353759765625 11.5
vertex -57.47179412841797 38.286231994628906 11.5
vertex -57.07279968261719 38.258670806884766 11.5
endloop
endfacet
facet normal 0 0 1
outer loop
vertex -18.450929641723633 -60.87623977661133 11.5
vertex -0.4152586758136749 -61.294639587402344 11.5
vertex -0.46718811988830566 -61.17267608642578 11.5
endloop
endfacet
facet normal 0 0 1
outer loop
vertex -77.9297103881836 45.512359619140625 11.5
vertex -77.92211151123047 45.599185943603516 11.5
vertex -84.07113647460938 45.622066497802734 11.5
endloop
endfacet
facet normal 0 0 1
outer loop
vertex 0.2091154158115387 -63.11656951904297 11.5
vertex 1.065205454826355 -74.43975830078125 11.5
vertex 0.30048808455467224 -63.18425369262695 11.5
endloop
endfacet
facet normal 0 0 -1
outer loop
vertex -9.54993724822998 48.732398986816406 -5.699999809265137
vertex -10.505873680114746 48.97817611694336 -5.699999809265137
vertex -9.978938102722168 50.240234375 -5.699999809265137
endloop
endfacet
facet normal 0.47237373773028246 -0.8813983502949856 0
outer loop
vertex 37.45722579956055 36.03731918334961 10.5
vertex 37.45722579956055 36.03731918334961 5.300000190734863
vertex 37.69303894042969 36.163700103759766 10.5
endloop
endfacet
facet normal -0.7306543757081544 0.6827475252664523 -0.000001030686551502863
outer loop
vertex 77.45723724365234 -55.2325325012207 10.5
vertex 77.10696411132812 -55.607391357421875 5.300000190734863
vertex 77.22254180908203 -55.48369598388672 10.5
endloop
endfacet
facet normal 0 0 1
outer loop
vertex -45.24680709838867 57.735923767089844 11.5
vertex -31.251680374145508 46.676177978515625 11.5
vertex -28.56211280822754 52.287620544433594 11.5
endloop
endfacet
facet normal 0.6355355049403859 -0.7720716430229573 0
outer loop
vertex 82.75788879394531 -69.46833801269531 9.5
vertex 83.4491958618164 -68.89928436279297 -3.700000047683716
vertex 83.4491958618164 -68.89928436279297 9.5
endloop
endfacet
facet normal 0 0 1
outer loop
vertex 18.376678466796875 -63.38134002685547 11.5
vertex 9.71503734588623 -69.7003173828125 11.5
vertex 18.490331649780273 -63.474613189697266 11.5
endloop
endfacet
facet normal 0 0 1
outer loop
vertex -37.45119094848633 -58.50109100341797 11.5
vertex -56.48637771606445 -74.43769836425781 11.5
vertex -19.164640426635742 -60.39011001586914 11.5
endloop
endfacet
facet normal 0 0 1
outer loop
vertex -63.515953063964844 68.36212921142578 11.5
vertex -66.67710876464844 63.089054107666016 11.5
vertex -49.9912109375 53.40804672241211 11.5
endloop
endfacet
facet normal 0 0 1
outer loop
vertex 32.17567443847656 43.53555679321289 11.5
vertex 37.65685272216797 40.28914260864258 11.5
vertex 37.68693161010742 40.45152282714844 11.5
endloop
endfacet
facet normal 0 0 1
outer loop
vertex -3.6288259029388428 42.01841354370117 11.5
vertex -10.632444381713867 34.71678161621094 11.5
vertex -3.379927158355713 41.67544174194336 11.5
endloop
endfacet
facet normal -0.8593196811214219 0.5114388386086627 0
outer loop
vertex -59.82833480834961 35.53608703613281 5.300000190734863
vertex -59.82833480834961 35.53608703613281 10.5
vertex -58.98038101196289 36.960819244384766 10.5
endloop
endfacet
facet normal -0.0002298997264905179 0.9999999735730575 0
outer loop
vertex 21.417678833007812 -60.43000793457031 5.300000190734863
vertex 38.807010650634766 -60.42601013183594 10.5
vertex 38.807010650634766 -60.42601013183594 5.300000190734863
endloop
endfacet
facet normal 0 0 -1
outer loop
vertex -64.42304229736328 29.737041473388672 -5.699999809265137
vertex -64.55158233642578 29.88429832458496 -5.699999809265137
vertex -63.3908576965332 30.933902740478516 -5.699999809265137
endloop
endfacet
facet normal 0.856607295198352 -0.5159689349301598 0
outer loop
vertex -47.55714797973633 26.969514846801758 10.5
vertex -47.492244720458984 27.077266693115234 5.300000190734863
vertex -47.492244720458984 27.077266693115234 10.5
endloop
endfacet
facet normal 0 0 -1
outer loop
vertex 79.61038970947266 -69.6296615600586 -5.699999809265137
vertex 80.39134979248047 -68.02320098876953 -5.699999809265137
vertex 80.72696685791016 -69.3313980102539 -5.699999809265137
endloop
endfacet
facet normal 0 0 1
outer loop
vertex -48.236663818359375 27.009902954101562 11.5
vertex -48.11982727050781 27.072519302368164 11.5
vertex -56.35991668701172 32.421119689941406 11.5
endloop
endfacet
facet normal -0.3061346862606542 0.9519882109921798 0
outer loop
vertex 13.5425443649292 41.46272277832031 -3.700000047683716
vertex 13.5425443649292 41.46272277832031 9.5
vertex 13.809713363647461 41.54863739013672 9.5
endloop
endfacet
facet normal 0.6957154858125278 0.7183174526631906 3.214136271852407e-7
outer loop
vertex 82.9671859741211 45.8363037109375 -3.700000047683716
vertex 82.11502075195312 46.66165542602539 -3.700000047683716
vertex 83.27167510986328 45.54138946533203 9.5
endloop
endfacet
facet normal 0.9999863083990423 0.005232878219032245 0
outer loop
vertex -18.896989822387695 -58.96167755126953 5.300000190734863
vertex -18.892990112304688 -59.726009368896484 10.5
vertex -18.892990112304688 -59.726009368896484 5.300000190734863
endloop
endfacet
facet normal 0.10714654518848449 0.9942432387771978 0
outer loop
vertex -27.911563873291016 53.334163665771484 9.5
vertex -20.059123992919922 52.48793029785156 9.5
vertex -27.911563873291016 53.334163665771484 -3.700000047683716
endloop
endfacet
facet normal 0.9748164037138867 0.22300892145904086 0
outer loop
vertex 0.10700899362564087 -62.101009368896484 10.5
vertex 0.14202214777469635 -62.254058837890625 10.5
vertex 0.10700899362564087 -62.101009368896484 5.300000190734863
endloop
endfacet
facet normal 0 0 -1
outer loop
vertex 84.08061981201172 41.01335906982422 -5.699999809265137
vertex 82.63207244873047 41.4605598449707 -5.699999809265137
vertex 82.34803771972656 42.32323455810547 -5.699999809265137
endloop
endfacet
facet normal -0.1422010486790473 0.9898377956789585 0
outer loop
vertex 38.39085388183594 48.51322555541992 -3.700000047683716
vertex 36.81798553466797 48.28726577758789 -3.700000047683716
vertex 38.39085388183594 48.51322555541992 9.5
endloop
endfacet
facet normal -0.8566166952029542 0.5159533287997754 0
outer loop
vertex 20.58907127380371 -61.0292854309082 5.300000190734863
vertex 20.72711181640625 -60.80010223388672 10.5
vertex 20.72711181640625 -60.80010223388672 5.300000190734863
endloop
endfacet
facet normal 0.9751013984742553 0.22175947035807136 -2.4295430061314483e-7
outer loop
vertex -18.896989822387695 -58.96167755126953 10.5
vertex -18.956321716308594 -58.7007942199707 5.300000190734863
vertex -18.929227828979492 -58.819923400878906 10.5
endloop
endfacet
facet normal 0.000057823802327992806 -0.99999999799521 -0.000025806744223865948
outer loop
vertex 17.481033325195312 -70.85456085205078 -3.564180612564087
vertex 17.684301376342773 -70.85454559326172 -3.700000047683716
vertex 78.77349853515625 -70.85101318359375 -3.700000047683716
endloop
endfacet
facet normal 0 0 -1
outer loop
vertex 32.73590087890625 41.85999298095703 -5.699999809265137
vertex 31.628816604614258 43.14258575439453 -5.699999809265137
vertex 31.793447494506836 43.24739074707031 -5.699999809265137
endloop
endfacet
facet normal 0.5676101536244428 0.8232974635588504 0
outer loop
vertex -1.7932472229003906 41.81710433959961 -3.700000047683716
vertex -2.1421353816986084 42.057640075683594 -3.700000047683716
vertex -1.7932472229003906 41.81710433959961 9.5
endloop
endfacet
facet normal 0 0 1
outer loop
vertex -28.392974853515625 52.24345397949219 11.5
vertex -30.26807975769043 46.2398796081543 11.5
vertex -28.100189208984375 52.19497299194336 11.5
endloop
endfacet
facet normal 0 0 1
outer loop
vertex 20.21846580505371 -63.21979904174805 11.5
vertex 19.91816520690918 -63.286895751953125 11.5
vertex 38.807125091552734 -60.92601013183594 11.5
endloop
endfacet
facet normal 0.9627590952182947 -0.2703607304592338 0
outer loop
vertex 38.09728240966797 36.8348503112793 5.300000190734863
vertex 38.02494812011719 36.577266693115234 10.5
vertex 38.02494812011719 36.577266693115234 5.300000190734863
endloop
endfacet
facet normal 0 0 1
outer loop
vertex -57.31306838989258 26.201520919799805 11.5
vertex -63.542293548583984 27.503992080688477 11.5
vertex -57.34321975708008 26.030838012695312 11.5
endloop
endfacet
facet normal -0.5063545796991357 -0.8623253676060834 -8.629343572660593e-7
outer loop
vertex -60.5192756652832 -74.40140533447266 -3.700000047683716
vertex -60.091068267822266 -74.65284729003906 -3.700000047683716
vertex -60.88853073120117 -74.1845932006836 9.5
endloop
endfacet
facet normal -0.6891374106175513 0.7246306847531895 -0.0000012083581238560337
outer loop
vertex 39.92097854614258 -55.86572265625 10.5
vertex 39.72711181640625 -56.05010223388672 5.300000190734863
vertex 39.8333625793457 -55.94904708862305 10.5
endloop
endfacet
facet normal -0.8205987883937294 0.5715047055683299 0
outer loop
vertex -58.07547378540039 38.45783996582031 5.300000190734863
vertex -58.17122268676758 38.32035827636719 5.300000190734863
vertex -58.07547378540039 38.45783996582031 10.5
endloop
endfacet
facet normal 0 0 1
outer loop
vertex -38.82354736328125 -51.43550491333008 11.5
vertex -56.45119094848633 -51.37609100341797 11.5
vertex -38.69643020629883 -51.4712028503418 11.5
endloop
endfacet
facet normal -0.22300118653414355 0.9748181732017331 0
outer loop
vertex 77.10696411132812 -55.607391357421875 5.300000190734863
vertex 76.8070068359375 -55.67601013183594 5.300000190734863
vertex 77.10696411132812 -55.607391357421875 10.5
endloop
endfacet
facet normal -0.6891619658928435 0.7246073314331779 0
outer loop
vertex 20.72711181640625 -60.80010223388672 5.300000190734863
vertex 20.72711181640625 -60.80010223388672 10.5
vertex 20.833364486694336 -60.69904708862305 10.5
endloop
endfacet
facet normal 0 0 -1
outer loop
vertex -63.515953063964844 68.36212921142578 -5.699999809265137
vertex -64.64014434814453 67.43646240234375 -5.699999809265137
vertex -64.45211791992188 68.8199691772461 -5.699999809265137
endloop
endfacet
facet normal 0 0 -1
outer loop
vertex 2.4331676959991455 -74.26078796386719 -5.699999809265137
vertex 2.803140163421631 -72.7582015991211 -5.699999809265137
vertex 3.2014834880828857 -74.04170989990234 -5.699999809265137
endloop
endfacet
facet normal 0 0 -1
outer loop
vertex -46.13934326171875 56.61658477783203 -5.699999809265137
vertex -46.50979232788086 56.80990219116211 -5.699999809265137
vertex -45.78550338745117 57.997493743896484 -5.699999809265137
endloop
endfacet
facet normal 0.9200745265932749 0.39174336690512207 1.3182864744236387e-9
outer loop
vertex 0.07121855020523071 -61.16086959838867 5.300000190734863
vertex -0.0335908867418766 -60.91470718383789 5.300000190734863
vertex 0.07121854275465012 -61.16086959838867 10.5
endloop
endfacet
facet normal 0.3061366806335796 -0.951987569651334 0
outer loop
vertex 9.05124568939209 -70.9933090209961 9.5
vertex 9.295565605163574 -70.91474151611328 -3.450000047683716
vertex 9.295565605163574 -70.91474151611328 9.5
endloop
endfacet
facet normal -0.9578235234446487 0.28735709132728643 0
outer loop
vertex -84.60479736328125 48.77423095703125 -3.700000047683716
vertex -84.86698150634766 47.90031433105469 -3.700000047683716
vertex -84.60479736328125 48.77423095703125 9.5
endloop
endfacet
facet normal 0 0 1
outer loop
vertex 0.5491961240768433 -63.25112533569336 11.5
vertex 1.636838674545288 -74.3965835571289 11.5
vertex 3.2014834880828857 -74.04170989990234 11.5
endloop
endfacet
facet normal -0.27421308954726203 0.9616689563050864 1.7614413632286395e-7
outer loop
vertex -69.6492919921875 70.13502502441406 -3.700000047683716
vertex -70.32646942138672 69.94193267822266 -3.700000047683716
vertex -68.77796173095703 70.38347625732422 9.5
endloop
endfacet
facet normal 0.3770746447997723 -0.9261828719260174 6.686975676919064e-9
outer loop
vertex 3.578622579574585 -75.13489532470703 9.5
vertex 4.129715919494629 -74.91053009033203 -3.700000047683716
vertex 4.33298397064209 -74.82777404785156 -3.564180612564087
endloop
endfacet
facet normal 0.9750957239697005 0.22178442031732798 7.158649832039854e-7
outer loop
vertex -37.89698791503906 -51.83667755126953 10.5
vertex -37.956321716308594 -51.5757942199707 5.300000190734863
vertex -37.929229736328125 -51.694923400878906 10.5
endloop
endfacet
facet normal -0.682743737107513 -0.7306579154710257 5.199148689313183e-8
outer loop
vertex 77.06352996826172 40.67422103881836 10.5
vertex 77.43839263916016 40.32394027709961 5.300000190734863
vertex 77.3145980834961 40.43961715698242 10.5
endloop
endfacet
facet normal 0 0 -1
outer loop
vertex -2.4461896419525146 40.87003707885742 -5.699999809265137
vertex -4.516117095947266 39.64999771118164 -5.699999809265137
vertex -2.7950778007507324 41.110572814941406 -5.699999809265137
endloop
endfacet
facet normal 0 0 1
outer loop
vertex -1.1335128545761108 40.38530731201172 11.5
vertex 0.8661155700683594 34.098995208740234 11.5
vertex -0.8220458626747131 40.348838806152344 11.5
endloop
endfacet
facet normal 0.0033622642691930925 0.9999943475735171 0
outer loop
vertex -38.753849029541016 -50.93573760986328 5.300000190734863
vertex -56.44951248168945 -50.87623977661133 5.300000190734863
vertex -38.753849029541016 -50.93573760986328 10.5
endloop
endfacet
facet normal 0 0 1
outer loop
vertex -59.4453125 35.214691162109375 11.5
vertex -56.91594696044922 33.81950378417969 11.5
vertex -55.855552673339844 37.09989929199219 11.5
endloop
endfacet
facet normal 0.92006773434953 0.3917593192368529 0
outer loop
vertex -0.007834754884243011 -60.975196838378906 10.5
vertex -0.0335908867418766 -60.91470718383789 5.300000190734863
vertex -0.0335908867418766 -60.91470718383789 10.5
endloop
endfacet
facet normal 0 0 -1
outer loop
vertex 37.00513458251953 45.746604919433594 -5.699999809265137
vertex 37.090171813964844 47.159812927246094 -5.699999809265137
vertex 37.96788787841797 45.964141845703125 -5.699999809265137
endloop
endfacet
facet normal 0.19885183639168175 0.9800295644334696 0
outer loop
vertex 79.27848052978516 48.15574264526367 9.5
vertex 77.78434753417969 48.45890808105469 -3.700000047683716
vertex 77.78434753417969 48.45890808105469 9.5
endloop
endfacet
facet normal 0 0 1
outer loop
vertex -3.9173431396484375 42.56608200073242 11.5
vertex -10.73998737335205 34.732933044433594 11.5
vertex -10.632444381713867 34.71678161621094 11.5
endloop
endfacet
facet normal 0.22300691614197826 -0.9748168624683115 -5.309147534802263e-7
outer loop
vertex 38.507057189941406 40.65536880493164 10.5
vertex 38.807010650634766 40.72399139404297 5.300000190734863
vertex 38.65398025512695 40.68898010253906 10.5
endloop
endfacet
facet normal 0.6322598773599062 0.7747563794386183 0
outer loop
vertex -5.540786266326904 49.10991668701172 9.5
vertex -5.540786266326904 49.10991668701172 -3.700000047683716
vertex -6.7883195877075195 50.12799835205078 -3.700000047683716
endloop
endfacet
facet normal 0 0 1
outer loop
vertex -71.14543914794922 68.2349853515625 11.5
vertex -72.24623107910156 67.38548278808594 11.5
vertex -68.00304412841797 62.944915771484375 11.5
endloop
endfacet
facet normal 0 0 -1
outer loop
vertex 15.167694091796875 39.25116729736328 -5.699999809265137
vertex 14.478548049926758 40.57157897949219 -5.699999809265137
vertex 15.514007568359375 39.48499298095703 -5.699999809265137
endloop
endfacet
facet normal 0 0 1
outer loop
vertex 14.854262351989746 40.76758575439453 11.5
vertex 14.478548049926758 40.57157897949219 11.5
vertex 19.14291000366211 36.24563980102539 11.5
endloop
endfacet
facet normal 0 0 1
outer loop
vertex 20.428354263305664 -63.115413665771484 11.5
vertex 20.35696029663086 -63.165401458740234 11.5
vertex 38.807125091552734 -60.92601013183594 11.5
endloop
endfacet
facet normal 0 0 -1
outer loop
vertex 81.74011993408203 -68.81053161621094 -5.699999809265137
vertex 81.57657623291016 -67.23568725585938 -5.699999809265137
vertex 82.61966705322266 -68.08653259277344 -5.699999809265137
endloop
endfacet
facet normal 0 0 1
outer loop
vertex 77.42835235595703 -55.990413665771484 11.5
vertex 84.09339141845703 -65.07728576660156 11.5
vertex 77.47110748291016 -55.94765853881836 11.5
endloop
endfacet
facet normal 0.9959858305944201 -0.08951103426239596 -6.475627586403027e-7
outer loop
vertex -56.46892547607422 33.35993957519531 10.5
vertex -56.441429138183594 33.66592788696289 5.300000190734863
vertex -56.452880859375 33.53846740722656 10.5
endloop
endfacet
facet normal 0.8765837005241076 0.4812494321769426 0.0000021981804861547416
outer loop
vertex -47.495208740234375 29.63446044921875 10.5
vertex -47.62395477294922 29.86899185180664 5.300000190734863
vertex -47.52174758911133 29.68280029296875 10.5
endloop
endfacet
facet normal 0 0 -1
outer loop
vertex -62.19668960571289 28.829851150512695 -5.699999809265137
vertex -63.66031265258789 28.27606773376465 -5.699999809265137
vertex -63.78719711303711 28.680404663085938 -5.699999809265137
endloop
endfacet
facet normal 0 0 1
outer loop
vertex -60.3089714050293 34.88288497924805 11.5
vertex -56.85708999633789 26.74563980102539 11.5
vertex -60.218360900878906 34.874271392822266 11.5
endloop
endfacet
facet normal 0 0 -1
outer loop
vertex -60.91069412231445 -70.80663299560547 -5.699999809265137
vertex -61.99855041503906 -71.59571075439453 -5.699999809265137
vertex -61.285396575927734 -70.27208709716797 -5.699999809265137
endloop
endfacet
facet normal 0 0 1
outer loop
vertex -56.35991668701172 32.421119689941406 11.5
vertex -56.6639518737793 26.87521743774414 11.5
vertex -56.60409927368164 26.891254425048828 11.5
endloop
endfacet
facet normal -0.8866018594759973 -0.46253339638744345 0
outer loop
vertex -65.08246612548828 28.702617645263672 9.5
vertex -65.08246612548828 28.702617645263672 -3.700000047683716
vertex -64.88645935058594 28.326904296875 -3.700000047683716
endloop
endfacet
facet normal -0.47236780140606555 0.8814015317633613 0
outer loop
vertex 40.156795501708984 -55.739341735839844 10.5
vertex 39.92097854614258 -55.86572265625 5.300000190734863
vertex 39.92097854614258 -55.86572265625 10.5
endloop
endfacet
facet normal 0 0 1
outer loop
vertex -47.96598815917969 29.453018188476562 11.5
vertex -56.35991668701172 32.421119689941406 11.5
vertex -47.93254089355469 29.312496185302734 11.5
endloop
endfacet
facet normal -0.0548866750741055 0.9984925903076645 0
outer loop
vertex 19.818981170654297 43.773990631103516 9.5
vertex 18.876367568969727 43.72217559814453 -3.700000047683716
vertex 18.876367568969727 43.72217559814453 9.5
endloop
endfacet
facet normal 0 0 -1
outer loop
vertex 79.61038970947266 -69.6296615600586 -5.699999809265137
vertex 79.72046661376953 -68.2442626953125 -5.699999809265137
vertex 80.39134979248047 -68.02320098876953 -5.699999809265137
endloop
endfacet
facet normal -0.6622344225591862 -0.749296716646792 1.964302459172573e-7
outer loop
vertex -82.9384994506836 39.76530075073242 9.5
vertex -81.73196411132812 38.698951721191406 -3.700000047683716
vertex -82.205810546875 39.11774444580078 9.5
endloop
endfacet
facet normal 0.9236571947666433 0.38321976274171343 0
outer loop
vertex -77.4297103881836 45.512359619140625 5.300000190734863
vertex -77.26789093017578 45.12233352661133 10.5
vertex -77.26789093017578 45.12233352661133 5.300000190734863
endloop
endfacet
facet normal 0.000058345695228220064 -0.99999999829789 0
outer loop
vertex 16.90700912475586 -70.8545913696289 -3.450000047683716
vertex 9.715104103088379 -70.85501098632812 9.5
vertex 9.715104103088379 -70.85501098632812 -3.450000047683716
endloop
endfacet
facet normal 0.3002833373256444 0.9538500497062277 0
outer loop
vertex -8.20548152923584 50.892513275146484 9.5
vertex -8.33230209350586 50.932437896728516 -3.700000047683716
vertex -8.33230209350586 50.932437896728516 9.5
endloop
endfacet
facet normal 0.6542919823107862 -0.7562420259968511 0
outer loop
vertex 6.009639263153076 -73.82096862792969 9.5
vertex 6.708992004394531 -73.21589660644531 -3.450000047683716
vertex 6.708992004394531 -73.21589660644531 9.5
endloop
endfacet
facet normal 0.472370769552202 -0.8813999410441667 0
outer loop
vertex 18.457223892211914 33.66231918334961 10.5
vertex 18.693038940429688 33.788700103759766 5.300000190734863
vertex 18.693038940429688 33.788700103759766 10.5
endloop
endfacet
facet normal 0.974817556682662 0.22300388154300116 0
outer loop
vertex -37.89299011230469 -57.351009368896484 5.300000190734863
vertex -37.824371337890625 -57.650962829589844 10.5
vertex -37.824371337890625 -57.650962829589844 5.300000190734863
endloop
endfacet
facet normal 0.8187117132997813 0.574204780984743 0
outer loop
vertex 83.27167510986328 45.54138946533203 -3.700000047683716
vertex 84.19627380371094 44.223079681396484 9.5
vertex 84.19627380371094 44.223079681396484 -3.700000047683716
endloop
endfacet
facet normal 0.8813983502949856 0.47237373773028246 0
outer loop
vertex -38.08270263671875 -51.33998107910156 5.300000190734863
vertex -37.956321716308594 -51.5757942199707 10.5
vertex -37.956321716308594 -51.5757942199707 5.300000190734863
endloop
endfacet
facet normal 0.6056395683471458 -0.795739098732922 0
outer loop
vertex 8.179216384887695 -71.49713134765625 9.5
vertex 8.516427993774414 -71.240478515625 -3.450000047683716
vertex 8.516427993774414 -71.240478515625 9.5
endloop
endfacet
facet normal 0 0 1
outer loop
vertex -9.978938102722168 50.240234375 11.5
vertex -11.02640438079834 44.15699768066406 11.5
vertex -8.657014846801758 49.824092864990234 11.5
endloop
endfacet
facet normal -0.013821611449169992 -0.999904476966149 0
outer loop
vertex -30.321369171142578 45.74454116821289 5.300000190734863
vertex -30.627418518066406 45.74877166748047 10.5
vertex -30.627418518066406 45.74877166748047 5.300000190734863
endloop
endfacet
facet normal 0.6827399781605966 0.7306614279002744 0
outer loop
vertex -37.824371337890625 -57.650962829589844 5.300000190734863
vertex -37.824371337890625 -57.650962829589844 10.5
vertex -37.70054244995117 -57.76667022705078 10.5
endloop
endfacet
facet normal 0 0 -1
outer loop
vertex 81.3906021118164 45.75577163696289 -5.699999809265137
vertex 79.91699981689453 45.15404510498047 -5.699999809265137
vertex 80.22727966308594 46.51740264892578 -5.699999809265137
endloop
endfacet
facet normal -0.9616696533801109 -0.2742106448841423 0
outer loop
vertex -85.0894775390625 44.02602005004883 -3.700000047683716
vertex -84.85779571533203 43.2135009765625 -3.700000047683716
vertex -85.0894775390625 44.02602005004883 9.5
endloop
endfacet
facet normal 0 0 1
outer loop
vertex -10.384593963623047 43.46641540527344 11.5
vertex -10.35917854309082 43.34956741333008 11.5
vertex -4.350988864898682 44.668155670166016 11.5
endloop
endfacet
facet normal 0 0 -1
outer loop
vertex 78.16735076904297 45.86684799194336 -5.699999809265137
vertex 77.583740234375 47.321380615234375 -5.699999809265137
vertex 78.9411849975586 47.04595184326172 -5.699999809265137
endloop
endfacet
facet normal 1 0 0
outer loop
vertex 0.10700899362564087 -61.42601013183594 10.5
vertex 0.10700899362564087 -62.101009368896484 10.5
vertex 0.10700899362564087 -61.42601013183594 5.300000190734863
endloop
endfacet
facet normal 0.2873617952093184 0.9578221122180922 -3.8749615193405474e-7
outer loop
vertex -65.1382827758789 70.23136901855469 -3.700000047683716
vertex -65.57206726074219 70.36151123046875 -3.700000047683716
vertex -64.02974700927734 69.89879608154297 9.5
endloop
endfacet
facet normal 1 0 0
outer loop
vertex 0.10700899362564087 -61.42601013183594 5.300000190734863
vertex 0.10700899362564087 -62.101009368896484 10.5
vertex 0.10700899362564087 -62.101009368896484 5.300000190734863
endloop
endfacet
facet normal 0 0 1
outer loop
vertex -19.49152183532715 -58.760650634765625 11.5
vertex -19.582876205444336 -58.66459655761719 11.5
vertex -37.45119094848633 -58.50109100341797 11.5
endloop
endfacet
facet normal 0.45104286036673047 0.892502290255932 -3.381978708024699e-7
outer loop
vertex -45.134971618652344 58.95823287963867 -3.700000047683716
vertex -45.26641845703125 59.024662017822266 -3.700000047683716
vertex -44.88819885253906 58.833526611328125 9.5
endloop
endfacet
facet normal 0.07530545624982615 -0.9971605127856618 -2.0421692669951631e-7
outer loop
vertex 1.1087262630462646 -75.5944595336914 9.5
vertex 1.2809380292892456 -75.58145141601562 -3.700000047683716
vertex 1.7776777744293213 -75.54393768310547 -3.700000047683716
endloop
endfacet
facet normal 0.7246141448911433 0.6891548019303624 0
outer loop
vertex -38.16603088378906 -51.25236511230469 10.5
vertex -38.26708221435547 -51.146114349365234 5.300000190734863
vertex -38.26708221435547 -51.146114349365234 10.5
endloop
endfacet
facet normal -0.7777689393360918 0.6285502979110031 0
outer loop
vertex 31.797330856323242 44.822662353515625 -3.700000047683716
vertex 31.72246742248535 44.73002624511719 -3.700000047683716
vertex 31.797330856323242 44.822662353515625 9.5
endloop
endfacet
facet normal 0 0 -1
outer loop
vertex -56.39704513549805 -73.09656524658203 -5.699999809265137
vertex -57.2894287109375 -74.36080932617188 -5.699999809265137
vertex -57.047279357910156 -73.03890228271484 -5.699999809265137
endloop
endfacet
facet normal 0 0 -1
outer loop
vertex -5.098002910614014 40.246368408203125 -5.699999809265137
vertex -3.379927158355713 41.67544174194336 -5.699999809265137
vertex -4.830204010009766 39.925601959228516 -5.699999809265137
endloop
endfacet
facet normal 0 0 1
outer loop
vertex 0.5491961240768433 -63.25112533569336 11.5
vertex 6.968380928039551 -71.11164093017578 11.5
vertex 7.048429489135742 -71.02203369140625 11.5
endloop
endfacet
facet normal 0 0 -1
outer loop
vertex -5.565957546234131 41.39853286743164 -5.699999809265137
vertex -5.597663879394531 41.815189361572266 -5.699999809265137
vertex -3.9848835468292236 42.749473571777344 -5.699999809265137
endloop
endfacet
facet normal 0 0 1
outer loop
vertex 31.07402229309082 42.86819839477539 11.5
vertex 37.2805290222168 36.50990295410156 11.5
vertex 37.39736557006836 36.5725212097168 11.5
endloop
endfacet
facet normal 0.9748168624684322 0.22300691614200588 1.842066611624109e-7
outer loop
vertex -18.824371337890625 -60.025962829589844 10.5
vertex -18.892990112304688 -59.726009368896484 5.300000190734863
vertex -18.857982635498047 -59.8790397644043 10.5
endloop
endfacet
facet normal -0.00039666330343833154 0.9999999213291088 0
outer loop
vertex 29.897560119628906 43.77798843383789 -3.700000047683716
vertex 19.818981170654297 43.773990631103516 -3.700000047683716
vertex 19.818981170654297 43.773990631103516 9.5
endloop
endfacet
facet normal 0.6957226752171115 0.7183104894040854 -8.995226027688931e-7
outer loop
vertex 83.27167510986328 45.54138946533203 9.5
vertex 82.11502075195312 46.66165542602539 -3.700000047683716
vertex 82.9671859741211 45.8363037109375 9.5
endloop
endfacet
facet normal 0.6944287609157332 0.7195604475588829 0.0012076099947414642
outer loop
vertex -19.166030883789062 -58.37736511230469 10.5
vertex -19.2670841217041 -58.271114349365234 5.300000190734863
vertex -19.2911434173584 -58.256622314453125 10.5
endloop
endfacet
facet normal 0 0 1
outer loop
vertex -56.937530517578125 33.71050262451172 11.5
vertex -59.4453125 35.214691162109375 11.5
vertex -59.50693893432617 35.1530647277832 11.5
endloop
endfacet
facet normal 0 0 1
outer loop
vertex 31.07402229309082 42.86819839477539 11.5
vertex 30.6696834564209 42.741310119628906 11.5
vertex 37.14014434814453 36.47797393798828 11.5
endloop
endfacet
facet normal -0.205960656878541 0.978560272961324 1.3840012815970638e-7
outer loop
vertex -57.37901306152344 38.816715240478516 10.5
vertex -57.64082336425781 38.76161193847656 5.300000190734863
vertex -57.56025695800781 38.778568267822266 10.5
endloop
endfacet
facet normal 0 0 -1
outer loop
vertex 33.970767974853516 43.574462890625 -5.699999809265137
vertex 33.510231018066406 45.105133056640625 -5.699999809265137
vertex 34.61869430541992 44.31904983520508 -5.699999809265137
endloop
endfacet
facet normal 0.9123206248153412 0.4094765897284022 -9.712027527377116e-7
outer loop
vertex 84.85563659667969 42.7540397644043 9.5
vertex 84.19627380371094 44.223079681396484 -3.700000047683716
vertex 84.62718963623047 43.263023376464844 9.5
endloop
endfacet
facet normal 0 0 -1
outer loop
vertex 32.619266510009766 44.00529098510742 -5.699999809265137
vertex 33.30051040649414 42.472740173339844 -5.699999809265137
vertex 32.56423568725586 43.945011138916016 -5.699999809265137
endloop
endfacet
facet normal 0 0 1
outer loop
vertex -3.694284200668335 42.11927032470703 11.5
vertex -10.632444381713867 34.71678161621094 11.5
vertex -3.6288259029388428 42.01841354370117 11.5
endloop
endfacet
facet normal 0.9021147122946913 0.4314962871921497 -9.251070555719869e-7
outer loop
vertex -55.38578414916992 37.52885055541992 10.5
vertex -55.5012321472168 37.77020263671875 5.300000190734863
vertex -55.43147659301758 37.6243782043457 10.5
endloop
endfacet
facet normal 0.5223615048047658 0.8527241396243571 2.191117644197605e-8
outer loop
vertex -55.81237030029297 38.072914123535156 10.5
vertex -56.858787536621094 38.71392822265625 5.300000190734863
vertex -55.93979263305664 38.150970458984375 10.5
endloop
endfacet
facet normal 0.18134568009111285 0.9834194142440958 -3.0212167432711776e-7
outer loop
vertex -60.218360900878906 35.374271392822266 10.5
vertex -60.582000732421875 35.44132614135742 5.300000190734863
vertex -60.29912185668945 35.389163970947266 10.5
endloop
endfacet
facet normal 0.9627590952182947 -0.2703607304592338 0
outer loop
vertex 38.02494812011719 36.577266693115234 10.5
vertex 38.09728240966797 36.8348503112793 5.300000190734863
vertex 38.09728240966797 36.8348503112793 10.5
endloop
endfacet
facet normal 0.6985116268161886 0.7155987054226702 0
outer loop
vertex -2.1421353816986084 42.057640075683594 -3.700000047683716
vertex -2.445385456085205 42.3536491394043 -3.700000047683716
vertex -2.1421353816986084 42.057640075683594 9.5
endloop
endfacet
facet normal 0.9885696984911436 0.15076455559954932 0
outer loop
vertex -3.2239480018615723 44.93706512451172 -3.700000047683716
vertex -3.002187967300415 43.482975006103516 9.5
vertex -3.002187967300415 43.482975006103516 -3.700000047683716
endloop
endfacet
facet normal 0 0 1
outer loop
vertex 77.87139892578125 40.57394027709961 11.5
vertex 77.90823364257812 40.49495315551758 11.5
vertex 83.18781280517578 43.650001525878906 11.5
endloop
endfacet
facet normal 0 0 1
outer loop
vertex -69.9041748046875 68.86162567138672 11.5
vertex -67.93164825439453 62.99490737915039 11.5
vertex -67.8727035522461 63.022396087646484 11.5
endloop
endfacet
facet normal -0.5022789874541616 -0.8647056254946085 0
outer loop
vertex -81.73196411132812 38.698951721191406 9.5
vertex -65.94298553466797 29.52765464782715 -3.700000047683716
vertex -65.94298553466797 29.52765464782715 9.5
endloop
endfacet
facet normal 0 0 1
outer loop
vertex 19.02618980407715 42.57396697998047 11.5
vertex 19.806894302368164 36.47397994995117 11.5
vertex 19.850921630859375 42.619300842285156 11.5
endloop
endfacet
facet normal -0.7926766503746482 -0.609642295080343 0
outer loop
vertex -11.333321571350098 34.50713348388672 5.300000190734863
vertex -11.333321571350098 34.50713348388672 10.5
vertex -11.464239120483398 34.6773567199707 10.5
endloop
endfacet
facet normal 0 0 -1
outer loop
vertex 82.61966705322266 -68.08653259277344 -5.699999809265137
vertex 82.04122924804688 -66.70365142822266 -5.699999809265137
vertex 82.41587829589844 -66.07466125488281 -5.699999809265137
endloop
endfacet
facet normal -0.7306632752134614 0.6827380011793233 0
outer loop
vertex 39.10696029663086 -60.357391357421875 5.300000190734863
vertex 39.10696029663086 -60.357391357421875 10.5
vertex 39.22254943847656 -60.23368835449219 10.5
endloop
endfacet
facet normal 0 0 1
outer loop
vertex -0.9223591089248657 -60.92593002319336 11.5
vertex -0.6565861105918884 -60.99058151245117 11.5
vertex -0.7851678729057312 -60.941707611083984 11.5
endloop
endfacet
facet normal 0 0 1
outer loop
vertex -60.24959945678711 -73.22071075439453 11.5
vertex -59.560646057128906 -73.62525177001953 11.5
vertex -56.45119094848633 -51.37609100341797 11.5
endloop
endfacet
facet normal 0 0 -1
outer loop
vertex -60.48012924194336 -71.29729461669922 -5.699999809265137
vertex -61.47581100463867 -72.19989776611328 -5.699999809265137
vertex -60.91069412231445 -70.80663299560547 -5.699999809265137
endloop
endfacet
facet normal 0.2230267009264155 -0.9748123361313599 0
outer loop
vertex 19.653980255126953 35.93898010253906 10.5
vertex 19.807008743286133 35.97399139404297 5.300000190734863
vertex 19.807008743286133 35.97399139404297 10.5
endloop
endfacet
facet normal 0 0 1
outer loop
vertex 21.473875045776367 -60.929996490478516 11.5
vertex 20.95482063293457 -62.38518142700195 11.5
vertex 38.807125091552734 -60.92601013183594 11.5
endloop
endfacet
facet normal 0.4754800209095197 -0.8797265198434584 0
outer loop
vertex 4.4351325035095215 -74.78618621826172 9.5
vertex 5.248682498931885 -74.34647369384766 -3.450000047683716
vertex 5.248682498931885 -74.34647369384766 9.5
endloop
endfacet
facet normal 0 0 1
outer loop
vertex 76.91816711425781 -56.161895751953125 11.5
vertex 83.82559204101562 -66.16879272460938 11.5
vertex 84.09339141845703 -65.07728576660156 11.5
endloop
endfacet
facet normal 0.7306574610816587 -0.6827442233850509 2.191824281080145e-7
outer loop
vertex 19.15677833557129 35.53050994873047 10.5
vertex 19.507057189941406 35.90536880493164 5.300000190734863
vertex 19.391550064086914 35.78175735473633 10.5
endloop
endfacet
facet normal 0 0 1
outer loop
vertex 79.61038970947266 -69.6296615600586 11.5
vertex 80.72696685791016 -69.3313980102539 11.5
vertex 76.91816711425781 -56.161895751953125 11.5
endloop
endfacet
facet normal 0 0 1
outer loop
vertex -37.620521545410156 -58.47108459472656 11.5
vertex -56.48637771606445 -74.43769836425781 11.5
vertex -37.45119094848633 -58.50109100341797 11.5
endloop
endfacet
facet normal 0.9999258546458554 0.01217724150816144 8.681726190981788e-8
outer loop
vertex -47.41023635864258 27.484052658081055 10.5
vertex -47.43325424194336 29.374187469482422 5.300000190734863
vertex -47.41929626464844 28.22800064086914 10.5
endloop
endfacet
facet normal 0 0 -1
outer loop
vertex -62.19668960571289 28.829851150512695 -5.699999809265137
vertex -63.542293548583984 27.503992080688477 -5.699999809265137
vertex -63.556495666503906 27.666322708129883 -5.699999809265137
endloop
endfacet
facet normal 0 0 1
outer loop
vertex -63.66031265258789 28.27606773376465 11.5
vertex -63.61355209350586 28.08624267578125 11.5
vertex -57.31306838989258 26.201520919799805 11.5
endloop
endfacet
facet normal 0 0 1
outer loop
vertex -65.29849243164062 30.480640411376953 11.5
vertex -65.00453186035156 30.281837463378906 11.5
vertex -60.83292007446289 35.008846282958984 11.5
endloop
endfacet
facet normal 0 0 -1
outer loop
vertex -62.545166015625 30.023597717285156 -5.699999809265137
vertex -64.05870056152344 29.236703872680664 -5.699999809265137
vertex -62.77899169921875 30.36991310119629 -5.699999809265137
endloop
endfacet
facet normal -0.9627590952182947 0.2703607304592338 0
outer loop
vertex 20.58907127380371 -61.0292854309082 10.5
vertex 20.51673698425293 -61.286869049072266 5.300000190734863
vertex 20.51673698425293 -61.286869049072266 10.5
endloop
endfacet
facet normal 0 0 1
outer loop
vertex -83.567626953125 42.89980697631836 11.5
vertex -82.94098663330078 41.658546447753906 11.5
vertex -77.89021301269531 45.32130813598633 11.5
endloop
endfacet
facet normal -0.6820253681351618 -0.7313285152515914 0
outer loop
vertex -65.6490249633789 29.3288516998291 -3.700000047683716
vertex -65.339111328125 29.039831161499023 -3.700000047683716
vertex -65.6490249633789 29.3288516998291 9.5
endloop
endfacet
facet normal 0.5018417917190505 0.8649594303111091 3.0759976034577267e-7
outer loop
vertex -60.582000732421875 35.44132614135742 10.5
vertex -77.26789093017578 45.12233352661133 5.300000190734863
vertex -66.56631469726562 38.91337203979492 10.5
endloop
endfacet
facet normal -0.7313306541602587 0.6820230745990403 0
outer loop
vertex 31.433446884155273 44.420108795166016 9.5
vertex 31.663211822509766 44.66648483276367 9.5
vertex 31.433446884155273 44.420108795166016 -3.700000047683716
endloop
endfacet
facet normal 0.4510428603667563 0.892502290255983 0
outer loop
vertex -45.134971618652344 58.95823287963867 9.5
vertex -45.26641845703125 59.024662017822266 -3.700000047683716
vertex -45.26641845703125 59.024662017822266 9.5
endloop
endfacet
facet normal -0.9616710644680455 -0.27420569608397327 0
outer loop
vertex -64.48046112060547 -68.98329162597656 9.5
vertex -64.22688293457031 -69.87261962890625 -3.700000047683716
vertex -64.22688293457031 -69.87261962890625 9.5
endloop
endfacet
facet normal 0.5020937415984812 0.8648132021700625 0
outer loop
vertex -45.778018951416016 59.39902877807617 9.5
vertex -62.97172927856445 69.38136291503906 -3.700000047683716
vertex -62.97172927856445 69.38136291503906 9.5
endloop
endfacet
facet normal 0 0 -1
outer loop
vertex -82.94098663330078 41.658546447753906 -5.699999809265137
vertex -83.567626953125 42.89980697631836 -5.699999809265137
vertex -81.99058532714844 42.68409729003906 -5.699999809265137
endloop
endfacet
facet normal -0.4580566316531442 0.8889230125261556 0
outer loop
vertex -57.64082336425781 38.76161193847656 5.300000190734863
vertex -57.8786506652832 38.639060974121094 5.300000190734863
vertex -57.64082336425781 38.76161193847656 10.5
endloop
endfacet
facet normal -0.9857695542832371 -0.16810230768263693 0
outer loop
vertex -64.63591766357422 -68.0716781616211 9.5
vertex -64.48046112060547 -68.98329162597656 -3.700000047683716
vertex -64.48046112060547 -68.98329162597656 9.5
endloop
endfacet
facet normal 0.07547098397394303 -0.9971479983322459 0
outer loop
vertex 79.1362075805664 -70.82355499267578 9.5
vertex 79.80462646484375 -70.77296447753906 -3.700000047683716
vertex 79.80462646484375 -70.77296447753906 9.5
endloop
endfacet
facet normal 0.8566135443263118 -0.5159585600382204 0
outer loop
vertex 18.886905670166016 33.97308349609375 10.5
vertex 18.886905670166016 33.97308349609375 5.300000190734863
vertex 19.024948120117188 34.202266693115234 5.300000190734863
endloop
endfacet
facet normal -0.27421062174137506 0.9616696599790334 -1.368951888753992e-7
outer loop
vertex -68.77796173095703 70.38347625732422 9.5
vertex -70.32646942138672 69.94193267822266 -3.700000047683716
vertex -69.6492919921875 70.13502502441406 9.5
endloop
endfacet
facet normal 0.8985119260467909 -0.4389491072455655 -8.394107213376097e-8
outer loop
vertex 84.30865478515625 -67.81058502197266 9.5
vertex 84.9175033569336 -66.56429290771484 -3.700000047683716
vertex 84.77442932128906 -66.85716247558594 9.5
endloop
endfacet
facet normal 0 0 -1
outer loop
vertex -82.3666763305664 43.51080322265625 -5.699999809265137
vertex -83.567626953125 42.89980697631836 -5.699999809265137
vertex -83.94890594482422 44.23698043823242 -5.699999809265137
endloop
endfacet
facet normal -0.996128241045412 -0.08791204349339045 7.68083436468244e-7
outer loop
vertex -85.23102569580078 45.63001251220703 9.5
vertex -85.0894775390625 44.02602005004883 -3.700000047683716
vertex -85.19345092773438 45.204254150390625 9.5
endloop
endfacet
facet normal 0 0 1
outer loop
vertex 19.39590072631836 36.39125442504883 11.5
vertex 17.641855239868164 42.2867317199707 11.5
vertex 19.336048126220703 36.37521743774414 11.5
endloop
endfacet
facet normal -0.898322610406266 0.43933641737590956 -4.153350327491757e-7
outer loop
vertex -84.08736419677734 49.832252502441406 9.5
vertex -84.60479736328125 48.77423095703125 -3.700000047683716
vertex -84.31585693359375 49.365047454833984 9.5
endloop
endfacet
facet normal 0 0 1
outer loop
vertex 39.927085876464844 -60.153541564941406 11.5
vertex 39.89025115966797 -60.2325325012207 11.5
vertex 78.72982788085938 -69.6963119506836 11.5
endloop
endfacet
facet normal 0.6322598773599062 0.7747563794386183 0
outer loop
vertex -5.540786266326904 49.10991668701172 9.5
vertex -6.7883195877075195 50.12799835205078 -3.700000047683716
vertex -6.7883195877075195 50.12799835205078 9.5
endloop
endfacet
facet normal -0.2217509593489548 0.9751033340251075 -9.68363160057437e-7
outer loop
vertex 21.417678833007812 -60.43000793457031 10.5
vertex 21.15679359436035 -60.489341735839844 5.300000190734863
vertex 21.27591896057129 -60.46224594116211 10.5
endloop
endfacet
facet normal 0 0 1
outer loop
vertex 19.336048126220703 36.37521743774414 11.5
vertex 16.358591079711914 41.75272750854492 11.5
vertex 19.257057189941406 36.338382720947266 11.5
endloop
endfacet
facet normal 0 0 1
outer loop
vertex 14.957164764404297 40.829166412353516 11.5
vertex 19.14291000366211 36.24563980102539 11.5
vertex 19.1856632232666 36.28839111328125 11.5
endloop
endfacet
facet normal 0 0 -1
outer loop
vertex -70.11988830566406 67.28458404541016 -5.699999809265137
vertex -69.9041748046875 68.86162567138672 -5.699999809265137
vertex -69.29318237304688 67.66067504882812 -5.699999809265137
endloop
endfacet
facet normal 0 0 1
outer loop
vertex 13.89604663848877 40.36346435546875 11.5
vertex 18.601091384887695 34.54228973388672 11.5
vertex 18.659198760986328 35.558162689208984 11.5
endloop
endfacet
facet normal 0 0 -1
outer loop
vertex -67.43867492675781 68.02222442626953 -5.699999809265137
vertex -68.56700134277344 69.24290466308594 -5.699999809265137
vertex -67.18191528320312 69.3651351928711 -5.699999809265137
endloop
endfacet
facet normal 0.46253155063976253 -0.8866028223859751 0
outer loop
vertex 8.892143249511719 -71.04447174072266 -3.450000047683716
vertex 8.516427993774414 -71.240478515625 9.5
vertex 8.516427993774414 -71.240478515625 -3.450000047683716
endloop
endfacet
facet normal 0.22176146138529748 -0.9751009456688354 0
outer loop
vertex 18.338098526000977 33.63522720336914 10.5
vertex 18.457223892211914 33.66231918334961 5.300000190734863
vertex 18.457223892211914 33.66231918334961 10.5
endloop
endfacet
facet normal 0 0 1
outer loop
vertex 13.705305099487305 40.319549560546875 11.5
vertex 18.1401424407959 34.10297393798828 11.5
vertex 18.280529022216797 34.13490295410156 11.5
endloop
endfacet
facet normal 0.472370769552202 -0.8813999410441667 0
outer loop
vertex 18.693038940429688 33.788700103759766 5.300000190734863
vertex 18.457223892211914 33.66231918334961 10.5
vertex 18.457223892211914 33.66231918334961 5.300000190734863
endloop
endfacet
facet normal 0.4204060568598184 0.9073360718915388 -1.05979499909506e-7
outer loop
vertex -1.408745288848877 41.63895034790039 9.5
vertex -1.7932472229003906 41.81710433959961 -3.700000047683716
vertex -1.6888903379440308 41.76875305175781 9.5
endloop
endfacet
facet normal 0.0033622646315947828 0.9999943475722987 0
outer loop
vertex -19.75385093688965 -58.06073760986328 5.300000190734863
vertex -37.44951248168945 -58.00123977661133 5.300000190734863
vertex -19.75385093688965 -58.06073760986328 10.5
endloop
endfacet
facet normal 0.5477515709965464 0.836641032026768 0
outer loop
vertex 82.11502075195312 46.66165542602539 -3.700000047683716
vertex 81.13855743408203 47.30094909667969 -3.700000047683716
vertex 82.11502075195312 46.66165542602539 9.5
endloop
endfacet
facet normal 0.5676101536244428 0.8232974635588504 0
outer loop
vertex -2.1421353816986084 42.057640075683594 -3.700000047683716
vertex -2.1421353816986084 42.057640075683594 9.5
vertex -1.7932472229003906 41.81710433959961 9.5
endloop
endfacet
facet normal 0 0 -1
outer loop
vertex 0.9794496297836304 -73.09779357910156 -5.699999809265137
vertex 1.5339268445968628 -73.05583190917969 -5.699999809265137
vertex 1.065205454826355 -74.43975830078125 -5.699999809265137
endloop
endfacet
facet normal 0 0 1
outer loop
vertex -8.657014846801758 49.824092864990234 11.5
vertex -10.94741439819336 44.12016296386719 11.5
vertex -7.433261871337891 49.16391372680664 11.5
endloop
endfacet
facet normal 0 0 1
outer loop
vertex 19.053327560424805 -63.58659744262695 11.5
vertex 9.71503734588623 -69.7003173828125 11.5
vertex 19.194021224975586 -63.54391860961914 11.5
endloop
endfacet
facet normal 0.2703607304592338 0.9627590952182947 0
outer loop
vertex -19.496267318725586 -58.13307189941406 5.300000190734863
vertex -19.75385093688965 -58.06073760986328 5.300000190734863
vertex -19.496267318725586 -58.13307189941406 10.5
endloop
endfacet
facet normal 0 0 -1
outer loop
vertex -47.451576232910156 57.51932144165039 -5.699999809265137
vertex -64.22354125976562 67.21735382080078 -5.699999809265137
vertex -46.410614013671875 58.431095123291016 -5.699999809265137
endloop
endfacet
facet normal -0.506331640527432 -0.8623388370007452 0.000001000719234964536
outer loop
vertex -60.88853073120117 -74.1845932006836 9.5
vertex -60.091068267822266 -74.65284729003906 -3.700000047683716
vertex -60.5192756652832 -74.40140533447266 9.5
endloop
endfacet
facet normal 0 0 1
outer loop
vertex -4.350988864898682 44.668155670166016 11.5
vertex -10.324178695678711 43.0295295715332 11.5
vertex -4.141684532165527 43.3091926574707 11.5
endloop
endfacet
facet normal -0.36951301027804606 -0.9292255567058283 0
outer loop
vertex -10.871211051940918 34.247032165527344 5.300000190734863
vertex -11.119821548461914 34.34589385986328 10.5
vertex -11.119821548461914 34.34589385986328 5.300000190734863
endloop
endfacet
facet normal 0.1633611598846003 0.9865663340298808 0
outer loop
vertex -28.2043514251709 53.38264465332031 -3.700000047683716
vertex -28.2043514251709 53.38264465332031 9.5
vertex -28.124664306640625 53.369449615478516 9.5
endloop
endfacet
facet normal 0.5904130523819164 0.8071012498919007 0
outer loop
vertex -0.19991694390773773 -60.705142974853516 5.300000190734863
vertex -0.4158538579940796 -60.54718017578125 5.300000190734863
vertex -0.19991694390773773 -60.705142974853516 10.5
endloop
endfacet
facet normal 0 0 1
outer loop
vertex 19.437339782714844 -63.38134002685547 11.5
vertex 19.80571746826172 -63.30089569091797 11.5
vertex 19.50390625 -63.300228118896484 11.5
endloop
endfacet
facet normal 0.6542919823107862 -0.7562420259968511 0
outer loop
vertex 6.009639263153076 -73.82096862792969 -3.450000047683716
vertex 6.708992004394531 -73.21589660644531 -3.450000047683716
vertex 6.009639263153076 -73.82096862792969 9.5
endloop
endfacet
facet normal -0.662234422559199 -0.7492967166468065 0
outer loop
vertex -82.9384994506836 39.76530075073242 -3.700000047683716
vertex -82.205810546875 39.11774444580078 -3.700000047683716
vertex -82.9384994506836 39.76530075073242 9.5
endloop
endfacet
facet normal -0.5022789874541616 -0.8647056254946085 0
outer loop
vertex -81.73196411132812 38.698951721191406 -3.700000047683716
vertex -65.94298553466797 29.52765464782715 -3.700000047683716
vertex -81.73196411132812 38.698951721191406 9.5
endloop
endfacet
facet normal 0 0 1
outer loop
vertex -10.821220397949219 44.016510009765625 11.5
vertex -10.471417427062988 43.616798400878906 11.5
vertex -6.355987071990967 48.28477478027344 11.5
endloop
endfacet
facet normal -0.20291516692920666 -0.9791963209847595 6.27881519922224e-8
outer loop
vertex -58.36766052246094 -75.31660461425781 9.5
vertex -57.462120056152344 -75.50425720214844 -3.700000047683716
vertex -57.89445495605469 -75.41466522216797 9.5
endloop
endfacet
facet normal 0 0 -1
outer loop
vertex 79.91699981689453 45.15404510498047 -5.699999809265137
vertex 81.3906021118164 45.75577163696289 -5.699999809265137
vertex 80.65605926513672 44.62614822387695 -5.699999809265137
endloop
endfacet
facet normal 0 0 1
outer loop
vertex -46.410614013671875 58.431095123291016 11.5
vertex -49.9912109375 53.40804672241211 11.5
vertex -45.948307037353516 58.092803955078125 11.5
endloop
endfacet
facet normal 0 0 -1
outer loop
vertex 84.09339141845703 -65.07728576660156 -5.699999809265137
vertex 83.3255386352539 -67.19237518310547 -5.699999809265137
vertex 82.78861999511719 -64.72763061523438 -5.699999809265137
endloop
endfacet
facet normal 0 0 -1
outer loop
vertex 84.15228271484375 39.97262954711914 -5.699999809265137
vertex 82.8070068359375 40.01408386230469 -5.699999809265137
vertex 82.78845977783203 40.48442459106445 -5.699999809265137
endloop
endfacet
facet normal 0 0 1
outer loop
vertex -0.25738370418548584 -62.650962829589844 11.5
vertex 1.065205454826355 -74.43975830078125 11.5
vertex -0.20739321410655975 -62.722354888916016 11.5
endloop
endfacet
facet normal -0.08790245707997542 0.9961290870360644 0
outer loop
vertex -67.17396545410156 70.5250244140625 -3.700000047683716
vertex -67.58438110351562 70.48880767822266 -3.700000047683716
vertex -67.17396545410156 70.5250244140625 9.5
endloop
endfacet
facet normal 0 0 1
outer loop
vertex -18.699512481689453 -60.80925369262695 11.5
vertex -56.48637771606445 -74.43769836425781 11.5
vertex -18.620521545410156 -60.84608459472656 11.5
endloop
endfacet
facet normal 0 0 -1
outer loop
vertex 77.19095611572266 46.01128005981445 -5.699999809265137
vertex 38.816917419433594 46.023990631103516 -5.699999809265137
vertex 77.583740234375 47.321380615234375 -5.699999809265137
endloop
endfacet
facet normal 0 0 1
outer loop
vertex 21.12059783935547 -61.11589431762695 11.5
vertex 21.473875045776367 -60.929996490478516 11.5
vertex 21.216651916503906 -61.024539947509766 11.5
endloop
endfacet
facet normal 0 0 1
outer loop
vertex -37.45119094848633 -58.50109100341797 11.5
vertex -19.380399703979492 -59.8375129699707 11.5
vertex -19.39298439025879 -59.7286262512207 11.5
endloop
endfacet
facet normal -0.7456027853541785 -0.6663906410442476 -8.530195564526298e-7
outer loop
vertex -49.99542999267578 52.507041931152344 10.5
vertex -49.817134857177734 52.307559967041016 5.300000190734863
vertex -49.93695831298828 52.441619873046875 10.5
endloop
endfacet
facet normal 0.37707026988456604 -0.9261846530628655 0
outer loop
vertex 3.578622579574585 -75.13489532470703 -3.700000047683716
vertex 3.9058947563171387 -75.00165557861328 -3.700000047683716
vertex 3.578622579574585 -75.13489532470703 9.5
endloop
endfacet
facet normal 0 0 1
outer loop
vertex -49.489322662353516 52.69108581542969 11.5
vertex -49.375370025634766 52.617557525634766 11.5
vertex -31.251680374145508 46.676177978515625 11.5
endloop
endfacet
facet normal 0.5020937415984812 0.8648132021700625 0
outer loop
vertex -45.778018951416016 59.39902877807617 -3.700000047683716
vertex -62.97172927856445 69.38136291503906 -3.700000047683716
vertex -45.778018951416016 59.39902877807617 9.5
endloop
endfacet
facet normal -0.2230052290712182 0.9748172484147445 0
outer loop
vertex 20.10696029663086 -62.732391357421875 5.300000190734863
vertex 19.807008743286133 -62.80101013183594 5.300000190734863
vertex 20.10696029663086 -62.732391357421875 10.5
endloop
endfacet
facet normal 0 0 -1
outer loop
vertex -28.687803268432617 50.9073371887207 -5.699999809265137
vertex -28.100189208984375 52.19497299194336 -5.699999809265137
vertex -28.034841537475586 52.190250396728516 -5.699999809265137
endloop
endfacet
facet normal 0.975102481196772 0.22175470945145456 0
outer loop
vertex -37.929229736328125 -51.694923400878906 10.5
vertex -37.956321716308594 -51.5757942199707 5.300000190734863
vertex -37.956321716308594 -51.5757942199707 10.5
endloop
endfacet
facet normal 0 0 1
outer loop
vertex -56.01826095581055 37.60319900512695 11.5
vertex -56.0922966003418 37.65803527832031 11.5
vertex -59.39867401123047 35.28036880493164 11.5
endloop
endfacet
facet normal 0 0 1
outer loop
vertex 33.510231018066406 45.105133056640625 11.5
vertex 38.141727447509766 40.996742248535156 11.5
vertex 38.185665130615234 41.03839111328125 11.5
endloop
endfacet
facet normal 0 0 1
outer loop
vertex -1.8941837549209595 40.59124755859375 11.5
vertex -2.2786855697631836 40.76940155029297 11.5
vertex -10.632444381713867 34.71678161621094 11.5
endloop
endfacet
facet normal 0 0 1
outer loop
vertex 0.5491961240768433 -63.25112533569336 11.5
vertex 3.941446542739868 -73.74044799804688 11.5
vertex 5.301706790924072 -72.90657043457031 11.5
endloop
endfacet
facet normal 0 0 -1
outer loop
vertex -4.516117095947266 39.64999771118164 -5.699999809265137
vertex -2.8843626976013184 41.17308807373047 -5.699999809265137
vertex -2.7950778007507324 41.110572814941406 -5.699999809265137
endloop
endfacet
facet normal 0 0 1
outer loop
vertex 31.07402229309082 42.86819839477539 11.5
vertex 37.4934196472168 36.663875579833984 11.5
vertex 37.56181716918945 36.777427673339844 11.5
endloop
endfacet
facet normal 0 0 -1
outer loop
vertex -3.726250171661377 42.18782043457031 -5.699999809265137
vertex -5.470338821411133 40.99176025390625 -5.699999809265137
vertex -3.9173431396484375 42.56608200073242 -5.699999809265137
endloop
endfacet
facet normal 0 0 1
outer loop
vertex 0.5491961240768433 -63.25112533569336 11.5
vertex 7.482004165649414 -70.5810546875 11.5
vertex 7.817104339599609 -70.3216323852539 11.5
endloop
endfacet
facet normal 0 0 -1
outer loop
vertex -4.105391502380371 43.15574645996094 -5.699999809265137
vertex -5.517193794250488 42.8961296081543 -5.699999809265137
vertex -4.141684532165527 43.3091926574707 -5.699999809265137
endloop
endfacet
facet normal 0 0 1
outer loop
vertex 38.83278274536133 47.36927032470703 11.5
vertex 38.80765914916992 41.223934173583984 11.5
vertex 77.06417846679688 41.17422103881836 11.5
endloop
endfacet
facet normal 0 0 -1
outer loop
vertex -1.7091084718704224 40.52854919433594 -5.699999809265137
vertex -3.375800371170044 39.153865814208984 -5.699999809265137
vertex -1.8036761283874512 40.553890228271484 -5.699999809265137
endloop
endfacet
facet normal 0 0 1
outer loop
vertex -1.8036761283874512 40.553890228271484 11.5
vertex 0.8661155700683594 34.098995208740234 11.5
vertex -1.7091084718704224 40.52854919433594 11.5
endloop
endfacet
facet normal 0 0 -1
outer loop
vertex -0.8224994540214539 40.34496307373047 -5.699999809265137
vertex -0.7474795579910278 40.342315673828125 -5.699999809265137
vertex -3.0375256538391113 39.114723205566406 -5.699999809265137
endloop
endfacet
facet normal 0 0 1
outer loop
vertex 37.7237663269043 40.53050994873047 11.5
vertex 32.56423568725586 43.945011138916016 11.5
vertex 32.27521514892578 43.63509750366211 11.5
endloop
endfacet
facet normal -0.3061402416220663 0.9519864245143255 -1.1505609149556877e-7
outer loop
vertex 30.66196060180664 43.94862365722656 -3.700000047683716
vertex 30.31709861755371 43.83772277832031 -3.700000047683716
vertex 30.72052001953125 43.96745681762695 9.5
endloop
endfacet
facet normal -0.2031628655992168 0.979144958645815 0
outer loop
vertex 18.876367568969727 43.72217559814453 -3.700000047683716
vertex 18.435110092163086 43.630619049072266 -3.700000047683716
vertex 18.876367568969727 43.72217559814453 9.5
endloop
endfacet
facet normal -0.5970425787996659 -0.8022095481233283 1.0116583159735174e-7
outer loop
vertex -60.88853073120117 -74.1845932006836 -3.700000047683716
vertex -61.630393981933594 -73.63246154785156 9.5
vertex -61.36368179321289 -73.83096313476562 -3.700000047683716
endloop
endfacet
facet normal 0 0 1
outer loop
vertex -57.589630126953125 38.22551345825195 11.5
vertex -57.69649124145508 38.12712478637695 11.5
vertex -57.07279968261719 38.258670806884766 11.5
endloop
endfacet
facet normal 0 0 1
outer loop
vertex -59.57833480834961 35.10307312011719 11.5
vertex -56.965023040771484 33.404518127441406 11.5
vertex -56.937530517578125 33.71050262451172 11.5
endloop
endfacet
facet normal 0 0 1
outer loop
vertex 30.060319900512695 42.63481903076172 11.5
vertex 29.89801788330078 42.623329162597656 11.5
vertex 37.14014434814453 36.47797393798828 11.5
endloop
endfacet
facet normal 0 0 -1
outer loop
vertex 36.16213607788086 45.40861129760742 -5.699999809265137
vertex 34.56828689575195 46.015621185302734 -5.699999809265137
vertex 35.77443313598633 46.70754623413086 -5.699999809265137
endloop
endfacet
facet normal 0 0 1
outer loop
vertex -10.323973655700684 42.92354965209961 11.5
vertex -3.9173431396484375 42.56608200073242 11.5
vertex -3.9848835468292236 42.749473571777344 11.5
endloop
endfacet
facet normal 0 0 -1
outer loop
vertex -6.120165824890137 45.691001892089844 -5.699999809265137
vertex -6.578927516937256 46.474853515625 -5.699999809265137
vertex -5.463859558105469 47.21823501586914 -5.699999809265137
endloop
endfacet
facet normal 0 0 -1
outer loop
vertex -63.3527717590332 -68.72716522216797 -5.699999809265137
vertex -63.48682403564453 -67.94105529785156 -5.699999809265137
vertex -62.192989349365234 -67.08352661132812 -5.699999809265137
endloop
endfacet
facet normal 0 0 -1
outer loop
vertex -7.433261871337891 49.16391372680664 -5.699999809265137
vertex -8.716545104980469 48.37137222290039 -5.699999809265137
vertex -8.657014846801758 49.824092864990234 -5.699999809265137
endloop
endfacet
facet normal 0 0 1
outer loop
vertex -10.632444381713867 34.71678161621094 11.5
vertex -2.4486663341522217 40.8664436340332 11.5
vertex -2.7950778007507324 41.110572814941406 11.5
endloop
endfacet
facet normal 0 0 -1
outer loop
vertex -4.141684532165527 43.3091926574707 -5.699999809265137
vertex -5.570617198944092 43.883270263671875 -5.699999809265137
vertex -4.350988864898682 44.668155670166016 -5.699999809265137
endloop
endfacet
facet normal 0.902101870930298 0.43152313317371044 0
outer loop
vertex -55.43147659301758 37.6243782043457 10.5
vertex -55.5012321472168 37.77020263671875 5.300000190734863
vertex -55.5012321472168 37.77020263671875 10.5
endloop
endfacet
facet normal 0 0 1
outer loop
vertex -10.323973655700684 42.92354965209961 11.5
vertex -11.126092910766602 35.23630142211914 11.5
vertex -3.9173431396484375 42.56608200073242 11.5
endloop
endfacet
facet normal -0.6827441221345594 -0.7306575556926171 0
outer loop
vertex 77.43839263916016 40.32394027709961 5.300000190734863
vertex 77.06352996826172 40.67422103881836 10.5
vertex 77.06352996826172 40.67422103881836 5.300000190734863
endloop
endfacet
facet normal 0 0 -1
outer loop
vertex 31.793447494506836 43.24739074707031 -5.699999809265137
vertex 33.04198455810547 42.14445495605469 -5.699999809265137
vertex 32.73590087890625 41.85999298095703 -5.699999809265137
endloop
endfacet
facet normal 0 0 -1
outer loop
vertex 32.389583587646484 41.62616729736328 -5.699999809265137
vertex 31.07402229309082 42.86819839477539 -5.699999809265137
vertex 31.253101348876953 42.94657897949219 -5.699999809265137
endloop
endfacet
facet normal 0 0 1
outer loop
vertex 19.850921630859375 42.619300842285156 11.5
vertex 19.806894302368164 36.47397994995117 11.5
vertex 37.14014434814453 36.47797393798828 11.5
endloop
endfacet
facet normal 0 0 -1
outer loop
vertex 31.195837020874023 41.27769088745117 -5.699999809265137
vertex 31.07402229309082 42.86819839477539 -5.699999809265137
vertex 31.610219955444336 41.331485748291016 -5.699999809265137
endloop
endfacet
facet normal 0 0 1
outer loop
vertex 0.5491961240768433 -63.25112533569336 11.5
vertex 8.942063331604004 -69.81548309326172 11.5
vertex 9.095053672790527 -69.77758026123047 11.5
endloop
endfacet
facet normal -0.8205987883937294 0.5715047055683299 0
outer loop
vertex -58.07547378540039 38.45783996582031 10.5
vertex -58.17122268676758 38.32035827636719 5.300000190734863
vertex -58.17122268676758 38.32035827636719 10.5
endloop
endfacet
facet normal 0.9999998428286143 -0.0005606627744541811 0
outer loop
vertex 85.24800872802734 -65.2171859741211 -3.700000047683716
vertex 85.3070068359375 40.012020111083984 -3.700000047683716
vertex 85.24800872802734 -65.2171859741211 9.5
endloop
endfacet
facet normal 0 0 1
outer loop
vertex -68.56700134277344 69.24290466308594 11.5
vertex -67.37844848632812 63.21611022949219 11.5
vertex -67.18191528320312 69.3651351928711 11.5
endloop
endfacet
facet normal 0.3105609329556579 0.9505534739938155 0
outer loop
vertex -28.2043514251709 53.38264465332031 -3.700000047683716
vertex -35.35218811035156 55.71795654296875 -3.700000047683716
vertex -28.2043514251709 53.38264465332031 9.5
endloop
endfacet
facet normal -0.9940736065271842 -0.10870908336456532 -2.700233069529269e-7
outer loop
vertex -10.854439735412598 43.295406341552734 10.5
vertex -10.819439888000488 42.97536849975586 5.300000190734863
vertex -10.84310245513916 43.191734313964844 10.5
endloop
endfacet
facet normal 0.8969085343799589 0.44221610209986034 0
outer loop
vertex -2.694284200668335 42.69662094116211 9.5
vertex -2.694284200668335 42.69662094116211 -3.700000047683716
vertex -2.7660298347473145 42.84213638305664 -3.700000047683716
endloop
endfacet
facet normal 0.6891554703607057 -0.7246135091701745 0
outer loop
vertex 37.7806510925293 36.24702835083008 10.5
vertex 37.886905670166016 36.34808349609375 5.300000190734863
vertex 37.886905670166016 36.34808349609375 10.5
endloop
endfacet
facet normal 0 0 1
outer loop
vertex -0.3803991973400116 -62.2125129699707 11.5
vertex -18.450929641723633 -60.87623977661133 11.5
vertex -0.31025516986846924 -62.512115478515625 11.5
endloop
endfacet
facet normal 0 0 -1
outer loop
vertex -62.192989349365234 -67.08352661132812 -5.699999809265137
vertex -63.48682403564453 -67.94105529785156 -5.699999809265137
vertex -63.538291931152344 -67.04666137695312 -5.699999809265137
endloop
endfacet
facet normal 0 0 1
outer loop
vertex -67.37844848632812 63.21611022949219 11.5
vertex -67.29161834716797 63.22370910644531 11.5
vertex -67.18191528320312 69.3651351928711 11.5
endloop
endfacet
facet normal -0.9940729052127237 -0.10871549623643798 0
outer loop
vertex -10.819439888000488 42.97536849975586 5.300000190734863
vertex -10.819439888000488 42.97536849975586 10.5
vertex -10.84310245513916 43.191734313964844 10.5
endloop
endfacet
facet normal 0 0 -1
outer loop
vertex 18.9678897857666 41.214141845703125 -5.699999809265137
vertex 17.641855239868164 42.2867317199707 -5.699999809265137
vertex 19.02618980407715 42.57396697998047 -5.699999809265137
endloop
endfacet
facet normal -0.7306577989250637 0.6827438618325188 0
outer loop
vertex 39.10696029663086 -60.357391357421875 5.300000190734863
vertex 39.457237243652344 -59.9825325012207 10.5
vertex 39.457237243652344 -59.9825325012207 5.300000190734863
endloop
endfacet
facet normal 0 0 -1
outer loop
vertex 14.959380149841309 40.82582092285156 -5.699999809265137
vertex 16.314775466918945 40.15245056152344 -5.699999809265137
vertex 15.514007568359375 39.48499298095703 -5.699999809265137
endloop
endfacet
facet normal 0 0 1
outer loop
vertex 16.358591079711914 41.75272750854492 11.5
vertex 14.957164764404297 40.829166412353516 11.5
vertex 19.257057189941406 36.338382720947266 11.5
endloop
endfacet
facet normal 0 0 1
outer loop
vertex -45.24680709838867 57.735923767089844 11.5
vertex -49.489322662353516 52.69108581542969 11.5
vertex -31.251680374145508 46.676177978515625 11.5
endloop
endfacet
facet normal 0 0 -1
outer loop
vertex 13.705305099487305 40.319549560546875 -5.699999809265137
vertex 14.789447784423828 39.07358169555664 -5.699999809265137
vertex 14.38832950592041 38.956485748291016 -5.699999809265137
endloop
endfacet
facet normal 0.3770702698845427 -0.9261846530628081 -3.522419909953703e-7
outer loop
vertex 3.578622579574585 -75.13489532470703 9.5
vertex 4.4351325035095215 -74.78618621826172 -3.5438621044158936
vertex 3.9058947563171387 -75.00165557861328 9.5
endloop
endfacet
facet normal 0 0 1
outer loop
vertex -56.45119094848633 -51.37609100341797 11.5
vertex -58.071746826171875 -74.19869232177734 11.5
vertex -57.2894287109375 -74.36080932617188 11.5
endloop
endfacet
facet normal 0.000507842171964912 -0.9999998710481558 0
outer loop
vertex -48.32085418701172 26.47798728942871 5.300000190734863
vertex -56.192989349365234 26.473989486694336 10.5
vertex -56.192989349365234 26.473989486694336 5.300000190734863
endloop
endfacet
facet normal 0 0 1
outer loop
vertex 14.299468994140625 40.49319839477539 11.5
vertex 13.89604663848877 40.36346435546875 11.5
vertex 19.14291000366211 36.24563980102539 11.5
endloop
endfacet
facet normal 0 0 1
outer loop
vertex 19.323686599731445 -63.474613189697266 11.5
vertex 19.194021224975586 -63.54391860961914 11.5
vertex 38.807125091552734 -60.92601013183594 11.5
endloop
endfacet
facet normal 0 0 1
outer loop
vertex 38.48780059814453 47.360595703125 11.5
vertex 38.69550323486328 41.21139907836914 11.5
vertex 38.83278274536133 47.36927032470703 11.5
endloop
endfacet
facet normal 0 0 1
outer loop
vertex 80.22727966308594 46.51740264892578 11.5
vertex 78.9411849975586 47.04595184326172 11.5
vertex 77.23454284667969 41.144065856933594 11.5
endloop
endfacet
facet normal 0 0 1
outer loop
vertex 1.1127755641937256 40.24432373046875 11.5
vertex 0.8661155700683594 34.098995208740234 11.5
vertex 18.1401424407959 34.10297393798828 11.5
endloop
endfacet
facet normal 0 0 1
outer loop
vertex 82.38939666748047 44.788394927978516 11.5
vertex 77.8214111328125 40.64533615112305 11.5
vertex 83.18781280517578 43.650001525878906 11.5
endloop
endfacet
facet normal 0 0 1
outer loop
vertex -63.538291931152344 -67.04666137695312 11.5
vertex -63.48682403564453 -67.94105529785156 11.5
vertex -56.69951248168945 -51.30925369262695 11.5
endloop
endfacet
facet normal 0 0 1
outer loop
vertex 20.927085876464844 -62.528541564941406 11.5
vertex 20.89025115966797 -62.6075325012207 11.5
vertex 38.807125091552734 -60.92601013183594 11.5
endloop
endfacet
facet normal 0 0 -1
outer loop
vertex -64.90679931640625 30.213403701782227 -5.699999809265137
vertex -65.00453186035156 30.281837463378906 -5.699999809265137
vertex -63.3908576965332 30.933902740478516 -5.699999809265137
endloop
endfacet
facet normal -0.22298836637989847 0.9748211058746209 -7.782182894591117e-7
outer loop
vertex 77.10696411132812 -55.607391357421875 10.5
vertex 76.8070068359375 -55.67601013183594 5.300000190734863
vertex 76.96004486083984 -55.64099884033203 10.5
endloop
endfacet
facet normal 0 0 1
outer loop
vertex -56.48637771606445 -74.43769836425781 11.5
vertex -37.69951248168945 -58.43425369262695 11.5
vertex -37.78977966308594 -58.365386962890625 11.5
endloop
endfacet
facet normal 0 0 1
outer loop
vertex 84.09339141845703 -65.07728576660156 11.5
vertex 77.21846771240234 -56.09479904174805 11.5
vertex 76.91816711425781 -56.161895751953125 11.5
endloop
endfacet
facet normal 0.9984595868895673 -0.05548381158783589 0
outer loop
vertex 19.09728240966797 34.4598503112793 10.5
vertex 19.15677833557129 35.53050994873047 5.300000190734863
vertex 19.15677833557129 35.53050994873047 10.5
endloop
endfacet
facet normal 0 0 1
outer loop
vertex 34.56828689575195 46.015621185302734 11.5
vertex 38.257057189941406 41.088382720947266 11.5
vertex 35.77443313598633 46.70754623413086 11.5
endloop
endfacet
facet normal 0.682749953951519 0.7306521062575005 -8.226336791579586e-7
outer loop
vertex -56.44951248168945 -50.87623977661133 10.5
vertex -56.824371337890625 -50.525962829589844 5.300000190734863
vertex -56.70064163208008 -50.64157485961914 10.5
endloop
endfacet
facet normal 0.0005067429347953659 -0.9999998716057908 0
outer loop
vertex -49.58553695678711 26.477346420288086 10.5
vertex -48.32085418701172 26.47798728942871 5.300000190734863
vertex -48.32085418701172 26.47798728942871 10.5
endloop
endfacet
facet normal 0.22175421326328087 -0.9751025940381778 0
outer loop
vertex 37.45722579956055 36.03731918334961 5.300000190734863
vertex 37.19633865356445 35.977989196777344 10.5
vertex 37.19633865356445 35.977989196777344 5.300000190734863
endloop
endfacet
facet normal 0.0033622642691930925 0.9999943475735171 0
outer loop
vertex -38.753849029541016 -50.93573760986328 10.5
vertex -56.44951248168945 -50.87623977661133 5.300000190734863
vertex -56.44951248168945 -50.87623977661133 10.5
endloop
endfacet
facet normal 0 0 1
outer loop
vertex -63.542293548583984 27.503992080688477 11.5
vertex -57.31306838989258 26.201520919799805 11.5
vertex -63.556495666503906 27.666322708129883 11.5
endloop
endfacet
facet normal 0 0 -1
outer loop
vertex 80.72696685791016 -69.3313980102539 -5.699999809265137
vertex 80.39134979248047 -68.02320098876953 -5.699999809265137
vertex 81.03419494628906 -67.67284393310547 -5.699999809265137
endloop
endfacet
facet normal 0 0 1
outer loop
vertex -64.86149597167969 30.17331886291504 11.5
vertex -64.55158233642578 29.88429832458496 11.5
vertex -60.83292007446289 35.008846282958984 11.5
endloop
endfacet
facet normal 0 0 1
outer loop
vertex -60.83292007446289 35.008846282958984 11.5
vertex -64.16638946533203 29.399829864501953 11.5
vertex -56.85708999633789 26.74563980102539 11.5
endloop
endfacet
facet normal 0 0 1
outer loop
vertex -31.064695358276367 46.566551208496094 11.5
vertex -30.82879638671875 46.34492874145508 11.5
vertex -28.56211280822754 52.287620544433594 11.5
endloop
endfacet
facet normal 0 0 1
outer loop
vertex -77.89021301269531 45.32130813598633 11.5
vertex -82.94098663330078 41.658546447753906 11.5
vertex -77.7283935546875 44.93128204345703 11.5
endloop
endfacet
facet normal -0.8648131188556911 0.5020938851002792 0
outer loop
vertex -74.10502624511719 67.02596282958984 9.5
vertex -84.08736419677734 49.832252502441406 -3.700000047683716
vertex -84.08736419677734 49.832252502441406 9.5
endloop
endfacet
facet normal 0 0 1
outer loop
vertex -77.92211151123047 45.425537109375 11.5
vertex -83.94890594482422 44.23698043823242 11.5
vertex -77.89021301269531 45.32130813598633 11.5
endloop
endfacet
facet normal -0.22445128827288138 -0.9744853098906334 0
outer loop
vertex -30.888137817382812 45.80882263183594 10.5
vertex -30.627418518066406 45.74877166748047 5.300000190734863
vertex -30.627418518066406 45.74877166748047 10.5
endloop
endfacet
facet normal -0.9627590952182947 0.2703607304592338 0
outer loop
vertex 39.58906936645508 -56.2792854309082 5.300000190734863
vertex 39.5167350769043 -56.536869049072266 5.300000190734863
vertex 39.58906936645508 -56.2792854309082 10.5
endloop
endfacet
facet normal -0.9519858341839715 -0.30614207733169774 -2.840309084183238e-7
outer loop
vertex -64.837646484375 28.175127029418945 -3.700000047683716
vertex -64.75672149658203 27.923480987548828 -3.700000047683716
vertex -64.88645935058594 28.326904296875 9.5
endloop
endfacet
facet normal -0.9627590952182947 0.2703607304592338 0
outer loop
vertex 39.58906936645508 -56.2792854309082 10.5
vertex 39.5167350769043 -56.536869049072266 5.300000190734863
vertex 39.5167350769043 -56.536869049072266 10.5
endloop
endfacet
facet normal -0.000035983084902327774 -0.9999999993520057 -0.000001098373209813411
outer loop
vertex -56.54155731201172 -75.59239959716797 9.5
vertex -11.188854217529297 -75.5940170288086 -3.700000047683716
vertex 1.1087262630462646 -75.5944595336914 -3.700000047683716
endloop
endfacet
facet normal 0 0 1
outer loop
vertex -56.63661575317383 32.647281646728516 11.5
vertex -56.90272521972656 33.1113166809082 11.5
vertex -56.85708999633789 26.74563980102539 11.5
endloop
endfacet
facet normal 0.983414475411082 -0.1813724608283606 -0.0000022386053967352506
outer loop
vertex -77.4297103881836 45.512359619140625 10.5
vertex -77.36265563964844 45.875999450683594 5.300000190734863
vertex -77.39818572998047 45.68328857421875 10.5
endloop
endfacet
facet normal -0.730661523266229 0.6827398761009013 0
outer loop
vertex 20.10696029663086 -62.732391357421875 5.300000190734863
vertex 20.10696029663086 -62.732391357421875 10.5
vertex 20.222585678100586 -62.60865020751953 10.5
endloop
endfacet
facet normal -0.605629163806384 0.7957470175546874 0
outer loop
vertex 31.096235275268555 44.1634635925293 9.5
vertex 31.217525482177734 44.255775451660156 9.5
vertex 31.096235275268555 44.1634635925293 -3.700000047683716
endloop
endfacet
facet normal 0.6355342728933324 -0.7720726571883914 0
outer loop
vertex 82.37828826904297 -69.78080749511719 9.5
vertex 82.37828826904297 -69.78080749511719 -3.700000047683716
vertex 82.75788879394531 -69.46833801269531 -3.700000047683716
endloop
endfacet
facet normal 0 0 1
outer loop
vertex -47.915470123291016 27.41954231262207 11.5
vertex -47.910430908203125 27.497207641601562 11.5
vertex -56.35991668701172 32.421119689941406 11.5
endloop
endfacet
facet normal -0.1409594575970166 0.9900153692311827 0
outer loop
vertex 30.31709861755371 43.83772277832031 9.5
vertex 29.897560119628906 43.77798843383789 -3.700000047683716
vertex 29.897560119628906 43.77798843383789 9.5
endloop
endfacet
facet normal -0.5422074083678186 -0.8402446824056988 0
outer loop
vertex -49.59233093261719 52.16249465942383 5.300000190734863
vertex -49.817134857177734 52.307559967041016 10.5
vertex -49.817134857177734 52.307559967041016 5.300000190734863
endloop
endfacet
facet normal 0 0 -1
outer loop
vertex -82.94098663330078 41.658546447753906 -5.699999809265137
vertex -81.44630432128906 41.86070251464844 -5.699999809265137
vertex -82.09148406982422 40.5577507019043 -5.699999809265137
endloop
endfacet
facet normal 0.9021069536206353 0.43151250761628773 0
outer loop
vertex -55.5012321472168 37.77020263671875 5.300000190734863
vertex -55.38578414916992 37.52885055541992 10.5
vertex -55.38578414916992 37.52885055541992 5.300000190734863
endloop
endfacet
facet normal 0.1813415018660719 0.9834201847130032 0
outer loop
vertex -60.218360900878906 35.374271392822266 5.300000190734863
vertex -60.582000732421875 35.44132614135742 5.300000190734863
vertex -60.218360900878906 35.374271392822266 10.5
endloop
endfacet
facet normal 0.22301700992529375 -0.9748145532787154 0
outer loop
vertex 19.807008743286133 35.97399139404297 5.300000190734863
vertex 19.507057189941406 35.90536880493164 10.5
vertex 19.507057189941406 35.90536880493164 5.300000190734863
endloop
endfacet
facet normal 0.28735756207356206 0.9578233822156963 1.5163249269128567e-7
outer loop
vertex -64.02974700927734 69.89879608154297 9.5
vertex -65.57206726074219 70.36151123046875 -3.700000047683716
vertex -65.1382827758789 70.23136901855469 9.5
endloop
endfacet
facet normal -0.5522625850955588 0.8336702208328965 0
outer loop
vertex 15.812981605529785 42.776371002197266 9.5
vertex 14.32168197631836 41.7884635925293 -3.700000047683716
vertex 14.32168197631836 41.7884635925293 9.5
endloop
endfacet
facet normal 0 0 1
outer loop
vertex 80.72696685791016 -69.3313980102539 11.5
vertex 81.74011993408203 -68.81053161621094 11.5
vertex 82.61966705322266 -68.08653259277344 11.5
endloop
endfacet
facet normal -0.3080970724760166 -0.9513549253204175 5.393056608560512e-7
outer loop
vertex -59.2474479675293 -75.03167724609375 9.5
vertex -58.846248626708984 -75.16161346435547 -3.700000047683716
vertex -58.36766052246094 -75.31660461425781 -3.700000047683716
endloop
endfacet
facet normal -0.7492968258225321 0.6622342990303944 0
outer loop
vertex -73.03868103027344 68.23249816894531 9.5
vertex -74.10502624511719 67.02596282958984 -3.700000047683716
vertex -74.10502624511719 67.02596282958984 9.5
endloop
endfacet
facet normal -0.999999999106738 -0.0000422672959625985 0
outer loop
vertex -64.69699096679688 27.503942489624023 9.5
vertex -64.6929931640625 -67.07988739013672 -3.700000047683716
vertex -64.6929931640625 -67.07988739013672 9.5
endloop
endfacet
facet normal 0 0 -1
outer loop
vertex -83.92993927001953 47.005348205566406 -5.699999809265137
vertex -82.68047332763672 46.35117721557617 -5.699999809265137
vertex -84.07113647460938 45.622066497802734 -5.699999809265137
endloop
endfacet
facet normal -0.9578219219492461 0.2873624294048407 0
outer loop
vertex -85.06751251220703 47.23191833496094 9.5
vertex -84.86698150634766 47.90031814575195 9.5
vertex -85.06751251220703 47.23191833496094 -3.700000047683716
endloop
endfacet
facet normal 0.07547030942686997 -0.9971480493862306 -4.978096457378539e-7
outer loop
vertex 78.77349853515625 -70.85101318359375 9.5
vertex 79.13610076904297 -70.82356262207031 -3.700000047683716
vertex 79.80462646484375 -70.77296447753906 -3.700000047683716
endloop
endfacet
facet normal 0 0 -1
outer loop
vertex -82.49510192871094 47.24028778076172 -5.699999809265137
vertex -83.52597045898438 48.351863861083984 -5.699999809265137
vertex -82.14246368408203 48.16383743286133 -5.699999809265137
endloop
endfacet
facet normal 0 0 1
outer loop
vertex 39.35696029663086 -60.790401458740234 11.5
vertex 39.27796936035156 -60.82723617553711 11.5
vertex 78.72982788085938 -69.6963119506836 11.5
endloop
endfacet
facet normal -0.8566166952029542 0.5159533287997754 0
outer loop
vertex 20.58907127380371 -61.0292854309082 5.300000190734863
vertex 20.58907127380371 -61.0292854309082 10.5
vertex 20.72711181640625 -60.80010223388672 10.5
endloop
endfacet
facet normal 0.5018418634376051 0.8649593887006904 0
outer loop
vertex -60.582000732421875 35.44132614135742 5.300000190734863
vertex -77.26789093017578 45.12233352661133 5.300000190734863
vertex -60.582000732421875 35.44132614135742 10.5
endloop
endfacet
facet normal 0.9501449908827586 0.31180842884758964 0
outer loop
vertex -3.2239480018615723 44.93706512451172 9.5
vertex -3.344895839691162 45.30561828613281 -3.700000047683716
vertex -3.344895839691162 45.30561828613281 9.5
endloop
endfacet
facet normal 0 0 1
outer loop
vertex 40.12059783935547 -56.36589431762695 11.5
vertex 40.05220413208008 -56.47944641113281 11.5
vertex 78.72982788085938 -69.6963119506836 11.5
endloop
endfacet
facet normal 0.4747873562580307 0.8801005433116774 0
outer loop
vertex -6.7883195877075195 50.12799835205078 9.5
vertex -7.8033976554870605 50.675601959228516 -3.700000047683716
vertex -7.8033976554870605 50.675601959228516 9.5
endloop
endfacet
facet normal 0.5682511534665714 -0.8228551674407296 0
outer loop
vertex 5.248682498931885 -74.34647369384766 9.5
vertex 6.009639263153076 -73.82096862792969 -3.450000047683716
vertex 6.009639263153076 -73.82096862792969 9.5
endloop
endfacet
facet normal 0 0 1
outer loop
vertex 0.5491961240768433 -63.25112533569336 11.5
vertex 9.71503734588623 -69.7003173828125 11.5
vertex 18.376678466796875 -63.38134002685547 11.5
endloop
endfacet
facet normal -0.00010986195485465134 0.9999999939651754 0
outer loop
vertex 76.8070068359375 -55.67601013183594 5.300000190734863
vertex 40.41767883300781 -55.68000793457031 5.300000190734863
vertex 76.8070068359375 -55.67601013183594 10.5
endloop
endfacet
facet normal -0.053649841404178236 -0.998559810185302 0
outer loop
vertex 0.8527509570121765 33.59899139404297 5.300000190734863
vertex -10.683098793029785 34.218780517578125 10.5
vertex -10.683098793029785 34.218780517578125 5.300000190734863
endloop
endfacet
facet normal 0 0 1
outer loop
vertex 81.3906021118164 45.75577163696289 11.5
vertex 77.77865600585938 40.688087463378906 11.5
vertex 82.38939666748047 44.788394927978516 11.5
endloop
endfacet
facet normal 0 0 -1
outer loop
vertex -81.92335510253906 48.58043670654297 -5.699999809265137
vertex -73.16394805908203 66.34712219238281 -5.699999809265137
vertex -72.22532653808594 65.35240173339844 -5.699999809265137
endloop
endfacet
facet normal 0 0 1
outer loop
vertex 13.89604663848877 40.36346435546875 11.5
vertex 18.723766326904297 35.78050994873047 11.5
vertex 18.792631149291992 35.87078094482422 11.5
endloop
endfacet
facet normal 0 0 -1
outer loop
vertex -72.22532653808594 65.35240173339844 -5.699999809265137
vertex -73.16394805908203 66.34712219238281 -5.699999809265137
vertex -71.61203002929688 66.12577056884766 -5.699999809265137
endloop
endfacet
facet normal 0 0 -1
outer loop
vertex -70.94328308105469 66.74030303955078 -5.699999809265137
vertex -71.14543914794922 68.2349853515625 -5.699999809265137
vertex -70.11988830566406 67.28458404541016 -5.699999809265137
endloop
endfacet
facet normal 0 0 1
outer loop
vertex 13.89604663848877 40.36346435546875 11.5
vertex 18.686933517456055 35.70152282714844 11.5
vertex 18.723766326904297 35.78050994873047 11.5
endloop
endfacet
facet normal 0.6891618537875495 -0.7246074380546395 -4.362718259803595e-9
outer loop
vertex 18.693038940429688 33.788700103759766 10.5
vertex 18.886905670166016 33.97308349609375 5.300000190734863
vertex 18.78065299987793 33.87202835083008 10.5
endloop
endfacet
facet normal 0.14095063462511995 -0.9900166254153391 0
outer loop
vertex 9.715104103088379 -70.85501098632812 -3.450000047683716
vertex 9.295565605163574 -70.91474151611328 9.5
vertex 9.295565605163574 -70.91474151611328 -3.450000047683716
endloop
endfacet
facet normal 0 0 -1
outer loop
vertex -69.29318237304688 67.66067504882812 -5.699999809265137
vertex -68.56700134277344 69.24290466308594 -5.699999809265137
vertex -68.34134674072266 67.92189025878906 -5.699999809265137
endloop
endfacet
facet normal 0 0 1
outer loop
vertex 13.89604663848877 40.36346435546875 11.5
vertex 18.56181526184082 34.402427673339844 11.5
vertex 18.601091384887695 34.54228973388672 11.5
endloop
endfacet
facet normal 0 0 -1
outer loop
vertex -65.56369018554688 67.78910827636719 -5.699999809265137
vertex -64.45211791992188 68.8199691772461 -5.699999809265137
vertex -64.64014434814453 67.43646240234375 -5.699999809265137
endloop
endfacet
facet normal 0.7325948196933137 -0.6806649911362572 0
outer loop
vertex 7.186920166015625 -72.7015151977539 9.5
vertex 7.3384599685668945 -72.53841400146484 -3.450000047683716
vertex 7.3384599685668945 -72.53841400146484 9.5
endloop
endfacet
facet normal 0 0 -1
outer loop
vertex -66.45280456542969 67.97447204589844 -5.699999809265137
vertex -67.18191528320312 69.3651351928711 -5.699999809265137
vertex -65.79862976074219 69.22393798828125 -5.699999809265137
endloop
endfacet
facet normal 0 0 1
outer loop
vertex 18.397367477416992 34.1975212097168 11.5
vertex 18.49342155456543 34.288875579833984 11.5
vertex 13.705305099487305 40.319549560546875 11.5
endloop
endfacet
facet normal 0.7313285152515914 -0.6820253681351619 0
outer loop
vertex 8.179216384887695 -71.49713134765625 -3.450000047683716
vertex 7.890195846557617 -71.80704498291016 9.5
vertex 7.890195846557617 -71.80704498291016 -3.450000047683716
endloop
endfacet
facet normal 0 0 -1
outer loop
vertex 3.4060020446777344 -72.50782012939453 -5.699999809265137
vertex 3.2014834880828857 -74.04170989990234 -5.699999809265137
vertex 2.803140163421631 -72.7582015991211 -5.699999809265137
endloop
endfacet
facet normal 0.00023050606705246848 -0.9999999734334762 0
outer loop
vertex 0.8527509570121765 33.59899139404297 5.300000190734863
vertex 18.196340560913086 33.602989196777344 5.300000190734863
vertex 0.8527509570121765 33.59899139404297 10.5
endloop
endfacet
facet normal -0.20291516692920708 -0.9791963209847615 0
outer loop
vertex -58.36766052246094 -75.31660461425781 9.5
vertex -58.36766052246094 -75.31660461425781 -3.700000047683716
vertex -57.89445495605469 -75.41466522216797 -3.700000047683716
endloop
endfacet
facet normal 0 0 -1
outer loop
vertex 1.636838674545288 -74.3965835571289 -5.699999809265137
vertex 2.176642417907715 -72.94159698486328 -5.699999809265137
vertex 2.4331676959991455 -74.26078796386719 -5.699999809265137
endloop
endfacet
facet normal -0.680672612129362 -0.7325877388388308 0
outer loop
vertex -61.7934455871582 -73.48096466064453 9.5
vertex -61.630393981933594 -73.63246154785156 -3.700000047683716
vertex -61.630393981933594 -73.63246154785156 9.5
endloop
endfacet
facet normal 0.9750988096755828 0.22177085329064639 0
outer loop
vertex -37.956321716308594 -51.5757942199707 5.300000190734863
vertex -37.89698791503906 -51.83667755126953 10.5
vertex -37.89698791503906 -51.83667755126953 5.300000190734863
endloop
endfacet
facet normal 0.19882198735126053 0.9800356204473871 0
outer loop
vertex 77.78434753417969 48.45890808105469 -3.700000047683716
vertex 77.70040893554688 48.47593688964844 -3.700000047683716
vertex 77.78434753417969 48.45890808105469 9.5
endloop
endfacet
facet normal 0.2703644417624393 0.9627580530073403 0
outer loop
vertex -38.49626922607422 -51.00807189941406 5.300000190734863
vertex -38.753849029541016 -50.93573760986328 5.300000190734863
vertex -38.49626922607422 -51.00807189941406 10.5
endloop
endfacet
facet normal 0.9123206248157714 0.4094765897285953 0
outer loop
vertex 84.85563659667969 42.7540397644043 9.5
vertex 84.85563659667969 42.7540397644043 -3.700000047683716
vertex 84.62718963623047 43.263023376464844 -3.700000047683716
endloop
endfacet
facet normal -0.2029170050355397 -0.9791959400791048 -6.872378675881165e-8
outer loop
vertex -58.36766052246094 -75.31660461425781 9.5
vertex -57.89445495605469 -75.41466522216797 -3.700000047683716
vertex -57.462120056152344 -75.50425720214844 -3.700000047683716
endloop
endfacet
facet normal 0 0 1
outer loop
vertex 18.376678466796875 -63.38134002685547 11.5
vertex 18.307575225830078 -63.29713439941406 11.5
vertex 0.5491961240768433 -63.25112533569336 11.5
endloop
endfacet
facet normal -0.9616710644680455 -0.27420569608397327 0
outer loop
vertex -64.48046112060547 -68.98329162597656 -3.700000047683716
vertex -64.22688293457031 -69.87261962890625 -3.700000047683716
vertex -64.48046112060547 -68.98329162597656 9.5
endloop
endfacet
facet normal 0 0 1
outer loop
vertex 18.90700912475586 -63.601009368896484 11.5
vertex 18.760690689086914 -63.58659744262695 11.5
vertex 9.71503734588623 -69.7003173828125 11.5
endloop
endfacet
facet normal 0.975100351303337 0.22176407483654467 0
outer loop
vertex -18.896989822387695 -58.96167755126953 5.300000190734863
vertex -18.956321716308594 -58.7007942199707 5.300000190734863
vertex -18.896989822387695 -58.96167755126953 10.5
endloop
endfacet
facet normal -0.7523864969317586 -0.6587219134314243 0
outer loop
vertex -10.854439735412598 43.295406341552734 5.300000190734863
vertex -11.19741439819336 43.68714904785156 10.5
vertex -11.19741439819336 43.68714904785156 5.300000190734863
endloop
endfacet
facet normal -0.5970425787996689 -0.8022095481233324 0
outer loop
vertex -61.36368179321289 -73.83096313476562 9.5
vertex -60.88853073120117 -74.1845932006836 -3.700000047683716
vertex -60.88853073120117 -74.1845932006836 9.5
endloop
endfacet
facet normal 0.9731741476442602 0.2300697249897689 0
outer loop
vertex 85.2260971069336 41.187007904052734 -3.700000047683716
vertex 84.94071197509766 42.394161224365234 -3.700000047683716
vertex 85.2260971069336 41.187007904052734 9.5
endloop
endfacet
facet normal 0.6827438618325188 0.7306577989250637 0
outer loop
vertex -18.449512481689453 -60.37623977661133 5.300000190734863
vertex -18.824371337890625 -60.025962829589844 5.300000190734863
vertex -18.449512481689453 -60.37623977661133 10.5
endloop
endfacet
facet normal 0 0 -1
outer loop
vertex -46.50979232788086 56.80990219116211 -5.699999809265137
vertex -47.451576232910156 57.51932144165039 -5.699999809265137
vertex -45.945858001708984 58.09614562988281 -5.699999809265137
endloop
endfacet
facet normal 0 0 1
outer loop
vertex -6.355987071990967 48.28477478027344 11.5
vertex -10.471417427062988 43.616798400878906 11.5
vertex -5.463859558105469 47.21823501586914 11.5
endloop
endfacet
facet normal -0.40964706329137107 -0.912244092081037 0
outer loop
vertex -59.85245895385742 -74.75999450683594 9.5
vertex -59.2474479675293 -75.03167724609375 -3.700000047683716
vertex -59.2474479675293 -75.03167724609375 9.5
endloop
endfacet
facet normal 0.0012359038110841204 0.9999992362705933 0
outer loop
vertex 77.70040893554688 48.47593688964844 -3.700000047683716
vertex 38.8189811706543 48.523990631103516 -3.700000047683716
vertex 77.70040893554688 48.47593688964844 9.5
endloop
endfacet
facet normal 0 0 1
outer loop
vertex -7.433261871337891 49.16391372680664 11.5
vertex -10.821220397949219 44.016510009765625 11.5
vertex -6.355987071990967 48.28477478027344 11.5
endloop
endfacet
facet normal -0.9259483234682121 -0.37765023800655456 0
outer loop
vertex -11.597468376159668 34.96694564819336 5.300000190734863
vertex -11.496429443359375 34.71921157836914 5.300000190734863
vertex -11.597468376159668 34.96694564819336 10.5
endloop
endfacet
facet normal -0.9857695542832371 -0.16810230768263693 0
outer loop
vertex -64.63591766357422 -68.0716781616211 -3.700000047683716
vertex -64.48046112060547 -68.98329162597656 -3.700000047683716
vertex -64.63591766357422 -68.0716781616211 9.5
endloop
endfacet
facet normal 0.16335931502897785 0.9865666395095989 1.144257913262745e-8
outer loop
vertex -27.911563873291016 53.334163665771484 9.5
vertex -28.2043514251709 53.38264465332031 -3.700000047683716
vertex -28.124664306640625 53.369449615478516 9.5
endloop
endfacet
facet normal 0.11426901113770901 0.993449844276806 0
outer loop
vertex -0.6659446954727173 -60.452125549316406 5.300000190734863
vertex -0.8929910063743591 -60.42601013183594 5.300000190734863
vertex -0.6659446954727173 -60.452125549316406 10.5
endloop
endfacet
facet normal 0.3105612701935777 0.9505533638127591 0
outer loop
vertex -44.88819885253906 58.833526611328125 -3.700000047683716
vertex -44.88819885253906 58.833526611328125 9.5
vertex -35.35218811035156 55.71795654296875 9.5
endloop
endfacet
facet normal 0.7983154846322084 -0.6022394764513883 0
outer loop
vertex 7.890195846557617 -71.80704498291016 -3.450000047683716
vertex 7.3384599685668945 -72.53841400146484 9.5
vertex 7.3384599685668945 -72.53841400146484 -3.450000047683716
endloop
endfacet
facet normal -0.47479220431433045 -0.8800979279161717 0
outer loop
vertex -30.888137817382812 45.80882263183594 5.300000190734863
vertex -31.123605728149414 45.93585205078125 10.5
vertex -31.123605728149414 45.93585205078125 5.300000190734863
endloop
endfacet
facet normal 0.7325901985754473 -0.6806699647782226 0
outer loop
vertex 7.3384599685668945 -72.53841400146484 -3.450000047683716
vertex 6.708992004394531 -73.21589660644531 9.5
vertex 6.708992004394531 -73.21589660644531 -3.450000047683716
endloop
endfacet
facet normal 0 0 1
outer loop
vertex 19.80571746826172 -63.30089569091797 11.5
vertex 19.437339782714844 -63.38134002685547 11.5
vertex 19.91816520690918 -63.286895751953125 11.5
endloop
endfacet
facet normal 0.3061320119181532 -0.9519890709871276 -9.719045269506105e-8
outer loop
vertex 8.892143249511719 -71.04447174072266 9.5
vertex 9.295565605163574 -70.91474151611328 -3.450000047683716
vertex 9.05124568939209 -70.9933090209961 9.5
endloop
endfacet
facet normal 0 0 1
outer loop
vertex -45.948307037353516 58.092803955078125 11.5
vertex -49.79963684082031 53.208534240722656 11.5
vertex -45.78550338745117 57.997493743896484 11.5
endloop
endfacet
facet normal 0.6827386184482441 0.7306626984316243 0
outer loop
vertex 0.2994583547115326 -62.51667022705078 10.5
vertex 0.17562900483608246 -62.400962829589844 5.300000190734863
vertex 0.17562900483608246 -62.400962829589844 10.5
endloop
endfacet
facet normal 0 0 -1
outer loop
vertex 82.38939666748047 44.788394927978516 -5.699999809265137
vertex 81.35820770263672 43.932456970214844 -5.699999809265137
vertex 80.65605926513672 44.62614822387695 -5.699999809265137
endloop
endfacet
facet normal 0.0033622646315947828 0.9999943475722987 0
outer loop
vertex -19.75385093688965 -58.06073760986328 10.5
vertex -37.44951248168945 -58.00123977661133 5.300000190734863
vertex -37.44951248168945 -58.00123977661133 10.5
endloop
endfacet
facet normal 0 0 -1
outer loop
vertex -58.071746826171875 -74.19869232177734 -5.699999809265137
vertex -57.047279357910156 -73.03890228271484 -5.699999809265137
vertex -57.2894287109375 -74.36080932617188 -5.699999809265137
endloop
endfacet
facet normal -0.8926939654251063 -0.4506633822417784 0
outer loop
vertex -84.64793395996094 42.47751235961914 -3.700000047683716
vertex -83.9222640991211 41.04007339477539 -3.700000047683716
vertex -84.64793395996094 42.47751235961914 9.5
endloop
endfacet
facet normal 0 0 1
outer loop
vertex -10.876020431518555 44.07017135620117 11.5
vertex -10.821220397949219 44.016510009765625 11.5
vertex -7.433261871337891 49.16391372680664 11.5
endloop
endfacet
facet normal 0 0 1
outer loop
vertex -45.40900802612305 57.802947998046875 11.5
vertex -49.489322662353516 52.69108581542969 11.5
vertex -45.24680709838867 57.735923767089844 11.5
endloop
endfacet
facet normal -0.996128994563631 -0.08790350499025901 -2.7754942156733844e-7
outer loop
vertex -85.19345092773438 45.204254150390625 -3.700000047683716
vertex -85.0894775390625 44.02602005004883 -3.700000047683716
vertex -85.23102569580078 45.63001251220703 9.5
endloop
endfacet
facet normal 0 0 1
outer loop
vertex -5.463859558105469 47.21823501586914 11.5
vertex -10.471417427062988 43.616798400878906 11.5
vertex -10.421426773071289 43.545406341552734 11.5
endloop
endfacet
facet normal 0.682743615519695 0.7306580290854915 0
outer loop
vertex 0.17562900483608246 -62.400962829589844 5.300000190734863
vertex 0.5504881143569946 -62.75123977661133 10.5
vertex 0.5504881143569946 -62.75123977661133 5.300000190734863
endloop
endfacet
facet normal -0.8983262726520793 0.439328929007542 3.2843939793797033e-7
outer loop
vertex -84.31585693359375 49.365047454833984 -3.700000047683716
vertex -84.60479736328125 48.77423095703125 -3.700000047683716
vertex -84.08736419677734 49.832252502441406 9.5
endloop
endfacet
facet normal 0 0 1
outer loop
vertex -10.35917854309082 43.34956741333008 11.5
vertex -10.324178695678711 43.0295295715332 11.5
vertex -4.350988864898682 44.668155670166016 11.5
endloop
endfacet
facet normal 0 0 -1
outer loop
vertex 79.91699981689453 45.15404510498047 -5.699999809265137
vertex 79.033935546875 45.594974517822266 -5.699999809265137
vertex 80.22727966308594 46.51740264892578 -5.699999809265137
endloop
endfacet
facet normal 0 0 1
outer loop
vertex -45.78550338745117 57.997493743896484 11.5
vertex -49.489322662353516 52.69108581542969 11.5
vertex -45.40900802612305 57.802947998046875 11.5
endloop
endfacet
facet normal 0 0 1
outer loop
vertex 3.941446542739868 -73.74044799804688 11.5
vertex 4.6442952156066895 -73.3605728149414 11.5
vertex 5.301706790924072 -72.90657043457031 11.5
endloop
endfacet
facet normal 0 0 -1
outer loop
vertex 83.75719451904297 42.38145446777344 -5.699999809265137
vertex 82.34803771972656 42.32323455810547 -5.699999809265137
vertex 83.18781280517578 43.650001525878906 -5.699999809265137
endloop
endfacet
facet normal 0 0 -1
outer loop
vertex 84.15228271484375 39.97262954711914 -5.699999809265137
vertex 82.78845977783203 40.48442459106445 -5.699999809265137
vertex 84.08061981201172 41.01335906982422 -5.699999809265137
endloop
endfacet
facet normal 0 0 1
outer loop
vertex -0.16574367880821228 -62.76628875732422 11.5
vertex 1.065205454826355 -74.43975830078125 11.5
vertex 0.2091154158115387 -63.11656951904297 11.5
endloop
endfacet
facet normal 0.9910119448875504 0.13377340950351288 -7.280053316896394e-10
outer loop
vertex 0.0810527503490448 -61.23372268676758 10.5
vertex 0.10700899362564087 -61.42601013183594 10.5
vertex 0.07121855020523071 -61.16086959838867 5.300000190734863
endloop
endfacet
facet normal 0 0 -1
outer loop
vertex 83.3255386352539 -67.19237518310547 -5.699999809265137
vertex 82.65985870361328 -65.42216491699219 -5.699999809265137
vertex 82.78861999511719 -64.72763061523438 -5.699999809265137
endloop
endfacet
facet normal 0 0 1
outer loop
vertex -56.48637771606445 -74.43769836425781 11.5
vertex 1.065205454826355 -74.43975830078125 11.5
vertex -18.620521545410156 -60.84608459472656 11.5
endloop
endfacet
facet normal 0.10154699138058716 0.9948307436652483 0
outer loop
vertex -65.57206726074219 70.36151123046875 -3.700000047683716
vertex -67.17396545410156 70.5250244140625 -3.700000047683716
vertex -65.57206726074219 70.36151123046875 9.5
endloop
endfacet
facet normal 0.47548036740454586 -0.8797263325675991 0
outer loop
vertex 4.4351325035095215 -74.78618621826172 -3.5438621044158936
vertex 4.907009124755859 -74.53114318847656 -3.450000047683716
vertex 4.4351325035095215 -74.78618621826172 9.5
endloop
endfacet
facet normal 0.2873575620735654 0.9578233822157074 0
outer loop
vertex -64.02974700927734 69.89879608154297 -3.700000047683716
vertex -65.1382827758789 70.23136901855469 -3.700000047683716
vertex -64.02974700927734 69.89879608154297 9.5
endloop
endfacet
facet normal -0.9983485449035447 -0.057447218287526684 0
outer loop
vertex -64.68959045410156 -67.13892364501953 -3.700000047683716
vertex -64.63591766357422 -68.0716781616211 -3.700000047683716
vertex -64.68959045410156 -67.13892364501953 9.5
endloop
endfacet
facet normal 0 0 1
outer loop
vertex 21.052202224731445 -61.22944641113281 11.5
vertex 21.01292610168457 -61.36930847167969 11.5
vertex 21.473875045776367 -60.929996490478516 11.5
endloop
endfacet
facet normal 0 0 1
outer loop
vertex -37.45119094848633 -58.50109100341797 11.5
vertex -19.31025505065918 -60.137115478515625 11.5
vertex -19.380399703979492 -59.8375129699707 11.5
endloop
endfacet
facet normal 0.43933046376816126 0.898325522071622 0
outer loop
vertex -62.97172927856445 69.38136291503906 9.5
vertex -62.97172927856445 69.38136291503906 -3.700000047683716
vertex -63.25264358520508 69.51874542236328 -3.700000047683716
endloop
endfacet
facet normal 0 0 1
outer loop
vertex -19.82354736328125 -58.56050491333008 11.5
vertex -37.45119094848633 -58.50109100341797 11.5
vertex -19.696428298950195 -58.5962028503418 11.5
endloop
endfacet
facet normal 0.002584657236097757 0.9999966597679073 0
outer loop
vertex 18.162351608276367 -62.79676055908203 5.300000190734863
vertex 0.5504881143569946 -62.75123977661133 5.300000190734863
vertex 18.162351608276367 -62.79676055908203 10.5
endloop
endfacet
facet normal 0 0 -1
outer loop
vertex 82.8070068359375 40.01408386230469 -5.699999809265137
vertex 84.15228271484375 39.97262954711914 -5.699999809265137
vertex 84.09339141845703 -65.07728576660156 -5.699999809265137
endloop
endfacet
facet normal 0 0 1
outer loop
vertex -19.696428298950195 -58.5962028503418 11.5
vertex -37.45119094848633 -58.50109100341797 11.5
vertex -19.582876205444336 -58.66459655761719 11.5
endloop
endfacet
facet normal 0.45102845011505727 0.8925095726023388 0
outer loop
vertex -44.88819885253906 58.833526611328125 -3.700000047683716
vertex -45.134971618652344 58.95823287963867 -3.700000047683716
vertex -44.88819885253906 58.833526611328125 9.5
endloop
endfacet
facet normal 0.999999736893209 0.000725405757469545 0
outer loop
vertex -37.89634323120117 -52.725399017333984 10.5
vertex -37.89698791503906 -51.83667755126953 5.300000190734863
vertex -37.89698791503906 -51.83667755126953 10.5
endloop
endfacet
facet normal -0.02513662284971299 0.9996840251758109 0
outer loop
vertex 38.8189811706543 48.523990631103516 -3.700000047683716
vertex 38.39085388183594 48.51322555541992 -3.700000047683716
vertex 38.8189811706543 48.523990631103516 9.5
endloop
endfacet
facet normal 0 0 -1
outer loop
vertex -28.687803268432617 50.9073371887207 -5.699999809265137
vertex -28.562955856323242 52.285037994384766 -5.699999809265137
vertex -28.392974853515625 52.24345397949219 -5.699999809265137
endloop
endfacet
facet normal 0.07532102064412864 -0.9971593372421113 0
outer loop
vertex 1.1087262630462646 -75.5944595336914 -3.700000047683716
vertex 1.2809380292892456 -75.58145141601562 -3.700000047683716
vertex 1.1087262630462646 -75.5944595336914 9.5
endloop
endfacet
facet normal 0 0 1
outer loop
vertex -55.84251403808594 37.24351119995117 11.5
vertex -55.865962982177734 37.37398147583008 11.5
vertex -59.39867401123047 35.28036880493164 11.5
endloop
endfacet
facet normal 0.8813983502949856 0.47237373773028246 0
outer loop
vertex -37.956321716308594 -51.5757942199707 10.5
vertex -38.08270263671875 -51.33998107910156 5.300000190734863
vertex -38.08270263671875 -51.33998107910156 10.5
endloop
endfacet
facet normal -0.3250677850106573 0.9456907185482287 0
outer loop
vertex 36.81798553466797 48.28726577758789 -3.700000047683716
vertex 35.295162200927734 47.763816833496094 -3.700000047683716
vertex 36.81798553466797 48.28726577758789 9.5
endloop
endfacet
facet normal -0.9984594993016009 0.055485387755665305 0
outer loop
vertex 20.457239151000977 -62.3575325012207 5.300000190734863
vertex 20.51673698425293 -61.286869049072266 10.5
vertex 20.51673698425293 -61.286869049072266 5.300000190734863
endloop
endfacet
facet normal 0.5159522583391745 0.8566173399568243 0
outer loop
vertex -38.26708221435547 -51.146114349365234 10.5
vertex -38.49626922607422 -51.00807189941406 5.300000190734863
vertex -38.49626922607422 -51.00807189941406 10.5
endloop
endfacet
facet normal 0 0 1
outer loop
vertex 32.619266510009766 44.00529098510742 11.5
vertex 37.7237663269043 40.53050994873047 11.5
vertex 37.792633056640625 40.62078094482422 11.5
endloop
endfacet
facet normal -0.7313406447942056 0.6820123615243316 0
outer loop
vertex 31.72246742248535 44.73002624511719 -3.700000047683716
vertex 31.663211822509766 44.66648483276367 -3.700000047683716
vertex 31.72246742248535 44.73002624511719 9.5
endloop
endfacet
facet normal 0 0 1
outer loop
vertex -2.4486663341522217 40.8664436340332 11.5
vertex -10.632444381713867 34.71678161621094 11.5
vertex -2.2786855697631836 40.76940155029297 11.5
endloop
endfacet
facet normal -0.6056291638063835 0.7957470175546869 4.016272572780941e-8
outer loop
vertex 31.217525482177734 44.255775451660156 -3.700000047683716
vertex 31.096235275268555 44.1634635925293 -3.700000047683716
vertex 31.433446884155273 44.420108795166016 9.5
endloop
endfacet
facet normal -0.6891544288563295 0.7246144997084355 0
outer loop
vertex 39.92097854614258 -55.86572265625 5.300000190734863
vertex 39.72711181640625 -56.05010223388672 5.300000190734863
vertex 39.92097854614258 -55.86572265625 10.5
endloop
endfacet
facet normal -0.4625315506397625 0.886602822385975 0
outer loop
vertex 31.096235275268555 44.1634635925293 -3.700000047683716
vertex 30.72052001953125 43.96745681762695 -3.700000047683716
vertex 31.096235275268555 44.1634635925293 9.5
endloop
endfacet
facet normal 0 0 1
outer loop
vertex 0.30048808455467224 -63.18425369262695 11.5
vertex 1.065205454826355 -74.43975830078125 11.5
vertex 0.37947800755500793 -63.22108459472656 11.5
endloop
endfacet
facet normal 0 0 -1
outer loop
vertex -4.830204010009766 39.925601959228516 -5.699999809265137
vertex -2.945693016052246 41.23442077636719 -5.699999809265137
vertex -4.516117095947266 39.64999771118164 -5.699999809265137
endloop
endfacet
facet normal 0 0 1
outer loop
vertex 37.65685272216797 40.28914260864258 11.5
vertex 31.253101348876953 42.94657897949219 11.5
vertex 37.59846878051758 36.90795135498047 11.5
endloop
endfacet
facet normal 0 0 -1
outer loop
vertex -3.375800371170044 39.153865814208984 -5.699999809265137
vertex -1.7091084718704224 40.52854919433594 -5.699999809265137
vertex -3.0375256538391113 39.114723205566406 -5.699999809265137
endloop
endfacet
facet normal 0 0 1
outer loop
vertex 0.5491961240768433 -63.25112533569336 11.5
vertex 6.452271938323975 -71.79578399658203 11.5
vertex 6.968380928039551 -71.11164093017578 11.5
endloop
endfacet
facet normal 0 0 -1
outer loop
vertex -1.8941837549209595 40.59124755859375 -5.699999809265137
vertex -3.780100107192993 39.25945281982422 -5.699999809265137
vertex -4.163265228271484 39.42616271972656 -5.699999809265137
endloop
endfacet
facet normal -0.472370769552202 0.8813999410441667 0
outer loop
vertex 20.920978546142578 -60.61572265625 5.300000190734863
vertex 21.15679359436035 -60.489341735839844 10.5
vertex 21.15679359436035 -60.489341735839844 5.300000190734863
endloop
endfacet
facet normal 0 0 -1
outer loop
vertex -5.313098430633545 40.6046142578125 -5.699999809265137
vertex -5.470338821411133 40.99176025390625 -5.699999809265137
vertex -3.726250171661377 42.18782043457031 -5.699999809265137
endloop
endfacet
facet normal 0 0 -1
outer loop
vertex -5.313098430633545 40.6046142578125 -5.699999809265137
vertex -3.726250171661377 42.18782043457031 -5.699999809265137
vertex -3.6288259029388428 42.01841354370117 -5.699999809265137
endloop
endfacet
facet normal 0.6827438618325188 0.7306577989250637 0
outer loop
vertex -56.44951248168945 -50.87623977661133 5.300000190734863
vertex -56.824371337890625 -50.525962829589844 5.300000190734863
vertex -56.44951248168945 -50.87623977661133 10.5
endloop
endfacet
facet normal 0 0 -1
outer loop
vertex -3.9173431396484375 42.56608200073242 -5.699999809265137
vertex -5.565957546234131 41.39853286743164 -5.699999809265137
vertex -3.9848835468292236 42.749473571777344 -5.699999809265137
endloop
endfacet
facet normal 0 0 -1
outer loop
vertex -2.945693016052246 41.23442077636719 -5.699999809265137
vertex -4.830204010009766 39.925601959228516 -5.699999809265137
vertex -3.2489428520202637 41.530426025390625 -5.699999809265137
endloop
endfacet
facet normal 0 0 -1
outer loop
vertex -61.850181579589844 -69.09713745117188 -5.699999809265137
vertex -62.83243179321289 -70.2354507446289 -5.699999809265137
vertex -62.03357696533203 -68.47064208984375 -5.699999809265137
endloop
endfacet
facet normal 0 0 1
outer loop
vertex -1.3000407218933105 40.41789627075195 11.5
vertex 0.8661155700683594 34.098995208740234 11.5
vertex -1.200189232826233 40.39113998413086 11.5
endloop
endfacet
facet normal 0 0 -1
outer loop
vertex -1.1339664459228516 40.38143539428711 -5.699999809265137
vertex -0.8224994540214539 40.34496307373047 -5.699999809265137
vertex -3.0375256538391113 39.114723205566406 -5.699999809265137
endloop
endfacet
facet normal 0.38012680044662533 0.9249343844737793 -5.677150412044485e-7
outer loop
vertex 80.76783752441406 47.54365921020508 9.5
vertex 79.27848052978516 48.15574264526367 -3.700000047683716
vertex 80.45674133300781 47.671512603759766 9.5
endloop
endfacet
facet normal -0.1409594575970166 0.9900153692311827 0
outer loop
vertex 30.31709861755371 43.83772277832031 -3.700000047683716
vertex 29.897560119628906 43.77798843383789 -3.700000047683716
vertex 30.31709861755371 43.83772277832031 9.5
endloop
endfacet
facet normal 0 0 1
outer loop
vertex 32.17567443847656 43.53555679321289 11.5
vertex 32.13066101074219 43.5040397644043 11.5
vertex 37.65685272216797 40.28914260864258 11.5
endloop
endfacet
facet normal -0.0548866750741055 0.9984925903076645 0
outer loop
vertex 19.818981170654297 43.773990631103516 -3.700000047683716
vertex 18.876367568969727 43.72217559814453 -3.700000047683716
vertex 19.818981170654297 43.773990631103516 9.5
endloop
endfacet
facet normal -0.38419350157967336 0.9232525945503481 0
outer loop
vertex 17.299673080444336 43.39502716064453 -3.700000047683716
vertex 16.803184509277344 43.18842315673828 -3.700000047683716
vertex 17.299673080444336 43.39502716064453 9.5
endloop
endfacet
facet normal 0 0 -1
outer loop
vertex -57.687400817871094 -72.91091918945312 -5.699999809265137
vertex -58.83182144165039 -73.9525375366211 -5.699999809265137
vertex -58.30982971191406 -72.71414947509766 -5.699999809265137
endloop
endfacet
facet normal -0.4625315506397625 0.886602822385975 0
outer loop
vertex 14.32168197631836 41.7884635925293 -3.700000047683716
vertex 13.945966720581055 41.59245681762695 -3.700000047683716
vertex 14.32168197631836 41.7884635925293 9.5
endloop
endfacet
facet normal -0.3061446176645868 0.9519850172534234 5.463490098803967e-8
outer loop
vertex 13.810083389282227 41.54875946044922 -3.700000047683716
vertex 13.5425443649292 41.46272277832031 -3.700000047683716
vertex 13.945966720581055 41.59245681762695 9.5
endloop
endfacet
facet normal 0.7246149299910065 0.6891539764334529 -2.979112336744855e-7
outer loop
vertex -19.08270263671875 -58.46498107910156 10.5
vertex -19.2670841217041 -58.271114349365234 5.300000190734863
vertex -19.166030883789062 -58.37736511230469 10.5
endloop
endfacet
facet normal 0 0 1
outer loop
vertex -56.0922966003418 37.65803527832031 11.5
vertex -57.07279968261719 38.258670806884766 11.5
vertex -59.39867401123047 35.28036880493164 11.5
endloop
endfacet
facet normal 0.6957154858125637 0.7183174526632277 0
outer loop
vertex 82.11502075195312 46.66165542602539 9.5
vertex 82.9671859741211 45.8363037109375 9.5
vertex 82.11502075195312 46.66165542602539 -3.700000047683716
endloop
endfacet
facet normal 0 0 1
outer loop
vertex -59.4453125 35.214691162109375 11.5
vertex -56.937530517578125 33.71050262451172 11.5
vertex -56.91594696044922 33.81950378417969 11.5
endloop
endfacet
facet normal 0 0 1
outer loop
vertex 31.253101348876953 42.94657897949219 11.5
vertex 31.07402229309082 42.86819839477539 11.5
vertex 37.59846878051758 36.90795135498047 11.5
endloop
endfacet
facet normal 0 0 1
outer loop
vertex -60.02730941772461 34.91377258300781 11.5
vertex -56.93877029418945 33.18893051147461 11.5
vertex -59.6367301940918 35.074256896972656 11.5
endloop
endfacet
facet normal 0.9123156363473963 0.40948770393754824 0
outer loop
vertex 84.62718963623047 43.263023376464844 9.5
vertex 84.19627380371094 44.223079681396484 -3.700000047683716
vertex 84.19627380371094 44.223079681396484 9.5
endloop
endfacet
facet normal 0.06085664467415909 0.9981465166993199 -1.3210380878069573e-7
outer loop
vertex -57.11196517944336 38.80043411254883 10.5
vertex -57.37901306152344 38.816715240478516 5.300000190734863
vertex -57.182228088378906 38.804718017578125 10.5
endloop
endfacet
facet normal 0.7832869170124732 0.6216603619635895 -6.274085706788613e-7
outer loop
vertex -0.0335908867418766 -60.91470718383789 10.5
vertex -0.19991694390773773 -60.705142974853516 5.300000190734863
vertex -0.09099337458610535 -60.84238052368164 10.5
endloop
endfacet
facet normal 0 0 1
outer loop
vertex 30.6696834564209 42.741310119628906 11.5
vertex 30.4798583984375 42.694549560546875 11.5
vertex 37.14014434814453 36.47797393798828 11.5
endloop
endfacet
facet normal 0.5904130523819164 0.8071012498919007 0
outer loop
vertex -0.19991694390773773 -60.705142974853516 10.5
vertex -0.4158538579940796 -60.54718017578125 5.300000190734863
vertex -0.4158538579940796 -60.54718017578125 10.5
endloop
endfacet
facet normal 0 0 -1
outer loop
vertex 37.96788787841797 45.964141845703125 -5.699999809265137
vertex 38.48780059814453 47.360595703125 -5.699999809265137
vertex 38.816917419433594 46.023990631103516 -5.699999809265137
endloop
endfacet
facet normal 0 0 -1
outer loop
vertex 37.00513458251953 45.746604919433594 -5.699999809265137
vertex 35.77443313598633 46.70754623413086 -5.699999809265137
vertex 37.090171813964844 47.159812927246094 -5.699999809265137
endloop
endfacet
facet normal 0 0 -1
outer loop
vertex 34.61869430541992 44.31904983520508 -5.699999809265137
vertex 34.56828689575195 46.015621185302734 -5.699999809265137
vertex 35.31477355957031 44.90245056152344 -5.699999809265137
endloop
endfacet
facet normal 0 0 -1
outer loop
vertex 32.619266510009766 44.00529098510742 -5.699999809265137
vertex 33.970767974853516 43.574462890625 -5.699999809265137
vertex 33.30051040649414 42.472740173339844 -5.699999809265137
endloop
endfacet
facet normal 0 0 1
outer loop
vertex -3.9173431396484375 42.56608200073242 11.5
vertex -10.632444381713867 34.71678161621094 11.5
vertex -3.726250171661377 42.18782043457031 11.5
endloop
endfacet
facet normal 0 0 -1
outer loop
vertex -4.7889018058776855 46.00257110595703 -5.699999809265137
vertex -6.120165824890137 45.691001892089844 -5.699999809265137
vertex -5.463859558105469 47.21823501586914 -5.699999809265137
endloop
endfacet
facet normal 0.9885696984911436 0.15076455559954932 0
outer loop
vertex -3.002187967300415 43.482975006103516 9.5
vertex -3.2239480018615723 44.93706512451172 -3.700000047683716
vertex -3.2239480018615723 44.93706512451172 9.5
endloop
endfacet
facet normal 0 0 -1
outer loop
vertex -8.716545104980469 48.37137222290039 -5.699999809265137
vertex -7.433261871337891 49.16391372680664 -5.699999809265137
vertex -7.8844475746154785 47.840492248535156 -5.699999809265137
endloop
endfacet
facet normal 0 0 -1
outer loop
vertex -5.463859558105469 47.21823501586914 -5.699999809265137
vertex -7.8844475746154785 47.840492248535156 -5.699999809265137
vertex -6.355987071990967 48.28477478027344 -5.699999809265137
endloop
endfacet
facet normal 0 0 1
outer loop
vertex -2.7950778007507324 41.110572814941406 11.5
vertex -2.945693016052246 41.23442077636719 11.5
vertex -10.632444381713867 34.71678161621094 11.5
endloop
endfacet
facet normal 0 0 -1
outer loop
vertex -4.350988864898682 44.668155670166016 -5.699999809265137
vertex -5.570617198944092 43.883270263671875 -5.699999809265137
vertex -5.7628560066223145 44.77091979980469 -5.699999809265137
endloop
endfacet
facet normal -0.6806726121293591 -0.7325877388388276 -9.438707644473085e-8
outer loop
vertex -61.7934455871582 -73.48096466064453 -3.700000047683716
vertex -61.630393981933594 -73.63246154785156 -3.700000047683716
vertex -62.30787658691406 -73.00299072265625 9.5
endloop
endfacet
facet normal 0 0 -1
outer loop
vertex 32.13066101074219 43.5040397644043 -5.699999809265137
vertex 32.27521514892578 43.63509750366211 -5.699999809265137
vertex 33.30051040649414 42.472740173339844 -5.699999809265137
endloop
endfacet
facet normal 0 0 1
outer loop
vertex -11.058943748474121 34.97053146362305 11.5
vertex -10.978130340576172 34.865455627441406 11.5
vertex -3.9173431396484375 42.56608200073242 11.5
endloop
endfacet
facet normal 0 0 -1
outer loop
vertex 31.793447494506836 43.24739074707031 -5.699999809265137
vertex 32.13066101074219 43.5040397644043 -5.699999809265137
vertex 33.30051040649414 42.472740173339844 -5.699999809265137
endloop
endfacet
facet normal 0.9959053924008386 -0.09040160057628199 4.215934328497755e-7
outer loop
vertex -55.362648010253906 36.99906921386719 10.5
vertex -55.33845901489258 37.26552200317383 5.300000190734863
vertex -55.3441047668457 37.20335006713867 10.5
endloop
endfacet
facet normal 0 0 1
outer loop
vertex -10.872347831726074 34.78556442260742 11.5
vertex -10.73998737335205 34.732933044433594 11.5
vertex -3.9173431396484375 42.56608200073242 11.5
endloop
endfacet
facet normal 0 0 -1
outer loop
vertex 32.389583587646484 41.62616729736328 -5.699999809265137
vertex 31.253101348876953 42.94657897949219 -5.699999809265137
vertex 32.73590087890625 41.85999298095703 -5.699999809265137
endloop
endfacet
facet normal 0 0 1
outer loop
vertex 29.89801788330078 42.623329162597656 11.5
vertex 19.850921630859375 42.619300842285156 11.5
vertex 37.14014434814453 36.47797393798828 11.5
endloop
endfacet
facet normal 0 0 1
outer loop
vertex 0.5491961240768433 -63.25112533569336 11.5
vertex 7.817104339599609 -70.3216323852539 11.5
vertex 7.939077854156494 -70.240478515625 11.5
endloop
endfacet
facet normal 0 0 -1
outer loop
vertex 31.07402229309082 42.86819839477539 -5.699999809265137
vertex 32.389583587646484 41.62616729736328 -5.699999809265137
vertex 32.01133728027344 41.44858169555664 -5.699999809265137
endloop
endfacet
facet normal 0 0 -1
outer loop
vertex 31.195837020874023 41.27769088745117 -5.699999809265137
vertex 30.060319900512695 42.63481903076172 -5.699999809265137
vertex 30.4798583984375 42.694549560546875 -5.699999809265137
endloop
endfacet
facet normal 0.22302405941994546 -0.9748129404761966 0
outer loop
vertex 38.65398025512695 40.68898010253906 10.5
vertex 38.807010650634766 40.72399139404297 5.300000190734863
vertex 38.807010650634766 40.72399139404297 10.5
endloop
endfacet
facet normal 0 0 1
outer loop
vertex 0.5491961240768433 -63.25112533569336 11.5
vertex 9.133186340332031 -69.77424621582031 11.5
vertex 9.55272388458252 -69.71451568603516 11.5
endloop
endfacet
facet normal -0.7562400393411378 -0.6542942785148853 0
outer loop
vertex -62.30787658691406 -73.00299072265625 -3.700000047683716
vertex -62.91294860839844 -72.30364227294922 9.5
vertex -62.91294860839844 -72.30364227294922 -3.700000047683716
endloop
endfacet
facet normal -0.38320993601625075 0.9236612717540917 -1.8633214261405274e-7
outer loop
vertex -59.82833480834961 35.53608703613281 10.5
vertex -60.218360900878906 35.374271392822266 5.300000190734863
vertex -60.142093658447266 35.405914306640625 10.5
endloop
endfacet
facet normal 0.7306500121474032 -0.6827521949792615 0
outer loop
vertex 38.39139938354492 40.53159713745117 10.5
vertex 38.507057189941406 40.65536880493164 5.300000190734863
vertex 38.507057189941406 40.65536880493164 10.5
endloop
endfacet
facet normal 0 0 1
outer loop
vertex -65.79862976074219 69.22393798828125 11.5
vertex -66.75697326660156 63.12649917602539 11.5
vertex -64.45211791992188 68.8199691772461 11.5
endloop
endfacet
facet normal 0 0 1
outer loop
vertex -9.978938102722168 50.240234375 11.5
vertex -11.144124984741211 44.18248748779297 11.5
vertex -11.110589981079102 44.1795539855957 11.5
endloop
endfacet
facet normal -0.00022977264840073693 0.9999999736021745 -4.249621668096902e-7
outer loop
vertex 38.807010650634766 -60.42601013183594 10.5
vertex 21.417678833007812 -60.43000793457031 5.300000190734863
vertex 24.213808059692383 -60.42936325073242 10.5
endloop
endfacet
facet normal 0 0 1
outer loop
vertex -64.45211791992188 68.8199691772461 11.5
vertex -66.75697326660156 63.12649917602539 11.5
vertex -66.67710876464844 63.089054107666016 11.5
endloop
endfacet
facet normal 0.16336115988460018 0.9865663340298801 -3.05998994786558e-8
outer loop
vertex -28.2043514251709 53.38264465332031 -3.700000047683716
vertex -27.911563873291016 53.334163665771484 9.5
vertex -28.124664306640625 53.369449615478516 -3.700000047683716
endloop
endfacet
facet normal 0.10714642750605033 0.9942432514594659 0
outer loop
vertex -9.741402626037598 51.37602233886719 -3.700000047683716
vertex -20.059123992919922 52.48793029785156 -3.700000047683716
vertex -9.741402626037598 51.37602233886719 9.5
endloop
endfacet
facet normal 0.07530439532998594 -0.9971605929056354 -2.582890280118893e-7
outer loop
vertex 1.1087262630462646 -75.5944595336914 9.5
vertex 1.7776777744293213 -75.54393768310547 -3.700000047683716
vertex 1.2853204011917114 -75.58112335205078 9.5
endloop
endfacet
facet normal 0.4204060568598208 0.907336071891544 0
outer loop
vertex -1.408745288848877 41.63895034790039 -3.700000047683716
vertex -1.6888903379440308 41.76875305175781 -3.700000047683716
vertex -1.408745288848877 41.63895034790039 9.5
endloop
endfacet
facet normal 0 0 1
outer loop
vertex -18.53633689880371 -60.86864471435547 11.5
vertex -18.620521545410156 -60.84608459472656 11.5
vertex 1.065205454826355 -74.43975830078125 11.5
endloop
endfacet
facet normal 0.8566135443263118 -0.5159585600382204 0
outer loop
vertex 37.886905670166016 36.34808349609375 10.5
vertex 38.02494812011719 36.577266693115234 5.300000190734863
vertex 38.02494812011719 36.577266693115234 10.5
endloop
endfacet
facet normal 0 0 1
outer loop
vertex -18.450929641723633 -60.87623977661133 11.5
vertex 1.065205454826355 -74.43975830078125 11.5
vertex -0.2942173182964325 -62.57197189331055 11.5
endloop
endfacet
facet normal 0.3002833373256444 0.9538500497062277 0
outer loop
vertex -8.20548152923584 50.892513275146484 -3.700000047683716
vertex -8.33230209350586 50.932437896728516 -3.700000047683716
vertex -8.20548152923584 50.892513275146484 9.5
endloop
endfacet
facet normal -0.0013009629206749064 -0.9999991537473814 0
outer loop
vertex 38.807010650634766 40.72399139404297 10.5
vertex 38.807010650634766 40.72399139404297 5.300000190734863
vertex 77.06352996826172 40.67422103881836 5.300000190734863
endloop
endfacet
facet normal 0.4747873562580307 0.8801005433116774 0
outer loop
vertex -6.7883195877075195 50.12799835205078 -3.700000047683716
vertex -7.8033976554870605 50.675601959228516 -3.700000047683716
vertex -6.7883195877075195 50.12799835205078 9.5
endloop
endfacet
facet normal 0 0 1
outer loop
vertex -18.450929641723633 -60.87623977661133 11.5
vertex -0.6565861105918884 -60.99058151245117 11.5
vertex -0.9223591089248657 -60.92593002319336 11.5
endloop
endfacet
facet normal 0.6891697312401452 -0.7245999458612166 5.549857662387765e-7
outer loop
vertex 37.69303894042969 36.163700103759766 10.5
vertex 37.886905670166016 36.34808349609375 5.300000190734863
vertex 37.7806510925293 36.24702835083008 10.5
endloop
endfacet
facet normal 0.9501449908827586 0.31180842884758964 0
outer loop
vertex -3.2239480018615723 44.93706512451172 -3.700000047683716
vertex -3.344895839691162 45.30561828613281 -3.700000047683716
vertex -3.2239480018615723 44.93706512451172 9.5
endloop
endfacet
facet normal 0 0 1
outer loop
vertex -18.450929641723633 -60.87623977661133 11.5
vertex -0.39299100637435913 -62.101009368896484 11.5
vertex -0.39299100637435913 -61.45960235595703 11.5
endloop
endfacet
facet normal 0.7670385094232448 0.641601063794136 0
outer loop
vertex -4.507661819458008 47.87480926513672 -3.700000047683716
vertex -5.540786266326904 49.10991668701172 -3.700000047683716
vertex -4.507661819458008 47.87480926513672 9.5
endloop
endfacet
facet normal 0.0754883281977128 -0.9971466854509995 0
outer loop
vertex 78.77349853515625 -70.85101318359375 -3.700000047683716
vertex 79.13610076904297 -70.82356262207031 -3.700000047683716
vertex 78.77349853515625 -70.85101318359375 9.5
endloop
endfacet
facet normal 0 0 1
outer loop
vertex -0.6565861105918884 -60.99058151245117 11.5
vertex -18.450929641723633 -60.87623977661133 11.5
vertex -0.549596905708313 -61.068843841552734 11.5
endloop
endfacet
facet normal 0.22175470945145456 -0.975102481196772 0
outer loop
vertex 37.338096618652344 36.01022720336914 10.5
vertex 37.45722579956055 36.03731918334961 5.300000190734863
vertex 37.45722579956055 36.03731918334961 10.5
endloop
endfacet
facet normal -0.9999998634824405 0.0005225276074551213 0
outer loop
vertex 77.50701141357422 40.023990631103516 5.300000190734863
vertex 77.45723724365234 -55.2325325012207 5.300000190734863
vertex 77.50701141357422 40.023990631103516 10.5
endloop
endfacet
facet normal 0 0 -1
outer loop
vertex 19.850921630859375 42.619300842285156 -5.699999809265137
vertex 18.9678897857666 41.214141845703125 -5.699999809265137
vertex 19.02618980407715 42.57396697998047 -5.699999809265137
endloop
endfacet
facet normal -0.14851941590364015 -0.9889094918644686 0
outer loop
vertex -10.871211051940918 34.247032165527344 10.5
vertex -10.683098793029785 34.218780517578125 5.300000190734863
vertex -10.683098793029785 34.218780517578125 10.5
endloop
endfacet
facet normal 0 0 -1
outer loop
vertex 17.16213607788086 40.65861129760742 -5.699999809265137
vertex 17.641855239868164 42.2867317199707 -5.699999809265137
vertex 18.0051326751709 40.996604919433594 -5.699999809265137
endloop
endfacet
facet normal 0.00022977318896994628 -0.9999999736020507 -4.2323872823334277e-7
outer loop
vertex 19.807008743286133 35.97399139404297 10.5
vertex 37.19633865356445 35.977989196777344 5.300000190734863
vertex 34.400177001953125 35.97734451293945 10.5
endloop
endfacet
facet normal -0.6820253681351618 -0.7313285152515914 0
outer loop
vertex -65.339111328125 29.039831161499023 -3.700000047683716
vertex -65.339111328125 29.039831161499023 9.5
vertex -65.6490249633789 29.3288516998291 9.5
endloop
endfacet
facet normal 0.2742131897917829 -0.961668927721082 0
outer loop
vertex 2.6892940998077393 -75.38848114013672 9.5
vertex 3.578622579574585 -75.13489532470703 -3.700000047683716
vertex 3.578622579574585 -75.13489532470703 9.5
endloop
endfacet
facet normal -0.95198583418401 -0.3061420773317101 0
outer loop
vertex -64.837646484375 28.175127029418945 9.5
vertex -64.75672149658203 27.923480987548828 -3.700000047683716
vertex -64.75672149658203 27.923480987548828 9.5
endloop
endfacet
facet normal -0.36951301027804606 -0.9292255567058283 0
outer loop
vertex -11.119821548461914 34.34589385986328 10.5
vertex -10.871211051940918 34.247032165527344 5.300000190734863
vertex -10.871211051940918 34.247032165527344 10.5
endloop
endfacet
facet normal -0.795749426088041 -0.6056259991781673 0
outer loop
vertex -65.339111328125 29.039831161499023 9.5
vertex -65.08246612548828 28.702617645263672 -3.700000047683716
vertex -65.08246612548828 28.702617645263672 9.5
endloop
endfacet
facet normal 0 0 1
outer loop
vertex 17.641855239868164 42.2867317199707 11.5
vertex 19.695505142211914 36.46139907836914 11.5
vertex 19.02618980407715 42.57396697998047 11.5
endloop
endfacet
facet normal 0 0 -1
outer loop
vertex 16.314775466918945 40.15245056152344 -5.699999809265137
vertex 16.358591079711914 41.75272750854492 -5.699999809265137
vertex 17.16213607788086 40.65861129760742 -5.699999809265137
endloop
endfacet
facet normal -0.9259566709080412 -0.37762977054371294 0
outer loop
vertex -11.509349822998047 34.750892639160156 10.5
vertex -11.496429443359375 34.71921157836914 5.300000190734863
vertex -11.496429443359375 34.71921157836914 10.5
endloop
endfacet
facet normal 0 0 -1
outer loop
vertex -62.192989349365234 -67.08352661132812 -5.699999809265137
vertex -63.542293548583984 27.503992080688477 -5.699999809265137
vertex -62.19668960571289 28.829851150512695 -5.699999809265137
endloop
endfacet
facet normal 0 0 -1
outer loop
vertex 14.789447784423828 39.07358169555664 -5.699999809265137
vertex 13.705305099487305 40.319549560546875 -5.699999809265137
vertex 13.89604663848877 40.36346435546875 -5.699999809265137
endloop
endfacet
facet normal 0 0 1
outer loop
vertex 14.899031639099121 40.7884635925293 11.5
vertex 14.854262351989746 40.76758575439453 11.5
vertex 19.14291000366211 36.24563980102539 11.5
endloop
endfacet
facet normal 0 0 -1
outer loop
vertex 13.973946571350098 38.90269088745117 -5.699999809265137
vertex 13.123390197753906 40.248287200927734 -5.699999809265137
vertex 13.2857666015625 40.25981903076172 -5.699999809265137
endloop
endfacet
facet normal 0 0 -1
outer loop
vertex 1.1127755641937256 40.24432373046875 -5.699999809265137
vertex 13.123390197753906 40.248287200927734 -5.699999809265137
vertex 1.0451356172561646 38.898990631103516 -5.699999809265137
endloop
endfacet
facet normal 0 0 1
outer loop
vertex -28.56211280822754 52.287620544433594 11.5
vertex -30.26807975769043 46.2398796081543 11.5
vertex -28.392974853515625 52.24345397949219 11.5
endloop
endfacet
facet normal 0 0 -1
outer loop
vertex 1.0451356172561646 38.898990631103516 -5.699999809265137
vertex -0.7474795579910278 40.342315673828125 -5.699999809265137
vertex 1.0529338121414185 40.24582290649414 -5.699999809265137
endloop
endfacet
facet normal -0.9999998634824405 0.0005225276074551213 0
outer loop
vertex 77.45723724365234 -55.2325325012207 5.300000190734863
vertex 77.45723724365234 -55.2325325012207 10.5
vertex 77.50701141357422 40.023990631103516 10.5
endloop
endfacet
facet normal 0 0 1
outer loop
vertex -28.56211280822754 52.287620544433594 11.5
vertex -30.71014404296875 46.28091812133789 11.5
vertex -30.56717300415039 46.24798583984375 11.5
endloop
endfacet
facet normal 0 0 1
outer loop
vertex -68.06466674804688 62.8832893371582 11.5
vertex -73.16394805908203 66.34712219238281 11.5
vertex -68.11405181884766 62.812767028808594 11.5
endloop
endfacet
facet normal 0.9999998428286143 -0.0005606627744541811 0
outer loop
vertex 85.24800872802734 -65.2171859741211 9.5
vertex 85.3070068359375 40.012020111083984 -3.700000047683716
vertex 85.3070068359375 40.012020111083984 9.5
endloop
endfacet
facet normal 0.7306577989250637 -0.6827438618325188 0
outer loop
vertex -56.492942810058594 26.405370712280273 5.300000190734863
vertex -56.84321975708008 26.0305118560791 10.5
vertex -56.84321975708008 26.0305118560791 5.300000190734863
endloop
endfacet
facet normal 0 0 1
outer loop
vertex 14.478548049926758 40.57157897949219 11.5
vertex 14.299468994140625 40.49319839477539 11.5
vertex 19.14291000366211 36.24563980102539 11.5
endloop
endfacet
facet normal 0.9959868116285723 -0.08950011766445276 0
outer loop
vertex -56.441429138183594 33.66592788696289 5.300000190734863
vertex -56.46892547607422 33.35993957519531 10.5
vertex -56.46892547607422 33.35993957519531 5.300000190734863
endloop
endfacet
facet normal 0 0 1
outer loop
vertex -56.620521545410156 -51.34608459472656 11.5
vertex -61.47581100463867 -72.19989776611328 11.5
vertex -60.89051818847656 -72.74371337890625 11.5
endloop
endfacet
facet normal 0 0 1
outer loop
vertex 19.91816520690918 -63.286895751953125 11.5
vertex 19.437339782714844 -63.38134002685547 11.5
vertex 38.807125091552734 -60.92601013183594 11.5
endloop
endfacet
facet normal 0.22177085329064639 -0.9750988096755828 0
outer loop
vertex -48.05997085571289 26.537321090698242 5.300000190734863
vertex -48.32085418701172 26.47798728942871 10.5
vertex -48.32085418701172 26.47798728942871 5.300000190734863
endloop
endfacet
facet normal 0 0 1
outer loop
vertex 13.123390197753906 40.248321533203125 11.5
vertex 18.1401424407959 34.10297393798828 11.5
vertex 13.2857666015625 40.25981903076172 11.5
endloop
endfacet
facet normal 0 0 -1
outer loop
vertex -61.99855041503906 -71.59571075439453 -5.699999809265137
vertex -60.91069412231445 -70.80663299560547 -5.699999809265137
vertex -61.47581100463867 -72.19989776611328 -5.699999809265137
endloop
endfacet
facet normal 0 0 1
outer loop
vertex -63.13369369506836 -69.4954833984375 11.5
vertex -62.83243179321289 -70.2354507446289 11.5
vertex -56.620521545410156 -51.34608459472656 11.5
endloop
endfacet
facet normal 0 0 -1
outer loop
vertex -58.907188415527344 -72.45091247558594 -5.699999809265137
vertex -59.560646057128906 -73.62525177001953 -5.699999809265137
vertex -59.472412109375 -72.12432861328125 -5.699999809265137
endloop
endfacet
facet normal 0 0 1
outer loop
vertex 1.0531221628189087 40.249473571777344 11.5
vertex 0.8661155700683594 34.098995208740234 11.5
vertex 1.1127755641937256 40.24432373046875 11.5
endloop
endfacet
facet normal 0 0 1
outer loop
vertex 20.35696029663086 -63.165401458740234 11.5
vertex 20.277971267700195 -63.20223617553711 11.5
vertex 38.807125091552734 -60.92601013183594 11.5
endloop
endfacet
facet normal 0 0 1
outer loop
vertex 20.822566986083984 -62.69890213012695 11.5
vertex 20.471107482910156 -63.07265853881836 11.5
vertex 38.807125091552734 -60.92601013183594 11.5
endloop
endfacet
facet normal 0 0 1
outer loop
vertex 20.95482063293457 -62.38518142700195 11.5
vertex 20.949642181396484 -62.44435501098633 11.5
vertex 38.807125091552734 -60.92601013183594 11.5
endloop
endfacet
facet normal 0 0 1
outer loop
vertex -56.45119094848633 -51.37609100341797 11.5
vertex -59.560646057128906 -73.62525177001953 11.5
vertex -58.83182144165039 -73.9525375366211 11.5
endloop
endfacet
facet normal 0 0 1
outer loop
vertex 38.807125091552734 -60.92601013183594 11.5
vertex 9.71503734588623 -69.7003173828125 11.5
vertex 78.72982788085938 -69.6963119506836 11.5
endloop
endfacet
facet normal 0 0 -1
outer loop
vertex -64.86149597167969 30.17331886291504 -5.699999809265137
vertex -63.3908576965332 30.933902740478516 -5.699999809265137
vertex -64.55158233642578 29.88429832458496 -5.699999809265137
endloop
endfacet
facet normal 0 0 1
outer loop
vertex 77.90823364257812 40.49495315551758 11.5
vertex 77.92579650878906 40.435447692871094 11.5
vertex 83.75719451904297 42.38145446777344 11.5
endloop
endfacet
facet normal 0 0 -1
outer loop
vertex -64.16638946533203 29.399829864501953 -5.699999809265137
vertex -64.42304229736328 29.737041473388672 -5.699999809265137
vertex -63.3908576965332 30.933902740478516 -5.699999809265137
endloop
endfacet
facet normal 0 0 1
outer loop
vertex -56.45119094848633 -51.37609100341797 11.5
vertex -57.2894287109375 -74.36080932617188 11.5
vertex -38.378875732421875 -57.46216583251953 11.5
endloop
endfacet
facet normal 0 0 1
outer loop
vertex 76.91816711425781 -56.161895751953125 11.5
vertex 82.61966705322266 -68.08653259277344 11.5
vertex 83.3255386352539 -67.19237518310547 11.5
endloop
endfacet
facet normal 0 0 1
outer loop
vertex 77.82257080078125 -55.57390213012695 11.5
vertex 84.09339141845703 -65.07728576660156 11.5
vertex 77.89025115966797 -55.4825325012207 11.5
endloop
endfacet
facet normal 0 0 1
outer loop
vertex 37.090171813964844 47.159812927246094 11.5
vertex 38.3360481262207 41.12521743774414 11.5
vertex 38.39590072631836 41.14125442504883 11.5
endloop
endfacet
facet normal 0 0 1
outer loop
vertex 77.27796936035156 -56.07723617553711 11.5
vertex 84.09339141845703 -65.07728576660156 11.5
vertex 77.35696411132812 -56.040401458740234 11.5
endloop
endfacet
facet normal 0 0 1
outer loop
vertex 76.80706024169922 -56.17601013183594 11.5
vertex 78.72982788085938 -69.6963119506836 11.5
vertex 76.91816711425781 -56.161895751953125 11.5
endloop
endfacet
facet normal 0 0 1
outer loop
vertex -38.378875732421875 -57.46216583251953 11.5
vertex -56.48637771606445 -74.43769836425781 11.5
vertex -38.3117790222168 -57.76246643066406 11.5
endloop
endfacet
facet normal 0.9627590952182947 -0.2703607304592338 0
outer loop
vertex 19.024948120117188 34.202266693115234 10.5
vertex 19.09728240966797 34.4598503112793 5.300000190734863
vertex 19.09728240966797 34.4598503112793 10.5
endloop
endfacet
facet normal 0.9711976435583867 -0.23827533893929728 0
outer loop
vertex 84.9175033569336 -66.56429290771484 9.5
vertex 84.9175033569336 -66.56429290771484 -3.700000047683716
vertex 85.07803344726562 -65.90998077392578 -3.700000047683716
endloop
endfacet
facet normal 0.38320809213405255 -0.92366203674449 0
outer loop
vertex -67.571533203125 62.60757827758789 10.5
vertex -67.29161834716797 62.72370910644531 5.300000190734863
vertex -67.29161834716797 62.72370910644531 10.5
endloop
endfacet
facet normal -0.02513662284971299 0.9996840251758109 0
outer loop
vertex 38.8189811706543 48.523990631103516 9.5
vertex 38.39085388183594 48.51322555541992 -3.700000047683716
vertex 38.39085388183594 48.51322555541992 9.5
endloop
endfacet
facet normal 0.7306559186513827 -0.6827458740553694 -2.7171464087627113e-7
outer loop
vertex -56.84321975708008 26.0305118560791 10.5
vertex -56.492942810058594 26.405370712280273 5.300000190734863
vertex -56.60848617553711 26.28171730041504 10.5
endloop
endfacet
facet normal 0 0 1
outer loop
vertex 32.619266510009766 44.00529098510742 11.5
vertex 37.792633056640625 40.62078094482422 11.5
vertex 33.510231018066406 45.105133056640625 11.5
endloop
endfacet
facet normal 0.31396774995092036 0.9494336480190473 0
outer loop
vertex -48.04084014892578 30.19672203063965 10.5
vertex -56.20293045043945 32.89583969116211 5.300000190734863
vertex -56.20293045043945 32.89583969116211 10.5
endloop
endfacet
facet normal 0.5073120229773839 0.8617624448434699 0
outer loop
vertex -47.810279846191406 30.060993194580078 10.5
vertex -48.04084014892578 30.19672203063965 5.300000190734863
vertex -48.04084014892578 30.19672203063965 10.5
endloop
endfacet
facet normal 0.7306577989250637 -0.6827438618325188 0
outer loop
vertex 38.507057189941406 40.65536880493164 5.300000190734863
vertex 38.15678024291992 40.28050994873047 10.5
vertex 38.15678024291992 40.28050994873047 5.300000190734863
endloop
endfacet
facet normal 0.6891581720703406 -0.7246109396556658 0
outer loop
vertex -47.824153900146484 26.6637020111084 10.5
vertex -47.630287170410156 26.84808349609375 5.300000190734863
vertex -47.630287170410156 26.84808349609375 10.5
endloop
endfacet
facet normal -0.5063316405276855 -0.8623388370011771 0
outer loop
vertex -60.88853073120117 -74.1845932006836 -3.700000047683716
vertex -60.5192756652832 -74.40140533447266 -3.700000047683716
vertex -60.88853073120117 -74.1845932006836 9.5
endloop
endfacet
facet normal 0.962762766275669 -0.2703476574204655 6.986430935896946e-7
outer loop
vertex -47.492244720458984 27.077266693115234 10.5
vertex -47.4199104309082 27.334850311279297 5.300000190734863
vertex -47.44612121582031 27.24152183532715 10.5
endloop
endfacet
facet normal 0.6891619152291804 -0.7246073796185409 0
outer loop
vertex 37.69303894042969 36.163700103759766 10.5
vertex 37.69303894042969 36.163700103759766 5.300000190734863
vertex 37.886905670166016 36.34808349609375 5.300000190734863
endloop
endfacet
facet normal 0.9728190638779121 0.23156655405239956 0
outer loop
vertex -47.43325424194336 29.374187469482422 10.5
vertex -47.495208740234375 29.63446044921875 5.300000190734863
vertex -47.495208740234375 29.63446044921875 10.5
endloop
endfacet
facet normal 0 0 -1
outer loop
vertex -63.78719711303711 28.680404663085938 -5.699999809265137
vertex -63.86558151245117 28.85948371887207 -5.699999809265137
vertex -62.19668960571289 28.829851150512695 -5.699999809265137
endloop
endfacet
facet normal 0 0 1
outer loop
vertex -63.538291931152344 -67.04666137695312 11.5
vertex -56.69951248168945 -51.30925369262695 11.5
vertex -56.79088592529297 -51.24156951904297 11.5
endloop
endfacet
facet normal 0 0 1
outer loop
vertex -63.79004669189453 28.679489135742188 11.5
vertex -63.66031265258789 28.27606773376465 11.5
vertex -56.85708999633789 26.74563980102539 11.5
endloop
endfacet
facet normal 0.898513418193123 -0.4389460528662213 2.7326650641393567e-7
outer loop
vertex 84.30865478515625 -67.81058502197266 9.5
vertex 84.77442932128906 -66.85716247558594 -3.700000047683716
vertex 84.9175033569336 -66.56429290771484 -3.700000047683716
endloop
endfacet
facet normal 0 0 1
outer loop
vertex -57.2762336730957 26.2805118560791 11.5
vertex -63.66031265258789 28.27606773376465 11.5
vertex -57.31306838989258 26.201520919799805 11.5
endloop
endfacet
facet normal 0 0 -1
outer loop
vertex -62.25048828125 29.244234085083008 -5.699999809265137
vertex -63.86558151245117 28.85948371887207 -5.699999809265137
vertex -62.36758041381836 29.64535140991211 -5.699999809265137
endloop
endfacet
facet normal 0 0 1
outer loop
vertex -64.42304229736328 29.737041473388672 11.5
vertex -64.16638946533203 29.399829864501953 11.5
vertex -60.83292007446289 35.008846282958984 11.5
endloop
endfacet
facet normal 0 0 1
outer loop
vertex -63.538291931152344 -67.04666137695312 11.5
vertex -57.31025695800781 -50.637115478515625 11.5
vertex -57.38039779663086 -50.3375129699707 11.5
endloop
endfacet
facet normal 0 0 1
outer loop
vertex -65.3631362915039 30.525903701782227 11.5
vertex -65.29849243164062 30.480640411376953 11.5
vertex -60.83292007446289 35.008846282958984 11.5
endloop
endfacet
facet normal 0 0 -1
outer loop
vertex -64.16638946533203 29.399829864501953 -5.699999809265137
vertex -63.3908576965332 30.933902740478516 -5.699999809265137
vertex -63.063453674316406 30.67599868774414 -5.699999809265137
endloop
endfacet
facet normal 0 0 1
outer loop
vertex -60.83292007446289 35.008846282958984 11.5
vertex -56.85708999633789 26.74563980102539 11.5
vertex -60.75300979614258 34.97148132324219 11.5
endloop
endfacet
facet normal 0 0 1
outer loop
vertex -77.51881408691406 44.68985366821289 11.5
vertex -65.3631362915039 30.525903701782227 11.5
vertex -60.83292007446289 35.008846282958984 11.5
endloop
endfacet
facet normal 0 0 1
outer loop
vertex -77.8324966430664 46.0470085144043 11.5
vertex -83.92993927001953 47.005348205566406 11.5
vertex -77.85436248779297 45.966670989990234 11.5
endloop
endfacet
facet normal 0 0 1
outer loop
vertex -77.85436248779297 45.966670989990234 11.5
vertex -84.07113647460938 45.622066497802734 11.5
vertex -77.92211151123047 45.599185943603516 11.5
endloop
endfacet
facet normal -0.9578231782038965 0.2873582420870039 2.311151854148035e-7
outer loop
vertex -84.60479736328125 48.77423095703125 9.5
vertex -85.06751251220703 47.23191833496094 -3.700000047683716
vertex -84.86698150634766 47.90031814575195 9.5
endloop
endfacet
facet normal 0 0 1
outer loop
vertex -83.52597045898438 48.351863861083984 11.5
vertex -83.92993927001953 47.005348205566406 11.5
vertex -77.8324966430664 46.0470085144043 11.5
endloop
endfacet
facet normal 0 0 1
outer loop
vertex -84.07113647460938 45.622066497802734 11.5
vertex -83.94890594482422 44.23698043823242 11.5
vertex -77.92211151123047 45.425537109375 11.5
endloop
endfacet
facet normal -0.000035663401059620356 -0.9999999993640609 0
outer loop
vertex -56.54155731201172 -75.59239959716797 9.5
vertex -56.54155731201172 -75.59239959716797 -3.700000047683716
vertex -11.188854217529297 -75.5940170288086 -3.700000047683716
endloop
endfacet
facet normal 0 0 1
outer loop
vertex -81.05302429199219 39.639949798583984 11.5
vertex -65.3631362915039 30.525903701782227 11.5
vertex -77.51881408691406 44.68985366821289 11.5
endloop
endfacet
facet normal 0 0 1
outer loop
vertex -56.85708999633789 26.74563980102539 11.5
vertex -56.814334869384766 26.788393020629883 11.5
vertex -56.35991668701172 32.421119689941406 11.5
endloop
endfacet
facet normal 0 0 1
outer loop
vertex -56.35991668701172 32.421119689941406 11.5
vertex -56.19324493408203 26.973968505859375 11.5
vertex -48.37712097167969 26.97796058654785 11.5
endloop
endfacet
facet normal 0 0 1
outer loop
vertex 38.257057189941406 41.088382720947266 11.5
vertex 38.3360481262207 41.12521743774414 11.5
vertex 35.77443313598633 46.70754623413086 11.5
endloop
endfacet
facet normal 0 0 1
outer loop
vertex -60.02730941772461 34.91377258300781 11.5
vertex -56.85708999633789 26.74563980102539 11.5
vertex -56.93877029418945 33.18893051147461 11.5
endloop
endfacet
facet normal 0 0 1
outer loop
vertex -56.93877029418945 33.18893051147461 11.5
vertex -56.85708999633789 26.74563980102539 11.5
vertex -56.90272521972656 33.1113166809082 11.5
endloop
endfacet
facet normal -0.22301877658980293 0.9748141491014518 0
outer loop
vertex 19.96004295349121 -62.76599884033203 10.5
vertex 19.807008743286133 -62.80101013183594 5.300000190734863
vertex 19.807008743286133 -62.80101013183594 10.5
endloop
endfacet
facet normal -0.47479220431433045 -0.8800979279161717 0
outer loop
vertex -31.123605728149414 45.93585205078125 10.5
vertex -30.888137817382812 45.80882263183594 5.300000190734863
vertex -30.888137817382812 45.80882263183594 10.5
endloop
endfacet
facet normal 0.923650901872183 0.38323492986770247 0
outer loop
vertex -77.36772918701172 45.36297607421875 10.5
vertex -77.4297103881836 45.512359619140625 5.300000190734863
vertex -77.4297103881836 45.512359619140625 10.5
endloop
endfacet
facet normal -0.9261792480257187 -0.3770835458177858 0
outer loop
vertex -63.87816619873047 -70.72913360595703 -3.700000047683716
vertex -63.87816619873047 -70.72913360595703 9.5
vertex -64.09363555908203 -70.19990539550781 9.5
endloop
endfacet
facet normal 0 0 1
outer loop
vertex -56.93877029418945 33.18893051147461 11.5
vertex -56.965023040771484 33.404518127441406 11.5
vertex -59.57833480834961 35.10307312011719 11.5
endloop
endfacet
facet normal -0.6056276090855132 0.7957482008232029 -2.256076754130733e-8
outer loop
vertex 31.433446884155273 44.420108795166016 9.5
vertex 31.096235275268555 44.1634635925293 -3.700000047683716
vertex 31.217525482177734 44.255775451660156 9.5
endloop
endfacet
facet normal -0.7455917371250398 -0.6664030023423256 0
outer loop
vertex -49.817134857177734 52.307559967041016 5.300000190734863
vertex -49.99542999267578 52.507041931152344 10.5
vertex -49.99542999267578 52.507041931152344 5.300000190734863
endloop
endfacet
facet normal -0.22175379628126307 0.9751026888661717 -9.000109086659526e-7
outer loop
vertex 40.41767883300781 -55.68000793457031 10.5
vertex 40.156795501708984 -55.739341735839844 5.300000190734863
vertex 40.27592086791992 -55.71224594116211 10.5
endloop
endfacet
facet normal 0 0 -1
outer loop
vertex -82.14246368408203 48.16383743286133 -5.699999809265137
vertex -83.52597045898438 48.351863861083984 -5.699999809265137
vertex -83.06813049316406 49.288028717041016 -5.699999809265137
endloop
endfacet
facet normal 0 0 1
outer loop
vertex -56.35991668701172 32.421119689941406 11.5
vertex -48.023773193359375 27.163875579833984 11.5
vertex -47.955379486083984 27.277427673339844 11.5
endloop
endfacet
facet normal -0.3061402416220684 0.9519864245143319 0
outer loop
vertex 30.31709861755371 43.83772277832031 -3.700000047683716
vertex 30.31709861755371 43.83772277832031 9.5
vertex 30.66196060180664 43.94862365722656 9.5
endloop
endfacet
facet normal -0.9984594993016009 0.055485387755665305 0
outer loop
vertex 20.51673698425293 -61.286869049072266 10.5
vertex 20.457239151000977 -62.3575325012207 5.300000190734863
vertex 20.457239151000977 -62.3575325012207 10.5
endloop
endfacet
facet normal 0.4393304637681411 0.8983255220715808 3.02964223323036e-7
outer loop
vertex -62.97172927856445 69.38136291503906 9.5
vertex -64.02974700927734 69.89879608154297 -3.700000047683716
vertex -63.25264358520508 69.51874542236328 9.5
endloop
endfacet
facet normal -0.00039666330343833154 0.9999999213291088 0
outer loop
vertex 29.897560119628906 43.77798843383789 9.5
vertex 29.897560119628906 43.77798843383789 -3.700000047683716
vertex 19.818981170654297 43.773990631103516 9.5
endloop
endfacet
facet normal 0 0 1
outer loop
vertex -56.35991668701172 32.421119689941406 11.5
vertex -47.96598815917969 29.453018188476562 11.5
vertex -48.02977752685547 29.56922149658203 11.5
endloop
endfacet
facet normal -0.5018418634376051 -0.8649593887006904 0
outer loop
vertex -66.927978515625 62.656654357910156 5.300000190734863
vertex -50.242088317871094 52.97564697265625 5.300000190734863
vertex -66.927978515625 62.656654357910156 10.5
endloop
endfacet
facet normal 0 0 -1
outer loop
vertex -82.09148406982422 40.5577507019043 -5.699999809265137
vertex -80.83177185058594 41.191951751708984 -5.699999809265137
vertex -81.05302429199219 39.639949798583984 -5.699999809265137
endloop
endfacet
facet normal 0.06085408185346646 0.9981466729503092 0
outer loop
vertex -57.11196517944336 38.80043411254883 5.300000190734863
vertex -57.37901306152344 38.816715240478516 5.300000190734863
vertex -57.11196517944336 38.80043411254883 10.5
endloop
endfacet
facet normal -0.9983485449035447 -0.057447218287526684 0
outer loop
vertex -64.68959045410156 -67.13892364501953 9.5
vertex -64.63591766357422 -68.0716781616211 -3.700000047683716
vertex -64.63591766357422 -68.0716781616211 9.5
endloop
endfacet
facet normal 0.5951757358554317 0.8035955720690262 0
outer loop
vertex -55.81237030029297 38.072914123535156 5.300000190734863
vertex -55.67654037475586 37.972312927246094 10.5
vertex -55.67654037475586 37.972312927246094 5.300000190734863
endloop
endfacet
facet normal 0 0 -1
outer loop
vertex -81.44630432128906 41.86070251464844 -5.699999809265137
vertex -82.94098663330078 41.658546447753906 -5.699999809265137
vertex -81.99058532714844 42.68409729003906 -5.699999809265137
endloop
endfacet
facet normal 0.9959046516190043 -0.09040976099752475 0
outer loop
vertex -55.33845901489258 37.26552200317383 5.300000190734863
vertex -55.362648010253906 36.99906921386719 10.5
vertex -55.362648010253906 36.99906921386719 5.300000190734863
endloop
endfacet
facet normal 0 0 1
outer loop
vertex 39.21846389770508 -60.84479904174805 11.5
vertex 38.91816329956055 -60.911895751953125 11.5
vertex 78.72982788085938 -69.6963119506836 11.5
endloop
endfacet
facet normal -0.8593189533786857 0.5114400613602343 0
outer loop
vertex -58.17122268676758 38.32035827636719 5.300000190734863
vertex -59.82833480834961 35.53608703613281 5.300000190734863
vertex -58.17122268676758 38.32035827636719 10.5
endloop
endfacet
facet normal 0 0 -1
outer loop
vertex -81.05302429199219 39.639949798583984 -5.699999809265137
vertex -80.05840301513672 40.57865905761719 -5.699999809265137
vertex -63.3908576965332 30.933902740478516 -5.699999809265137
endloop
endfacet
facet normal -0.9983430788601779 -0.05754213145149126 0
outer loop
vertex -64.6929931640625 -67.07988739013672 9.5
vertex -64.68959045410156 -67.13892364501953 -3.700000047683716
vertex -64.68959045410156 -67.13892364501953 9.5
endloop
endfacet
facet normal 0.38320885784152375 -0.9236617190680769 0
outer loop
vertex -67.29161834716797 62.72370910644531 5.300000190734863
vertex -67.68164825439453 62.561893463134766 10.5
vertex -67.68164825439453 62.561893463134766 5.300000190734863
endloop
endfacet
facet normal 0.9984595868895673 -0.05548381158783589 0
outer loop
vertex 19.15677833557129 35.53050994873047 5.300000190734863
vertex 19.09728240966797 34.4598503112793 10.5
vertex 19.09728240966797 34.4598503112793 5.300000190734863
endloop
endfacet
facet normal -0.08790663229153643 0.9961287185897013 0
outer loop
vertex -68.77796173095703 70.38347625732422 9.5
vertex -67.58438110351562 70.48880767822266 9.5
vertex -68.77796173095703 70.38347625732422 -3.700000047683716
endloop
endfacet
facet normal -0.384192382419307 0.9232530602662398 0
outer loop
vertex 15.812981605529785 42.776371002197266 9.5
vertex 16.803184509277344 43.18842315673828 9.5
vertex 15.812981605529785 42.776371002197266 -3.700000047683716
endloop
endfacet
facet normal -0.4625315506397625 0.886602822385975 0
outer loop
vertex 14.32168197631836 41.7884635925293 9.5
vertex 13.945966720581055 41.59245681762695 -3.700000047683716
vertex 13.945966720581055 41.59245681762695 9.5
endloop
endfacet
facet normal 0 0 1
outer loop
vertex 77.77865600585938 40.688087463378906 11.5
vertex 77.8214111328125 40.64533615112305 11.5
vertex 82.38939666748047 44.788394927978516 11.5
endloop
endfacet
facet normal -0.6109469566694021 0.7916715329834688 0
outer loop
vertex -71.76390838623047 69.21626281738281 9.5
vertex -73.03868103027344 68.23249816894531 -3.700000047683716
vertex -73.03868103027344 68.23249816894531 9.5
endloop
endfacet
facet normal 0 0 1
outer loop
vertex -38.491519927978516 -51.635650634765625 11.5
vertex -56.45119094848633 -51.37609100341797 11.5
vertex -38.42890548706055 -51.75249099731445 11.5
endloop
endfacet
facet normal -0.00033285577759364427 0.9999999446035142 0
outer loop
vertex 13.123005867004395 41.40298843383789 9.5
vertex 1.1123911142349243 41.398990631103516 -3.700000047683716
vertex 1.1123911142349243 41.398990631103516 9.5
endloop
endfacet
facet normal 0 0 -1
outer loop
vertex 78.72982788085938 -69.6963119506836 -5.699999809265137
vertex 79.16315460205078 -68.33417510986328 -5.699999809265137
vertex 79.61038970947266 -69.6296615600586 -5.699999809265137
endloop
endfacet
facet normal 0 0 -1
outer loop
vertex -83.94890594482422 44.23698043823242 -5.699999809265137
vertex -84.07113647460938 45.622066497802734 -5.699999809265137
vertex -82.72822570800781 45.36530685424805 -5.699999809265137
endloop
endfacet
facet normal 0 0 1
outer loop
vertex 17.641855239868164 42.2867317199707 11.5
vertex 19.39590072631836 36.39125442504883 11.5
vertex 19.695505142211914 36.46139907836914 11.5
endloop
endfacet
facet normal -0.9948307925232175 0.101546512730015 0
outer loop
vertex -85.06751251220703 47.23191833496094 9.5
vertex -85.23102569580078 45.63001251220703 -3.700000047683716
vertex -85.23102569580078 45.63001251220703 9.5
endloop
endfacet
facet normal 0 0 -1
outer loop
vertex -83.92993927001953 47.005348205566406 -5.699999809265137
vertex -83.52597045898438 48.351863861083984 -5.699999809265137
vertex -82.49510192871094 47.24028778076172 -5.699999809265137
endloop
endfacet
facet normal 0.97119641552866 -0.23828034426759262 0
outer loop
vertex 85.07803344726562 -65.90998077392578 9.5
vertex 85.24800872802734 -65.2171859741211 -3.700000047683716
vertex 85.24800872802734 -65.2171859741211 9.5
endloop
endfacet
facet normal -0.8797272192787663 -0.47547872682176806 0
outer loop
vertex -63.87816619873047 -70.72913360595703 -3.700000047683716
vertex -63.438453674316406 -71.54268646240234 -3.700000047683716
vertex -63.87816619873047 -70.72913360595703 9.5
endloop
endfacet
facet normal -0.7306615081152097 0.6827398923153732 0
outer loop
vertex 77.45723724365234 -55.2325325012207 5.300000190734863
vertex 77.10696411132812 -55.607391357421875 5.300000190734863
vertex 77.45723724365234 -55.2325325012207 10.5
endloop
endfacet
facet normal 0 0 1
outer loop
vertex 39.27796936035156 -60.82723617553711 11.5
vertex 39.21846389770508 -60.84479904174805 11.5
vertex 78.72982788085938 -69.6963119506836 11.5
endloop
endfacet
facet normal 0 0 -1
outer loop
vertex -82.14246368408203 48.16383743286133 -5.699999809265137
vertex -83.06813049316406 49.288028717041016 -5.699999809265137
vertex -81.92335510253906 48.58043670654297 -5.699999809265137
endloop
endfacet
facet normal 0 0 1
outer loop
vertex 39.471107482910156 -60.69765853881836 11.5
vertex 39.4283561706543 -60.740413665771484 11.5
vertex 78.72982788085938 -69.6963119506836 11.5
endloop
endfacet
facet normal 0.00005783608070313527 -0.9999999983274538 -2.8301924795228354e-7
outer loop
vertex 9.715104103088379 -70.85501098632812 9.5
vertex 16.90700912475586 -70.8545913696289 -3.450000047683716
vertex 78.77349853515625 -70.85101318359375 -3.700000047683716
endloop
endfacet
facet normal 0 0 1
outer loop
vertex 39.822566986083984 -60.32390213012695 11.5
vertex 39.471107482910156 -60.69765853881836 11.5
vertex 78.72982788085938 -69.6963119506836 11.5
endloop
endfacet
facet normal 0.8742828996466864 0.48541673991054546 0
outer loop
vertex -3.726030111312866 46.46701431274414 9.5
vertex -4.507661819458008 47.87480926513672 -3.700000047683716
vertex -4.507661819458008 47.87480926513672 9.5
endloop
endfacet
facet normal 0 0 1
outer loop
vertex 39.89025115966797 -60.2325325012207 11.5
vertex 39.822566986083984 -60.32390213012695 11.5
vertex 78.72982788085938 -69.6963119506836 11.5
endloop
endfacet
facet normal 0.999999787010905 -0.0006526700120142072 0
outer loop
vertex -56.89299011230469 -50.226009368896484 10.5
vertex -56.89299011230469 -50.226009368896484 5.300000190734863
vertex -56.84321975708008 26.0305118560791 5.300000190734863
endloop
endfacet
facet normal 0 0 1
outer loop
vertex 40.33348846435547 -56.21192169189453 11.5
vertex 40.216651916503906 -56.274539947509766 11.5
vertex 78.72982788085938 -69.6963119506836 11.5
endloop
endfacet
facet normal 0 0 1
outer loop
vertex 40.01554870605469 -56.60997009277344 11.5
vertex 39.956485748291016 -59.99114990234375 11.5
vertex 78.72982788085938 -69.6963119506836 11.5
endloop
endfacet
facet normal 0.971197643558349 -0.23827533893928804 2.785151589864347e-7
outer loop
vertex 84.9175033569336 -66.56429290771484 9.5
vertex 85.24800872802734 -65.2171859741211 -3.700000047683716
vertex 85.07803344726562 -65.90998077392578 9.5
endloop
endfacet
facet normal -0.6891452881251646 0.724623193014454 -6.49029206554158e-7
outer loop
vertex 20.920978546142578 -60.61572265625 10.5
vertex 20.72711181640625 -60.80010223388672 5.300000190734863
vertex 20.833364486694336 -60.69904708862305 10.5
endloop
endfacet
facet normal -0.47236780140606555 0.8814015317633613 0
outer loop
vertex 40.156795501708984 -55.739341735839844 5.300000190734863
vertex 39.92097854614258 -55.86572265625 5.300000190734863
vertex 40.156795501708984 -55.739341735839844 10.5
endloop
endfacet
facet normal 0.3002727685302206 0.9538533768243401 0
outer loop
vertex -8.33230209350586 50.932437896728516 9.5
vertex -9.741402626037598 51.37602233886719 -3.700000047683716
vertex -9.741402626037598 51.37602233886719 9.5
endloop
endfacet
facet normal -0.472370769552202 0.8813999410441667 0
outer loop
vertex 21.15679359436035 -60.489341735839844 10.5
vertex 20.920978546142578 -60.61572265625 5.300000190734863
vertex 20.920978546142578 -60.61572265625 10.5
endloop
endfacet
facet normal 0.4747862535408005 0.8801011381930436 0
outer loop
vertex -7.8033976554870605 50.675601959228516 9.5
vertex -8.20548152923584 50.892513275146484 -3.700000047683716
vertex -8.20548152923584 50.892513275146484 9.5
endloop
endfacet
facet normal 0.10714642750605007 0.9942432514594634 7.08201813883981e-8
outer loop
vertex -9.741402626037598 51.37602233886719 9.5
vertex -27.911563873291016 53.334163665771484 -3.700000047683716
vertex -20.059123992919922 52.48793029785156 9.5
endloop
endfacet
facet normal -0.2217911506916501 0.9750941931295015 0
outer loop
vertex 21.15679359436035 -60.489341735839844 5.300000190734863
vertex 21.15679359436035 -60.489341735839844 10.5
vertex 21.27591896057129 -60.46224594116211 10.5
endloop
endfacet
facet normal 0 0 1
outer loop
vertex 38.91816329956055 -60.911895751953125 11.5
vertex 38.807125091552734 -60.92601013183594 11.5
vertex 78.72982788085938 -69.6963119506836 11.5
endloop
endfacet
facet normal -0.22177085329064639 0.9750988096755828 0
outer loop
vertex 40.41767883300781 -55.68000793457031 5.300000190734863
vertex 40.156795501708984 -55.739341735839844 5.300000190734863
vertex 40.41767883300781 -55.68000793457031 10.5
endloop
endfacet
facet normal -0.8566135443263118 0.5159585600382204 0
outer loop
vertex 39.72711181640625 -56.05010223388672 5.300000190734863
vertex 39.58906936645508 -56.2792854309082 5.300000190734863
vertex 39.72711181640625 -56.05010223388672 10.5
endloop
endfacet
facet normal -0.9261792480256928 -0.37708354581777526 2.3661626221584594e-7
outer loop
vertex -64.09363555908203 -70.19990539550781 -3.700000047683716
vertex -63.87816619873047 -70.72913360595703 -3.700000047683716
vertex -64.22688293457031 -69.87261962890625 9.5
endloop
endfacet
facet normal 0 0 -1
outer loop
vertex -82.68047332763672 46.35117721557617 -5.699999809265137
vertex -83.92993927001953 47.005348205566406 -5.699999809265137
vertex -82.49510192871094 47.24028778076172 -5.699999809265137
endloop
endfacet
facet normal 0.6827460804674482 0.7306557257739282 -3.3284713955582976e-7
outer loop
vertex 0.5504881143569946 -62.75123977661133 10.5
vertex 0.17562900483608246 -62.400962829589844 5.300000190734863
vertex 0.2994583547115326 -62.51667022705078 10.5
endloop
endfacet
facet normal 0.0514911923391198 0.9986734486865543 0
outer loop
vertex -0.688210666179657 41.49182891845703 -3.700000047683716
vertex -0.688210666179657 41.49182891845703 9.5
vertex 1.1123911142349243 41.398990631103516 9.5
endloop
endfacet
facet normal 0 0 1
outer loop
vertex 14.957164764404297 40.829166412353516 11.5
vertex 19.1856632232666 36.28839111328125 11.5
vertex 19.257057189941406 36.338382720947266 11.5
endloop
endfacet
facet normal 0.8093365222813834 0.5873452082902149 0
outer loop
vertex -2.445385456085205 42.3536491394043 9.5
vertex -2.694284200668335 42.69662094116211 -3.700000047683716
vertex -2.694284200668335 42.69662094116211 9.5
endloop
endfacet
facet normal 0 0 -1
outer loop
vertex -81.92335510253906 48.58043670654297 -5.699999809265137
vertex -83.06813049316406 49.288028717041016 -5.699999809265137
vertex -73.16394805908203 66.34712219238281 -5.699999809265137
endloop
endfacet
facet normal 0 0 1
outer loop
vertex 19.14291000366211 36.24563980102539 11.5
vertex 13.89604663848877 40.36346435546875 11.5
vertex 18.792631149291992 35.87078094482422 11.5
endloop
endfacet
facet normal 0.6985116268161886 0.7155987054226702 0
outer loop
vertex -2.1421353816986084 42.057640075683594 9.5
vertex -2.445385456085205 42.3536491394043 -3.700000047683716
vertex -2.445385456085205 42.3536491394043 9.5
endloop
endfacet
facet normal 0.6891619658928435 -0.7246073314331779 0
outer loop
vertex 18.78065299987793 33.87202835083008 10.5
vertex 18.886905670166016 33.97308349609375 5.300000190734863
vertex 18.886905670166016 33.97308349609375 10.5
endloop
endfacet
facet normal 0 0 1
outer loop
vertex -63.538291931152344 -67.04666137695312 11.5
vertex -57.39296340942383 -50.225685119628906 11.5
vertex -57.34321975708008 26.030838012695312 11.5
endloop
endfacet
facet normal 0 0 -1
outer loop
vertex -71.61203002929688 66.12577056884766 -5.699999809265137
vertex -73.16394805908203 66.34712219238281 -5.699999809265137
vertex -72.24623107910156 67.38548278808594 -5.699999809265137
endloop
endfacet
facet normal 0 0 -1
outer loop
vertex -70.94328308105469 66.74030303955078 -5.699999809265137
vertex -72.24623107910156 67.38548278808594 -5.699999809265137
vertex -71.14543914794922 68.2349853515625 -5.699999809265137
endloop
endfacet
facet normal 0 0 1
outer loop
vertex -63.542293548583984 27.503992080688477 11.5
vertex -63.538291931152344 -67.04666137695312 11.5
vertex -57.34321975708008 26.030838012695312 11.5
endloop
endfacet
facet normal 0 0 -1
outer loop
vertex -70.11988830566406 67.28458404541016 -5.699999809265137
vertex -71.14543914794922 68.2349853515625 -5.699999809265137
vertex -69.9041748046875 68.86162567138672 -5.699999809265137
endloop
endfacet
facet normal 0.9748169737501996 0.22300642970214238 -7.717708734424989e-8
outer loop
vertex 0.17562900483608246 -62.400962829589844 10.5
vertex 0.10700899362564087 -62.101009368896484 5.300000190734863
vertex 0.14202214777469635 -62.254058837890625 10.5
endloop
endfacet
facet normal 0 0 -1
outer loop
vertex -69.29318237304688 67.66067504882812 -5.699999809265137
vertex -69.9041748046875 68.86162567138672 -5.699999809265137
vertex -68.56700134277344 69.24290466308594 -5.699999809265137
endloop
endfacet
facet normal 0 0 1
outer loop
vertex 13.89604663848877 40.36346435546875 11.5
vertex 18.659198760986328 35.558162689208984 11.5
vertex 18.686933517456055 35.70152282714844 11.5
endloop
endfacet
facet normal 0 0 -1
outer loop
vertex -68.34134674072266 67.92189025878906 -5.699999809265137
vertex -68.56700134277344 69.24290466308594 -5.699999809265137
vertex -67.43867492675781 68.02222442626953 -5.699999809265137
endloop
endfacet
facet normal 0.3061348393797655 -0.9519881617530362 0
outer loop
vertex 9.295565605163574 -70.91474151611328 -3.450000047683716
vertex 8.892143249511719 -71.04447174072266 9.5
vertex 8.892143249511719 -71.04447174072266 -3.450000047683716
endloop
endfacet
facet normal 0 0 -1
outer loop
vertex -67.43867492675781 68.02222442626953 -5.699999809265137
vertex -67.18191528320312 69.3651351928711 -5.699999809265137
vertex -66.45280456542969 67.97447204589844 -5.699999809265137
endloop
endfacet
facet normal 0 0 1
outer loop
vertex 18.56181526184082 34.402427673339844 11.5
vertex 13.705305099487305 40.319549560546875 11.5
vertex 18.49342155456543 34.288875579833984 11.5
endloop
endfacet
facet normal 0 0 -1
outer loop
vertex -64.64014434814453 67.43646240234375 -5.699999809265137
vertex -63.515953063964844 68.36212921142578 -5.699999809265137
vertex -64.22354125976562 67.21735382080078 -5.699999809265137
endloop
endfacet
facet normal 0 0 -1
outer loop
vertex -66.45280456542969 67.97447204589844 -5.699999809265137
vertex -65.79862976074219 69.22393798828125 -5.699999809265137
vertex -65.56369018554688 67.78910827636719 -5.699999809265137
endloop
endfacet
facet normal 0.6827438618325188 0.7306577989250637 0
outer loop
vertex -37.824371337890625 -57.650962829589844 5.300000190734863
vertex -37.44951248168945 -58.00123977661133 10.5
vertex -37.44951248168945 -58.00123977661133 5.300000190734863
endloop
endfacet
facet normal 0 0 -1
outer loop
vertex -64.45211791992188 68.8199691772461 -5.699999809265137
vertex -65.56369018554688 67.78910827636719 -5.699999809265137
vertex -65.79862976074219 69.22393798828125 -5.699999809265137
endloop
endfacet
facet normal 0.6056395683471458 -0.795739098732922 0
outer loop
vertex 8.516427993774414 -71.240478515625 -3.450000047683716
vertex 8.179216384887695 -71.49713134765625 9.5
vertex 8.179216384887695 -71.49713134765625 -3.450000047683716
endloop
endfacet
facet normal 0.22175379628134906 -0.9751026888665498 -1.8467981301988017e-7
outer loop
vertex 18.196340560913086 33.602989196777344 10.5
vertex 18.457223892211914 33.66231918334961 5.300000190734863
vertex 18.338098526000977 33.63522720336914 10.5
endloop
endfacet
facet normal -0.000035687395559136145 -0.9999999993631863 1.9303394522997433e-7
outer loop
vertex -56.54155731201172 -75.59239959716797 9.5
vertex 1.1087262630462646 -75.5944595336914 -3.700000047683716
vertex -11.433131217956543 -75.59400939941406 9.5
endloop
endfacet
facet normal 0.0002311755969995564 -0.9999999732789213 0
outer loop
vertex 15.407621383666992 33.60234451293945 10.5
vertex 18.196340560913086 33.602989196777344 5.300000190734863
vertex 18.196340560913086 33.602989196777344 10.5
endloop
endfacet
facet normal 0.7983154846322084 -0.6022394764513883 0
outer loop
vertex 7.3384599685668945 -72.53841400146484 9.5
vertex 7.890195846557617 -71.80704498291016 -3.450000047683716
vertex 7.890195846557617 -71.80704498291016 9.5
endloop
endfacet
facet normal 0.00023037778483838653 -0.9999999734629461 -4.2786043729620866e-7
outer loop
vertex 0.8527509570121765 33.59899139404297 10.5
vertex 18.196340560913086 33.602989196777344 5.300000190734863
vertex 15.407621383666992 33.60234451293945 10.5
endloop
endfacet
facet normal 0 0 1
outer loop
vertex 13.705305099487305 40.319549560546875 11.5
vertex 18.280529022216797 34.13490295410156 11.5
vertex 18.397367477416992 34.1975212097168 11.5
endloop
endfacet
facet normal 0.6891619152291804 -0.7246073796185409 0
outer loop
vertex 18.886905670166016 33.97308349609375 5.300000190734863
vertex 18.693038940429688 33.788700103759766 10.5
vertex 18.693038940429688 33.788700103759766 5.300000190734863
endloop
endfacet
facet normal -0.5970458008968142 -0.8022071500749973 -1.802276411150441e-7
outer loop
vertex -61.630393981933594 -73.63246154785156 9.5
vertex -60.88853073120117 -74.1845932006836 -3.700000047683716
vertex -61.36368179321289 -73.83096313476562 9.5
endloop
endfacet
facet normal 0.2217572963502932 -0.9751018928888447 0
outer loop
vertex 18.457223892211914 33.66231918334961 5.300000190734863
vertex 18.196340560913086 33.602989196777344 10.5
vertex 18.196340560913086 33.602989196777344 5.300000190734863
endloop
endfacet
facet normal 0 0 -1
outer loop
vertex 3.2014834880828857 -74.04170989990234 -5.699999809265137
vertex 3.4060020446777344 -72.50782012939453 -5.699999809265137
vertex 3.4070088863372803 -73.95803833007812 -5.699999809265137
endloop
endfacet
facet normal 0.380121359351448 0.9249366206204537 1.4989416063616505e-7
outer loop
vertex 80.45674133300781 47.671512603759766 -3.700000047683716
vertex 79.27848052978516 48.15574264526367 -3.700000047683716
vertex 80.76783752441406 47.54365921020508 9.5
endloop
endfacet
facet normal 0 0 -1
outer loop
vertex -62.83243179321289 -70.2354507446289 -5.699999809265137
vertex -61.850181579589844 -69.09713745117188 -5.699999809265137
vertex -62.45254898071289 -70.93829345703125 -5.699999809265137
endloop
endfacet
facet normal 0.6957226752173928 0.7183104894043759 0
outer loop
vertex 83.27167510986328 45.54138946533203 -3.700000047683716
vertex 82.9671859741211 45.8363037109375 -3.700000047683716
vertex 83.27167510986328 45.54138946533203 9.5
endloop
endfacet
facet normal 0 0 -1
outer loop
vertex 2.4331676959991455 -74.26078796386719 -5.699999809265137
vertex 2.176642417907715 -72.94159698486328 -5.699999809265137
vertex 2.803140163421631 -72.7582015991211 -5.699999809265137
endloop
endfacet
facet normal 0.4203950207829503 0.9073411852775684 0
outer loop
vertex -1.6888903379440308 41.76875305175781 9.5
vertex -1.7932472229003906 41.81710433959961 -3.700000047683716
vertex -1.7932472229003906 41.81710433959961 9.5
endloop
endfacet
facet normal -0.6806713123198789 -0.7325889465346396 2.991652856253787e-8
outer loop
vertex -62.30787658691406 -73.00299072265625 9.5
vertex -61.630393981933594 -73.63246154785156 -3.700000047683716
vertex -61.7934455871582 -73.48096466064453 9.5
endloop
endfacet
facet normal 0 0 -1
outer loop
vertex 1.636838674545288 -74.3965835571289 -5.699999809265137
vertex 1.5339268445968628 -73.05583190917969 -5.699999809265137
vertex 2.176642417907715 -72.94159698486328 -5.699999809265137
endloop
endfacet
facet normal 0.9123156363472754 0.409487703937494 5.148901993258014e-7
outer loop
vertex 84.85563659667969 42.7540397644043 9.5
vertex 84.62718963623047 43.263023376464844 -3.700000047683716
vertex 84.19627380371094 44.223079681396484 -3.700000047683716
endloop
endfacet
facet normal 0.7313285152515914 -0.6820253681351619 0
outer loop
vertex 7.890195846557617 -71.80704498291016 9.5
vertex 8.179216384887695 -71.49713134765625 -3.450000047683716
vertex 8.179216384887695 -71.49713134765625 9.5
endloop
endfacet
facet normal 0.9999997371991515 0.0007249838812691308 0
outer loop
vertex -37.89698791503906 -51.83667755126953 5.300000190734863
vertex -37.89299011230469 -57.351009368896484 10.5
vertex -37.89299011230469 -57.351009368896484 5.300000190734863
endloop
endfacet
facet normal 0.5477493561038131 0.8366424821199334 2.3407552109454126e-7
outer loop
vertex 81.13855743408203 47.30094909667969 -3.700000047683716
vertex 80.76783752441406 47.54365921020508 -3.700000047683716
vertex 82.11502075195312 46.66165542602539 9.5
endloop
endfacet
facet normal -0.8797272192787663 -0.47547872682176806 0
outer loop
vertex -63.87816619873047 -70.72913360595703 9.5
vertex -63.438453674316406 -71.54268646240234 -3.700000047683716
vertex -63.438453674316406 -71.54268646240234 9.5
endloop
endfacet
facet normal 0.3801268004466866 0.9249343844739285 0
outer loop
vertex 80.76783752441406 47.54365921020508 -3.700000047683716
vertex 80.45674133300781 47.671512603759766 -3.700000047683716
vertex 80.76783752441406 47.54365921020508 9.5
endloop
endfacet
facet normal 0.5159522583391745 0.8566173399568243 0
outer loop
vertex -38.26708221435547 -51.146114349365234 5.300000190734863
vertex -38.49626922607422 -51.00807189941406 5.300000190734863
vertex -38.26708221435547 -51.146114349365234 10.5
endloop
endfacet
facet normal 0 0 -1
outer loop
vertex -61.285396575927734 -70.27208709716797 -5.699999809265137
vertex -62.45254898071289 -70.93829345703125 -5.699999809265137
vertex -61.59980010986328 -69.70000457763672 -5.699999809265137
endloop
endfacet
facet normal 0.19885183639168175 0.9800295644334696 0
outer loop
vertex 79.27848052978516 48.15574264526367 -3.700000047683716
vertex 77.78434753417969 48.45890808105469 -3.700000047683716
vertex 79.27848052978516 48.15574264526367 9.5
endloop
endfacet
facet normal 0.7246144997084355 0.6891544288563295 0
outer loop
vertex -38.08270263671875 -51.33998107910156 5.300000190734863
vertex -38.26708221435547 -51.146114349365234 5.300000190734863
vertex -38.08270263671875 -51.33998107910156 10.5
endloop
endfacet
facet normal 0.8969085343799543 0.4422161020998581 1.0060920291687753e-7
outer loop
vertex -2.694284200668335 42.69662094116211 9.5
vertex -2.8816797733306885 43.07670211791992 -3.700000047683716
vertex -2.7660298347473145 42.84213638305664 9.5
endloop
endfacet
facet normal 0 0 -1
outer loop
vertex 1.065205454826355 -74.43975830078125 -5.699999809265137
vertex 1.5339268445968628 -73.05583190917969 -5.699999809265137
vertex 1.636838674545288 -74.3965835571289 -5.699999809265137
endloop
endfacet
facet normal 0 0 -1
outer loop
vertex -58.83182144165039 -73.9525375366211 -5.699999809265137
vertex -57.687400817871094 -72.91091918945312 -5.699999809265137
vertex -58.071746826171875 -74.19869232177734 -5.699999809265137
endloop
endfacet
facet normal 0.8969107799604649 0.44221154755468634 0
outer loop
vertex -2.8816797733306885 43.07670211791992 -3.700000047683716
vertex -2.8816797733306885 43.07670211791992 9.5
vertex -2.7660298347473145 42.84213638305664 9.5
endloop
endfacet
facet normal -0.822854834440364 -0.5682516356669123 0
outer loop
vertex -63.438453674316406 -71.54268646240234 9.5
vertex -62.91294860839844 -72.30364227294922 -3.700000047683716
vertex -62.91294860839844 -72.30364227294922 9.5
endloop
endfacet
facet normal -0.7562400393411378 -0.6542942785148853 0
outer loop
vertex -62.91294860839844 -72.30364227294922 9.5
vertex -62.30787658691406 -73.00299072265625 -3.700000047683716
vertex -62.30787658691406 -73.00299072265625 9.5
endloop
endfacet
facet normal 0.974817556682662 0.22300388154300116 0
outer loop
vertex -18.892990112304688 -59.726009368896484 5.300000190734863
vertex -18.824371337890625 -60.025962829589844 10.5
vertex -18.824371337890625 -60.025962829589844 5.300000190734863
endloop
endfacet
facet normal 0 0 1
outer loop
vertex 18.619997024536133 -63.54391860961914 11.5
vertex 18.490331649780273 -63.474613189697266 11.5
vertex 9.71503734588623 -69.7003173828125 11.5
endloop
endfacet
facet normal 0 0 1
outer loop
vertex 18.760690689086914 -63.58659744262695 11.5
vertex 18.619997024536133 -63.54391860961914 11.5
vertex 9.71503734588623 -69.7003173828125 11.5
endloop
endfacet
facet normal 0.8813983502949856 0.47237373773028246 0
outer loop
vertex -19.08270263671875 -58.46498107910156 5.300000190734863
vertex -18.956321716308594 -58.7007942199707 10.5
vertex -18.956321716308594 -58.7007942199707 5.300000190734863
endloop
endfacet
facet normal 0 0 1
outer loop
vertex 19.053327560424805 -63.58659744262695 11.5
vertex 18.90700912475586 -63.601009368896484 11.5
vertex 9.71503734588623 -69.7003173828125 11.5
endloop
endfacet
facet normal -0.5063545796993242 -0.8623253676064044 0
outer loop
vertex -60.091068267822266 -74.65284729003906 -3.700000047683716
vertex -60.091068267822266 -74.65284729003906 9.5
vertex -60.5192756652832 -74.40140533447266 9.5
endloop
endfacet
facet normal -0.9940731323987047 -0.10871341887286777 0
outer loop
vertex -10.819439888000488 42.97536849975586 5.300000190734863
vertex -10.854439735412598 43.295406341552734 10.5
vertex -10.854439735412598 43.295406341552734 5.300000190734863
endloop
endfacet
facet normal 0.5159585600382184 0.8566135443263083 -9.112485677171106e-8
outer loop
vertex -19.2670841217041 -58.271114349365234 5.300000190734863
vertex -19.496267318725586 -58.13307189941406 5.300000190734863
vertex -19.2911434173584 -58.256622314453125 10.5
endloop
endfacet
facet normal 0 0 -1
outer loop
vertex -63.515953063964844 68.36212921142578 -5.699999809265137
vertex -46.410614013671875 58.431095123291016 -5.699999809265137
vertex -64.22354125976562 67.21735382080078 -5.699999809265137
endloop
endfacet
facet normal 0.9731766348554411 0.2300592040549719 -0.0000010159238193448947
outer loop
vertex 85.2260971069336 41.187007904052734 9.5
vertex 84.94071197509766 42.394161224365234 -3.700000047683716
vertex 84.85563659667969 42.7540397644043 -3.700000047683716
endloop
endfacet
facet normal 0.7246109396556658 0.6891581720703406 0
outer loop
vertex -19.08270263671875 -58.46498107910156 5.300000190734863
vertex -19.2670841217041 -58.271114349365234 5.300000190734863
vertex -19.08270263671875 -58.46498107910156 10.5
endloop
endfacet
facet normal -0.994575589166275 0.10401633253752518 0
outer loop
vertex -11.629206657409668 35.232601165771484 5.300000190734863
vertex -10.819439888000488 42.97536849975586 10.5
vertex -10.819439888000488 42.97536849975586 5.300000190734863
endloop
endfacet
facet normal -0.00003589055909267456 -0.9999999993559339 0
outer loop
vertex -11.433131217956543 -75.59400939941406 9.5
vertex 1.1087262630462646 -75.5944595336914 -3.700000047683716
vertex 1.1087262630462646 -75.5944595336914 9.5
endloop
endfacet
facet normal 0 0 -1
outer loop
vertex -45.945858001708984 58.09614562988281 -5.699999809265137
vertex -47.451576232910156 57.51932144165039 -5.699999809265137
vertex -46.410614013671875 58.431095123291016 -5.699999809265137
endloop
endfacet
facet normal -0.09531248003575378 -0.995447402502731 0
outer loop
vertex -56.54155731201172 -75.59239959716797 -3.700000047683716
vertex -57.462120056152344 -75.50425720214844 9.5
vertex -57.462120056152344 -75.50425720214844 -3.700000047683716
endloop
endfacet
facet normal 0 0 -1
outer loop
vertex -45.945858001708984 58.09614562988281 -5.699999809265137
vertex -45.78550338745117 57.997493743896484 -5.699999809265137
vertex -46.50979232788086 56.80990219116211 -5.699999809265137
endloop
endfacet
facet normal 0 0 1
outer loop
vertex -5.463859558105469 47.21823501586914 11.5
vertex -10.384593963623047 43.46641540527344 11.5
vertex -4.7889018058776855 46.00257110595703 11.5
endloop
endfacet
facet normal 0 0 -1
outer loop
vertex -46.13934326171875 56.61658477783203 -5.699999809265137
vertex -45.40900802612305 57.802947998046875 -5.699999809265137
vertex -45.24680709838867 57.735923767089844 -5.699999809265137
endloop
endfacet
facet normal -0.40964291562993205 -0.9122459545945688 2.2843890193434855e-7
outer loop
vertex -60.091068267822266 -74.65284729003906 9.5
vertex -59.2474479675293 -75.03167724609375 -3.700000047683716
vertex -59.85245895385742 -74.75999450683594 9.5
endloop
endfacet
facet normal 0 0 -1
outer loop
vertex -45.40900802612305 57.802947998046875 -5.699999809265137
vertex -46.13934326171875 56.61658477783203 -5.699999809265137
vertex -45.78550338745117 57.997493743896484 -5.699999809265137
endloop
endfacet
facet normal 0 0 1
outer loop
vertex -10.384593963623047 43.46641540527344 11.5
vertex -4.350988864898682 44.668155670166016 11.5
vertex -4.7889018058776855 46.00257110595703 11.5
endloop
endfacet
facet normal 0.997637544365956 0.06869738038284351 0
outer loop
vertex 85.3070068359375 40.012020111083984 -3.700000047683716
vertex 85.2260971069336 41.187007904052734 -3.700000047683716
vertex 85.3070068359375 40.012020111083984 9.5
endloop
endfacet
facet normal 0.46253155063976253 -0.8866028223859751 0
outer loop
vertex 8.516427993774414 -71.240478515625 9.5
vertex 8.892143249511719 -71.04447174072266 -3.450000047683716
vertex 8.892143249511719 -71.04447174072266 9.5
endloop
endfacet
facet normal -0.99293877400762 -0.1186279523225646 0
outer loop
vertex -11.629206657409668 35.232601165771484 5.300000190734863
vertex -11.597468376159668 34.96694564819336 5.300000190734863
vertex -11.629206657409668 35.232601165771484 10.5
endloop
endfacet
facet normal 0 0 1
outer loop
vertex -4.141684532165527 43.3091926574707 11.5
vertex -10.323973655700684 42.92354965209961 11.5
vertex -4.109215259552002 43.15460968017578 11.5
endloop
endfacet
facet normal -0.14851941590364015 -0.9889094918644686 0
outer loop
vertex -10.683098793029785 34.218780517578125 5.300000190734863
vertex -10.871211051940918 34.247032165527344 10.5
vertex -10.871211051940918 34.247032165527344 5.300000190734863
endloop
endfacet
facet normal -0.30811313191171646 -0.9513497243091729 -6.433307249772371e-7
outer loop
vertex -59.2474479675293 -75.03167724609375 9.5
vertex -58.36766052246094 -75.31660461425781 -3.700000047683716
vertex -58.846248626708984 -75.16161346435547 9.5
endloop
endfacet
facet normal -0.6026629392841183 -0.7979958531304702 0
outer loop
vertex -11.119821548461914 34.34589385986328 5.300000190734863
vertex -11.333321571350098 34.50713348388672 10.5
vertex -11.333321571350098 34.50713348388672 5.300000190734863
endloop
endfacet
facet normal 0.002834852866906113 0.9999959817965385 0
outer loop
vertex -0.8929910063743591 -60.42601013183594 5.300000190734863
vertex -18.449512481689453 -60.37623977661133 5.300000190734863
vertex -0.8929910063743591 -60.42601013183594 10.5
endloop
endfacet
facet normal -0.7926765925484636 -0.6096423702678131 0
outer loop
vertex -11.496429443359375 34.71921157836914 5.300000190734863
vertex -11.333321571350098 34.50713348388672 5.300000190734863
vertex -11.496429443359375 34.71921157836914 10.5
endloop
endfacet
facet normal 0 0 -1
outer loop
vertex -58.071746826171875 -74.19869232177734 -5.699999809265137
vertex -57.687400817871094 -72.91091918945312 -5.699999809265137
vertex -57.047279357910156 -73.03890228271484 -5.699999809265137
endloop
endfacet
facet normal 0.7832793363032873 0.6216699134752153 0
outer loop
vertex -0.19991694390773773 -60.705142974853516 5.300000190734863
vertex -0.0335908867418766 -60.91470718383789 10.5
vertex -0.0335908867418766 -60.91470718383789 5.300000190734863
endloop
endfacet
facet normal 0.3105609329556466 0.9505534739937809 2.6963494050235543e-7
outer loop
vertex -28.2043514251709 53.38264465332031 9.5
vertex -44.88819885253906 58.833526611328125 -3.700000047683716
vertex -35.35218811035156 55.71795654296875 9.5
endloop
endfacet
facet normal 0.3552834343628341 0.9347586219272598 0
outer loop
vertex -0.4158538579940796 -60.54718017578125 5.300000190734863
vertex -0.6659446954727173 -60.452125549316406 5.300000190734863
vertex -0.4158538579940796 -60.54718017578125 10.5
endloop
endfacet
facet normal -0.10696472088232699 -0.9942628166066384 0
outer loop
vertex -30.321369171142578 45.74454116821289 5.300000190734863
vertex -11.19741439819336 43.68714904785156 5.300000190734863
vertex -30.321369171142578 45.74454116821289 10.5
endloop
endfacet
facet normal -0.22445128827288138 -0.9744853098906334 0
outer loop
vertex -30.627418518066406 45.74877166748047 5.300000190734863
vertex -30.888137817382812 45.80882263183594 10.5
vertex -30.888137817382812 45.80882263183594 5.300000190734863
endloop
endfacet
facet normal -0.6847078297800434 -0.7288176643289482 0
outer loop
vertex -31.123605728149414 45.93585205078125 5.300000190734863
vertex -31.40704917907715 46.20214080810547 10.5
vertex -31.40704917907715 46.20214080810547 5.300000190734863
endloop
endfacet
facet normal -0.6827449030073358 -0.7306568260253945 0
outer loop
vertex 77.3145980834961 40.43961715698242 10.5
vertex 77.43839263916016 40.32394027709961 5.300000190734863
vertex 77.43839263916016 40.32394027709961 10.5
endloop
endfacet
facet normal 0.6827457775616353 0.7306560088178917 -2.586848749671488e-7
outer loop
vertex -37.44951248168945 -58.00123977661133 10.5
vertex -37.824371337890625 -57.650962829589844 5.300000190734863
vertex -37.70054244995117 -57.76667022705078 10.5
endloop
endfacet
facet normal -0.053649841404178236 -0.998559810185302 0
outer loop
vertex -10.683098793029785 34.218780517578125 10.5
vertex 0.8527509570121765 33.59899139404297 5.300000190734863
vertex 0.8527509570121765 33.59899139404297 10.5
endloop
endfacet
facet normal 0.5682511534665714 -0.8228551674407296 0
outer loop
vertex 5.248682498931885 -74.34647369384766 -3.450000047683716
vertex 6.009639263153076 -73.82096862792969 -3.450000047683716
vertex 5.248682498931885 -74.34647369384766 9.5
endloop
endfacet
facet normal 0.9748185885871866 0.22299937072738665 -2.738159288737581e-7
outer loop
vertex -37.824371337890625 -57.650962829589844 10.5
vertex -37.89299011230469 -57.351009368896484 5.300000190734863
vertex -37.85797882080078 -57.504051208496094 10.5
endloop
endfacet
facet normal 0 0 -1
outer loop
vertex 82.38939666748047 44.788394927978516 -5.699999809265137
vertex 80.65605926513672 44.62614822387695 -5.699999809265137
vertex 81.3906021118164 45.75577163696289 -5.699999809265137
endloop
endfacet
facet normal 0.9748165660943182 0.22300821166065088 0
outer loop
vertex -37.85797882080078 -57.504051208496094 10.5
vertex -37.89299011230469 -57.351009368896484 5.300000190734863
vertex -37.89299011230469 -57.351009368896484 10.5
endloop
endfacet
facet normal 0 0 -1
outer loop
vertex 83.18781280517578 43.650001525878906 -5.699999809265137
vertex 81.89644622802734 43.20089340209961 -5.699999809265137
vertex 82.38939666748047 44.788394927978516 -5.699999809265137
endloop
endfacet
facet normal -0.7916715329834688 -0.6109469566694021 0
outer loop
vertex -83.9222640991211 41.04007339477539 -3.700000047683716
vertex -82.9384994506836 39.76530075073242 -3.700000047683716
vertex -83.9222640991211 41.04007339477539 9.5
endloop
endfacet
facet normal 0 0 -1
outer loop
vertex -62.83243179321289 -70.2354507446289 -5.699999809265137
vertex -62.1478157043457 -67.82792663574219 -5.699999809265137
vertex -62.03357696533203 -68.47064208984375 -5.699999809265137
endloop
endfacet
facet normal 0 0 1
outer loop
vertex -10.94741439819336 44.12016296386719 11.5
vertex -10.876020431518555 44.07017135620117 11.5
vertex -7.433261871337891 49.16391372680664 11.5
endloop
endfacet
facet normal -0.6622374947626256 -0.7492940013976017 -3.037307642810689e-7
outer loop
vertex -82.9384994506836 39.76530075073242 9.5
vertex -82.205810546875 39.11774444580078 -3.700000047683716
vertex -81.73196411132812 38.698951721191406 -3.700000047683716
endloop
endfacet
facet normal 0 0 -1
outer loop
vertex 81.89644622802734 43.20089340209961 -5.699999809265137
vertex 81.35820770263672 43.932456970214844 -5.699999809265137
vertex 82.38939666748047 44.788394927978516 -5.699999809265137
endloop
endfacet
facet normal 0 0 1
outer loop
vertex -10.94741439819336 44.12016296386719 11.5
vertex -8.657014846801758 49.824092864990234 11.5
vertex -11.02640438079834 44.15699768066406 11.5
endloop
endfacet
facet normal -0.9616690198194403 -0.2742128668014963 1.4788899351514313e-7
outer loop
vertex -84.85779571533203 43.2135009765625 -3.700000047683716
vertex -84.64793395996094 42.47751235961914 -3.700000047683716
vertex -85.0894775390625 44.02602005004883 9.5
endloop
endfacet
facet normal 0.14095063462511995 -0.9900166254153391 0
outer loop
vertex 9.295565605163574 -70.91474151611328 9.5
vertex 9.715104103088379 -70.85501098632812 -3.450000047683716
vertex 9.715104103088379 -70.85501098632812 9.5
endloop
endfacet
facet normal 0 0 1
outer loop
vertex -10.421426773071289 43.545406341552734 11.5
vertex -10.384593963623047 43.46641540527344 11.5
vertex -5.463859558105469 47.21823501586914 11.5
endloop
endfacet
facet normal -0.9961282410457059 -0.08791204349341639 0
outer loop
vertex -85.23102569580078 45.63001251220703 -3.700000047683716
vertex -85.19345092773438 45.204254150390625 -3.700000047683716
vertex -85.23102569580078 45.63001251220703 9.5
endloop
endfacet
facet normal -0.3080970724760614 -0.9513549253205559 0
outer loop
vertex -58.846248626708984 -75.16161346435547 9.5
vertex -58.36766052246094 -75.31660461425781 -3.700000047683716
vertex -58.36766052246094 -75.31660461425781 9.5
endloop
endfacet
facet normal -0.9948307925232175 0.101546512730015 0
outer loop
vertex -85.06751251220703 47.23191833496094 -3.700000047683716
vertex -85.23102569580078 45.63001251220703 -3.700000047683716
vertex -85.06751251220703 47.23191833496094 9.5
endloop
endfacet
facet normal -0.9578214705383593 0.2873639340200694 -4.938017001645961e-7
outer loop
vertex -84.86698150634766 47.90031433105469 -3.700000047683716
vertex -85.06751251220703 47.23191833496094 -3.700000047683716
vertex -84.60479736328125 48.77423095703125 9.5
endloop
endfacet
facet normal -0.9748141491014518 -0.22301877658980293 0
outer loop
vertex 77.47200012207031 40.177024841308594 10.5
vertex 77.50701141357422 40.023990631103516 5.300000190734863
vertex 77.50701141357422 40.023990631103516 10.5
endloop
endfacet
facet normal -0.8983226104063434 0.4393364173759474 0
outer loop
vertex -84.08736419677734 49.832252502441406 -3.700000047683716
vertex -84.31585693359375 49.365047454833984 -3.700000047683716
vertex -84.08736419677734 49.832252502441406 9.5
endloop
endfacet
facet normal -0.2029170050355402 -0.9791959400791073 0
outer loop
vertex -57.89445495605469 -75.41466522216797 9.5
vertex -57.462120056152344 -75.50425720214844 -3.700000047683716
vertex -57.462120056152344 -75.50425720214844 9.5
endloop
endfacet
facet normal 0 0 -1
outer loop
vertex 80.22727966308594 46.51740264892578 -5.699999809265137
vertex 79.033935546875 45.594974517822266 -5.699999809265137
vertex 78.9411849975586 47.04595184326172 -5.699999809265137
endloop
endfacet
facet normal 0 0 -1
outer loop
vertex 78.16735076904297 45.86684799194336 -5.699999809265137
vertex 78.9411849975586 47.04595184326172 -5.699999809265137
vertex 79.033935546875 45.594974517822266 -5.699999809265137
endloop
endfacet
facet normal 0.9748166828932758 0.22300770110682366 0
outer loop
vertex 0.10700899362564087 -62.101009368896484 5.300000190734863
vertex 0.17562900483608246 -62.400962829589844 10.5
vertex 0.17562900483608246 -62.400962829589844 5.300000190734863
endloop
endfacet
facet normal 0 0 -1
outer loop
vertex 77.19095611572266 46.01128005981445 -5.699999809265137
vertex 77.583740234375 47.321380615234375 -5.699999809265137
vertex 78.16735076904297 45.86684799194336 -5.699999809265137
endloop
endfacet
facet normal 0 0 1
outer loop
vertex 1.636838674545288 -74.3965835571289 11.5
vertex 2.4331676959991455 -74.26078796386719 11.5
vertex 3.2014834880828857 -74.04170989990234 11.5
endloop
endfacet
facet normal -0.09531248003575378 -0.995447402502731 0
outer loop
vertex -57.462120056152344 -75.50425720214844 9.5
vertex -56.54155731201172 -75.59239959716797 -3.700000047683716
vertex -56.54155731201172 -75.59239959716797 9.5
endloop
endfacet
facet normal 0 0 1
outer loop
vertex -49.9912109375 53.40804672241211 11.5
vertex -49.79963684082031 53.208534240722656 11.5
vertex -45.948307037353516 58.092803955078125 11.5
endloop
endfacet
facet normal 0 0 1
outer loop
vertex 1.065205454826355 -74.43975830078125 11.5
vertex 1.636838674545288 -74.3965835571289 11.5
vertex 0.5491961240768433 -63.25112533569336 11.5
endloop
endfacet
facet normal 0 0 -1
outer loop
vertex 84.08061981201172 41.01335906982422 -5.699999809265137
vertex 82.34803771972656 42.32323455810547 -5.699999809265137
vertex 83.75719451904297 42.38145446777344 -5.699999809265137
endloop
endfacet
facet normal 0 0 -1
outer loop
vertex 84.08061981201172 41.01335906982422 -5.699999809265137
vertex 82.78845977783203 40.48442459106445 -5.699999809265137
vertex 82.63207244873047 41.4605598449707 -5.699999809265137
endloop
endfacet
facet normal 0 0 1
outer loop
vertex 0.5491961240768433 -63.25112533569336 11.5
vertex 3.2014834880828857 -74.04170989990234 11.5
vertex 3.941446542739868 -73.74044799804688 11.5
endloop
endfacet
facet normal -0.8648131188556911 0.5020938851002792 0
outer loop
vertex -74.10502624511719 67.02596282958984 -3.700000047683716
vertex -84.08736419677734 49.832252502441406 -3.700000047683716
vertex -74.10502624511719 67.02596282958984 9.5
endloop
endfacet
facet normal 0 0 1
outer loop
vertex -49.79963684082031 53.208534240722656 11.5
vertex -49.58163833618164 52.79437255859375 11.5
vertex -45.78550338745117 57.997493743896484 11.5
endloop
endfacet
facet normal 0 0 1
outer loop
vertex -0.2942173182964325 -62.57197189331055 11.5
vertex 1.065205454826355 -74.43975830078125 11.5
vertex -0.25738370418548584 -62.650962829589844 11.5
endloop
endfacet
facet normal 0 0 -1
outer loop
vertex 83.82559204101562 -66.16879272460938 -5.699999809265137
vertex 83.3255386352539 -67.19237518310547 -5.699999809265137
vertex 84.09339141845703 -65.07728576660156 -5.699999809265137
endloop
endfacet
facet normal -0.7492968258225321 0.6622342990303944 0
outer loop
vertex -73.03868103027344 68.23249816894531 -3.700000047683716
vertex -74.10502624511719 67.02596282958984 -3.700000047683716
vertex -73.03868103027344 68.23249816894531 9.5
endloop
endfacet
facet normal -0.6109469566694021 0.7916715329834688 0
outer loop
vertex -71.76390838623047 69.21626281738281 -3.700000047683716
vertex -73.03868103027344 68.23249816894531 -3.700000047683716
vertex -71.76390838623047 69.21626281738281 9.5
endloop
endfacet
facet normal 0.9910119245628266 0.1337735600717955 1.4199258629417889e-9
outer loop
vertex 0.0810527503490448 -61.23372268676758 10.5
vertex 0.07121855020523071 -61.16086959838867 5.300000190734863
vertex 0.07121854275465012 -61.16086959838867 10.5
endloop
endfacet
facet normal -0.4506633822417784 0.8926939654251063 0
outer loop
vertex -70.32646942138672 69.94193267822266 -3.700000047683716
vertex -71.76390838623047 69.21626281738281 -3.700000047683716
vertex -70.32646942138672 69.94193267822266 9.5
endloop
endfacet
facet normal -0.9748198472773634 -0.222993868421405 -7.71404331431972e-7
outer loop
vertex 77.43839263916016 40.32394027709961 10.5
vertex 77.50701141357422 40.023990631103516 5.300000190734863
vertex 77.47200012207031 40.177024841308594 10.5
endloop
endfacet
facet normal -0.2742106217413776 0.9616696599790424 0
outer loop
vertex -68.77796173095703 70.38347625732422 -3.700000047683716
vertex -69.6492919921875 70.13502502441406 -3.700000047683716
vertex -68.77796173095703 70.38347625732422 9.5
endloop
endfacet
facet normal -0.08790663229153568 0.9961287185896929 1.308269759558201e-7
outer loop
vertex -67.58438110351562 70.48880767822266 -3.700000047683716
vertex -68.77796173095703 70.38347625732422 -3.700000047683716
vertex -67.17396545410156 70.5250244140625 9.5
endloop
endfacet
facet normal 0.47547954237347023 -0.8797267784854078 -3.884487285587777e-8
outer loop
vertex 4.4351325035095215 -74.78618621826172 9.5
vertex 4.907009124755859 -74.53114318847656 -3.450000047683716
vertex 5.248682498931885 -74.34647369384766 -3.450000047683716
endloop
endfacet
facet normal 0 0 1
outer loop
vertex -18.78978157043457 -60.740386962890625 11.5
vertex -56.48637771606445 -74.43769836425781 11.5
vertex -18.699512481689453 -60.80925369262695 11.5
endloop
endfacet
facet normal 0 0 -1
outer loop
vertex 82.41587829589844 -66.07466125488281 -5.699999809265137
vertex 82.65985870361328 -65.42216491699219 -5.699999809265137
vertex 83.3255386352539 -67.19237518310547 -5.699999809265137
endloop
endfacet
facet normal 0 0 1
outer loop
vertex -19.164640426635742 -60.39011001586914 11.5
vertex -56.48637771606445 -74.43769836425781 11.5
vertex -18.78978157043457 -60.740386962890625 11.5
endloop
endfacet
facet normal 0 0 -1
outer loop
vertex 82.34803771972656 42.32323455810547 -5.699999809265137
vertex 81.89644622802734 43.20089340209961 -5.699999809265137
vertex 83.18781280517578 43.650001525878906 -5.699999809265137
endloop
endfacet
facet normal 0.37707724810867715 -0.9261818120427295 1.8192555384703914e-7
outer loop
vertex 3.578622579574585 -75.13489532470703 9.5
vertex 4.33298397064209 -74.82777404785156 -3.564180612564087
vertex 4.4351325035095215 -74.78618621826172 -3.5438621044158936
endloop
endfacet
facet normal 0 0 1
outer loop
vertex -49.58163833618164 52.79437255859375 11.5
vertex -49.489322662353516 52.69108581542969 11.5
vertex -45.78550338745117 57.997493743896484 11.5
endloop
endfacet
facet normal 0 0 1
outer loop
vertex -37.45119094848633 -58.50109100341797 11.5
vertex -19.164640426635742 -60.39011001586914 11.5
vertex -19.31025505065918 -60.137115478515625 11.5
endloop
endfacet
facet normal 0 0 1
outer loop
vertex 21.01292610168457 -61.36930847167969 11.5
vertex 20.95482063293457 -62.38518142700195 11.5
vertex 21.473875045776367 -60.929996490478516 11.5
endloop
endfacet
facet normal 0 0 -1
outer loop
vertex -57.2894287109375 -74.36080932617188 -5.699999809265137
vertex -56.39704513549805 -73.09656524658203 -5.699999809265137
vertex -56.48637771606445 -74.43769836425781 -5.699999809265137
endloop
endfacet
facet normal 0 0 -1
outer loop
vertex 38.83278274536133 47.36927032470703 -5.699999809265137
vertex 77.583740234375 47.321380615234375 -5.699999809265137
vertex 38.816917419433594 46.023990631103516 -5.699999809265137
endloop
endfacet
facet normal 0 0 1
outer loop
vertex 21.12059783935547 -61.11589431762695 11.5
vertex 21.052202224731445 -61.22944641113281 11.5
vertex 21.473875045776367 -60.929996490478516 11.5
endloop
endfacet
facet normal 0.3770807034798139 -0.9261804052467735 3.015608599377987e-7
outer loop
vertex 3.578622579574585 -75.13489532470703 9.5
vertex 3.9058947563171387 -75.00165557861328 -3.700000047683716
vertex 4.129715919494629 -74.91053009033203 -3.700000047683716
endloop
endfacet
facet normal 0 0 1
outer loop
vertex 21.216651916503906 -61.024539947509766 11.5
vertex 21.473875045776367 -60.929996490478516 11.5
vertex 21.3334903717041 -60.96192169189453 11.5
endloop
endfacet
facet normal -0.00023056295631928886 0.9999999734203613 0
outer loop
vertex 21.417678833007812 -60.43000793457031 5.300000190734863
vertex 21.417678833007812 -60.43000793457031 10.5
vertex 24.213808059692383 -60.42936325073242 10.5
endloop
endfacet
facet normal 0.9910119429947255 0.13377342352582208 0
outer loop
vertex 0.07121855020523071 -61.16086959838867 5.300000190734863
vertex 0.10700899362564087 -61.42601013183594 10.5
vertex 0.10700899362564087 -61.42601013183594 5.300000190734863
endloop
endfacet
facet normal 0.4393346166775962 0.8983234910591716 -1.0951797364172269e-7
outer loop
vertex -63.25264358520508 69.51874542236328 -3.700000047683716
vertex -64.02974700927734 69.89879608154297 -3.700000047683716
vertex -62.97172927856445 69.38136291503906 9.5
endloop
endfacet
facet normal 0 0 1
outer loop
vertex -37.45119094848633 -58.50109100341797 11.5
vertex -19.39298439025879 -59.7286262512207 11.5
vertex -19.396696090698242 -59.01911163330078 11.5
endloop
endfacet
facet normal 0 0 1
outer loop
vertex -63.515953063964844 68.36212921142578 11.5
vertex -49.9912109375 53.40804672241211 11.5
vertex -46.410614013671875 58.431095123291016 11.5
endloop
endfacet
facet normal -0.7455863455656552 -0.6664090345321343 0
outer loop
vertex -49.817134857177734 52.307559967041016 5.300000190734863
vertex -49.817134857177734 52.307559967041016 10.5
vertex -49.93695831298828 52.441619873046875 10.5
endloop
endfacet
facet normal 0 0 1
outer loop
vertex -19.396696090698242 -59.01911163330078 11.5
vertex -19.428903579711914 -58.87749099731445 11.5
vertex -37.45119094848633 -58.50109100341797 11.5
endloop
endfacet
facet normal -0.8848994705377139 -0.4657820595966248 0
outer loop
vertex -50.242088317871094 52.97564697265625 10.5
vertex -49.99542999267578 52.507041931152344 5.300000190734863
vertex -49.99542999267578 52.507041931152344 10.5
endloop
endfacet
facet normal 0 0 1
outer loop
vertex -19.49152183532715 -58.760650634765625 11.5
vertex -37.45119094848633 -58.50109100341797 11.5
vertex -19.428903579711914 -58.87749099731445 11.5
endloop
endfacet
facet normal -0.5018418634376051 -0.8649593887006904 0
outer loop
vertex -66.927978515625 62.656654357910156 10.5
vertex -50.242088317871094 52.97564697265625 5.300000190734863
vertex -50.242088317871094 52.97564697265625 10.5
endloop
endfacet
facet normal 0.2742131897917829 -0.961668927721082 0
outer loop
vertex 2.6892940998077393 -75.38848114013672 9.5
vertex 2.6892940998077393 -75.38848114013672 -3.700000047683716
vertex 3.578622579574585 -75.13489532470703 -3.700000047683716
endloop
endfacet
facet normal 0 0 1
outer loop
vertex -57.34207534790039 38.31353759765625 11.5
vertex -57.07279968261719 38.258670806884766 11.5
vertex -57.20976257324219 38.30546951293945 11.5
endloop
endfacet
facet normal 0.9999997372579081 0.0007249028259257162 -8.59550597061354e-8
outer loop
vertex -37.89299011230469 -57.351009368896484 10.5
vertex -37.89698791503906 -51.83667755126953 5.300000190734863
vertex -37.89634323120117 -52.725399017333984 10.5
endloop
endfacet
facet normal 0.5905356117513295 0.8070115806191899 0
outer loop
vertex -45.778018951416016 59.39902877807617 -3.700000047683716
vertex -45.26641845703125 59.024662017822266 9.5
vertex -45.26641845703125 59.024662017822266 -3.700000047683716
endloop
endfacet
facet normal 0.0025847339993303594 0.9999966595694971 0
outer loop
vertex 19.807008743286133 -62.80101013183594 5.300000190734863
vertex 19.65204429626465 -62.80060958862305 5.300000190734863
vertex 19.807008743286133 -62.80101013183594 10.5
endloop
endfacet
facet normal 0.2703644417624393 0.9627580530073403 0
outer loop
vertex -38.49626922607422 -51.00807189941406 10.5
vertex -38.753849029541016 -50.93573760986328 5.300000190734863
vertex -38.753849029541016 -50.93573760986328 10.5
endloop
endfacet
facet normal 0.16810179501750325 -0.9857696417073785 0
outer loop
vertex 2.6892940998077393 -75.38848114013672 -3.700000047683716
vertex 1.7776777744293213 -75.54393768310547 9.5
vertex 1.7776777744293213 -75.54393768310547 -3.700000047683716
endloop
endfacet
facet normal -0.9983430788601779 -0.05754213145149126 0
outer loop
vertex -64.6929931640625 -67.07988739013672 -3.700000047683716
vertex -64.68959045410156 -67.13892364501953 -3.700000047683716
vertex -64.6929931640625 -67.07988739013672 9.5
endloop
endfacet
facet normal 0 0 -1
outer loop
vertex -29.0925235748291 51.0081672668457 -5.699999809265137
vertex -28.562955856323242 52.285037994384766 -5.699999809265137
vertex -28.687803268432617 50.9073371887207 -5.699999809265137
endloop
endfacet
facet normal 0 0 -1
outer loop
vertex -28.100189208984375 52.19497299194336 -5.699999809265137
vertex -28.687803268432617 50.9073371887207 -5.699999809265137
vertex -28.392974853515625 52.24345397949219 -5.699999809265137
endloop
endfacet
facet normal 0 0 -1
outer loop
vertex -28.034841537475586 52.190250396728516 -5.699999809265137
vertex -9.978938102722168 50.240234375 -5.699999809265137
vertex -28.687803268432617 50.9073371887207 -5.699999809265137
endloop
endfacet
facet normal -0.7306559443360258 0.6827458465684214 0
outer loop
vertex 20.10696029663086 -62.732391357421875 5.300000190734863
vertex 20.457239151000977 -62.3575325012207 10.5
vertex 20.457239151000977 -62.3575325012207 5.300000190734863
endloop
endfacet
facet normal 0 0 1
outer loop
vertex -55.923160552978516 37.49356460571289 11.5
vertex -59.39867401123047 35.28036880493164 11.5
vertex -55.865962982177734 37.37398147583008 11.5
endloop
endfacet
facet normal 0 0 1
outer loop
vertex -56.01826095581055 37.60319900512695 11.5
vertex -59.39867401123047 35.28036880493164 11.5
vertex -55.923160552978516 37.49356460571289 11.5
endloop
endfacet
facet normal 0 0 1
outer loop
vertex 38.257057189941406 41.088382720947266 11.5
vertex 34.56828689575195 46.015621185302734 11.5
vertex 38.185665130615234 41.03839111328125 11.5
endloop
endfacet
facet normal 0 0 -1
outer loop
vertex -45.24680709838867 57.735923767089844 -5.699999809265137
vertex -28.562955856323242 52.285037994384766 -5.699999809265137
vertex -46.13934326171875 56.61658477783203 -5.699999809265137
endloop
endfacet
facet normal 0.7246149299910383 0.6891539764334831 -3.212405161126507e-8
outer loop
vertex -38.08270263671875 -51.33998107910156 10.5
vertex -38.26708221435547 -51.146114349365234 5.300000190734863
vertex -38.16603088378906 -51.25236511230469 10.5
endloop
endfacet
facet normal 0 0 -1
outer loop
vertex -28.562955856323242 52.285037994384766 -5.699999809265137
vertex -29.0925235748291 51.0081672668457 -5.699999809265137
vertex -46.13934326171875 56.61658477783203 -5.699999809265137
endloop
endfacet
facet normal 0 0 1
outer loop
vertex -55.855552673339844 37.09989929199219 11.5
vertex -55.84251403808594 37.24351119995117 11.5
vertex -59.39867401123047 35.28036880493164 11.5
endloop
endfacet
facet normal -0.49760032834487095 0.8674064290925428 0
outer loop
vertex 35.295162200927734 47.763816833496094 -3.700000047683716
vertex 33.898399353027344 46.96254348754883 -3.700000047683716
vertex 35.295162200927734 47.763816833496094 9.5
endloop
endfacet
facet normal 0 0 1
outer loop
vertex 37.792633056640625 40.62078094482422 11.5
vertex 38.141727447509766 40.996742248535156 11.5
vertex 33.510231018066406 45.105133056640625 11.5
endloop
endfacet
facet normal -0.6522695173430196 0.757987121754126 0
outer loop
vertex 33.898399353027344 46.96254348754883 -3.700000047683716
vertex 32.67782974243164 45.912208557128906 -3.700000047683716
vertex 33.898399353027344 46.96254348754883 9.5
endloop
endfacet
facet normal 0 0 1
outer loop
vertex -1.8941837549209595 40.59124755859375 11.5
vertex -10.632444381713867 34.71678161621094 11.5
vertex -1.8036761283874512 40.553890228271484 11.5
endloop
endfacet
facet normal -0.7777733841107826 0.6285447979013596 0
outer loop
vertex 32.67782974243164 45.912208557128906 -3.700000047683716
vertex 31.797330856323242 44.822662353515625 -3.700000047683716
vertex 32.67782974243164 45.912208557128906 9.5
endloop
endfacet
facet normal -0.9627590952182947 0.2703607304592338 0
outer loop
vertex 20.51673698425293 -61.286869049072266 5.300000190734863
vertex 20.58907127380371 -61.0292854309082 10.5
vertex 20.58907127380371 -61.0292854309082 5.300000190734863
endloop
endfacet
facet normal -0.7313306541602552 0.6820230745990371 -9.641855315926163e-8
outer loop
vertex 31.663211822509766 44.66648483276367 -3.700000047683716
vertex 31.433446884155273 44.420108795166016 -3.700000047683716
vertex 31.72246742248535 44.73002624511719 9.5
endloop
endfacet
facet normal 0 0 1
outer loop
vertex 32.17567443847656 43.53555679321289 11.5
vertex 37.68693161010742 40.45152282714844 11.5
vertex 37.7237663269043 40.53050994873047 11.5
endloop
endfacet
facet normal -0.6056276090855133 0.7957482008232031 0
outer loop
vertex 31.433446884155273 44.420108795166016 -3.700000047683716
vertex 31.217525482177734 44.255775451660156 -3.700000047683716
vertex 31.433446884155273 44.420108795166016 9.5
endloop
endfacet
facet normal 0 0 1
outer loop
vertex 1.065205454826355 -74.43975830078125 11.5
vertex -0.16574367880821228 -62.76628875732422 11.5
vertex -0.20739321410655975 -62.722354888916016 11.5
endloop
endfacet
facet normal 0 0 -1
outer loop
vertex -28.687803268432617 50.9073371887207 -5.699999809265137
vertex -9.978938102722168 50.240234375 -5.699999809265137
vertex -10.505873680114746 48.97817611694336 -5.699999809265137
endloop
endfacet
facet normal 0 0 1
outer loop
vertex 1.065205454826355 -74.43975830078125 11.5
vertex 0.4636639952659607 -63.24364471435547 11.5
vertex 0.37947800755500793 -63.22108459472656 11.5
endloop
endfacet
facet normal 0 0 1
outer loop
vertex -57.47179412841797 38.286231994628906 11.5
vertex -57.589630126953125 38.22551345825195 11.5
vertex -57.07279968261719 38.258670806884766 11.5
endloop
endfacet
facet normal 0 0 1
outer loop
vertex 0.4636639952659607 -63.24364471435547 11.5
vertex 1.065205454826355 -74.43975830078125 11.5
vertex 0.5491961240768433 -63.25112533569336 11.5
endloop
endfacet
facet normal 0 0 -1
outer loop
vertex -5.313098430633545 40.6046142578125 -5.699999809265137
vertex -3.379927158355713 41.67544174194336 -5.699999809265137
vertex -5.098002910614014 40.246368408203125 -5.699999809265137
endloop
endfacet
facet normal -0.6891544288563295 0.7246144997084355 0
outer loop
vertex 20.72711181640625 -60.80010223388672 5.300000190734863
vertex 20.920978546142578 -60.61572265625 10.5
vertex 20.920978546142578 -60.61572265625 5.300000190734863
endloop
endfacet
facet normal 0 0 -1
outer loop
vertex -3.780100107192993 39.25945281982422 -5.699999809265137
vertex -1.8941837549209595 40.59124755859375 -5.699999809265137
vertex -3.375800371170044 39.153865814208984 -5.699999809265137
endloop
endfacet
facet normal 0 0 1
outer loop
vertex 0.5491961240768433 -63.25112533569336 11.5
vertex 5.301706790924072 -72.90657043457031 11.5
vertex 6.452271938323975 -71.79578399658203 11.5
endloop
endfacet
facet normal 0 0 -1
outer loop
vertex -4.516117095947266 39.64999771118164 -5.699999809265137
vertex -2.4461896419525146 40.87003707885742 -5.699999809265137
vertex -4.163265228271484 39.42616271972656 -5.699999809265137
endloop
endfacet
facet normal 0 0 1
outer loop
vertex 37.59846878051758 36.90795135498047 11.5
vertex 31.07402229309082 42.86819839477539 11.5
vertex 37.56181716918945 36.777427673339844 11.5
endloop
endfacet
facet normal 0 0 -1
outer loop
vertex -2.8843626976013184 41.17308807373047 -5.699999809265137
vertex -4.516117095947266 39.64999771118164 -5.699999809265137
vertex -2.945693016052246 41.23442077636719 -5.699999809265137
endloop
endfacet
facet normal 0 0 -1
outer loop
vertex -1.8941837549209595 40.59124755859375 -5.699999809265137
vertex -4.163265228271484 39.42616271972656 -5.699999809265137
vertex -2.2786855697631836 40.76940155029297 -5.699999809265137
endloop
endfacet
facet normal 0 0 -1
outer loop
vertex -2.2786855697631836 40.76940155029297 -5.699999809265137
vertex -4.163265228271484 39.42616271972656 -5.699999809265137
vertex -2.4461896419525146 40.87003707885742 -5.699999809265137
endloop
endfacet
facet normal 0 0 1
outer loop
vertex 0.5491961240768433 -63.25112533569336 11.5
vertex 7.048429489135742 -71.02203369140625 11.5
vertex 7.334747791290283 -70.7095947265625 11.5
endloop
endfacet
facet normal 0 0 -1
outer loop
vertex -5.470338821411133 40.99176025390625 -5.699999809265137
vertex -5.565957546234131 41.39853286743164 -5.699999809265137
vertex -3.9173431396484375 42.56608200073242 -5.699999809265137
endloop
endfacet
facet normal 0 0 1
outer loop
vertex 31.07402229309082 42.86819839477539 11.5
vertex 37.39736557006836 36.5725212097168 11.5
vertex 37.4934196472168 36.663875579833984 11.5
endloop
endfacet
facet normal 0 0 1
outer loop
vertex 0.5491961240768433 -63.25112533569336 11.5
vertex 7.334747791290283 -70.7095947265625 11.5
vertex 7.482004165649414 -70.5810546875 11.5
endloop
endfacet
facet normal 0 0 -1
outer loop
vertex -3.379927158355713 41.67544174194336 -5.699999809265137
vertex -5.313098430633545 40.6046142578125 -5.699999809265137
vertex -3.6288259029388428 42.01841354370117 -5.699999809265137
endloop
endfacet
facet normal -0.0013009629206749064 -0.9999991537473814 0
outer loop
vertex 77.06352996826172 40.67422103881836 5.300000190734863
vertex 77.06352996826172 40.67422103881836 10.5
vertex 38.807010650634766 40.72399139404297 10.5
endloop
endfacet
facet normal 0 0 -1
outer loop
vertex -5.597663879394531 41.815189361572266 -5.699999809265137
vertex -5.517193794250488 42.8961296081543 -5.699999809265137
vertex -3.9848835468292236 42.749473571777344 -5.699999809265137
endloop
endfacet
facet normal 0 0 1
outer loop
vertex 6.452271938323975 -71.79578399658203 11.5
vertex 5.301706790924072 -72.90657043457031 11.5
vertex 5.905897617340088 -72.38382720947266 11.5
endloop
endfacet
facet normal 0 0 -1
outer loop
vertex -3.9848835468292236 42.749473571777344 -5.699999809265137
vertex -5.517193794250488 42.8961296081543 -5.699999809265137
vertex -4.105391502380371 43.15574645996094 -5.699999809265137
endloop
endfacet
facet normal 0.974817556682662 0.22300388154300116 0
outer loop
vertex -56.89299011230469 -50.226009368896484 5.300000190734863
vertex -56.824371337890625 -50.525962829589844 10.5
vertex -56.824371337890625 -50.525962829589844 5.300000190734863
endloop
endfacet
facet normal 0 0 -1
outer loop
vertex -4.830204010009766 39.925601959228516 -5.699999809265137
vertex -3.379927158355713 41.67544174194336 -5.699999809265137
vertex -3.2489428520202637 41.530426025390625 -5.699999809265137
endloop
endfacet
facet normal 0 0 1
outer loop
vertex -0.8220458626747131 40.348838806152344 11.5
vertex 0.8661155700683594 34.098995208740234 11.5
vertex -0.7474795579910278 40.342315673828125 11.5
endloop
endfacet
facet normal 0 0 1
outer loop
vertex 40.12059783935547 -56.36589431762695 11.5
vertex 78.72982788085938 -69.6963119506836 11.5
vertex 40.216651916503906 -56.274539947509766 11.5
endloop
endfacet
facet normal 0 0 1
outer loop
vertex 0.8661155700683594 34.098995208740234 11.5
vertex -1.1335128545761108 40.38530731201172 11.5
vertex -1.200189232826233 40.39113998413086 11.5
endloop
endfacet
facet normal 0 0 1
outer loop
vertex 37.2805290222168 36.50990295410156 11.5
vertex 31.07402229309082 42.86819839477539 11.5
vertex 37.14014434814453 36.47797393798828 11.5
endloop
endfacet
facet normal 0 0 -1
outer loop
vertex -1.8036761283874512 40.553890228271484 -5.699999809265137
vertex -3.375800371170044 39.153865814208984 -5.699999809265137
vertex -1.8941837549209595 40.59124755859375 -5.699999809265137
endloop
endfacet
facet normal 0 0 1
outer loop
vertex -1.7091084718704224 40.52854919433594 11.5
vertex 0.8661155700683594 34.098995208740234 11.5
vertex -1.3000407218933105 40.41789627075195 11.5
endloop
endfacet
facet normal 0 0 -1
outer loop
vertex -1.7091084718704224 40.52854919433594 -5.699999809265137
vertex -1.3011871576309204 40.413658142089844 -5.699999809265137
vertex -3.0375256538391113 39.114723205566406 -5.699999809265137
endloop
endfacet
facet normal 0 0 1
outer loop
vertex 38.83278274536133 47.36927032470703 11.5
vertex 77.06417846679688 41.17422103881836 11.5
vertex 77.583740234375 47.321380615234375 11.5
endloop
endfacet
facet normal 0 0 -1
outer loop
vertex -3.0375256538391113 39.114723205566406 -5.699999809265137
vertex -1.3011871576309204 40.413658142089844 -5.699999809265137
vertex -1.200189232826233 40.39113998413086 -5.699999809265137
endloop
endfacet
facet normal 0.6827354410981052 0.7306656673668032 0
outer loop
vertex -18.824371337890625 -60.025962829589844 5.300000190734863
vertex -18.824371337890625 -60.025962829589844 10.5
vertex -18.70062255859375 -60.14159393310547 10.5
endloop
endfacet
facet normal 0 0 -1
outer loop
vertex -1.1339664459228516 40.38143539428711 -5.699999809265137
vertex -3.0375256538391113 39.114723205566406 -5.699999809265137
vertex -1.200189232826233 40.39113998413086 -5.699999809265137
endloop
endfacet
facet normal 0 0 1
outer loop
vertex 32.56423568725586 43.945011138916016 11.5
vertex 37.7237663269043 40.53050994873047 11.5
vertex 32.619266510009766 44.00529098510742 11.5
endloop
endfacet
facet normal 0.6827480115283916 0.7306539213291839 -5.603428465159496e-7
outer loop
vertex -18.449512481689453 -60.37623977661133 10.5
vertex -18.824371337890625 -60.025962829589844 5.300000190734863
vertex -18.70062255859375 -60.14159393310547 10.5
endloop
endfacet
facet normal 0 0 -1
outer loop
vertex -0.7474795579910278 40.342315673828125 -5.699999809265137
vertex 1.0451356172561646 38.898990631103516 -5.699999809265137
vertex -3.0375256538391113 39.114723205566406 -5.699999809265137
endloop
endfacet
facet normal 0.9748182231833393 0.22300096804650277 0
outer loop
vertex -18.857982635498047 -59.8790397644043 10.5
vertex -18.892990112304688 -59.726009368896484 5.300000190734863
vertex -18.892990112304688 -59.726009368896484 10.5
endloop
endfacet
facet normal -0.30616374569564975 0.9519788657431474 0
outer loop
vertex 30.72052001953125 43.96745681762695 -3.700000047683716
vertex 30.66196060180664 43.94862365722656 -3.700000047683716
vertex 30.72052001953125 43.96745681762695 9.5
endloop
endfacet
facet normal 0 0 1
outer loop
vertex 37.7237663269043 40.53050994873047 11.5
vertex 32.27521514892578 43.63509750366211 11.5
vertex 32.17567443847656 43.53555679321289 11.5
endloop
endfacet
facet normal 0.9999863076136596 0.00523302830097234 2.2060682226200995e-8
outer loop
vertex -18.892990112304688 -59.726009368896484 10.5
vertex -18.896989822387695 -58.96167755126953 5.300000190734863
vertex -18.896331787109375 -59.08744430541992 10.5
endloop
endfacet
facet normal 0 0 -1
outer loop
vertex -62.45254898071289 -70.93829345703125 -5.699999809265137
vertex -61.850181579589844 -69.09713745117188 -5.699999809265137
vertex -61.59980010986328 -69.70000457763672 -5.699999809265137
endloop
endfacet
facet normal 0.8813983502949856 0.47237373773028246 0
outer loop
vertex -18.956321716308594 -58.7007942199707 10.5
vertex -19.08270263671875 -58.46498107910156 5.300000190734863
vertex -19.08270263671875 -58.46498107910156 10.5
endloop
endfacet
facet normal -0.20316284266932488 0.9791449634035397 -7.995141725485608e-10
outer loop
vertex 18.435110092163086 43.630619049072266 -3.700000047683716
vertex 17.299673080444336 43.39502716064453 -3.700000047683716
vertex 18.876367568969727 43.72217559814453 9.5
endloop
endfacet
facet normal 0.9999863123863771 0.005232116196628653 0
outer loop
vertex -18.896331787109375 -59.08744430541992 10.5
vertex -18.896989822387695 -58.96167755126953 5.300000190734863
vertex -18.896989822387695 -58.96167755126953 10.5
endloop
endfacet
facet normal -0.3841923824193065 0.9232530602662387 -4.938402248079926e-8
outer loop
vertex 16.803184509277344 43.18842315673828 -3.700000047683716
vertex 15.812981605529785 42.776371002197266 -3.700000047683716
vertex 17.299673080444336 43.39502716064453 9.5
endloop
endfacet
facet normal 0 0 1
outer loop
vertex 40.473846435546875 -56.18000030517578 11.5
vertex 40.33348846435547 -56.21192169189453 11.5
vertex 78.72982788085938 -69.6963119506836 11.5
endloop
endfacet
facet normal -0.5522625850955588 0.8336702208328965 0
outer loop
vertex 15.812981605529785 42.776371002197266 -3.700000047683716
vertex 14.32168197631836 41.7884635925293 -3.700000047683716
vertex 15.812981605529785 42.776371002197266 9.5
endloop
endfacet
facet normal 0.9750991052286772 0.22176955377651156 0
outer loop
vertex -18.929227828979492 -58.819923400878906 10.5
vertex -18.956321716308594 -58.7007942199707 5.300000190734863
vertex -18.956321716308594 -58.7007942199707 10.5
endloop
endfacet
facet normal 0 0 1
outer loop
vertex 32.13066101074219 43.5040397644043 11.5
vertex 31.793447494506836 43.24739074707031 11.5
vertex 37.65685272216797 40.28914260864258 11.5
endloop
endfacet
facet normal -0.3061398077297497 0.9519865640455184 0
outer loop
vertex 13.945966720581055 41.59245681762695 -3.700000047683716
vertex 13.810083389282227 41.54875946044922 -3.700000047683716
vertex 13.945966720581055 41.59245681762695 9.5
endloop
endfacet
facet normal 0.2703607304592338 0.9627590952182947 0
outer loop
vertex -19.496267318725586 -58.13307189941406 10.5
vertex -19.75385093688965 -58.06073760986328 5.300000190734863
vertex -19.75385093688965 -58.06073760986328 10.5
endloop
endfacet
facet normal -0.1409594575970166 0.9900153692311827 0
outer loop
vertex 13.5425443649292 41.46272277832031 -3.700000047683716
vertex 13.123005867004395 41.40298843383789 -3.700000047683716
vertex 13.5425443649292 41.46272277832031 9.5
endloop
endfacet
facet normal 0.5477515709965443 0.8366410320267647 -8.886796261979027e-8
outer loop
vertex 82.11502075195312 46.66165542602539 9.5
vertex 80.76783752441406 47.54365921020508 -3.700000047683716
vertex 81.13855743408203 47.30094909667969 9.5
endloop
endfacet
facet normal -0.00033285577759364427 0.9999999446035142 0
outer loop
vertex 13.123005867004395 41.40298843383789 -3.700000047683716
vertex 1.1123911142349243 41.398990631103516 -3.700000047683716
vertex 13.123005867004395 41.40298843383789 9.5
endloop
endfacet
facet normal 0.5159568649411677 0.8566145653209976 0
outer loop
vertex -19.2911434173584 -58.256622314453125 10.5
vertex -19.496267318725586 -58.13307189941406 5.300000190734863
vertex -19.496267318725586 -58.13307189941406 10.5
endloop
endfacet
facet normal 0.0514911923391198 0.9986734486865543 0
outer loop
vertex 1.1123911142349243 41.398990631103516 -3.700000047683716
vertex -0.688210666179657 41.49182891845703 -3.700000047683716
vertex 1.1123911142349243 41.398990631103516 9.5
endloop
endfacet
facet normal 0 0 1
outer loop
vertex 31.793447494506836 43.24739074707031 11.5
vertex 31.630321502685547 43.13970184326172 11.5
vertex 37.65685272216797 40.28914260864258 11.5
endloop
endfacet
facet normal 0 0 1
outer loop
vertex -57.69649124145508 38.12712478637695 11.5
vertex -57.75070571899414 38.049278259277344 11.5
vertex -57.07279968261719 38.258670806884766 11.5
endloop
endfacet
facet normal 0 0 1
outer loop
vertex -57.75070571899414 38.049278259277344 11.5
vertex -59.39867401123047 35.28036880493164 11.5
vertex -57.07279968261719 38.258670806884766 11.5
endloop
endfacet
facet normal 0 0 1
outer loop
vertex -59.39867401123047 35.28036880493164 11.5
vertex -59.4453125 35.214691162109375 11.5
vertex -55.855552673339844 37.09989929199219 11.5
endloop
endfacet
facet normal 0 0 1
outer loop
vertex 31.630321502685547 43.13970184326172 11.5
vertex 31.253101348876953 42.94657897949219 11.5
vertex 37.65685272216797 40.28914260864258 11.5
endloop
endfacet
facet normal 0 0 1
outer loop
vertex -59.50693893432617 35.1530647277832 11.5
vertex -59.57833480834961 35.10307312011719 11.5
vertex -56.937530517578125 33.71050262451172 11.5
endloop
endfacet
facet normal 0.5477493561038281 0.8366424821199564 0
outer loop
vertex 80.76783752441406 47.54365921020508 -3.700000047683716
vertex 80.76783752441406 47.54365921020508 9.5
vertex 81.13855743408203 47.30094909667969 9.5
endloop
endfacet
facet normal 0 0 1
outer loop
vertex -59.57833480834961 35.10307312011719 11.5
vertex -59.6367301940918 35.074256896972656 11.5
vertex -56.93877029418945 33.18893051147461 11.5
endloop
endfacet
facet normal 0.002834852866906113 0.9999959817965385 0
outer loop
vertex -0.8929910063743591 -60.42601013183594 10.5
vertex -18.449512481689453 -60.37623977661133 5.300000190734863
vertex -18.449512481689453 -60.37623977661133 10.5
endloop
endfacet
facet normal 0.9200767526827728 0.39173813852194544 -2.9105606987233975e-7
outer loop
vertex 0.07121854275465012 -61.16086959838867 10.5
vertex -0.0335908867418766 -60.91470718383789 5.300000190734863
vertex -0.007834754884243011 -60.975196838378906 10.5
endloop
endfacet
facet normal -0.5422074083678186 -0.8402446824056988 0
outer loop
vertex -49.817134857177734 52.307559967041016 10.5
vertex -49.59233093261719 52.16249465942383 5.300000190734863
vertex -49.59233093261719 52.16249465942383 10.5
endloop
endfacet
facet normal 0.32332790940078376 0.9462869876535969 0
outer loop
vertex -56.858787536621094 38.71392822265625 10.5
vertex -57.11196517944336 38.80043411254883 5.300000190734863
vertex -57.11196517944336 38.80043411254883 10.5
endloop
endfacet
facet normal 0 0 -1
outer loop
vertex 38.816917419433594 46.023990631103516 -5.699999809265137
vertex 38.48780059814453 47.360595703125 -5.699999809265137
vertex 38.83278274536133 47.36927032470703 -5.699999809265137
endloop
endfacet
facet normal 0.11426901113770901 0.993449844276806 0
outer loop
vertex -0.6659446954727173 -60.452125549316406 10.5
vertex -0.8929910063743591 -60.42601013183594 5.300000190734863
vertex -0.8929910063743591 -60.42601013183594 10.5
endloop
endfacet
facet normal 0.06085316678718126 0.9981467287388021 0
outer loop
vertex -57.37901306152344 38.816715240478516 5.300000190734863
vertex -57.37901306152344 38.816715240478516 10.5
vertex -57.182228088378906 38.804718017578125 10.5
endloop
endfacet
facet normal 0.38012135935145225 0.924936620620464 0
outer loop
vertex 79.27848052978516 48.15574264526367 9.5
vertex 80.45674133300781 47.671512603759766 9.5
vertex 79.27848052978516 48.15574264526367 -3.700000047683716
endloop
endfacet
facet normal -0.20595210301756353 0.9785620732803019 0
outer loop
vertex -57.64082336425781 38.76161193847656 5.300000190734863
vertex -57.64082336425781 38.76161193847656 10.5
vertex -57.56025695800781 38.778568267822266 10.5
endloop
endfacet
facet normal 0.3552834343628341 0.9347586219272598 0
outer loop
vertex -0.4158538579940796 -60.54718017578125 10.5
vertex -0.6659446954727173 -60.452125549316406 5.300000190734863
vertex -0.6659446954727173 -60.452125549316406 10.5
endloop
endfacet
facet normal -0.4580566316531442 0.8889230125261556 0
outer loop
vertex -57.64082336425781 38.76161193847656 10.5
vertex -57.8786506652832 38.639060974121094 5.300000190734863
vertex -57.8786506652832 38.639060974121094 10.5
endloop
endfacet
facet normal 0 0 1
outer loop
vertex 30.4798583984375 42.694549560546875 11.5
vertex 30.060319900512695 42.63481903076172 11.5
vertex 37.14014434814453 36.47797393798828 11.5
endloop
endfacet
facet normal 0 0 -1
outer loop
vertex 37.96788787841797 45.964141845703125 -5.699999809265137
vertex 37.090171813964844 47.159812927246094 -5.699999809265137
vertex 38.48780059814453 47.360595703125 -5.699999809265137
endloop
endfacet
facet normal 0.7832753411450988 0.6216749471822307 0
outer loop
vertex -0.09099337458610535 -60.84238052368164 10.5
vertex -0.19991694390773773 -60.705142974853516 5.300000190734863
vertex -0.19991694390773773 -60.705142974853516 10.5
endloop
endfacet
facet normal 0 0 1
outer loop
vertex -10.632444381713867 34.71678161621094 11.5
vertex 0.8661155700683594 34.098995208740234 11.5
vertex -1.8036761283874512 40.553890228271484 11.5
endloop
endfacet
facet normal 0 0 -1
outer loop
vertex 36.16213607788086 45.40861129760742 -5.699999809265137
vertex 35.77443313598633 46.70754623413086 -5.699999809265137
vertex 37.00513458251953 45.746604919433594 -5.699999809265137
endloop
endfacet
facet normal 0 0 -1
outer loop
vertex 35.31477355957031 44.90245056152344 -5.699999809265137
vertex 34.56828689575195 46.015621185302734 -5.699999809265137
vertex 36.16213607788086 45.40861129760742 -5.699999809265137
endloop
endfacet
facet normal 0 0 1
outer loop
vertex -10.323973655700684 42.92354965209961 11.5
vertex -3.9848835468292236 42.749473571777344 11.5
vertex -4.109215259552002 43.15460968017578 11.5
endloop
endfacet
facet normal 0 0 -1
outer loop
vertex 34.61869430541992 44.31904983520508 -5.699999809265137
vertex 33.510231018066406 45.105133056640625 -5.699999809265137
vertex 34.56828689575195 46.015621185302734 -5.699999809265137
endloop
endfacet
facet normal 0 0 -1
outer loop
vertex 33.970767974853516 43.574462890625 -5.699999809265137
vertex 32.619266510009766 44.00529098510742 -5.699999809265137
vertex 33.510231018066406 45.105133056640625 -5.699999809265137
endloop
endfacet
facet normal 0 0 -1
outer loop
vertex -7.204660892486572 47.23818588256836 -5.699999809265137
vertex -7.8844475746154785 47.840492248535156 -5.699999809265137
vertex -5.463859558105469 47.21823501586914 -5.699999809265137
endloop
endfacet
facet normal 0.000057934125224471625 -0.9999999980343064 0.000023979666311804863
outer loop
vertex 16.90700912475586 -70.8545913696289 -3.450000047683716
vertex 17.481033325195312 -70.85456085205078 -3.564180612564087
vertex 78.77349853515625 -70.85101318359375 -3.700000047683716
endloop
endfacet
facet normal 0 0 -1
outer loop
vertex -5.7628560066223145 44.77091979980469 -5.699999809265137
vertex -6.120165824890137 45.691001892089844 -5.699999809265137
vertex -4.7889018058776855 46.00257110595703 -5.699999809265137
endloop
endfacet
facet normal 0 0 1
outer loop
vertex -3.2489428520202637 41.530426025390625 11.5
vertex -10.632444381713867 34.71678161621094 11.5
vertex -2.945693016052246 41.23442077636719 11.5
endloop
endfacet
facet normal 0 0 -1
outer loop
vertex -5.463859558105469 47.21823501586914 -5.699999809265137
vertex -6.578927516937256 46.474853515625 -5.699999809265137
vertex -7.204660892486572 47.23818588256836 -5.699999809265137
endloop
endfacet
facet normal 0.8649594385019213 -0.5018417776017068 0
outer loop
vertex -67.68164825439453 62.561893463134766 5.300000190734863
vertex -77.36265563964844 45.875999450683594 10.5
vertex -77.36265563964844 45.875999450683594 5.300000190734863
endloop
endfacet
facet normal 0 0 -1
outer loop
vertex -9.54993724822998 48.732398986816406 -5.699999809265137
vertex -9.978938102722168 50.240234375 -5.699999809265137
vertex -8.657014846801758 49.824092864990234 -5.699999809265137
endloop
endfacet
facet normal 0 0 1
outer loop
vertex -10.632444381713867 34.71678161621094 11.5
vertex -3.2489428520202637 41.530426025390625 11.5
vertex -3.379927158355713 41.67544174194336 11.5
endloop
endfacet
facet normal 0 0 -1
outer loop
vertex -9.54993724822998 48.732398986816406 -5.699999809265137
vertex -8.657014846801758 49.824092864990234 -5.699999809265137
vertex -8.716545104980469 48.37137222290039 -5.699999809265137
endloop
endfacet
facet normal 0 0 -1
outer loop
vertex -7.8844475746154785 47.840492248535156 -5.699999809265137
vertex -7.433261871337891 49.16391372680664 -5.699999809265137
vertex -6.355987071990967 48.28477478027344 -5.699999809265137
endloop
endfacet
facet normal 0.19882198735126053 0.9800356204473871 0
outer loop
vertex 77.78434753417969 48.45890808105469 9.5
vertex 77.70040893554688 48.47593688964844 -3.700000047683716
vertex 77.70040893554688 48.47593688964844 9.5
endloop
endfacet
facet normal 0 0 -1
outer loop
vertex 32.27521514892578 43.63509750366211 -5.699999809265137
vertex 32.56423568725586 43.945011138916016 -5.699999809265137
vertex 33.30051040649414 42.472740173339844 -5.699999809265137
endloop
endfacet
facet normal 0 0 -1
outer loop
vertex -5.517193794250488 42.8961296081543 -5.699999809265137
vertex -5.570617198944092 43.883270263671875 -5.699999809265137
vertex -4.141684532165527 43.3091926574707 -5.699999809265137
endloop
endfacet
facet normal 0.002584657236097757 0.9999966597679073 0
outer loop
vertex 18.162351608276367 -62.79676055908203 10.5
vertex 0.5504881143569946 -62.75123977661133 5.300000190734863
vertex 0.5504881143569946 -62.75123977661133 10.5
endloop
endfacet
facet normal 0 0 -1
outer loop
vertex -4.350988864898682 44.668155670166016 -5.699999809265137
vertex -5.7628560066223145 44.77091979980469 -5.699999809265137
vertex -4.7889018058776855 46.00257110595703 -5.699999809265137
endloop
endfacet
facet normal 0 0 1
outer loop
vertex 77.31352996826172 41.10723114013672 11.5
vertex 77.40380096435547 41.038368225097656 11.5
vertex 81.3906021118164 45.75577163696289 11.5
endloop
endfacet
facet normal 0 0 1
outer loop
vertex -3.694284200668335 42.11927032470703 11.5
vertex -3.726250171661377 42.18782043457031 11.5
vertex -10.632444381713867 34.71678161621094 11.5
endloop
endfacet
facet normal 0.5951757358554317 0.8035955720690262 0
outer loop
vertex -55.67654037475586 37.972312927246094 10.5
vertex -55.81237030029297 38.072914123535156 5.300000190734863
vertex -55.81237030029297 38.072914123535156 10.5
endloop
endfacet
facet normal 0.8187117132997813 0.574204780984743 0
outer loop
vertex 84.19627380371094 44.223079681396484 9.5
vertex 83.27167510986328 45.54138946533203 -3.700000047683716
vertex 83.27167510986328 45.54138946533203 9.5
endloop
endfacet
facet normal 0 0 1
outer loop
vertex -10.324178695678711 43.0295295715332 11.5
vertex -10.323973655700684 42.92354965209961 11.5
vertex -4.141684532165527 43.3091926574707 11.5
endloop
endfacet
facet normal 0.9842315139925407 0.17688506682009938 0
outer loop
vertex -55.33845901489258 37.26552200317383 10.5
vertex -55.38578414916992 37.52885055541992 5.300000190734863
vertex -55.38578414916992 37.52885055541992 10.5
endloop
endfacet
facet normal -0.9748169401412384 -0.22300657661529436 0
outer loop
vertex 77.43839263916016 40.32394027709961 5.300000190734863
vertex 77.50701141357422 40.023990631103516 5.300000190734863
vertex 77.43839263916016 40.32394027709961 10.5
endloop
endfacet
facet normal 0.7554189844820706 0.6552420605273118 0
outer loop
vertex -55.5012321472168 37.77020263671875 10.5
vertex -55.67654037475586 37.972312927246094 5.300000190734863
vertex -55.67654037475586 37.972312927246094 10.5
endloop
endfacet
facet normal 0 0 1
outer loop
vertex -11.126092910766602 35.23630142211914 11.5
vertex -11.10900592803955 35.09327697753906 11.5
vertex -3.9173431396484375 42.56608200073242 11.5
endloop
endfacet
facet normal 0 0 -1
outer loop
vertex 33.04198455810547 42.14445495605469 -5.699999809265137
vertex 31.793447494506836 43.24739074707031 -5.699999809265137
vertex 33.30051040649414 42.472740173339844 -5.699999809265137
endloop
endfacet
facet normal 0 0 1
outer loop
vertex -11.058943748474121 34.97053146362305 11.5
vertex -3.9173431396484375 42.56608200073242 11.5
vertex -11.10900592803955 35.09327697753906 11.5
endloop
endfacet
facet normal -0.0001099143897651997 0.9999999939593461 3.6693677923846867e-7
outer loop
vertex 76.8070068359375 -55.67601013183594 10.5
vertex 40.41767883300781 -55.68000793457031 5.300000190734863
vertex 46.26565933227539 -55.67936706542969 10.5
endloop
endfacet
facet normal 0.9959022171387414 -0.09043657389651107 0
outer loop
vertex -55.3441047668457 37.20335006713867 10.5
vertex -55.33845901489258 37.26552200317383 5.300000190734863
vertex -55.33845901489258 37.26552200317383 10.5
endloop
endfacet
facet normal 0 0 1
outer loop
vertex -10.978130340576172 34.865455627441406 11.5
vertex -10.872347831726074 34.78556442260742 11.5
vertex -3.9173431396484375 42.56608200073242 11.5
endloop
endfacet
facet normal 0.9514100807590712 -0.3079267091858345 0
outer loop
vertex -56.441429138183594 33.66592788696289 10.5
vertex -55.362648010253906 36.99906921386719 5.300000190734863
vertex -55.362648010253906 36.99906921386719 10.5
endloop
endfacet
facet normal 0.5223615949562737 0.8527240843993665 0
outer loop
vertex -56.858787536621094 38.71392822265625 5.300000190734863
vertex -56.858787536621094 38.71392822265625 10.5
vertex -55.93979263305664 38.150970458984375 10.5
endloop
endfacet
facet normal 0 0 1
outer loop
vertex 7.939077854156494 -70.240478515625 11.5
vertex 7.983847141265869 -70.2196044921875 11.5
vertex 0.5491961240768433 -63.25112533569336 11.5
endloop
endfacet
facet normal 0 0 -1
outer loop
vertex 31.253101348876953 42.94657897949219 -5.699999809265137
vertex 31.628816604614258 43.14258575439453 -5.699999809265137
vertex 32.73590087890625 41.85999298095703 -5.699999809265137
endloop
endfacet
facet normal 0 0 -1
outer loop
vertex 18.40700912475586 -69.6998062133789 -5.699999809265137
vertex 18.40700912475586 -68.35418701171875 -5.699999809265137
vertex 78.72982788085938 -69.6963119506836 -5.699999809265137
endloop
endfacet
facet normal 0 0 1
outer loop
vertex 0.5491961240768433 -63.25112533569336 11.5
vertex 7.983847141265869 -70.2196044921875 11.5
vertex 8.359561920166016 -70.02359771728516 11.5
endloop
endfacet
facet normal 0 0 -1
outer loop
vertex 31.07402229309082 42.86819839477539 -5.699999809265137
vertex 31.195837020874023 41.27769088745117 -5.699999809265137
vertex 30.6696834564209 42.741310119628906 -5.699999809265137
endloop
endfacet
facet normal -0.5970458008968239 -0.8022071500750103 0
outer loop
vertex -61.630393981933594 -73.63246154785156 -3.700000047683716
vertex -61.36368179321289 -73.83096313476562 -3.700000047683716
vertex -61.630393981933594 -73.63246154785156 9.5
endloop
endfacet
facet normal 0 0 -1
outer loop
vertex 30.4798583984375 42.694549560546875 -5.699999809265137
vertex 30.6696834564209 42.741310119628906 -5.699999809265137
vertex 31.195837020874023 41.27769088745117 -5.699999809265137
endloop
endfacet
facet normal 0 0 1
outer loop
vertex 0.5491961240768433 -63.25112533569336 11.5
vertex 8.359561920166016 -70.02359771728516 11.5
vertex 8.539557456970215 -69.94806671142578 11.5
endloop
endfacet
facet normal 0 0 -1
outer loop
vertex 31.610219955444336 41.331485748291016 -5.699999809265137
vertex 31.07402229309082 42.86819839477539 -5.699999809265137
vertex 32.01133728027344 41.44858169555664 -5.699999809265137
endloop
endfacet
facet normal 0.9731766348559433 0.23005920405509062 0
outer loop
vertex 84.94071197509766 42.394161224365234 9.5
vertex 84.85563659667969 42.7540397644043 -3.700000047683716
vertex 84.85563659667969 42.7540397644043 9.5
endloop
endfacet
facet normal 0 0 1
outer loop
vertex 0.5491961240768433 -63.25112533569336 11.5
vertex 8.539557456970215 -69.94806671142578 11.5
vertex 8.942063331604004 -69.81548309326172 11.5
endloop
endfacet
facet normal 0 0 -1
outer loop
vertex 31.195837020874023 41.27769088745117 -5.699999809265137
vertex 29.89801788330078 42.623329162597656 -5.699999809265137
vertex 30.060319900512695 42.63481903076172 -5.699999809265137
endloop
endfacet
facet normal 0.9731741476442155 0.23006972498975833 3.028681115591745e-7
outer loop
vertex 85.2260971069336 41.187007904052734 9.5
vertex 84.85563659667969 42.7540397644043 -3.700000047683716
vertex 84.94071197509766 42.394161224365234 9.5
endloop
endfacet
facet normal 0 0 -1
outer loop
vertex 19.816917419433594 41.273990631103516 -5.699999809265137
vertex 29.89801788330078 42.623329162597656 -5.699999809265137
vertex 31.195837020874023 41.27769088745117 -5.699999809265137
endloop
endfacet
facet normal 0 0 1
outer loop
vertex 0.5491961240768433 -63.25112533569336 11.5
vertex 9.095053672790527 -69.77758026123047 11.5
vertex 9.133186340332031 -69.77424621582031 11.5
endloop
endfacet
facet normal -0.6773474478496155 0.735663261887946 0
outer loop
vertex -57.8786506652832 38.639060974121094 10.5
vertex -58.07547378540039 38.45783996582031 5.300000190734863
vertex -58.07547378540039 38.45783996582031 10.5
endloop
endfacet
facet normal 0 0 1
outer loop
vertex 0.5491961240768433 -63.25112533569336 11.5
vertex 9.55272388458252 -69.71451568603516 11.5
vertex 9.71503734588623 -69.7003173828125 11.5
endloop
endfacet
facet normal -0.8593181907380144 0.5114413427421391 -9.291338583193299e-7
outer loop
vertex -58.17122268676758 38.32035827636719 10.5
vertex -59.82833480834961 35.53608703613281 5.300000190734863
vertex -58.98038101196289 36.960819244384766 10.5
endloop
endfacet
facet normal 0 0 1
outer loop
vertex 77.40380096435547 41.038368225097656 11.5
vertex 77.77865600585938 40.688087463378906 11.5
vertex 81.3906021118164 45.75577163696289 11.5
endloop
endfacet
facet normal -0.3832207746704151 0.9236567749229185 0
outer loop
vertex -60.218360900878906 35.374271392822266 5.300000190734863
vertex -60.218360900878906 35.374271392822266 10.5
vertex -60.142093658447266 35.405914306640625 10.5
endloop
endfacet
facet normal 0.18134030899524528 0.9834204046762041 0
outer loop
vertex -60.29912185668945 35.389163970947266 10.5
vertex -60.582000732421875 35.44132614135742 5.300000190734863
vertex -60.582000732421875 35.44132614135742 10.5
endloop
endfacet
facet normal -0.22176931165220876 0.9750991602956622 0
outer loop
vertex 21.15679359436035 -60.489341735839844 5.300000190734863
vertex 21.417678833007812 -60.43000793457031 10.5
vertex 21.417678833007812 -60.43000793457031 5.300000190734863
endloop
endfacet
facet normal 0 0 1
outer loop
vertex -64.45211791992188 68.8199691772461 11.5
vertex -66.67710876464844 63.089054107666016 11.5
vertex -63.515953063964844 68.36212921142578 11.5
endloop
endfacet
facet normal 0 0 1
outer loop
vertex -67.18191528320312 69.3651351928711 11.5
vertex -67.20479583740234 63.21611022949219 11.5
vertex -65.79862976074219 69.22393798828125 11.5
endloop
endfacet
facet normal 0.7306616373884492 -0.682739753968174 5.546912829713636e-7
outer loop
vertex 38.15678024291992 40.28050994873047 10.5
vertex 38.507057189941406 40.65536880493164 5.300000190734863
vertex 38.39139938354492 40.53159713745117 10.5
endloop
endfacet
facet normal 0 0 1
outer loop
vertex -68.56700134277344 69.24290466308594 11.5
vertex -69.9041748046875 68.86162567138672 11.5
vertex -67.48322296142578 63.18553924560547 11.5
endloop
endfacet
facet normal 0 0 1
outer loop
vertex -11.02640438079834 44.15699768066406 11.5
vertex -9.978938102722168 50.240234375 11.5
vertex -11.110589981079102 44.1795539855957 11.5
endloop
endfacet
facet normal 0 0 -1
outer loop
vertex 19.816917419433594 41.273990631103516 -5.699999809265137
vertex 19.850921630859375 42.619300842285156 -5.699999809265137
vertex 29.89801788330078 42.623329162597656 -5.699999809265137
endloop
endfacet
facet normal -0.22298836637982974 0.9748211058743204 -0.0000011053848828036255
outer loop
vertex 39.10696029663086 -60.357391357421875 10.5
vertex 38.807010650634766 -60.42601013183594 5.300000190734863
vertex 38.96004104614258 -60.39099884033203 10.5
endloop
endfacet
facet normal 0 0 1
outer loop
vertex -11.144124984741211 44.18248748779297 11.5
vertex -9.978938102722168 50.240234375 11.5
vertex -28.034841537475586 52.190250396728516 11.5
endloop
endfacet
facet normal 0.3105612701935714 0.9505533638127397 -2.0210823456855602e-7
outer loop
vertex -35.35218811035156 55.71795654296875 -3.700000047683716
vertex -44.88819885253906 58.833526611328125 -3.700000047683716
vertex -28.2043514251709 53.38264465332031 9.5
endloop
endfacet
facet normal -0.7523872732397432 -0.6587210267380752 0
outer loop
vertex -10.992520332336426 43.453121185302734 10.5
vertex -10.854439735412598 43.295406341552734 5.300000190734863
vertex -10.854439735412598 43.295406341552734 10.5
endloop
endfacet
facet normal 0.16335931502897788 0.9865666395095991 0
outer loop
vertex -27.911563873291016 53.334163665771484 -3.700000047683716
vertex -28.124664306640625 53.369449615478516 -3.700000047683716
vertex -27.911563873291016 53.334163665771484 9.5
endloop
endfacet
facet normal 0.997637544365956 0.06869738038284351 0
outer loop
vertex 85.3070068359375 40.012020111083984 9.5
vertex 85.2260971069336 41.187007904052734 -3.700000047683716
vertex 85.2260971069336 41.187007904052734 9.5
endloop
endfacet
facet normal 0 0 1
outer loop
vertex -65.79862976074219 69.22393798828125 11.5
vertex -66.83737182617188 63.148040771484375 11.5
vertex -66.75697326660156 63.12649917602539 11.5
endloop
endfacet
facet normal -0.7523859737666184 -0.6587225109856586 7.952306069348926e-8
outer loop
vertex -11.19741439819336 43.68714904785156 10.5
vertex -10.854439735412598 43.295406341552734 5.300000190734863
vertex -10.992520332336426 43.453121185302734 10.5
endloop
endfacet
facet normal 0.9998509505258812 -0.017264898855535532 0
outer loop
vertex 38.09728240966797 36.8348503112793 10.5
vertex 38.15678024291992 40.28050994873047 5.300000190734863
vertex 38.15678024291992 40.28050994873047 10.5
endloop
endfacet
facet normal 0.8969107799604631 0.4422115475546855 -6.241418544842536e-8
outer loop
vertex -2.694284200668335 42.69662094116211 9.5
vertex -2.7660298347473145 42.84213638305664 -3.700000047683716
vertex -2.8816797733306885 43.07670211791992 -3.700000047683716
endloop
endfacet
facet normal -0.822854834440364 -0.5682516356669123 0
outer loop
vertex -63.438453674316406 -71.54268646240234 -3.700000047683716
vertex -62.91294860839844 -72.30364227294922 -3.700000047683716
vertex -63.438453674316406 -71.54268646240234 9.5
endloop
endfacet
facet normal 0.4203950207829333 0.9073411852775316 2.84502546589311e-7
outer loop
vertex -1.6888903379440308 41.76875305175781 -3.700000047683716
vertex -1.7932472229003906 41.81710433959961 -3.700000047683716
vertex -1.408745288848877 41.63895034790039 9.5
endloop
endfacet
facet normal 0 0 1
outer loop
vertex -18.450929641723633 -60.87623977661133 11.5
vertex -18.53633689880371 -60.86864471435547 11.5
vertex 1.065205454826355 -74.43975830078125 11.5
endloop
endfacet
facet normal 0.8093365222813834 0.5873452082902149 0
outer loop
vertex -2.445385456085205 42.3536491394043 -3.700000047683716
vertex -2.694284200668335 42.69662094116211 -3.700000047683716
vertex -2.445385456085205 42.3536491394043 9.5
endloop
endfacet
facet normal 0.0012359038110841204 0.9999992362705933 0
outer loop
vertex 77.70040893554688 48.47593688964844 9.5
vertex 38.8189811706543 48.523990631103516 -3.700000047683716
vertex 38.8189811706543 48.523990631103516 9.5
endloop
endfacet
facet normal 0.2611075441475345 0.9653097173390741 0
outer loop
vertex -0.9996775984764099 41.52830123901367 -3.700000047683716
vertex -1.408745288848877 41.63895034790039 -3.700000047683716
vertex -0.9996775984764099 41.52830123901367 9.5
endloop
endfacet
facet normal 0.11630386377905659 0.9932136785556585 0
outer loop
vertex -0.688210666179657 41.49182891845703 -3.700000047683716
vertex -0.9996775984764099 41.52830123901367 -3.700000047683716
vertex -0.688210666179657 41.49182891845703 9.5
endloop
endfacet
facet normal 0.3002727685302206 0.9538533768243401 0
outer loop
vertex -8.33230209350586 50.932437896728516 -3.700000047683716
vertex -9.741402626037598 51.37602233886719 -3.700000047683716
vertex -8.33230209350586 50.932437896728516 9.5
endloop
endfacet
facet normal 0 0 1
outer loop
vertex -18.450929641723633 -60.87623977661133 11.5
vertex -0.2942173182964325 -62.57197189331055 11.5
vertex -0.31025516986846924 -62.512115478515625 11.5
endloop
endfacet
facet normal 0.07531128073227299 -0.9971600729042778 0
outer loop
vertex 1.2853204011917114 -75.58112335205078 9.5
vertex 1.7776777744293213 -75.54393768310547 -3.700000047683716
vertex 1.7776777744293213 -75.54393768310547 9.5
endloop
endfacet
facet normal 0.4747862535408005 0.8801011381930436 0
outer loop
vertex -7.8033976554870605 50.675601959228516 -3.700000047683716
vertex -8.20548152923584 50.892513275146484 -3.700000047683716
vertex -7.8033976554870605 50.675601959228516 9.5
endloop
endfacet
facet normal -0.10696478681786548 -0.9942628095131633 0
outer loop
vertex -16.537181854248047 44.26161193847656 10.5
vertex -11.19741439819336 43.68714904785156 5.300000190734863
vertex -11.19741439819336 43.68714904785156 10.5
endloop
endfacet
facet normal 0.9587138415068369 0.2843725902811377 0
outer loop
vertex -3.002187967300415 43.482975006103516 -3.700000047683716
vertex -2.8816797733306885 43.07670211791992 9.5
vertex -2.8816797733306885 43.07670211791992 -3.700000047683716
endloop
endfacet
facet normal 0 0 1
outer loop
vertex 78.00701141357422 40.02372741699219 11.5
vertex 77.95721435546875 -55.232791900634766 11.5
vertex 84.15228271484375 39.97262954711914 11.5
endloop
endfacet
facet normal 0 0 1
outer loop
vertex -18.450929641723633 -60.87623977661133 11.5
vertex -0.3803991973400116 -62.2125129699707 11.5
vertex -0.39299100637435913 -62.101009368896484 11.5
endloop
endfacet
facet normal 0.8742828996466864 0.48541673991054546 0
outer loop
vertex -4.507661819458008 47.87480926513672 -3.700000047683716
vertex -3.726030111312866 46.46701431274414 9.5
vertex -3.726030111312866 46.46701431274414 -3.700000047683716
endloop
endfacet
facet normal 0.9501450549855066 0.3118082335131461 0
outer loop
vertex -3.344895839691162 45.30561828613281 -3.700000047683716
vertex -3.726030111312866 46.46701431274414 -3.700000047683716
vertex -3.726030111312866 46.46701431274414 9.5
endloop
endfacet
facet normal 0 0 1
outer loop
vertex -18.450929641723633 -60.87623977661133 11.5
vertex -0.39299100637435913 -61.45960235595703 11.5
vertex -0.4152586758136749 -61.294639587402344 11.5
endloop
endfacet
facet normal 0 0 -1
outer loop
vertex -82.72822570800781 45.36530685424805 -5.699999809265137
vertex -84.07113647460938 45.622066497802734 -5.699999809265137
vertex -82.68047332763672 46.35117721557617 -5.699999809265137
endloop
endfacet
facet normal 0 0 1
outer loop
vertex -67.20479583740234 63.21611022949219 11.5
vertex -66.83737182617188 63.148040771484375 11.5
vertex -65.79862976074219 69.22393798828125 11.5
endloop
endfacet
facet normal 0 0 1
outer loop
vertex -18.450929641723633 -60.87623977661133 11.5
vertex -0.46718811988830566 -61.17267608642578 11.5
vertex -0.549596905708313 -61.068843841552734 11.5
endloop
endfacet
facet normal 0 0 1
outer loop
vertex -67.18191528320312 69.3651351928711 11.5
vertex -67.29161834716797 63.22370910644531 11.5
vertex -67.20479583740234 63.21611022949219 11.5
endloop
endfacet
facet normal 0 0 1
outer loop
vertex -68.56700134277344 69.24290466308594 11.5
vertex -67.48322296142578 63.18553924560547 11.5
vertex -67.37844848632812 63.21611022949219 11.5
endloop
endfacet
facet normal -0.10696469533998296 -0.9942628193545283 9.502387253504534e-8
outer loop
vertex -30.321369171142578 45.74454116821289 10.5
vertex -11.19741439819336 43.68714904785156 5.300000190734863
vertex -16.537181854248047 44.26161193847656 10.5
endloop
endfacet
facet normal 0 0 1
outer loop
vertex -67.8727035522461 63.022396087646484 11.5
vertex -67.48322296142578 63.18553924560547 11.5
vertex -69.9041748046875 68.86162567138672 11.5
endloop
endfacet
facet normal -0.22300657661529436 0.9748169401412384 0
outer loop
vertex 38.807010650634766 -60.42601013183594 5.300000190734863
vertex 39.10696029663086 -60.357391357421875 10.5
vertex 39.10696029663086 -60.357391357421875 5.300000190734863
endloop
endfacet
facet normal 0 0 1
outer loop
vertex -67.93164825439453 62.99490737915039 11.5
vertex -71.14543914794922 68.2349853515625 11.5
vertex -68.00304412841797 62.944915771484375 11.5
endloop
endfacet
facet normal 0.22175379628135286 -0.9751026888665665 -2.2002191607434506e-8
outer loop
vertex 37.19633865356445 35.977989196777344 10.5
vertex 37.45722579956055 36.03731918334961 5.300000190734863
vertex 37.338096618652344 36.01022720336914 10.5
endloop
endfacet
facet normal -0.994575589166275 0.10401633253752518 0
outer loop
vertex -10.819439888000488 42.97536849975586 10.5
vertex -11.629206657409668 35.232601165771484 5.300000190734863
vertex -11.629206657409668 35.232601165771484 10.5
endloop
endfacet
facet normal 0 0 1
outer loop
vertex -69.9041748046875 68.86162567138672 11.5
vertex -71.14543914794922 68.2349853515625 11.5
vertex -67.93164825439453 62.99490737915039 11.5
endloop
endfacet
facet normal 0.16810179501750325 -0.9857696417073785 0
outer loop
vertex 1.7776777744293213 -75.54393768310547 9.5
vertex 2.6892940998077393 -75.38848114013672 -3.700000047683716
vertex 2.6892940998077393 -75.38848114013672 9.5
endloop
endfacet
facet normal -0.22302405941994546 0.9748129404761966 0
outer loop
vertex 38.96004104614258 -60.39099884033203 10.5
vertex 38.807010650634766 -60.42601013183594 5.300000190734863
vertex 38.807010650634766 -60.42601013183594 10.5
endloop
endfacet
facet normal 0 0 -1
outer loop
vertex 18.9678897857666 41.214141845703125 -5.699999809265137
vertex 19.850921630859375 42.619300842285156 -5.699999809265137
vertex 19.816917419433594 41.273990631103516 -5.699999809265137
endloop
endfacet
facet normal 0.00023056028265892663 -0.9999999734209777 0
outer loop
vertex 34.400177001953125 35.97734451293945 10.5
vertex 37.19633865356445 35.977989196777344 5.300000190734863
vertex 37.19633865356445 35.977989196777344 10.5
endloop
endfacet
facet normal 0 0 -1
outer loop
vertex 18.0051326751709 40.996604919433594 -5.699999809265137
vertex 17.641855239868164 42.2867317199707 -5.699999809265137
vertex 18.9678897857666 41.214141845703125 -5.699999809265137
endloop
endfacet
facet normal 0.10714654518848402 0.9942432387771934 -9.305424817367682e-8
outer loop
vertex -20.059123992919922 52.48793029785156 -3.700000047683716
vertex -27.911563873291016 53.334163665771484 -3.700000047683716
vertex -9.741402626037598 51.37602233886719 9.5
endloop
endfacet
facet normal 0 0 -1
outer loop
vertex -62.192989349365234 -67.08352661132812 -5.699999809265137
vertex -63.538291931152344 -67.04666137695312 -5.699999809265137
vertex -63.542293548583984 27.503992080688477 -5.699999809265137
endloop
endfacet
facet normal -0.5602074191519291 -0.8283523691806132 0
outer loop
vertex -65.94298553466797 29.52765464782715 9.5
vertex -65.6490249633789 29.3288516998291 -3.700000047683716
vertex -65.6490249633789 29.3288516998291 9.5
endloop
endfacet
facet normal -0.6026551013660062 -0.7980017724274011 5.05350193144622e-7
outer loop
vertex -11.333321571350098 34.50713348388672 10.5
vertex -11.119821548461914 34.34589385986328 5.300000190734863
vertex -11.240889549255371 34.43732833862305 10.5
endloop
endfacet
facet normal -0.6026689231972353 -0.7979913339205413 0
outer loop
vertex -11.119821548461914 34.34589385986328 5.300000190734863
vertex -11.119821548461914 34.34589385986328 10.5
vertex -11.240889549255371 34.43732833862305 10.5
endloop
endfacet
facet normal -0.9900166254153392 -0.14095063462511997 0
outer loop
vertex -64.75672149658203 27.923480987548828 9.5
vertex -64.69699096679688 27.503942489624023 -3.700000047683716
vertex -64.69699096679688 27.503942489624023 9.5
endloop
endfacet
facet normal -0.951978634740683 -0.3061644639683765 4.709184355130575e-7
outer loop
vertex -64.88645935058594 28.326904296875 9.5
vertex -64.75672149658203 27.923480987548828 -3.700000047683716
vertex -64.837646484375 28.175127029418945 9.5
endloop
endfacet
facet normal -0.8866018594759973 -0.46253339638744345 0
outer loop
vertex -65.08246612548828 28.702617645263672 9.5
vertex -64.88645935058594 28.326904296875 -3.700000047683716
vertex -64.88645935058594 28.326904296875 9.5
endloop
endfacet
facet normal 0 0 1
outer loop
vertex -62.45254898071289 -70.93829345703125 11.5
vertex -61.99855041503906 -71.59571075439453 11.5
vertex -61.47581100463867 -72.19989776611328 11.5
endloop
endfacet
facet normal -0.99293877400762 -0.1186279523225646 0
outer loop
vertex -11.629206657409668 35.232601165771484 10.5
vertex -11.597468376159668 34.96694564819336 5.300000190734863
vertex -11.597468376159668 34.96694564819336 10.5
endloop
endfacet
facet normal -0.9998509508558329 0.017264879747247112 0
outer loop
vertex 39.5167350769043 -56.536869049072266 5.300000190734863
vertex 39.457237243652344 -59.9825325012207 5.300000190734863
vertex 39.5167350769043 -56.536869049072266 10.5
endloop
endfacet
facet normal 0 0 -1
outer loop
vertex 17.16213607788086 40.65861129760742 -5.699999809265137
vertex 16.358591079711914 41.75272750854492 -5.699999809265137
vertex 17.641855239868164 42.2867317199707 -5.699999809265137
endloop
endfacet
facet normal -0.7926763573700375 -0.6096426760542345 1.984808807453682e-8
outer loop
vertex -11.496429443359375 34.71921157836914 10.5
vertex -11.333321571350098 34.50713348388672 5.300000190734863
vertex -11.464239120483398 34.6773567199707 10.5
endloop
endfacet
facet normal 0 0 -1
outer loop
vertex 16.314775466918945 40.15245056152344 -5.699999809265137
vertex 14.959380149841309 40.82582092285156 -5.699999809265137
vertex 16.358591079711914 41.75272750854492 -5.699999809265137
endloop
endfacet
facet normal 0 0 1
outer loop
vertex 16.358591079711914 41.75272750854492 11.5
vertex 19.336048126220703 36.37521743774414 11.5
vertex 17.641855239868164 42.2867317199707 11.5
endloop
endfacet
facet normal 0 0 -1
outer loop
vertex 15.514007568359375 39.48499298095703 -5.699999809265137
vertex 14.855767250061035 40.76470184326172 -5.699999809265137
vertex 14.959380149841309 40.82582092285156 -5.699999809265137
endloop
endfacet
facet normal -0.9259470994110408 -0.3776532392185354 1.6676536932696963e-7
outer loop
vertex -11.597468376159668 34.96694564819336 10.5
vertex -11.496429443359375 34.71921157836914 5.300000190734863
vertex -11.509349822998047 34.750892639160156 10.5
endloop
endfacet
facet normal 0 0 -1
outer loop
vertex 14.478548049926758 40.57157897949219 -5.699999809265137
vertex 14.855767250061035 40.76470184326172 -5.699999809265137
vertex 15.514007568359375 39.48499298095703 -5.699999809265137
endloop
endfacet
facet normal 0 0 -1
outer loop
vertex 15.167694091796875 39.25116729736328 -5.699999809265137
vertex 14.299468994140625 40.49319839477539 -5.699999809265137
vertex 14.478548049926758 40.57157897949219 -5.699999809265137
endloop
endfacet
facet normal 0 0 1
outer loop
vertex 14.957164764404297 40.829166412353516 11.5
vertex 14.899031639099121 40.7884635925293 11.5
vertex 19.14291000366211 36.24563980102539 11.5
endloop
endfacet
facet normal 0 0 -1
outer loop
vertex 15.167694091796875 39.25116729736328 -5.699999809265137
vertex 13.89604663848877 40.36346435546875 -5.699999809265137
vertex 14.299468994140625 40.49319839477539 -5.699999809265137
endloop
endfacet
facet normal 0 0 -1
outer loop
vertex 82.61966705322266 -68.08653259277344 -5.699999809265137
vertex 82.41587829589844 -66.07466125488281 -5.699999809265137
vertex 83.3255386352539 -67.19237518310547 -5.699999809265137
endloop
endfacet
facet normal 0 0 -1
outer loop
vertex 13.705305099487305 40.319549560546875 -5.699999809265137
vertex 13.973946571350098 38.90269088745117 -5.699999809265137
vertex 13.2857666015625 40.25981903076172 -5.699999809265137
endloop
endfacet
facet normal 0 0 1
outer loop
vertex -28.034841537475586 52.190250396728516 11.5
vertex -30.26807975769043 46.2398796081543 11.5
vertex -11.144124984741211 44.18248748779297 11.5
endloop
endfacet
facet normal 0 0 -1
outer loop
vertex 13.89604663848877 40.36346435546875 -5.699999809265137
vertex 15.167694091796875 39.25116729736328 -5.699999809265137
vertex 14.789447784423828 39.07358169555664 -5.699999809265137
endloop
endfacet
facet normal 0 0 1
outer loop
vertex -63.3527717590332 -68.72716522216797 11.5
vertex -63.13369369506836 -69.4954833984375 11.5
vertex -63.48682403564453 -67.94105529785156 11.5
endloop
endfacet
facet normal 0 0 -1
outer loop
vertex 13.973946571350098 38.90269088745117 -5.699999809265137
vertex 13.705305099487305 40.319549560546875 -5.699999809265137
vertex 14.38832950592041 38.956485748291016 -5.699999809265137
endloop
endfacet
facet normal 0 0 1
outer loop
vertex -28.100189208984375 52.19497299194336 11.5
vertex -30.26807975769043 46.2398796081543 11.5
vertex -28.034841537475586 52.190250396728516 11.5
endloop
endfacet
facet normal 0 0 1
outer loop
vertex 77.8214111328125 40.64533615112305 11.5
vertex 77.87139892578125 40.57394027709961 11.5
vertex 83.18781280517578 43.650001525878906 11.5
endloop
endfacet
facet normal 0 0 -1
outer loop
vertex 1.0451356172561646 38.898990631103516 -5.699999809265137
vertex 13.123390197753906 40.248287200927734 -5.699999809265137
vertex 13.973946571350098 38.90269088745117 -5.699999809265137
endloop
endfacet
facet normal 0 0 -1
outer loop
vertex 1.0529338121414185 40.24582290649414 -5.699999809265137
vertex 1.1127755641937256 40.24432373046875 -5.699999809265137
vertex 1.0451356172561646 38.898990631103516 -5.699999809265137
endloop
endfacet
facet normal 0 0 1
outer loop
vertex -28.56211280822754 52.287620544433594 11.5
vertex -30.314456939697266 46.24449157714844 11.5
vertex -30.26807975769043 46.2398796081543 11.5
endloop
endfacet
facet normal 0 0 1
outer loop
vertex 77.95721435546875 -55.232791900634766 11.5
vertex 84.09339141845703 -65.07728576660156 11.5
vertex 84.15228271484375 39.97262954711914 11.5
endloop
endfacet
facet normal -0.999999999106738 -0.0000422672959625985 0
outer loop
vertex -64.69699096679688 27.503942489624023 -3.700000047683716
vertex -64.6929931640625 -67.07988739013672 -3.700000047683716
vertex -64.69699096679688 27.503942489624023 9.5
endloop
endfacet
facet normal -0.7306551016751835 0.6827467483597964 -3.897740079682784e-7
outer loop
vertex 39.457237243652344 -59.9825325012207 10.5
vertex 39.10696029663086 -60.357391357421875 5.300000190734863
vertex 39.22254943847656 -60.23368835449219 10.5
endloop
endfacet
facet normal 0 0 1
outer loop
vertex -28.56211280822754 52.287620544433594 11.5
vertex -30.56717300415039 46.24798583984375 11.5
vertex -30.314456939697266 46.24449157714844 11.5
endloop
endfacet
facet normal 0 0 1
outer loop
vertex -58.83182144165039 -73.9525375366211 11.5
vertex -58.071746826171875 -74.19869232177734 11.5
vertex -56.45119094848633 -51.37609100341797 11.5
endloop
endfacet
facet normal 0 0 1
outer loop
vertex -68.06466674804688 62.8832893371582 11.5
vertex -68.00304412841797 62.944915771484375 11.5
vertex -72.24623107910156 67.38548278808594 11.5
endloop
endfacet
facet normal 0 0 1
outer loop
vertex -28.56211280822754 52.287620544433594 11.5
vertex -30.82879638671875 46.34492874145508 11.5
vertex -30.71014404296875 46.28091812133789 11.5
endloop
endfacet
facet normal 0 0 1
outer loop
vertex -73.16394805908203 66.34712219238281 11.5
vertex -68.06466674804688 62.8832893371582 11.5
vertex -72.24623107910156 67.38548278808594 11.5
endloop
endfacet
facet normal 0.37707771702497933 -0.9261816211322861 0
outer loop
vertex 3.9058947563171387 -75.00165557861328 9.5
vertex 4.4351325035095215 -74.78618621826172 -3.5438621044158936
vertex 4.4351325035095215 -74.78618621826172 9.5
endloop
endfacet
facet normal 0 0 -1
outer loop
vertex -65.3631362915039 30.525903701782227 -5.699999809265137
vertex -81.05302429199219 39.639949798583984 -5.699999809265137
vertex -63.3908576965332 30.933902740478516 -5.699999809265137
endloop
endfacet
facet normal 0.22300388154300116 -0.974817556682662 0
outer loop
vertex -56.192989349365234 26.473989486694336 5.300000190734863
vertex -56.492942810058594 26.405370712280273 10.5
vertex -56.492942810058594 26.405370712280273 5.300000190734863
endloop
endfacet
facet normal 0 0 1
outer loop
vertex -62.45254898071289 -70.93829345703125 11.5
vertex -61.47581100463867 -72.19989776611328 11.5
vertex -56.620521545410156 -51.34608459472656 11.5
endloop
endfacet
facet normal 0.8676021373084648 0.4972590183574189 0
outer loop
vertex -56.20293045043945 32.89583969116211 5.300000190734863
vertex -56.46892547607422 33.35993957519531 5.300000190734863
vertex -56.20293045043945 32.89583969116211 10.5
endloop
endfacet
facet normal 0 0 1
outer loop
vertex 38.69550323486328 41.21139907836914 11.5
vertex 38.80765914916992 41.223934173583984 11.5
vertex 38.83278274536133 47.36927032470703 11.5
endloop
endfacet
facet normal -0.9998509508558329 0.017264879747247112 0
outer loop
vertex 39.5167350769043 -56.536869049072266 10.5
vertex 39.457237243652344 -59.9825325012207 5.300000190734863
vertex 39.457237243652344 -59.9825325012207 10.5
endloop
endfacet
facet normal 0 0 1
outer loop
vertex 19.194021224975586 -63.54391860961914 11.5
vertex 9.71503734588623 -69.7003173828125 11.5
vertex 38.807125091552734 -60.92601013183594 11.5
endloop
endfacet
facet normal 0 0 1
outer loop
vertex -56.620521545410156 -51.34608459472656 11.5
vertex -60.89051818847656 -72.74371337890625 11.5
vertex -60.24959945678711 -73.22071075439453 11.5
endloop
endfacet
facet normal 0 0 1
outer loop
vertex 19.437339782714844 -63.38134002685547 11.5
vertex 19.323686599731445 -63.474613189697266 11.5
vertex 38.807125091552734 -60.92601013183594 11.5
endloop
endfacet
facet normal 0 0 1
outer loop
vertex 13.705305099487305 40.319549560546875 11.5
vertex 18.56181526184082 34.402427673339844 11.5
vertex 13.89604663848877 40.36346435546875 11.5
endloop
endfacet
facet normal -0.6806713123198792 -0.7325889465346399 0
outer loop
vertex -62.30787658691406 -73.00299072265625 -3.700000047683716
vertex -61.7934455871582 -73.48096466064453 -3.700000047683716
vertex -62.30787658691406 -73.00299072265625 9.5
endloop
endfacet
facet normal 0 0 -1
outer loop
vertex 84.09339141845703 -65.07728576660156 -5.699999809265137
vertex 82.78861999511719 -64.72763061523438 -5.699999809265137
vertex 82.8070068359375 40.01408386230469 -5.699999809265137
endloop
endfacet
facet normal 0 0 1
outer loop
vertex 13.2857666015625 40.25981903076172 11.5
vertex 18.1401424407959 34.10297393798828 11.5
vertex 13.705305099487305 40.319549560546875 11.5
endloop
endfacet
facet normal 0.11630386377905659 0.9932136785556585 0
outer loop
vertex -0.688210666179657 41.49182891845703 9.5
vertex -0.9996775984764099 41.52830123901367 -3.700000047683716
vertex -0.9996775984764099 41.52830123901367 9.5
endloop
endfacet
facet normal 0 0 1
outer loop
vertex -62.83243179321289 -70.2354507446289 11.5
vertex -62.45254898071289 -70.93829345703125 11.5
vertex -56.620521545410156 -51.34608459472656 11.5
endloop
endfacet
facet normal 0 0 1
outer loop
vertex 77.583740234375 47.321380615234375 11.5
vertex 77.06417846679688 41.17422103881836 11.5
vertex 77.23454284667969 41.144065856933594 11.5
endloop
endfacet
facet normal 0 0 1
outer loop
vertex 13.123390197753906 40.248321533203125 11.5
vertex 1.1127755641937256 40.24432373046875 11.5
vertex 18.1401424407959 34.10297393798828 11.5
endloop
endfacet
facet normal 0 0 -1
outer loop
vertex -60.89051818847656 -72.74371337890625 -5.699999809265137
vertex -59.998802185058594 -71.73826599121094 -5.699999809265137
vertex -60.24959945678711 -73.22071075439453 -5.699999809265137
endloop
endfacet
facet normal 0 0 1
outer loop
vertex 38.48780059814453 47.360595703125 11.5
vertex 37.090171813964844 47.159812927246094 11.5
vertex 38.69550323486328 41.21139907836914 11.5
endloop
endfacet
facet normal 0 0 -1
outer loop
vertex -60.24959945678711 -73.22071075439453 -5.699999809265137
vertex -59.472412109375 -72.12432861328125 -5.699999809265137
vertex -59.560646057128906 -73.62525177001953 -5.699999809265137
endloop
endfacet
facet normal 0 0 1
outer loop
vertex 83.18781280517578 43.650001525878906 11.5
vertex 77.90823364257812 40.49495315551758 11.5
vertex 83.75719451904297 42.38145446777344 11.5
endloop
endfacet
facet normal 0 0 1
outer loop
vertex -63.48682403564453 -67.94105529785156 11.5
vertex -63.13369369506836 -69.4954833984375 11.5
vertex -56.69951248168945 -51.30925369262695 11.5
endloop
endfacet
facet normal 0 0 1
outer loop
vertex 84.08061981201172 41.01335906982422 11.5
vertex 77.99288940429688 40.13514709472656 11.5
vertex 84.15228271484375 39.97262954711914 11.5
endloop
endfacet
facet normal 0 0 1
outer loop
vertex -0.7474795579910278 40.342315673828125 11.5
vertex 0.8661155700683594 34.098995208740234 11.5
vertex 1.0531221628189087 40.249473571777344 11.5
endloop
endfacet
facet normal 0 0 1
outer loop
vertex 20.277971267700195 -63.20223617553711 11.5
vertex 20.21846580505371 -63.21979904174805 11.5
vertex 38.807125091552734 -60.92601013183594 11.5
endloop
endfacet
facet normal 0 0 1
outer loop
vertex 20.471107482910156 -63.07265853881836 11.5
vertex 20.428354263305664 -63.115413665771484 11.5
vertex 38.807125091552734 -60.92601013183594 11.5
endloop
endfacet
facet normal 0 0 1
outer loop
vertex 20.89025115966797 -62.6075325012207 11.5
vertex 20.822566986083984 -62.69890213012695 11.5
vertex 38.807125091552734 -60.92601013183594 11.5
endloop
endfacet
facet normal 0 0 1
outer loop
vertex -56.69951248168945 -51.30925369262695 11.5
vertex -63.13369369506836 -69.4954833984375 11.5
vertex -56.620521545410156 -51.34608459472656 11.5
endloop
endfacet
facet normal 0 0 1
outer loop
vertex 20.949642181396484 -62.44435501098633 11.5
vertex 20.927085876464844 -62.528541564941406 11.5
vertex 38.807125091552734 -60.92601013183594 11.5
endloop
endfacet
facet normal 0 0 1
outer loop
vertex -68.11405181884766 62.812767028808594 11.5
vertex -73.16394805908203 66.34712219238281 11.5
vertex -77.79505157470703 46.12687301635742 11.5
endloop
endfacet
facet normal 0 0 -1
outer loop
vertex 81.57657623291016 -67.23568725585938 -5.699999809265137
vertex 82.04122924804688 -66.70365142822266 -5.699999809265137
vertex 82.61966705322266 -68.08653259277344 -5.699999809265137
endloop
endfacet
facet normal 0 0 1
outer loop
vertex -73.16394805908203 66.34712219238281 11.5
vertex -83.06813049316406 49.288028717041016 11.5
vertex -77.79505157470703 46.12687301635742 11.5
endloop
endfacet
facet normal 0 0 -1
outer loop
vertex -63.3908576965332 30.933902740478516 -5.699999809265137
vertex -65.00453186035156 30.281837463378906 -5.699999809265137
vertex -65.29849243164062 30.480640411376953 -5.699999809265137
endloop
endfacet
facet normal -0.18132106787338656 -0.9834239524972203 0
outer loop
vertex -67.02066802978516 62.673744201660156 10.5
vertex -66.927978515625 62.656654357910156 5.300000190734863
vertex -66.927978515625 62.656654357910156 10.5
endloop
endfacet
facet normal 0 0 1
outer loop
vertex -56.620521545410156 -51.34608459472656 11.5
vertex -60.24959945678711 -73.22071075439453 11.5
vertex -56.45119094848633 -51.37609100341797 11.5
endloop
endfacet
facet normal 0 0 -1
outer loop
vertex -63.3908576965332 30.933902740478516 -5.699999809265137
vertex -64.86149597167969 30.17331886291504 -5.699999809265137
vertex -64.90679931640625 30.213403701782227 -5.699999809265137
endloop
endfacet
facet normal 0.9834201847130032 -0.1813415018660719 0
outer loop
vertex -77.36265563964844 45.875999450683594 5.300000190734863
vertex -77.4297103881836 45.512359619140625 10.5
vertex -77.4297103881836 45.512359619140625 5.300000190734863
endloop
endfacet
facet normal -0.730675990651571 0.6827243929180687 0
outer loop
vertex 77.10696411132812 -55.607391357421875 5.300000190734863
vertex 77.10696411132812 -55.607391357421875 10.5
vertex 77.22254180908203 -55.48369598388672 10.5
endloop
endfacet
facet normal -0.22301349400337686 0.9748153576408229 0
outer loop
vertex 76.96004486083984 -55.64099884033203 10.5
vertex 76.8070068359375 -55.67601013183594 5.300000190734863
vertex 76.8070068359375 -55.67601013183594 10.5
endloop
endfacet
facet normal 0 0 1
outer loop
vertex -57.2894287109375 -74.36080932617188 11.5
vertex -56.48637771606445 -74.43769836425781 11.5
vertex -38.378875732421875 -57.46216583251953 11.5
endloop
endfacet
facet normal 0 0 -1
outer loop
vertex -65.29849243164062 30.480640411376953 -5.699999809265137
vertex -65.3631362915039 30.525903701782227 -5.699999809265137
vertex -63.3908576965332 30.933902740478516 -5.699999809265137
endloop
endfacet
facet normal 0 0 1
outer loop
vertex 77.92708587646484 -55.403541564941406 11.5
vertex 84.09339141845703 -65.07728576660156 11.5
vertex 77.95721435546875 -55.232791900634766 11.5
endloop
endfacet
facet normal 0 0 1
outer loop
vertex 37.090171813964844 47.159812927246094 11.5
vertex 38.39590072631836 41.14125442504883 11.5
vertex 38.69550323486328 41.21139907836914 11.5
endloop
endfacet
facet normal 0 0 1
outer loop
vertex 76.91816711425781 -56.161895751953125 11.5
vertex 83.3255386352539 -67.19237518310547 11.5
vertex 83.82559204101562 -66.16879272460938 11.5
endloop
endfacet
facet normal 0.2230069161419678 -0.9748168624682658 -6.12713205828842e-7
outer loop
vertex 19.507057189941406 35.90536880493164 10.5
vertex 19.807008743286133 35.97399139404297 5.300000190734863
vertex 19.653980255126953 35.93898010253906 10.5
endloop
endfacet
facet normal 0 0 1
outer loop
vertex 76.91816711425781 -56.161895751953125 11.5
vertex 80.72696685791016 -69.3313980102539 11.5
vertex 82.61966705322266 -68.08653259277344 11.5
endloop
endfacet
facet normal 0 0 1
outer loop
vertex -37.69951248168945 -58.43425369262695 11.5
vertex -56.48637771606445 -74.43769836425781 11.5
vertex -37.620521545410156 -58.47108459472656 11.5
endloop
endfacet
facet normal 0 0 1
outer loop
vertex 77.89025115966797 -55.4825325012207 11.5
vertex 84.09339141845703 -65.07728576660156 11.5
vertex 77.92708587646484 -55.403541564941406 11.5
endloop
endfacet
facet normal 0.7306528614712554 -0.6827491457511072 0
outer loop
vertex 19.391550064086914 35.78175735473633 10.5
vertex 19.507057189941406 35.90536880493164 5.300000190734863
vertex 19.507057189941406 35.90536880493164 10.5
endloop
endfacet
facet normal 0 0 1
outer loop
vertex 77.47110748291016 -55.94765853881836 11.5
vertex 84.09339141845703 -65.07728576660156 11.5
vertex 77.82257080078125 -55.57390213012695 11.5
endloop
endfacet
facet normal 0.9711964155286262 -0.23828034426758435 -2.630441475491522e-7
outer loop
vertex 84.9175033569336 -66.56429290771484 9.5
vertex 85.07803344726562 -65.90998077392578 -3.700000047683716
vertex 85.24800872802734 -65.2171859741211 -3.700000047683716
endloop
endfacet
facet normal 0 0 1
outer loop
vertex 77.35696411132812 -56.040401458740234 11.5
vertex 84.09339141845703 -65.07728576660156 11.5
vertex 77.42835235595703 -55.990413665771484 11.5
endloop
endfacet
facet normal 0 0 1
outer loop
vertex 77.21846771240234 -56.09479904174805 11.5
vertex 84.09339141845703 -65.07728576660156 11.5
vertex 77.27796936035156 -56.07723617553711 11.5
endloop
endfacet
facet normal 0 0 1
outer loop
vertex -56.48637771606445 -74.43769836425781 11.5
vertex -38.16463851928711 -58.01511001586914 11.5
vertex -38.3117790222168 -57.76246643066406 11.5
endloop
endfacet
facet normal 0 0 1
outer loop
vertex 35.77443313598633 46.70754623413086 11.5
vertex 38.3360481262207 41.12521743774414 11.5
vertex 37.090171813964844 47.159812927246094 11.5
endloop
endfacet
facet normal 0 0 1
outer loop
vertex 78.72982788085938 -69.6963119506836 11.5
vertex 79.61038970947266 -69.6296615600586 11.5
vertex 76.91816711425781 -56.161895751953125 11.5
endloop
endfacet
facet normal -0.18134849208574602 -0.983418895699066 -5.054532512614521e-7
outer loop
vertex -67.29161834716797 62.72370910644531 10.5
vertex -66.927978515625 62.656654357910156 5.300000190734863
vertex -67.02066802978516 62.673744201660156 10.5
endloop
endfacet
facet normal 0 0 1
outer loop
vertex -56.48637771606445 -74.43769836425781 11.5
vertex -37.78977966308594 -58.365386962890625 11.5
vertex -38.16463851928711 -58.01511001586914 11.5
endloop
endfacet
facet normal 0.8566135443263118 -0.5159585600382204 0
outer loop
vertex 18.886905670166016 33.97308349609375 10.5
vertex 19.024948120117188 34.202266693115234 5.300000190734863
vertex 19.024948120117188 34.202266693115234 10.5
endloop
endfacet
facet normal -0.40964291562994276 -0.9122459545945927 0
outer loop
vertex -60.091068267822266 -74.65284729003906 9.5
vertex -60.091068267822266 -74.65284729003906 -3.700000047683716
vertex -59.85245895385742 -74.75999450683594 -3.700000047683716
endloop
endfacet
facet normal 0.999999787010905 -0.0006526700120142072 0
outer loop
vertex -56.89299011230469 -50.226009368896484 10.5
vertex -56.84321975708008 26.0305118560791 5.300000190734863
vertex -56.84321975708008 26.0305118560791 10.5
endloop
endfacet
facet normal -0.1422010486790473 0.9898377956789585 0
outer loop
vertex 38.39085388183594 48.51322555541992 9.5
vertex 36.81798553466797 48.28726577758789 -3.700000047683716
vertex 36.81798553466797 48.28726577758789 9.5
endloop
endfacet
facet normal 0.7306616187675276 -0.6827397738963332 0
outer loop
vertex -56.60848617553711 26.28171730041504 10.5
vertex -56.492942810058594 26.405370712280273 5.300000190734863
vertex -56.492942810058594 26.405370712280273 10.5
endloop
endfacet
facet normal 0 0 1
outer loop
vertex 33.510231018066406 45.105133056640625 11.5
vertex 38.185665130615234 41.03839111328125 11.5
vertex 34.56828689575195 46.015621185302734 11.5
endloop
endfacet
facet normal 0.22299937072738665 -0.9748185885871866 -2.738159288737581e-7
outer loop
vertex -56.492942810058594 26.405370712280273 10.5
vertex -56.192989349365234 26.473989486694336 5.300000190734863
vertex -56.346031188964844 26.43897819519043 10.5
endloop
endfacet
facet normal -0.3250677850106573 0.9456907185482287 0
outer loop
vertex 36.81798553466797 48.28726577758789 9.5
vertex 35.295162200927734 47.763816833496094 -3.700000047683716
vertex 35.295162200927734 47.763816833496094 9.5
endloop
endfacet
facet normal 0.22300821166065088 -0.9748165660943182 0
outer loop
vertex -56.346031188964844 26.43897819519043 10.5
vertex -56.192989349365234 26.473989486694336 5.300000190734863
vertex -56.192989349365234 26.473989486694336 10.5
endloop
endfacet
facet normal 0.6827314964681378 0.7306693532168822 0
outer loop
vertex -56.824371337890625 -50.525962829589844 5.300000190734863
vertex -56.824371337890625 -50.525962829589844 10.5
vertex -56.70064163208008 -50.64157485961914 10.5
endloop
endfacet
facet normal 0.8676021373084648 0.4972590183574189 0
outer loop
vertex -56.20293045043945 32.89583969116211 10.5
vertex -56.46892547607422 33.35993957519531 5.300000190734863
vertex -56.46892547607422 33.35993957519531 10.5
endloop
endfacet
facet normal -0.49760032834487095 0.8674064290925428 0
outer loop
vertex 35.295162200927734 47.763816833496094 9.5
vertex 33.898399353027344 46.96254348754883 -3.700000047683716
vertex 33.898399353027344 46.96254348754883 9.5
endloop
endfacet
facet normal 0.9959881855182432 -0.08948482725064394 0
outer loop
vertex -56.452880859375 33.53846740722656 10.5
vertex -56.441429138183594 33.66592788696289 5.300000190734863
vertex -56.441429138183594 33.66592788696289 10.5
endloop
endfacet
facet normal -0.6522695173430196 0.757987121754126 0
outer loop
vertex 33.898399353027344 46.96254348754883 9.5
vertex 32.67782974243164 45.912208557128906 -3.700000047683716
vertex 32.67782974243164 45.912208557128906 9.5
endloop
endfacet
facet normal 0.0005080525686842628 -0.9999998709412345 3.185138270475405e-7
outer loop
vertex -56.192989349365234 26.473989486694336 10.5
vertex -48.32085418701172 26.47798728942871 5.300000190734863
vertex -49.58553695678711 26.477346420288086 10.5
endloop
endfacet
facet normal 0.22177085329064639 -0.9750988096755828 0
outer loop
vertex -48.32085418701172 26.47798728942871 10.5
vertex -48.05997085571289 26.537321090698242 5.300000190734863
vertex -48.05997085571289 26.537321090698242 10.5
endloop
endfacet
facet normal -0.7777733841107826 0.6285447979013596 0
outer loop
vertex 32.67782974243164 45.912208557128906 9.5
vertex 31.797330856323242 44.822662353515625 -3.700000047683716
vertex 31.797330856323242 44.822662353515625 9.5
endloop
endfacet
facet normal 0 0 -1
outer loop
vertex -56.48637771606445 -74.43769836425781 -5.699999809265137
vertex -56.39704513549805 -73.09656524658203 -5.699999809265137
vertex 0.9794496297836304 -73.09779357910156 -5.699999809265137
endloop
endfacet
facet normal 0.2230156623333414 -0.9748148615783517 0
outer loop
vertex 38.807010650634766 40.72399139404297 5.300000190734863
vertex 38.507057189941406 40.65536880493164 10.5
vertex 38.507057189941406 40.65536880493164 5.300000190734863
endloop
endfacet
facet normal 0.47236780140606555 -0.8814015317633613 0
outer loop
vertex -48.05997085571289 26.537321090698242 10.5
vertex -47.824153900146484 26.6637020111084 5.300000190734863
vertex -47.824153900146484 26.6637020111084 10.5
endloop
endfacet
facet normal 0.9998509505258812 -0.017264898855535532 0
outer loop
vertex 38.15678024291992 40.28050994873047 5.300000190734863
vertex 38.09728240966797 36.8348503112793 10.5
vertex 38.09728240966797 36.8348503112793 5.300000190734863
endloop
endfacet
facet normal 0.8566190894474808 -0.5159493537100934 5.529611403627248e-7
outer loop
vertex -47.630287170410156 26.84808349609375 10.5
vertex -47.492244720458984 27.077266693115234 5.300000190734863
vertex -47.55714797973633 26.969514846801758 10.5
endloop
endfacet
facet normal 0.9501450549855066 0.3118082335131461 0
outer loop
vertex -3.344895839691162 45.30561828613281 9.5
vertex -3.344895839691162 45.30561828613281 -3.700000047683716
vertex -3.726030111312866 46.46701431274414 9.5
endloop
endfacet
facet normal 0.8566135443263118 -0.5159585600382204 0
outer loop
vertex 37.886905670166016 36.34808349609375 5.300000190734863
vertex 38.02494812011719 36.577266693115234 5.300000190734863
vertex 37.886905670166016 36.34808349609375 10.5
endloop
endfacet
facet normal 0.9627526339108113 -0.27038373822734807 0
outer loop
vertex -47.44612121582031 27.24152183532715 10.5
vertex -47.4199104309082 27.334850311279297 5.300000190734863
vertex -47.4199104309082 27.334850311279297 10.5
endloop
endfacet
facet normal 0.9748181211437746 0.22300141409798002 -1.4977910220837623e-7
outer loop
vertex -56.824371337890625 -50.525962829589844 10.5
vertex -56.89299011230469 -50.226009368896484 5.300000190734863
vertex -56.85798263549805 -50.37903594970703 10.5
endloop
endfacet
facet normal 0.9979045694314925 -0.06470293894211898 -5.656972772667189e-9
outer loop
vertex -47.4199104309082 27.334850311279297 10.5
vertex -47.41023635864258 27.484052658081055 5.300000190734863
vertex -47.41442108154297 27.419511795043945 10.5
endloop
endfacet
facet normal 0.47237373773028246 -0.8813983502949856 0
outer loop
vertex 37.69303894042969 36.163700103759766 5.300000190734863
vertex 37.69303894042969 36.163700103759766 10.5
vertex 37.45722579956055 36.03731918334961 5.300000190734863
endloop
endfacet
facet normal 0.9979045988597235 -0.06470248507294264 0
outer loop
vertex -47.41442108154297 27.419511795043945 10.5
vertex -47.41023635864258 27.484052658081055 5.300000190734863
vertex -47.41023635864258 27.484052658081055 10.5
endloop
endfacet
facet normal 0 0 -1
outer loop
vertex 81.74011993408203 -68.81053161621094 -5.699999809265137
vertex 81.03419494628906 -67.67284393310547 -5.699999809265137
vertex 81.57657623291016 -67.23568725585938 -5.699999809265137
endloop
endfacet
facet normal 0.9999258594416882 0.012176847695570005 0
outer loop
vertex -47.41929626464844 28.22800064086914 10.5
vertex -47.43325424194336 29.374187469482422 5.300000190734863
vertex -47.43325424194336 29.374187469482422 10.5
endloop
endfacet
facet normal -0.7777689393360918 0.6285502979110031 0
outer loop
vertex 31.797330856323242 44.822662353515625 9.5
vertex 31.72246742248535 44.73002624511719 -3.700000047683716
vertex 31.72246742248535 44.73002624511719 9.5
endloop
endfacet
facet normal 0.9748170147159236 0.2230062506306377 0
outer loop
vertex -56.85798263549805 -50.37903594970703 10.5
vertex -56.89299011230469 -50.226009368896484 5.300000190734863
vertex -56.89299011230469 -50.226009368896484 10.5
endloop
endfacet
facet normal 0.7176443176661164 0.6964098170768981 -6.750099498329772e-7
outer loop
vertex -47.62395477294922 29.86899185180664 10.5
vertex -47.810279846191406 30.060993194580078 5.300000190734863
vertex -47.740867614746094 29.989469528198242 10.5
endloop
endfacet
facet normal 0.8766095982654385 0.4812022570904115 0
outer loop
vertex -47.52174758911133 29.68280029296875 10.5
vertex -47.62395477294922 29.86899185180664 5.300000190734863
vertex -47.62395477294922 29.86899185180664 10.5
endloop
endfacet
facet normal 0 0 -1
outer loop
vertex -62.19668960571289 28.829851150512695 -5.699999809265137
vertex -63.556495666503906 27.666322708129883 -5.699999809265137
vertex -63.61355209350586 28.08624267578125 -5.699999809265137
endloop
endfacet
facet normal 0.7176197914300896 0.6964350902617089 0
outer loop
vertex -47.740867614746094 29.989469528198242 10.5
vertex -47.810279846191406 30.060993194580078 5.300000190734863
vertex -47.810279846191406 30.060993194580078 10.5
endloop
endfacet
facet normal 0 0 1
outer loop
vertex -63.538291931152344 -67.04666137695312 11.5
vertex -57.16463851928711 -50.89011001586914 11.5
vertex -57.207393646240234 -50.847354888916016 11.5
endloop
endfacet
facet normal 0 0 1
outer loop
vertex -63.61355209350586 28.08624267578125 11.5
vertex -63.556495666503906 27.666322708129883 11.5
vertex -57.31306838989258 26.201520919799805 11.5
endloop
endfacet
facet normal 0 0 -1
outer loop
vertex 80.72696685791016 -69.3313980102539 -5.699999809265137
vertex 81.03419494628906 -67.67284393310547 -5.699999809265137
vertex 81.74011993408203 -68.81053161621094 -5.699999809265137
endloop
endfacet
facet normal 0 0 1
outer loop
vertex -64.06158447265625 29.235198974609375 11.5
vertex -63.86558151245117 28.85948371887207 11.5
vertex -56.85708999633789 26.74563980102539 11.5
endloop
endfacet
facet normal 0 0 -1
outer loop
vertex -63.86558151245117 28.85948371887207 -5.699999809265137
vertex -64.05870056152344 29.236703872680664 -5.699999809265137
vertex -62.36758041381836 29.64535140991211 -5.699999809265137
endloop
endfacet
facet normal 0 0 1
outer loop
vertex -63.86558151245117 28.85948371887207 11.5
vertex -63.79004669189453 28.679489135742188 11.5
vertex -56.85708999633789 26.74563980102539 11.5
endloop
endfacet
facet normal 0 0 1
outer loop
vertex -57.16463851928711 -50.89011001586914 11.5
vertex -63.538291931152344 -67.04666137695312 11.5
vertex -56.79088592529297 -51.24156951904297 11.5
endloop
endfacet
facet normal 0 0 1
outer loop
vertex -64.16638946533203 29.399829864501953 11.5
vertex -64.06158447265625 29.235198974609375 11.5
vertex -56.85708999633789 26.74563980102539 11.5
endloop
endfacet
facet normal 0 0 -1
outer loop
vertex -62.19668960571289 28.829851150512695 -5.699999809265137
vertex -63.61355209350586 28.08624267578125 -5.699999809265137
vertex -63.66031265258789 28.27606773376465 -5.699999809265137
endloop
endfacet
facet normal 0 0 -1
outer loop
vertex -62.83243179321289 -70.2354507446289 -5.699999809265137
vertex -63.3527717590332 -68.72716522216797 -5.699999809265137
vertex -62.1478157043457 -67.82792663574219 -5.699999809265137
endloop
endfacet
facet normal 0 0 1
outer loop
vertex -57.2762336730957 26.2805118560791 11.5
vertex -57.207366943359375 26.37078094482422 11.5
vertex -63.66031265258789 28.27606773376465 11.5
endloop
endfacet
facet normal 0 0 -1
outer loop
vertex -62.19668960571289 28.829851150512695 -5.699999809265137
vertex -63.86558151245117 28.85948371887207 -5.699999809265137
vertex -62.25048828125 29.244234085083008 -5.699999809265137
endloop
endfacet
facet normal 0 0 1
outer loop
vertex -56.85708999633789 26.74563980102539 11.5
vertex -63.66031265258789 28.27606773376465 11.5
vertex -57.207366943359375 26.37078094482422 11.5
endloop
endfacet
facet normal 0 0 1
outer loop
vertex -63.538291931152344 -67.04666137695312 11.5
vertex -57.207393646240234 -50.847354888916016 11.5
vertex -57.31025695800781 -50.637115478515625 11.5
endloop
endfacet
facet normal 0 0 1
outer loop
vertex -64.55158233642578 29.88429832458496 11.5
vertex -64.45455932617188 29.782058715820312 11.5
vertex -60.83292007446289 35.008846282958984 11.5
endloop
endfacet
facet normal 0 0 -1
outer loop
vertex -64.05870056152344 29.236703872680664 -5.699999809265137
vertex -64.16638946533203 29.399829864501953 -5.699999809265137
vertex -62.77899169921875 30.36991310119629 -5.699999809265137
endloop
endfacet
facet normal 0 0 1
outer loop
vertex -60.83292007446289 35.008846282958984 11.5
vertex -64.45455932617188 29.782058715820312 11.5
vertex -64.42304229736328 29.737041473388672 11.5
endloop
endfacet
facet normal 0 0 -1
outer loop
vertex 1.065205454826355 -74.43975830078125 -5.699999809265137
vertex -56.48637771606445 -74.43769836425781 -5.699999809265137
vertex 0.9794496297836304 -73.09779357910156 -5.699999809265137
endloop
endfacet
facet normal 0 0 -1
outer loop
vertex -62.77899169921875 30.36991310119629 -5.699999809265137
vertex -64.16638946533203 29.399829864501953 -5.699999809265137
vertex -63.063453674316406 30.67599868774414 -5.699999809265137
endloop
endfacet
facet normal 0 0 1
outer loop
vertex -65.00453186035156 30.281837463378906 11.5
vertex -64.86149597167969 30.17331886291504 11.5
vertex -60.83292007446289 35.008846282958984 11.5
endloop
endfacet
facet normal 0 0 1
outer loop
vertex -63.538291931152344 -67.04666137695312 11.5
vertex -57.38039779663086 -50.3375129699707 11.5
vertex -57.39296340942383 -50.225685119628906 11.5
endloop
endfacet
facet normal 0 0 1
outer loop
vertex -56.85708999633789 26.74563980102539 11.5
vertex -60.672611236572266 34.9499397277832 11.5
vertex -60.75300979614258 34.97148132324219 11.5
endloop
endfacet
facet normal 0 0 -1
outer loop
vertex -62.36758041381836 29.64535140991211 -5.699999809265137
vertex -64.05870056152344 29.236703872680664 -5.699999809265137
vertex -62.545166015625 30.023597717285156 -5.699999809265137
endloop
endfacet
facet normal 0 0 1
outer loop
vertex -60.672611236572266 34.9499397277832 11.5
vertex -56.85708999633789 26.74563980102539 11.5
vertex -60.3089714050293 34.88288497924805 11.5
endloop
endfacet
facet normal 0 0 -1
outer loop
vertex -62.45254898071289 -70.93829345703125 -5.699999809265137
vertex -61.285396575927734 -70.27208709716797 -5.699999809265137
vertex -61.99855041503906 -71.59571075439453 -5.699999809265137
endloop
endfacet
facet normal 0 0 1
outer loop
vertex -60.218360900878906 34.874271392822266 11.5
vertex -56.85708999633789 26.74563980102539 11.5
vertex -60.02730941772461 34.91377258300781 11.5
endloop
endfacet
facet normal 0.3832108042830115 -0.9236609115258358 1.711237293784149e-7
outer loop
vertex -67.68164825439453 62.561893463134766 10.5
vertex -67.29161834716797 62.72370910644531 5.300000190734863
vertex -67.571533203125 62.60757827758789 10.5
endloop
endfacet
facet normal 0.8985119260467941 -0.43894910724556707 0
outer loop
vertex 84.30865478515625 -67.81058502197266 9.5
vertex 84.30865478515625 -67.81058502197266 -3.700000047683716
vertex 84.77442932128906 -66.85716247558594 -3.700000047683716
endloop
endfacet
facet normal 0.8649594385019213 -0.5018417776017068 0
outer loop
vertex -77.36265563964844 45.875999450683594 10.5
vertex -67.68164825439453 62.561893463134766 5.300000190734863
vertex -67.68164825439453 62.561893463134766 10.5
endloop
endfacet
facet normal 0 0 1
outer loop
vertex -28.56211280822754 52.287620544433594 11.5
vertex -31.15704917907715 46.635154724121094 11.5
vertex -31.064695358276367 46.566551208496094 11.5
endloop
endfacet
facet normal 0 0 -1
outer loop
vertex -62.1478157043457 -67.82792663574219 -5.699999809265137
vertex -63.3527717590332 -68.72716522216797 -5.699999809265137
vertex -62.192989349365234 -67.08352661132812 -5.699999809265137
endloop
endfacet
facet normal 0 0 1
outer loop
vertex -83.52597045898438 48.351863861083984 11.5
vertex -77.8324966430664 46.0470085144043 11.5
vertex -77.79505157470703 46.12687301635742 11.5
endloop
endfacet
facet normal 0 0 1
outer loop
vertex -28.56211280822754 52.287620544433594 11.5
vertex -31.251680374145508 46.676177978515625 11.5
vertex -31.15704917907715 46.635154724121094 11.5
endloop
endfacet
facet normal 0 0 1
outer loop
vertex -82.94098663330078 41.658546447753906 11.5
vertex -77.51881408691406 44.68985366821289 11.5
vertex -77.7283935546875 44.93128204345703 11.5
endloop
endfacet
facet normal 0 0 1
outer loop
vertex -83.06813049316406 49.288028717041016 11.5
vertex -83.52597045898438 48.351863861083984 11.5
vertex -77.79505157470703 46.12687301635742 11.5
endloop
endfacet
facet normal 0 0 1
outer loop
vertex -84.07113647460938 45.622066497802734 11.5
vertex -77.92211151123047 45.425537109375 11.5
vertex -77.9297103881836 45.512359619140625 11.5
endloop
endfacet
facet normal -0.013821611449169992 -0.999904476966149 0
outer loop
vertex -30.627418518066406 45.74877166748047 10.5
vertex -30.321369171142578 45.74454116821289 5.300000190734863
vertex -30.321369171142578 45.74454116821289 10.5
endloop
endfacet
facet normal 0 0 1
outer loop
vertex -83.92993927001953 47.005348205566406 11.5
vertex -84.07113647460938 45.622066497802734 11.5
vertex -77.85436248779297 45.966670989990234 11.5
endloop
endfacet
facet normal -0.6847080546084844 -0.7288174531076105 -2.3071542530500973e-8
outer loop
vertex -31.40704917907715 46.20214080810547 10.5
vertex -31.123605728149414 45.93585205078125 5.300000190734863
vertex -31.2601261138916 46.064109802246094 10.5
endloop
endfacet
facet normal 0 0 1
outer loop
vertex -83.94890594482422 44.23698043823242 11.5
vertex -83.567626953125 42.89980697631836 11.5
vertex -77.89021301269531 45.32130813598633 11.5
endloop
endfacet
facet normal 0 0 1
outer loop
vertex 77.99288940429688 40.13514709472656 11.5
vertex 78.00701141357422 40.02372741699219 11.5
vertex 84.15228271484375 39.97262954711914 11.5
endloop
endfacet
facet normal 0 0 1
outer loop
vertex -82.09148406982422 40.5577507019043 11.5
vertex -77.51881408691406 44.68985366821289 11.5
vertex -82.94098663330078 41.658546447753906 11.5
endloop
endfacet
facet normal 0 0 1
outer loop
vertex 77.92579650878906 40.435447692871094 11.5
vertex 77.99288940429688 40.13514709472656 11.5
vertex 83.75719451904297 42.38145446777344 11.5
endloop
endfacet
facet normal 0 0 1
outer loop
vertex -56.742942810058594 26.838382720947266 11.5
vertex -56.6639518737793 26.87521743774414 11.5
vertex -56.35991668701172 32.421119689941406 11.5
endloop
endfacet
facet normal -0.795749426088041 -0.6056259991781673 0
outer loop
vertex -65.08246612548828 28.702617645263672 -3.700000047683716
vertex -65.339111328125 29.039831161499023 9.5
vertex -65.339111328125 29.039831161499023 -3.700000047683716
endloop
endfacet
facet normal 0 0 1
outer loop
vertex -56.35991668701172 32.421119689941406 11.5
vertex -56.814334869384766 26.788393020629883 11.5
vertex -56.742942810058594 26.838382720947266 11.5
endloop
endfacet
facet normal 0 0 1
outer loop
vertex 39.4283561706543 -60.740413665771484 11.5
vertex 39.35696029663086 -60.790401458740234 11.5
vertex 78.72982788085938 -69.6963119506836 11.5
endloop
endfacet
facet normal 0 0 1
outer loop
vertex -56.35991668701172 32.421119689941406 11.5
vertex -56.60409927368164 26.891254425048828 11.5
vertex -56.30449676513672 26.96139907836914 11.5
endloop
endfacet
facet normal 0 0 1
outer loop
vertex -56.35991668701172 32.421119689941406 11.5
vertex -56.30449676513672 26.96139907836914 11.5
vertex -56.19324493408203 26.973968505859375 11.5
endloop
endfacet
facet normal 0.7848969856605698 -0.6196262759929981 0
outer loop
vertex 84.30865478515625 -67.81058502197266 -3.700000047683716
vertex 83.4491958618164 -68.89928436279297 9.5
vertex 83.4491958618164 -68.89928436279297 -3.700000047683716
endloop
endfacet
facet normal 0 0 1
outer loop
vertex -81.05302429199219 39.639949798583984 11.5
vertex -77.51881408691406 44.68985366821289 11.5
vertex -82.09148406982422 40.5577507019043 11.5
endloop
endfacet
facet normal -0.9900166254153392 -0.14095063462511997 0
outer loop
vertex -64.75672149658203 27.923480987548828 -3.700000047683716
vertex -64.69699096679688 27.503942489624023 -3.700000047683716
vertex -64.75672149658203 27.923480987548828 9.5
endloop
endfacet
facet normal 0.7670385094232448 0.641601063794136 0
outer loop
vertex -4.507661819458008 47.87480926513672 9.5
vertex -5.540786266326904 49.10991668701172 -3.700000047683716
vertex -5.540786266326904 49.10991668701172 9.5
endloop
endfacet
facet normal -0.9519786347407887 -0.30616446396841046 0
outer loop
vertex -64.88645935058594 28.326904296875 -3.700000047683716
vertex -64.837646484375 28.175127029418945 -3.700000047683716
vertex -64.88645935058594 28.326904296875 9.5
endloop
endfacet
facet normal 0.0025847339993303594 0.9999966595694971 0
outer loop
vertex 19.807008743286133 -62.80101013183594 10.5
vertex 19.65204429626465 -62.80060958862305 5.300000190734863
vertex 19.65204429626465 -62.80060958862305 10.5
endloop
endfacet
facet normal -0.8566135443263118 0.5159585600382204 0
outer loop
vertex 39.58906936645508 -56.2792854309082 5.300000190734863
vertex 39.58906936645508 -56.2792854309082 10.5
vertex 39.72711181640625 -56.05010223388672 10.5
endloop
endfacet
facet normal -0.4096470632913694 -0.9122440920810332 -9.009346874363025e-8
outer loop
vertex -60.091068267822266 -74.65284729003906 9.5
vertex -59.85245895385742 -74.75999450683594 -3.700000047683716
vertex -59.2474479675293 -75.03167724609375 -3.700000047683716
endloop
endfacet
facet normal -0.6891684614920471 0.7246011535214975 0
outer loop
vertex 39.8333625793457 -55.94904708862305 10.5
vertex 39.72711181640625 -56.05010223388672 5.300000190734863
vertex 39.72711181640625 -56.05010223388672 10.5
endloop
endfacet
facet normal -0.22299111736758573 0.9748204765875724 -8.566040098726806e-7
outer loop
vertex 20.10696029663086 -62.732391357421875 10.5
vertex 19.807008743286133 -62.80101013183594 5.300000190734863
vertex 19.96004295349121 -62.76599884033203 10.5
endloop
endfacet
facet normal 0 0 1
outer loop
vertex -56.63661575317383 32.647281646728516 11.5
vertex -56.85708999633789 26.74563980102539 11.5
vertex -56.35991668701172 32.421119689941406 11.5
endloop
endfacet
facet normal -0.5602074191519291 -0.8283523691806132 0
outer loop
vertex -65.94298553466797 29.52765464782715 -3.700000047683716
vertex -65.6490249633789 29.3288516998291 -3.700000047683716
vertex -65.94298553466797 29.52765464782715 9.5
endloop
endfacet
facet normal 0.5018419035425529 0.8649593654321497 0
outer loop
vertex -77.26789093017578 45.12233352661133 10.5
vertex -66.56631469726562 38.91337203979492 10.5
vertex -77.26789093017578 45.12233352661133 5.300000190734863
endloop
endfacet
facet normal 0.9834252479357936 -0.18131404171332952 0
outer loop
vertex -77.39818572998047 45.68328857421875 10.5
vertex -77.36265563964844 45.875999450683594 5.300000190734863
vertex -77.36265563964844 45.875999450683594 10.5
endloop
endfacet
facet normal -0.7313406447941545 0.682012361524284 3.738592630547588e-7
outer loop
vertex 31.72246742248535 44.73002624511719 9.5
vertex 31.433446884155273 44.420108795166016 -3.700000047683716
vertex 31.663211822509766 44.66648483276367 9.5
endloop
endfacet
facet normal 0.9236611011208813 0.383210347296985 -8.27767961600942e-7
outer loop
vertex -77.26789093017578 45.12233352661133 10.5
vertex -77.4297103881836 45.512359619140625 5.300000190734863
vertex -77.36772918701172 45.36297607421875 10.5
endloop
endfacet
facet normal 0.6355355049403848 -0.7720716430229558 5.943798891409806e-8
outer loop
vertex 82.37828826904297 -69.78080749511719 9.5
vertex 82.75788879394531 -69.46833801269531 -3.700000047683716
vertex 83.4491958618164 -68.89928436279297 -3.700000047683716
endloop
endfacet
facet normal -0.8848994705377139 -0.4657820595966248 0
outer loop
vertex -50.242088317871094 52.97564697265625 5.300000190734863
vertex -49.99542999267578 52.507041931152344 5.300000190734863
vertex -50.242088317871094 52.97564697265625 10.5
endloop
endfacet
facet normal -0.7306531952670712 0.6827487885348912 -3.97262112618387e-7
outer loop
vertex 20.457239151000977 -62.3575325012207 10.5
vertex 20.10696029663086 -62.732391357421875 5.300000190734863
vertex 20.222585678100586 -62.60865020751953 10.5
endloop
endfacet
facet normal -0.9261825809148864 -0.37707535958968924 -3.8261502459768055e-7
outer loop
vertex -64.22688293457031 -69.87261962890625 9.5
vertex -63.87816619873047 -70.72913360595703 -3.700000047683716
vertex -64.09363555908203 -70.19990539550781 9.5
endloop
endfacet
facet normal 0.45102845011505 0.8925095726023243 1.8014712195860312e-7
outer loop
vertex -44.88819885253906 58.833526611328125 9.5
vertex -45.26641845703125 59.024662017822266 -3.700000047683716
vertex -45.134971618652344 58.95823287963867 9.5
endloop
endfacet
facet normal -0.4625315506397625 0.886602822385975 0
outer loop
vertex 31.096235275268555 44.1634635925293 9.5
vertex 30.72052001953125 43.96745681762695 -3.700000047683716
vertex 30.72052001953125 43.96745681762695 9.5
endloop
endfacet
facet normal 0.5905356117513295 0.8070115806191899 0
outer loop
vertex -45.26641845703125 59.024662017822266 9.5
vertex -45.778018951416016 59.39902877807617 -3.700000047683716
vertex -45.778018951416016 59.39902877807617 9.5
endloop
endfacet
facet normal 0 0 1
outer loop
vertex -48.37712097167969 26.97796058654785 11.5
vertex -48.236663818359375 27.009902954101562 11.5
vertex -56.35991668701172 32.421119689941406 11.5
endloop
endfacet
facet normal 0 0 1
outer loop
vertex -48.11982727050781 27.072519302368164 11.5
vertex -48.023773193359375 27.163875579833984 11.5
vertex -56.35991668701172 32.421119689941406 11.5
endloop
endfacet
facet normal -0.3061637456955794 0.9519788657429289 6.77570893090353e-7
outer loop
vertex 30.72052001953125 43.96745681762695 9.5
vertex 30.31709861755371 43.83772277832031 -3.700000047683716
vertex 30.66196060180664 43.94862365722656 9.5
endloop
endfacet
facet normal 0 0 1
outer loop
vertex -56.35991668701172 32.421119689941406 11.5
vertex -47.955379486083984 27.277427673339844 11.5
vertex -47.915470123291016 27.41954231262207 11.5
endloop
endfacet
facet normal -0.2217911506916501 0.9750941931295015 0
outer loop
vertex 40.27592086791992 -55.71224594116211 10.5
vertex 40.156795501708984 -55.739341735839844 5.300000190734863
vertex 40.156795501708984 -55.739341735839844 10.5
endloop
endfacet
facet normal -0.0001095881111192126 0.999999993995223 0
outer loop
vertex 40.41767883300781 -55.68000793457031 5.300000190734863
vertex 40.41767883300781 -55.68000793457031 10.5
vertex 46.26565933227539 -55.67936706542969 10.5
endloop
endfacet
facet normal 0.43933461667759877 0.898323491059177 0
outer loop
vertex -64.02974700927734 69.89879608154297 9.5
vertex -63.25264358520508 69.51874542236328 9.5
vertex -64.02974700927734 69.89879608154297 -3.700000047683716
endloop
endfacet
facet normal 0 0 1
outer loop
vertex -56.35991668701172 32.421119689941406 11.5
vertex -47.910430908203125 27.497207641601562 11.5
vertex -47.93254089355469 29.312496185302734 11.5
endloop
endfacet
facet normal 0.00022989975170706784 -0.9999999735730518 0
outer loop
vertex 19.807008743286133 35.97399139404297 5.300000190734863
vertex 37.19633865356445 35.977989196777344 5.300000190734863
vertex 19.807008743286133 35.97399139404297 10.5
endloop
endfacet
facet normal 0 0 1
outer loop
vertex -56.35991668701172 32.421119689941406 11.5
vertex -48.02977752685547 29.56922149658203 11.5
vertex -48.12209701538086 29.664350509643555 11.5
endloop
endfacet
facet normal 0 0 1
outer loop
vertex 77.23454284667969 41.144065856933594 11.5
vertex 77.31352996826172 41.10723114013672 11.5
vertex 80.22727966308594 46.51740264892578 11.5
endloop
endfacet
facet normal 0 0 1
outer loop
vertex -48.24850082397461 29.73876190185547 11.5
vertex -56.35991668701172 32.421119689941406 11.5
vertex -48.12209701538086 29.664350509643555 11.5
endloop
endfacet
facet normal 0 0 -1
outer loop
vertex -81.99058532714844 42.68409729003906 -5.699999809265137
vertex -83.567626953125 42.89980697631836 -5.699999809265137
vertex -82.3666763305664 43.51080322265625 -5.699999809265137
endloop
endfacet
facet normal -0.31145471705954286 -0.9502609953172655 0
outer loop
vertex -49.59233093261719 52.16249465942383 5.300000190734863
vertex -31.40704917907715 46.20214080810547 5.300000190734863
vertex -49.59233093261719 52.16249465942383 10.5
endloop
endfacet
facet normal 0.32332790940078376 0.9462869876535969 0
outer loop
vertex -56.858787536621094 38.71392822265625 5.300000190734863
vertex -57.11196517944336 38.80043411254883 5.300000190734863
vertex -56.858787536621094 38.71392822265625 10.5
endloop
endfacet
facet normal 0 0 -1
outer loop
vertex -81.05302429199219 39.639949798583984 -5.699999809265137
vertex -80.83177185058594 41.191951751708984 -5.699999809265137
vertex -80.05840301513672 40.57865905761719 -5.699999809265137
endloop
endfacet
facet normal -0.2059580246195566 0.9785608269774598 0
outer loop
vertex -57.37901306152344 38.816715240478516 5.300000190734863
vertex -57.64082336425781 38.76161193847656 5.300000190734863
vertex -57.37901306152344 38.816715240478516 10.5
endloop
endfacet
facet normal -0.30811313191178025 -0.9513497243093697 0
outer loop
vertex -59.2474479675293 -75.03167724609375 -3.700000047683716
vertex -58.846248626708984 -75.16161346435547 -3.700000047683716
vertex -59.2474479675293 -75.03167724609375 9.5
endloop
endfacet
facet normal -0.6773474478496155 0.735663261887946 0
outer loop
vertex -57.8786506652832 38.639060974121094 5.300000190734863
vertex -58.07547378540039 38.45783996582031 5.300000190734863
vertex -57.8786506652832 38.639060974121094 10.5
endloop
endfacet
facet normal 0 0 -1
outer loop
vertex -80.83177185058594 41.191951751708984 -5.699999809265137
vertex -82.09148406982422 40.5577507019043 -5.699999809265137
vertex -81.44630432128906 41.86070251464844 -5.699999809265137
endloop
endfacet
facet normal 0.7554189844820706 0.6552420605273118 0
outer loop
vertex -55.5012321472168 37.77020263671875 5.300000190734863
vertex -55.67654037475586 37.972312927246094 5.300000190734863
vertex -55.5012321472168 37.77020263671875 10.5
endloop
endfacet
facet normal 0.9842315139925407 0.17688506682009938 0
outer loop
vertex -55.38578414916992 37.52885055541992 5.300000190734863
vertex -55.33845901489258 37.26552200317383 10.5
vertex -55.33845901489258 37.26552200317383 5.300000190734863
endloop
endfacet
facet normal 0.5223615839785164 0.8527240911241194 0
outer loop
vertex -55.81237030029297 38.072914123535156 5.300000190734863
vertex -56.858787536621094 38.71392822265625 5.300000190734863
vertex -55.81237030029297 38.072914123535156 10.5
endloop
endfacet
facet normal -0.8983262726521278 0.43932892900756576 0
outer loop
vertex -84.60479736328125 48.77423095703125 -3.700000047683716
vertex -84.60479736328125 48.77423095703125 9.5
vertex -84.31585693359375 49.365047454833984 9.5
endloop
endfacet
facet normal 0.9514100807590712 -0.3079267091858345 0
outer loop
vertex -56.441429138183594 33.66592788696289 10.5
vertex -56.441429138183594 33.66592788696289 5.300000190734863
vertex -55.362648010253906 36.99906921386719 5.300000190734863
endloop
endfacet
facet normal -0.2031628655992168 0.979144958645815 2.0572976690706122e-9
outer loop
vertex 18.876367568969727 43.72217559814453 9.5
vertex 17.299673080444336 43.39502716064453 -3.700000047683716
vertex 18.435110092163086 43.630619049072266 9.5
endloop
endfacet
facet normal -0.38321205546194675 0.9236603924325378 0
outer loop
vertex -59.82833480834961 35.53608703613281 5.300000190734863
vertex -60.218360900878906 35.374271392822266 5.300000190734863
vertex -59.82833480834961 35.53608703613281 10.5
endloop
endfacet
facet normal 0.00005789017773369666 -0.9999999983243637 0
outer loop
vertex 9.715104103088379 -70.85501098632812 9.5
vertex 78.77349853515625 -70.85101318359375 -3.700000047683716
vertex 78.77349853515625 -70.85101318359375 9.5
endloop
endfacet
facet normal -0.20316284266932488 0.9791449634035397 0
outer loop
vertex 17.299673080444336 43.39502716064453 -3.700000047683716
vertex 17.299673080444336 43.39502716064453 9.5
vertex 18.435110092163086 43.630619049072266 9.5
endloop
endfacet
facet normal 0.07548707980628756 -0.9971467799585211 8.197270009495838e-7
outer loop
vertex 78.77349853515625 -70.85101318359375 9.5
vertex 79.80462646484375 -70.77296447753906 -3.700000047683716
vertex 79.1362075805664 -70.82355499267578 9.5
endloop
endfacet
facet normal -0.1813415018660719 -0.9834201847130032 0
outer loop
vertex -66.927978515625 62.656654357910156 5.300000190734863
vertex -67.29161834716797 62.72370910644531 10.5
vertex -67.29161834716797 62.72370910644531 5.300000190734863
endloop
endfacet
facet normal 0.7306559443360258 -0.6827458465684214 0
outer loop
vertex 19.507057189941406 35.90536880493164 5.300000190734863
vertex 19.15677833557129 35.53050994873047 10.5
vertex 19.15677833557129 35.53050994873047 5.300000190734863
endloop
endfacet
facet normal 0 0 1
outer loop
vertex -56.45119094848633 -51.37609100341797 11.5
vertex -38.378875732421875 -57.46216583251953 11.5
vertex -38.39295959472656 -57.35137176513672 11.5
endloop
endfacet
facet normal 0.28736179520933997 0.957822112218164 0
outer loop
vertex -65.57206726074219 70.36151123046875 -3.700000047683716
vertex -65.57206726074219 70.36151123046875 9.5
vertex -65.1382827758789 70.23136901855469 9.5
endloop
endfacet
facet normal 0.9627590952182947 -0.2703607304592338 0
outer loop
vertex 19.09728240966797 34.4598503112793 5.300000190734863
vertex 19.024948120117188 34.202266693115234 10.5
vertex 19.024948120117188 34.202266693115234 5.300000190734863
endloop
endfacet
facet normal 0.10154699138058716 0.9948307436652483 0
outer loop
vertex -65.57206726074219 70.36151123046875 9.5
vertex -67.17396545410156 70.5250244140625 -3.700000047683716
vertex -67.17396545410156 70.5250244140625 9.5
endloop
endfacet
facet normal 0 0 -1
outer loop
vertex 78.72982788085938 -69.6963119506836 -5.699999809265137
vertex 18.40700912475586 -68.35418701171875 -5.699999809265137
vertex 78.7792739868164 -68.35101318359375 -5.699999809265137
endloop
endfacet
facet normal -0.08790245707996906 0.9961290870359923 -3.804742875374414e-7
outer loop
vertex -67.17396545410156 70.5250244140625 9.5
vertex -68.77796173095703 70.38347625732422 -3.700000047683716
vertex -67.58438110351562 70.48880767822266 9.5
endloop
endfacet
facet normal -0.38419350157967147 0.9232525945503437 9.84920512421621e-8
outer loop
vertex 17.299673080444336 43.39502716064453 9.5
vertex 15.812981605529785 42.776371002197266 -3.700000047683716
vertex 16.803184509277344 43.18842315673828 9.5
endloop
endfacet
facet normal 0 0 1
outer loop
vertex -56.45119094848633 -51.37609100341797 11.5
vertex -38.39295959472656 -57.35137176513672 11.5
vertex -38.396949768066406 -51.89299774169922 11.5
endloop
endfacet
facet normal 0.25807378866812863 -0.9661252090709972 0
outer loop
vertex 79.80462646484375 -70.77296447753906 9.5
vertex 81.14469909667969 -70.41500091552734 -3.700000047683716
vertex 81.14469909667969 -70.41500091552734 9.5
endloop
endfacet
facet normal 0.45722036961847945 -0.8893534357081784 0
outer loop
vertex 81.14469909667969 -70.41500091552734 9.5
vertex 82.37828826904297 -69.78080749511719 -3.700000047683716
vertex 82.37828826904297 -69.78080749511719 9.5
endloop
endfacet
facet normal 0.45722036961847945 -0.8893534357081784 0
outer loop
vertex 82.37828826904297 -69.78080749511719 -3.700000047683716
vertex 81.14469909667969 -70.41500091552734 9.5
vertex 81.14469909667969 -70.41500091552734 -3.700000047683716
endloop
endfacet
facet normal -0.2742130895472663 0.9616689563051013 0
outer loop
vertex -70.32646942138672 69.94193267822266 -3.700000047683716
vertex -70.32646942138672 69.94193267822266 9.5
vertex -69.6492919921875 70.13502502441406 9.5
endloop
endfacet
facet normal -0.4506633822417784 0.8926939654251063 0
outer loop
vertex -70.32646942138672 69.94193267822266 9.5
vertex -71.76390838623047 69.21626281738281 -3.700000047683716
vertex -71.76390838623047 69.21626281738281 9.5
endloop
endfacet
facet normal 0 0 1
outer loop
vertex -38.396949768066406 -51.89299774169922 11.5
vertex -38.42890548706055 -51.75249099731445 11.5
vertex -56.45119094848633 -51.37609100341797 11.5
endloop
endfacet
facet normal -0.3061592943425263 0.9519802973210024 5.49577011756735e-7
outer loop
vertex 13.945966720581055 41.59245681762695 9.5
vertex 13.5425443649292 41.46272277832031 -3.700000047683716
vertex 13.809713363647461 41.54863739013672 9.5
endloop
endfacet
facet normal 0.6355342728933286 -0.7720726571883868 -1.0824525551207242e-7
outer loop
vertex 82.37828826904297 -69.78080749511719 9.5
vertex 83.4491958618164 -68.89928436279297 -3.700000047683716
vertex 82.75788879394531 -69.46833801269531 9.5
endloop
endfacet
facet normal -0.1409594575970166 0.9900153692311827 0
outer loop
vertex 13.5425443649292 41.46272277832031 9.5
vertex 13.123005867004395 41.40298843383789 -3.700000047683716
vertex 13.123005867004395 41.40298843383789 9.5
endloop
endfacet
facet normal 0 0 1
outer loop
vertex -38.491519927978516 -51.635650634765625 11.5
vertex -38.5828742980957 -51.53959655761719 11.5
vertex -56.45119094848633 -51.37609100341797 11.5
endloop
endfacet
facet normal -0.6847075878197427 -0.7288178916451417 0
outer loop
vertex -31.123605728149414 45.93585205078125 5.300000190734863
vertex -31.123605728149414 45.93585205078125 10.5
vertex -31.2601261138916 46.064109802246094 10.5
endloop
endfacet
facet normal 0.7848969856605698 -0.6196262759929981 0
outer loop
vertex 83.4491958618164 -68.89928436279297 9.5
vertex 84.30865478515625 -67.81058502197266 -3.700000047683716
vertex 84.30865478515625 -67.81058502197266 9.5
endloop
endfacet
facet normal 0 0 -1
outer loop
vertex 79.61038970947266 -69.6296615600586 -5.699999809265137
vertex 79.16315460205078 -68.33417510986328 -5.699999809265137
vertex 79.72046661376953 -68.2442626953125 -5.699999809265137
endloop
endfacet
facet normal -0.7916715329834688 -0.6109469566694021 0
outer loop
vertex -83.9222640991211 41.04007339477539 9.5
vertex -82.9384994506836 39.76530075073242 -3.700000047683716
vertex -82.9384994506836 39.76530075073242 9.5
endloop
endfacet
facet normal -0.31145471705954286 -0.9502609953172655 0
outer loop
vertex -31.40704917907715 46.20214080810547 10.5
vertex -49.59233093261719 52.16249465942383 10.5
vertex -31.40704917907715 46.20214080810547 5.300000190734863
endloop
endfacet
facet normal 0 0 1
outer loop
vertex -38.69643020629883 -51.4712028503418 11.5
vertex -56.45119094848633 -51.37609100341797 11.5
vertex -38.5828742980957 -51.53959655761719 11.5
endloop
endfacet
facet normal -0.8926939654251063 -0.4506633822417784 0
outer loop
vertex -84.64793395996094 42.47751235961914 9.5
vertex -83.9222640991211 41.04007339477539 -3.700000047683716
vertex -83.9222640991211 41.04007339477539 9.5
endloop
endfacet
facet normal -0.9616690198194507 -0.27421286680149926 0
outer loop
vertex -84.64793395996094 42.47751235961914 9.5
vertex -84.85779571533203 43.2135009765625 9.5
vertex -84.64793395996094 42.47751235961914 -3.700000047683716
endloop
endfacet
facet normal 0.25807378866812863 -0.9661252090709972 0
outer loop
vertex 81.14469909667969 -70.41500091552734 -3.700000047683716
vertex 79.80462646484375 -70.77296447753906 9.5
vertex 79.80462646484375 -70.77296447753906 -3.700000047683716
endloop
endfacet
facet normal -0.6622374947626561 -0.7492940013976362 0
outer loop
vertex -82.205810546875 39.11774444580078 9.5
vertex -81.73196411132812 38.698951721191406 -3.700000047683716
vertex -81.73196411132812 38.698951721191406 9.5
endloop
endfacet
facet normal 0 0 -1
outer loop
vertex -82.3666763305664 43.51080322265625 -5.699999809265137
vertex -83.94890594482422 44.23698043823242 -5.699999809265137
vertex -82.62789154052734 44.4626350402832 -5.699999809265137
endloop
endfacet
facet normal 0.8985134181931564 -0.4389460528662376 0
outer loop
vertex 84.77442932128906 -66.85716247558594 9.5
vertex 84.9175033569336 -66.56429290771484 -3.700000047683716
vertex 84.9175033569336 -66.56429290771484 9.5
endloop
endfacet
facet normal 0 0 1
outer loop
vertex 19.806894302368164 36.47397994995117 11.5
vertex 19.02618980407715 42.57396697998047 11.5
vertex 19.695505142211914 36.46139907836914 11.5
endloop
endfacet
facet normal -0.9616696533801024 -0.2742106448841399 -1.3395954760747418e-7
outer loop
vertex -85.0894775390625 44.02602005004883 9.5
vertex -84.64793395996094 42.47751235961914 -3.700000047683716
vertex -84.85779571533203 43.2135009765625 9.5
endloop
endfacet
facet normal 0 0 -1
outer loop
vertex -82.62789154052734 44.4626350402832 -5.699999809265137
vertex -83.94890594482422 44.23698043823242 -5.699999809265137
vertex -82.72822570800781 45.36530685424805 -5.699999809265137
endloop
endfacet
facet normal -0.9961289945636693 -0.08790350499026238 0
outer loop
vertex -85.0894775390625 44.02602005004883 -3.700000047683716
vertex -85.0894775390625 44.02602005004883 9.5
vertex -85.19345092773438 45.204254150390625 9.5
endloop
endfacet
facet normal 0 0 -1
outer loop
vertex 78.72982788085938 -69.6963119506836 -5.699999809265137
vertex 78.7792739868164 -68.35101318359375 -5.699999809265137
vertex 79.16315460205078 -68.33417510986328 -5.699999809265137
endloop
endfacet
facet normal 0 0 1
outer loop
vertex 40.473846435546875 -56.18000030517578 11.5
vertex 78.72982788085938 -69.6963119506836 11.5
vertex 76.80706024169922 -56.17601013183594 11.5
endloop
endfacet
facet normal 0 0 1
outer loop
vertex 40.01554870605469 -56.60997009277344 11.5
vertex 78.72982788085938 -69.6963119506836 11.5
vertex 40.05220413208008 -56.47944641113281 11.5
endloop
endfacet
facet normal 0 0 1
outer loop
vertex 39.956485748291016 -59.99114990234375 11.5
vertex 39.927085876464844 -60.153541564941406 11.5
vertex 78.72982788085938 -69.6963119506836 11.5
endloop
endfacet
facet normal 0 0 -1
outer loop
vertex -62.83243179321289 -70.2354507446289 -5.699999809265137
vertex -63.13369369506836 -69.4954833984375 -5.699999809265137
vertex -63.3527717590332 -68.72716522216797 -5.699999809265137
endloop
endfacet
facet normal -0.9261825809149542 -0.3770753595897169 0
outer loop
vertex -64.22688293457031 -69.87261962890625 -3.700000047683716
vertex -64.09363555908203 -70.19990539550781 -3.700000047683716
vertex -64.22688293457031 -69.87261962890625 9.5
endloop
endfacet
facet normal 0.7325887333062738 -0.6806715418119712 -1.5372609485799523e-7
outer loop
vertex 6.708992004394531 -73.21589660644531 9.5
vertex 7.3384599685668945 -72.53841400146484 -3.450000047683716
vertex 7.186920166015625 -72.7015151977539 9.5
endloop
endfacet
facet normal 0 0 -1
outer loop
vertex -71.61203002929688 66.12577056884766 -5.699999809265137
vertex -72.24623107910156 67.38548278808594 -5.699999809265137
vertex -70.94328308105469 66.74030303955078 -5.699999809265137
endloop
endfacet
facet normal -0.29028390780238306 0.9569405691426075 0
outer loop
vertex 19.194021224975586 -63.54391860961914 11.5
vertex 19.053327560424805 -63.58659744262695 5.300000190734863
vertex 19.053327560424805 -63.58659744262695 11.5
endloop
endfacet
facet normal -0.098022651870274 0.9951841838174073 0
outer loop
vertex 19.053327560424805 -63.58659744262695 11.5
vertex 18.90700912475586 -63.601009368896484 5.300000190734863
vertex 18.90700912475586 -63.601009368896484 11.5
endloop
endfacet
facet normal 0.098022651870274 0.9951841838174073 0
outer loop
vertex 18.90700912475586 -63.601009368896484 11.5
vertex 18.760690689086914 -63.58659744262695 5.300000190734863
vertex 18.760690689086914 -63.58659744262695 11.5
endloop
endfacet
facet normal 0.29028390780238306 0.9569405691426075 0
outer loop
vertex 18.760690689086914 -63.58659744262695 11.5
vertex 18.619997024536133 -63.54391860961914 5.300000190734863
vertex 18.619997024536133 -63.54391860961914 11.5
endloop
endfacet
facet normal 0.4713852739059721 0.8819273913109807 0
outer loop
vertex 18.619997024536133 -63.54391860961914 11.5
vertex 18.490331649780273 -63.474613189697266 5.300000190734863
vertex 18.490331649780273 -63.474613189697266 11.5
endloop
endfacet
facet normal 0.6343949344546084 0.7730090990009969 0
outer loop
vertex 18.490331649780273 -63.474613189697266 11.5
vertex 18.376678466796875 -63.38134002685547 5.300000190734863
vertex 18.376678466796875 -63.38134002685547 11.5
endloop
endfacet
facet normal 0.7730218499576738 0.6343793971180239 -4.339920010197638e-7
outer loop
vertex 18.376678466796875 -63.38134002685547 11.5
vertex 18.28340721130371 -63.2676887512207 5.300000190734863
vertex 18.307575225830078 -63.29713439941406 11.5
endloop
endfacet
facet normal 0.7729770387514221 0.6344339977988903 0
outer loop
vertex 18.28340721130371 -63.2676887512207 5.300000190734863
vertex 18.28340721130371 -63.2676887512207 11.441227912902832
vertex 18.307575225830078 -63.29713439941406 11.5
endloop
endfacet
facet normal -0.8819219980712055 0.47139536412452404 0
outer loop
vertex 19.599918365478516 -63.138023376464844 11.175093650817871
vertex 19.530611038208008 -63.2676887512207 5.300000190734863
vertex 19.530611038208008 -63.2676887512207 11.434781074523926
endloop
endfacet
facet normal -0.9569427553947636 0.29027670057632554 0
outer loop
vertex 19.642597198486328 -62.9973258972168 10.893484115600586
vertex 19.599918365478516 -63.138023376464844 5.300000190734863
vertex 19.599918365478516 -63.138023376464844 11.175093650817871
endloop
endfacet
facet normal -0.9951840591663966 0.09802391739312354 0
outer loop
vertex 19.65700912475586 -62.851009368896484 10.600774765014648
vertex 19.642597198486328 -62.9973258972168 5.300000190734863
vertex 19.642597198486328 -62.9973258972168 10.893484115600586
endloop
endfacet
facet normal 0.8819219980712055 0.4713953641245241 0
outer loop
vertex 18.28340721130371 -63.2676887512207 5.300000190734863
vertex 18.214099884033203 -63.138023376464844 11.182256698608398
vertex 18.28340721130371 -63.2676887512207 11.441227912902832
endloop
endfacet
facet normal 0.9569391518069228 0.29028858010443176 0
outer loop
vertex 18.214099884033203 -63.138023376464844 11.182256698608398
vertex 18.214099884033203 -63.138023376464844 5.300000190734863
vertex 18.171419143676758 -62.9973258972168 10.90108871459961
endloop
endfacet
facet normal 0.9951853246241752 0.09801106903138548 0
outer loop
vertex 18.171419143676758 -62.9973258972168 10.90108871459961
vertex 18.171419143676758 -62.9973258972168 5.300000190734863
vertex 18.15700912475586 -62.851009368896484 10.608529090881348
endloop
endfacet
facet normal -0.9951830249946064 -0.09803441621484107 0
outer loop
vertex 19.65204429626465 -62.80060958862305 10.5
vertex 19.65700912475586 -62.851009368896484 5.300000190734863
vertex 19.65700912475586 -62.851009368896484 10.600774765014648
endloop
endfacet
facet normal 0.9951857249344824 -0.09800700427331008 0
outer loop
vertex 18.15700912475586 -62.851009368896484 10.608529090881348
vertex 18.162351608276367 -62.79676055908203 5.300000190734863
vertex 18.162351608276367 -62.79676055908203 10.5
endloop
endfacet
facet normal -0.7730102397966485 0.6343935443945878 0
outer loop
vertex 19.530611038208008 -63.2676887512207 5.300000190734863
vertex 19.437339782714844 -63.38134002685547 5.300000190734863
vertex 19.530611038208008 -63.2676887512207 11.434781074523926
endloop
endfacet
facet normal -0.6343949344546084 0.7730090990009969 0
outer loop
vertex 19.437339782714844 -63.38134002685547 5.300000190734863
vertex 19.323686599731445 -63.474613189697266 5.300000190734863
vertex 19.437339782714844 -63.38134002685547 11.5
endloop
endfacet
facet normal -0.4713852739059721 0.8819273913109807 0
outer loop
vertex 19.323686599731445 -63.474613189697266 5.300000190734863
vertex 19.194021224975586 -63.54391860961914 5.300000190734863
vertex 19.323686599731445 -63.474613189697266 11.5
endloop
endfacet
facet normal -0.29028390780238306 0.9569405691426075 0
outer loop
vertex 19.194021224975586 -63.54391860961914 5.300000190734863
vertex 19.053327560424805 -63.58659744262695 5.300000190734863
vertex 19.194021224975586 -63.54391860961914 11.5
endloop
endfacet
facet normal -0.098022651870274 0.9951841838174073 0
outer loop
vertex 19.053327560424805 -63.58659744262695 5.300000190734863
vertex 18.90700912475586 -63.601009368896484 5.300000190734863
vertex 19.053327560424805 -63.58659744262695 11.5
endloop
endfacet
facet normal 0.098022651870274 0.9951841838174073 0
outer loop
vertex 18.90700912475586 -63.601009368896484 5.300000190734863
vertex 18.760690689086914 -63.58659744262695 5.300000190734863
vertex 18.90700912475586 -63.601009368896484 11.5
endloop
endfacet
facet normal 0.29028390780238306 0.9569405691426075 0
outer loop
vertex 18.760690689086914 -63.58659744262695 5.300000190734863
vertex 18.619997024536133 -63.54391860961914 5.300000190734863
vertex 18.760690689086914 -63.58659744262695 11.5
endloop
endfacet
facet normal -0.8819219980712055 0.47139536412452404 0
outer loop
vertex 19.599918365478516 -63.138023376464844 5.300000190734863
vertex 19.530611038208008 -63.2676887512207 5.300000190734863
vertex 19.599918365478516 -63.138023376464844 11.175093650817871
endloop
endfacet
facet normal 0.4713852739059721 0.8819273913109807 0
outer loop
vertex 18.619997024536133 -63.54391860961914 5.300000190734863
vertex 18.490331649780273 -63.474613189697266 5.300000190734863
vertex 18.619997024536133 -63.54391860961914 11.5
endloop
endfacet
facet normal 0.6343949344546084 0.7730090990009969 0
outer loop
vertex 18.490331649780273 -63.474613189697266 5.300000190734863
vertex 18.376678466796875 -63.38134002685547 5.300000190734863
vertex 18.490331649780273 -63.474613189697266 11.5
endloop
endfacet
facet normal 0.7730102397966485 0.6343935443945878 0
outer loop
vertex 18.376678466796875 -63.38134002685547 5.300000190734863
vertex 18.28340721130371 -63.2676887512207 5.300000190734863
vertex 18.376678466796875 -63.38134002685547 11.5
endloop
endfacet
facet normal 0.8819219980712054 0.47139536412452404 0
outer loop
vertex 18.214099884033203 -63.138023376464844 5.300000190734863
vertex 18.214099884033203 -63.138023376464844 11.182256698608398
vertex 18.28340721130371 -63.2676887512207 5.300000190734863
endloop
endfacet
facet normal -0.9951840591663966 0.09802391739312354 0
outer loop
vertex 19.65700912475586 -62.851009368896484 5.300000190734863
vertex 19.642597198486328 -62.9973258972168 5.300000190734863
vertex 19.65700912475586 -62.851009368896484 10.600774765014648
endloop
endfacet
facet normal -0.9951830249946064 -0.09803441621484107 0
outer loop
vertex 19.65204429626465 -62.80060958862305 5.300000190734863
vertex 19.65700912475586 -62.851009368896484 5.300000190734863
vertex 19.65204429626465 -62.80060958862305 10.5
endloop
endfacet
facet normal -0.9569427553947636 0.29027670057632554 0
outer loop
vertex 19.642597198486328 -62.9973258972168 5.300000190734863
vertex 19.599918365478516 -63.138023376464844 5.300000190734863
vertex 19.642597198486328 -62.9973258972168 10.893484115600586
endloop
endfacet
facet normal 0.9951857249344824 -0.09800700427331008 0
outer loop
vertex 18.15700912475586 -62.851009368896484 10.608529090881348
vertex 18.15700912475586 -62.851009368896484 5.300000190734863
vertex 18.162351608276367 -62.79676055908203 5.300000190734863
endloop
endfacet
facet normal 0.9951853246241753 0.0980110690313855 0
outer loop
vertex 18.15700912475586 -62.851009368896484 5.300000190734863
vertex 18.15700912475586 -62.851009368896484 10.608529090881348
vertex 18.171419143676758 -62.9973258972168 5.300000190734863
endloop
endfacet
facet normal 0.9569391518069228 0.29028858010443176 0
outer loop
vertex 18.171419143676758 -62.9973258972168 5.300000190734863
vertex 18.171419143676758 -62.9973258972168 10.90108871459961
vertex 18.214099884033203 -63.138023376464844 5.300000190734863
endloop
endfacet
facet normal -0.7730121136654833 0.6343912610385498 -0.000006658871211567904
outer loop
vertex 19.530611038208008 -63.2676887512207 11.434781074523926
vertex 19.437339782714844 -63.38134002685547 11.5
vertex 19.50390625 -63.300228118896484 11.5
endloop
endfacet
facet normal -0.6343949344546084 0.7730090990009969 0
outer loop
vertex 19.437339782714844 -63.38134002685547 11.5
vertex 19.323686599731445 -63.474613189697266 5.300000190734863
vertex 19.323686599731445 -63.474613189697266 11.5
endloop
endfacet
facet normal -0.7730102397966485 0.6343935443945878 0
outer loop
vertex 19.530611038208008 -63.2676887512207 11.434781074523926
vertex 19.437339782714844 -63.38134002685547 5.300000190734863
vertex 19.437339782714844 -63.38134002685547 11.5
endloop
endfacet
facet normal -0.4713852739059721 0.8819273913109807 0
outer loop
vertex 19.323686599731445 -63.474613189697266 11.5
vertex 19.194021224975586 -63.54391860961914 5.300000190734863
vertex 19.194021224975586 -63.54391860961914 11.5
endloop
endfacet
facet normal -0.9999999845093406 0.0001760151094280391 0
outer loop
vertex 82.79196166992188 -45.69527053833008 -1
vertex 82.79196166992188 -45.69527053833008 0
vertex 82.79238891601562 -43.2679443359375 -1
endloop
endfacet
facet normal 0.5002892808655127 0.865858322966909 0
outer loop
vertex -58.907188415527344 -72.45091247558594 -5.699999809265137
vertex -59.472412109375 -72.12432861328125 -5.699999809265137
vertex -59.472412109375 -72.12432861328125 0
endloop
endfacet
facet normal 0.9342149493324249 -0.35671056676781376 0
outer loop
vertex -82.49510192871094 47.24028778076172 0
vertex -82.49510192871094 47.24028778076172 -5.699999809265137
vertex -82.14246368408203 48.16383743286133 0
endloop
endfacet
facet normal 0.2203959815965631 -0.975410483486869 0
outer loop
vertex 18.0051326751709 40.996604919433594 -5.699999809265137
vertex 18.9678897857666 41.214141845703125 -5.699999809265137
vertex 18.9678897857666 41.214141845703125 0
endloop
endfacet
facet normal 0.0703163334160347 -0.9975247431792983 0
outer loop
vertex 37.96788787841797 45.964141845703125 0
vertex 37.96788787841797 45.964141845703125 -5.699999809265137
vertex 38.816917419433594 46.023990631103516 0
endloop
endfacet
facet normal -0.8642806573389883 0.5030098859363363 0
outer loop
vertex 6.313778400421143 -69.54975891113281 -3.450000047683716
vertex 5.830327987670898 -70.38043212890625 -3.450000047683716
vertex 6.313778400421143 -69.54975891113281 0
endloop
endfacet
facet normal -0.2526851864500742 -0.9675485499698149 0
outer loop
vertex -3.780100107192993 39.25945281982422 0
vertex -3.780100107192993 39.25945281982422 -5.699999809265137
vertex -3.375800371170044 39.153865814208984 0
endloop
endfacet
facet normal -0.7676401045696097 -0.6408811667199766 0
outer loop
vertex -5.098002910614014 40.246368408203125 -5.699999809265137
vertex -4.830204010009766 39.925601959228516 -5.699999809265137
vertex -4.830204010009766 39.925601959228516 0
endloop
endfacet
facet normal -0.9874081518146938 -0.15819336816027005 0
outer loop
vertex 82.63207244873047 41.4605598449707 -5.699999809265137
vertex 82.78845977783203 40.48442459106445 -5.699999809265137
vertex 82.78845977783203 40.48442459106445 0
endloop
endfacet
facet normal -0.3989603112114759 -0.9169681946927289 0
outer loop
vertex -4.163265228271484 39.42616271972656 0
vertex -4.163265228271484 39.42616271972656 -5.699999809265137
vertex -3.780100107192993 39.25945281982422 0
endloop
endfacet
facet normal -0.8642806573389883 0.5030098859363363 0
outer loop
vertex 6.313778400421143 -69.54975891113281 0
vertex 5.830327987670898 -70.38043212890625 -3.450000047683716
vertex 5.830327987670898 -70.38043212890625 0
endloop
endfacet
facet normal -0.3103087211209051 -0.9506358385818979 0
outer loop
vertex -46.13934326171875 56.61658477783203 0
vertex -46.13934326171875 56.61658477783203 -1.0499999523162842
vertex -45.3524169921875 56.35971450805664 -1.0499999523162842
endloop
endfacet
facet normal -0.000052387546296045176 0.9999999986201484 0.000003904856380639207
outer loop
vertex 78.7792739868164 -68.35101318359375 -5.699999809265137
vertex 17.481033325195312 -68.35423278808594 -3.564180612564087
vertex 16.90700912475586 -68.35426330566406 -3.450000047683716
endloop
endfacet
facet normal 0.3721451308366356 -0.9281745534082386 0
outer loop
vertex 17.16213607788086 40.65861129760742 -5.699999809265137
vertex 18.0051326751709 40.996604919433594 -5.699999809265137
vertex 18.0051326751709 40.996604919433594 0
endloop
endfacet
facet normal -0.46548655235147945 -0.885054952858823 0
outer loop
vertex -64.64014434814453 67.43646240234375 0
vertex -64.64014434814453 67.43646240234375 -5.699999809265137
vertex -64.22354125976562 67.21735382080078 0
endloop
endfacet
facet normal -0.6016712163103481 -0.79874385597864 0
outer loop
vertex -47.451576232910156 57.51932144165039 -5.699999809265137
vertex -46.50979232788086 56.80990219116211 -5.699999809265137
vertex -46.50979232788086 56.80990219116211 -2.8499999046325684
endloop
endfacet
facet normal 0.4249883565126626 -0.9051988161882814 0
outer loop
vertex 32.01133728027344 41.44858169555664 -5.699999809265137
vertex 32.389583587646484 41.62616729736328 -5.699999809265137
vertex 32.389583587646484 41.62616729736328 0
endloop
endfacet
facet normal -0.000051879882742682075 0.9999999986542389 0
outer loop
vertex 78.7792739868164 -68.35101318359375 0
vertex 73.7792739868164 -68.35127258300781 -0.44999998807907104
vertex 73.7792739868164 -68.35127258300781 0
endloop
endfacet
facet normal -0.5739973787961309 0.8188571359737735 0
outer loop
vertex 4.33298397064209 -71.94464111328125 -3.564180612564087
vertex 3.9780895709991455 -72.19341278076172 -3.8013134002685547
vertex 3.9780895709991455 -72.19341278076172 0
endloop
endfacet
facet normal -0.4626405715130578 -0.886545938792836 0
outer loop
vertex -46.50979232788086 56.80990219116211 -5.699999809265137
vertex -46.13934326171875 56.61658477783203 -5.699999809265137
vertex -46.50979232788086 56.80990219116211 -2.8499999046325684
endloop
endfacet
facet normal 0.0002862023591533174 -0.999999959044104 0
outer loop
vertex 1.0451356172561646 38.898990631103516 0
vertex 1.0451356172561646 38.898990631103516 -5.699999809265137
vertex 13.973946571350098 38.90269088745117 0
endloop
endfacet
facet normal 0.7856348725389973 -0.6186904290924771 0
outer loop
vertex 33.04198455810547 42.14445495605469 0
vertex 33.04198455810547 42.14445495605469 -5.699999809265137
vertex 33.30051040649414 42.472740173339844 0
endloop
endfacet
facet normal 0.9235185629555257 0.38355373010382876 0
outer loop
vertex -61.59980010986328 -69.70000457763672 -5.699999809265137
vertex -61.850181579589844 -69.09713745117188 -5.699999809265137
vertex -61.850181579589844 -69.09713745117188 0
endloop
endfacet
facet normal 0.9916773572494755 0.1287478897640512 0
outer loop
vertex -62.19668960571289 28.829851150512695 -5.699999809265137
vertex -62.25048828125 29.244234085083008 -5.699999809265137
vertex -62.25048828125 29.244234085083008 0
endloop
endfacet
facet normal 0.9999999992598546 0.00003847454733570091 0
outer loop
vertex -62.1947135925293 -22.440582275390625 0
vertex -62.1947135925293 -22.440582275390625 -1
vertex -62.194969177246094 -15.797626495361328 -1
endloop
endfacet
facet normal 0.6423487131703293 -0.7664125068710856 0
outer loop
vertex 34.61869430541992 44.31904983520508 0
vertex 34.61869430541992 44.31904983520508 -5.699999809265137
vertex 35.31477355957031 44.90245056152344 0
endloop
endfacet
facet normal -0.8891954471908634 -0.45752754747123214 0
outer loop
vertex 81.89644622802734 43.20089340209961 -5.699999809265137
vertex 82.34803771972656 42.32323455810547 -5.699999809265137
vertex 82.34803771972656 42.32323455810547 0
endloop
endfacet
facet normal 0.9051988161882814 0.4249883565126626 0
outer loop
vertex -62.36758041381836 29.64535140991211 -5.699999809265137
vertex -62.545166015625 30.023597717285156 -5.699999809265137
vertex -62.545166015625 30.023597717285156 0
endloop
endfacet
facet normal -0.9874081518146938 -0.15819336816027005 0
outer loop
vertex 82.63207244873047 41.4605598449707 0
vertex 82.63207244873047 41.4605598449707 -5.699999809265137
vertex 82.78845977783203 40.48442459106445 0
endloop
endfacet
facet normal -0.9972404708900257 0.07423909495030163 0
outer loop
vertex -5.517193794250488 42.8961296081543 -5.699999809265137
vertex -5.597663879394531 41.815189361572266 -5.699999809265137
vertex -5.597663879394531 41.815189361572266 0
endloop
endfacet
facet normal 0.08833364057153084 0.9960909436107627 0
outer loop
vertex -56.39704513549805 -73.09656524658203 0
vertex -56.39704513549805 -73.09656524658203 -5.699999809265137
vertex -57.047279357910156 -73.03890228271484 0
endloop
endfacet
facet normal 0.8287789765844557 0.5595760966764237 0
outer loop
vertex -62.545166015625 30.023597717285156 -5.699999809265137
vertex -62.77899169921875 30.36991310119629 -5.699999809265137
vertex -62.77899169921875 30.36991310119629 0
endloop
endfacet
facet normal 0.8656959509193918 -0.5005701954379258 -0.000001003387346906774
outer loop
vertex -81.7479248046875 48.88382339477539 -1
vertex -72.22532653808594 65.35240173339844 -5.699999809265137
vertex -72.23709106445312 65.33204650878906 -1
endloop
endfacet
facet normal -0.7856348725389973 0.618690429092477 0
outer loop
vertex 6.5723042488098145 -69.22147369384766 0
vertex 6.313778400421143 -69.54975891113281 -3.450000047683716
vertex 6.313778400421143 -69.54975891113281 0
endloop
endfacet
facet normal -0.973466487942928 -0.228829624070095 0
outer loop
vertex -5.565957546234131 41.39853286743164 0
vertex -5.565957546234131 41.39853286743164 -5.699999809265137
vertex -5.470338821411133 40.99176025390625 0
endloop
endfacet
facet normal -0.28022710977319304 0.9599337304981854 0
outer loop
vertex 8.004069328308105 -68.40850830078125 -3.450000047683716
vertex 7.602950572967529 -68.52560424804688 -3.450000047683716
vertex 8.004069328308105 -68.40850830078125 0
endloop
endfacet
facet normal 0.6807612796739902 -0.7325053447563581 0
outer loop
vertex 32.73590087890625 41.85999298095703 -5.699999809265137
vertex 33.04198455810547 42.14445495605469 -5.699999809265137
vertex 33.04198455810547 42.14445495605469 0
endloop
endfacet
facet normal -0.00005253778964472273 0.9999999986198903 0
outer loop
vertex 65.7792739868164 -68.35169219970703 -1.9500000476837158
vertex 8.418451309204102 -68.35470581054688 0
vertex 65.7792739868164 -68.35169219970703 -0.44999998807907104
endloop
endfacet
facet normal 0.0703163334160347 -0.9975247431792983 0
outer loop
vertex 37.96788787841797 45.964141845703125 -5.699999809265137
vertex 38.816917419433594 46.023990631103516 -5.699999809265137
vertex 38.816917419433594 46.023990631103516 0
endloop
endfacet
facet normal -0.20409312918451267 -0.9789514771528126 0
outer loop
vertex -66.45280456542969 67.97447204589844 0
vertex -66.45280456542969 67.97447204589844 -5.699999809265137
vertex -65.56369018554688 67.78910827636719 0
endloop
endfacet
facet normal -0.7733667182035883 -0.633958925463639 0
outer loop
vertex -7.204660892486572 47.23818588256836 0
vertex -7.204660892486572 47.23818588256836 -5.699999809265137
vertex -6.578927516937256 46.474853515625 0
endloop
endfacet
facet normal 0.7516376320563027 0.6595762807111806 0
outer loop
vertex -60.48012924194336 -71.29729461669922 0
vertex -60.48012924194336 -71.29729461669922 -5.699999809265137
vertex -60.91069412231445 -70.80663299560547 0
endloop
endfacet
facet normal 0.12873891195893872 -0.9916785227822716 0
outer loop
vertex 31.195837020874023 41.27769088745117 0
vertex 31.195837020874023 41.27769088745117 -5.699999809265137
vertex 31.610219955444336 41.331485748291016 0
endloop
endfacet
facet normal 0.7860688011091921 -0.6181386062531674 -0.0007094942911195692
outer loop
vertex -72.23709106445312 65.33204650878906 -1
vertex -72.22532653808594 65.35240173339844 -5.699999809265137
vertex -71.61203002929688 66.12577056884766 0
endloop
endfacet
facet normal -0.999999972213832 0.00023573785294998397 0
outer loop
vertex 82.78862762451172 -64.69526672363281 -1
vertex 82.78861999511719 -64.72763061523438 -5.699999809265137
vertex 82.78862762451172 -64.69526672363281 8.270318735674898e-15
endloop
endfacet
facet normal -0.07546211497468114 0.9971486695591324 0
outer loop
vertex 1.5339268445968628 -73.05583190917969 0
vertex 1.5339268445968628 -73.05583190917969 -5.699999809265137
vertex 0.9794496297836304 -73.09779357910156 0
endloop
endfacet
facet normal 0.5008466470453017 0.8655360397715851 0
outer loop
vertex -63.3908576965332 30.933902740478516 0
vertex -63.3908576965332 30.933902740478516 -5.699999809265137
vertex -80.05840301513672 40.57865905761719 0
endloop
endfacet
facet normal -0.12875715895081183 0.991676153801691 0
outer loop
vertex 8.418451309204102 -68.35470581054688 0
vertex 8.004069328308105 -68.40850830078125 -3.450000047683716
vertex 8.004069328308105 -68.40850830078125 0
endloop
endfacet
facet normal -0.383556576150174 0.9235173805736028 0.000025892604512486068
outer loop
vertex 3.4070088863372803 -72.50726318359375 -4.949999809265137
vertex 2.803140163421631 -72.7582015991211 0
vertex 3.4060020446777344 -72.50782012939453 0
endloop
endfacet
facet normal -0.5740112945481772 0.8188473812175595 -0.0000020664860280460474
outer loop
vertex 4.512628555297852 -71.81871032714844 -3.528447151184082
vertex 4.33298397064209 -71.94464111328125 -3.564180612564087
vertex 3.9780895709991455 -72.19341278076172 0
endloop
endfacet
facet normal -0.6016712163103481 -0.79874385597864 0
outer loop
vertex -47.451576232910156 57.51932144165039 0
vertex -46.50979232788086 56.80990219116211 -1.0499999523162842
vertex -46.50979232788086 56.80990219116211 0
endloop
endfacet
facet normal -0.6275370752016265 0.7785866806254703 0
outer loop
vertex 81.57657623291016 -67.23568725585938 -5.699999809265137
vertex 81.03419494628906 -67.67284393310547 -5.699999809265137
vertex 81.03419494628906 -67.67284393310547 0
endloop
endfacet
facet normal 0.9916773572494755 0.1287478897640512 0
outer loop
vertex -62.19668960571289 28.829851150512695 -1
vertex -62.19668960571289 28.829851150512695 -5.699999809265137
vertex -62.25048828125 29.244234085083008 0
endloop
endfacet
facet normal 0.9999999992598546 0.00003847454733570091 0
outer loop
vertex -62.1937255859375 -48.08353805541992 3.1296596851625516e-14
vertex -62.1939811706543 -41.440582275390625 -1
vertex -62.1939811706543 -41.440582275390625 0
endloop
endfacet
facet normal -0.999999984506988 0.00017601497111827287 0.0000021803162146947816
outer loop
vertex 82.8070068359375 40.01408386230469 -5.699999809265137
vertex 82.8032455444336 18.586708068847656 -1
vertex 82.80367279052734 21.014036178588867 -1
endloop
endfacet
facet normal 0.8188572824121191 0.5739971698890501 0
outer loop
vertex -60.91069412231445 -70.80663299560547 0
vertex -60.91069412231445 -70.80663299560547 -5.699999809265137
vertex -61.285396575927734 -70.27208709716797 0
endloop
endfacet
facet normal 0.6755205801601395 0.737341132570338 0
outer loop
vertex -59.998802185058594 -71.73826599121094 -5.699999809265137
vertex -60.48012924194336 -71.29729461669922 -5.699999809265137
vertex -60.48012924194336 -71.29729461669922 0
endloop
endfacet
facet normal 0.0002862023591533174 -0.999999959044104 0
outer loop
vertex 1.0451356172561646 38.898990631103516 -5.699999809265137
vertex 13.973946571350098 38.90269088745117 -5.699999809265137
vertex 13.973946571350098 38.90269088745117 0
endloop
endfacet
facet normal -0.659576280711176 0.7516376320562976 1.1638942706803661e-7
outer loop
vertex 5.003290176391602 -71.38814544677734 0
vertex 4.907009124755859 -71.4726333618164 -3.450000047683716
vertex 4.512628555297852 -71.81871032714844 0
endloop
endfacet
facet normal 0.9999999992598546 0.000038474545954832685 0
outer loop
vertex -62.19595718383789 9.845329284667969 -1
vertex -62.19595718383789 9.845329284667969 0
vertex -62.195701599121094 3.2023732662200928 9.651412732436613e-15
endloop
endfacet
facet normal -0.15927280512933273 0.9872346091716162 0
outer loop
vertex 79.72046661376953 -68.2442626953125 0
vertex 79.72046661376953 -68.2442626953125 -5.699999809265137
vertex 79.16315460205078 -68.33417510986328 0
endloop
endfacet
facet normal -0.5005703165533391 -0.8656958808875608 0
outer loop
vertex -64.22354125976562 67.21735382080078 -5.699999809265137
vertex -48.52016830444336 58.137210845947266 -2.8499999046325684
vertex -48.52016830444336 58.137210845947266 -1.0499999523162842
endloop
endfacet
facet normal -0.000052129571574636825 0.9999999986412539 0
outer loop
vertex 16.90700912475586 -68.35426330566406 -3.450000047683716
vertex 8.418451309204102 -68.35470581054688 -3.450000047683716
vertex 8.418451309204102 -68.35470581054688 0
endloop
endfacet
facet normal -0.4467250132909466 -0.8946713153444698 0
outer loop
vertex 79.033935546875 45.594974517822266 0
vertex 79.033935546875 45.594974517822266 -5.699999809265137
vertex 79.91699981689453 45.15404510498047 0
endloop
endfacet
facet normal 0.0003251851917070649 -0.9999999471272941 0
outer loop
vertex 19.816917419433594 41.273990631103516 0
vertex 19.816917419433594 41.273990631103516 -5.699999809265137
vertex 31.195837020874023 41.27769088745117 0
endloop
endfacet
facet normal 0.9999999992558246 0.00003857914746877739 -3.235269981759028e-9
outer loop
vertex -62.192989349365234 -67.08352661132812 -5.699999809265137
vertex -62.19668960571289 28.829851150512695 -5.699999809265137
vertex -62.19595718383789 9.845329284667969 -1
endloop
endfacet
facet normal -0.24900768841378504 -0.9685015080581049 0
outer loop
vertex -10.505873680114746 48.97817611694336 0
vertex -10.505873680114746 48.97817611694336 -5.699999809265137
vertex -9.54993724822998 48.732398986816406 0
endloop
endfacet
facet normal -0.0003306072183700124 -0.9999999452106133 0.000016662458004836918
outer loop
vertex 38.816917419433594 46.023990631103516 0
vertex 67.9793701171875 46.01433181762695 -1.0499999523162842
vertex 71.5793685913086 46.01314163208008 -1.0499999523162842
endloop
endfacet
facet normal -0.10551095561613073 -0.9944181405449977 0
outer loop
vertex -10.505873680114746 48.97817611694336 0
vertex -28.687803268432617 50.9073371887207 -5.699999809265137
vertex -10.505873680114746 48.97817611694336 -5.699999809265137
endloop
endfacet
facet normal 0.5514352019167515 -0.8342177282262895 0
outer loop
vertex -70.94328308105469 66.74030303955078 0
vertex -70.94328308105469 66.74030303955078 -5.699999809265137
vertex -70.11988830566406 67.28458404541016 0
endloop
endfacet
facet normal -0.8630520448577356 -0.5051150045948753 0
outer loop
vertex -6.578927516937256 46.474853515625 0
vertex -6.578927516937256 46.474853515625 -5.699999809265137
vertex -6.120165824890137 45.691001892089844 0
endloop
endfacet
facet normal 0.5514352019167515 -0.8342177282262895 0
outer loop
vertex -70.94328308105469 66.74030303955078 -5.699999809265137
vertex -70.11988830566406 67.28458404541016 -5.699999809265137
vertex -70.11988830566406 67.28458404541016 0
endloop
endfacet
facet normal 0.99816411031303 0.0605673912443257 9.241850470630752e-7
outer loop
vertex -62.192989349365234 -67.08352661132812 -1
vertex -62.192989349365234 -67.08354187011719 0
vertex -62.1478157043457 -67.82792663574219 -5.699999809265137
endloop
endfacet
facet normal 0.6213519233497097 0.7835316122209853 0
outer loop
vertex -80.05840301513672 40.57865905761719 0
vertex -80.05840301513672 40.57865905761719 -5.699999809265137
vertex -80.83177185058594 41.191951751708984 0
endloop
endfacet
facet normal 0.9999999992492453 0.00003874931658755937 0
outer loop
vertex -62.192989349365234 -67.08352661132812 -1
vertex -62.192989349365234 -67.08352661132812 -5.699999809265137
vertex -62.1937255859375 -48.08353805541992 -1
endloop
endfacet
facet normal 0.2802280306730285 -0.9599334616655031 0
outer loop
vertex 31.610219955444336 41.331485748291016 -5.699999809265137
vertex 32.01133728027344 41.44858169555664 -5.699999809265137
vertex 32.01133728027344 41.44858169555664 0
endloop
endfacet
facet normal 0.9999999992598546 0.000038474547335700917 0
outer loop
vertex -62.1937255859375 -48.08353805541992 3.1296596851625516e-14
vertex -62.1937255859375 -48.08353805541992 -1
vertex -62.1939811706543 -41.440582275390625 -1
endloop
endfacet
facet normal -0.6631645540346239 -0.7484736296437292 0
outer loop
vertex -7.8844475746154785 47.840492248535156 -5.699999809265137
vertex -7.204660892486572 47.23818588256836 -5.699999809265137
vertex -7.204660892486572 47.23818588256836 0
endloop
endfacet
facet normal 0.9999999992567558 0.00003854851970819114 7.071794362304742e-7
outer loop
vertex -62.1939811706543 -41.440582275390625 -1
vertex -62.192989349365234 -67.08352661132812 -5.699999809265137
vertex -62.1947135925293 -22.440582275390625 -1
endloop
endfacet
facet normal -0.2526851864500742 -0.9675485499698149 0
outer loop
vertex -3.780100107192993 39.25945281982422 -5.699999809265137
vertex -3.375800371170044 39.153865814208984 -5.699999809265137
vertex -3.375800371170044 39.153865814208984 0
endloop
endfacet
facet normal 0.9599359173755466 0.280219618393088 0
outer loop
vertex -62.25048828125 29.244234085083008 0
vertex -62.25048828125 29.244234085083008 -5.699999809265137
vertex -62.36758041381836 29.64535140991211 0
endloop
endfacet
facet normal 0.6423487131703293 -0.7664125068710856 0
outer loop
vertex 34.61869430541992 44.31904983520508 -5.699999809265137
vertex 35.31477355957031 44.90245056152344 -5.699999809265137
vertex 35.31477355957031 44.90245056152344 0
endloop
endfacet
facet normal -0.0003312283779239542 -0.9999999451401824 -0.0000027191717515975625
outer loop
vertex 38.816917419433594 46.023990631103516 0
vertex 71.5793685913086 46.01314163208008 -1.0499999523162842
vertex 77.19095611572266 46.01128005981445 0
endloop
endfacet
facet normal -0.7373370105577293 0.6755250793729208 0
outer loop
vertex 5.444263458251953 -70.90682220458984 -3.450000047683716
vertex 5.003290176391602 -71.38814544677734 -3.450000047683716
vertex 5.444263458251953 -70.90682220458984 0
endloop
endfacet
facet normal -0.00033173716975692713 -0.9999999449752237 0
outer loop
vertex 71.5793685913086 46.01314163208008 -2.8499999046325684
vertex 77.19095611572266 46.01128005981445 -5.699999809265137
vertex 77.19095611572266 46.01128005981445 0
endloop
endfacet
facet normal -0.38491610493508566 0.9229515500394182 -0.00016864589365361978
outer loop
vertex 3.4070088863372803 -72.50726318359375 -4.949999809265137
vertex 3.4060020446777344 -72.50782012939453 -5.699999809265137
vertex 2.803140163421631 -72.7582015991211 0
endloop
endfacet
facet normal -0.3975056239841558 -0.9175997378492253 0
outer loop
vertex -9.54993724822998 48.732398986816406 0
vertex -9.54993724822998 48.732398986816406 -5.699999809265137
vertex -8.716545104980469 48.37137222290039 0
endloop
endfacet
facet normal -0.9972404708900257 0.07423909495030163 0
outer loop
vertex -5.517193794250488 42.8961296081543 0
vertex -5.517193794250488 42.8961296081543 -5.699999809265137
vertex -5.597663879394531 41.815189361572266 0
endloop
endfacet
facet normal 0.40325085473179567 0.9150894754930123 0
outer loop
vertex -58.30982971191406 -72.71414947509766 -5.699999809265137
vertex -58.907188415527344 -72.45091247558594 -5.699999809265137
vertex -58.907188415527344 -72.45091247558594 0
endloop
endfacet
facet normal -0.280941354311853 0.9597249373843642 0
outer loop
vertex 2.803140163421631 -72.7582015991211 -5.699999809265137
vertex 2.176642417907715 -72.94159698486328 -5.699999809265137
vertex 2.176642417907715 -72.94159698486328 0
endloop
endfacet
facet normal 0.12873891195893872 -0.9916785227822716 0
outer loop
vertex 13.973946571350098 38.90269088745117 0
vertex 13.973946571350098 38.90269088745117 -5.699999809265137
vertex 14.38832950592041 38.956485748291016 0
endloop
endfacet
facet normal 0.6807612796739902 -0.7325053447563581 0
outer loop
vertex 32.73590087890625 41.85999298095703 0
vertex 32.73590087890625 41.85999298095703 -5.699999809265137
vertex 33.04198455810547 42.14445495605469 0
endloop
endfacet
facet normal 0.3721451308366356 -0.9281745534082386 0
outer loop
vertex 17.16213607788086 40.65861129760742 0
vertex 17.16213607788086 40.65861129760742 -5.699999809265137
vertex 18.0051326751709 40.996604919433594 0
endloop
endfacet
facet normal -0.9999999846037267 0.00017547607151707241 -8.333108023116067e-7
outer loop
vertex 82.8070068359375 40.01408386230469 -5.699999809265137
vertex 82.79238891601562 -43.2679443359375 -1
vertex 82.79572296142578 -24.2679443359375 -1
endloop
endfacet
facet normal 0.07031649060129559 -0.9975247320991686 0
outer loop
vertex 18.9678897857666 41.214141845703125 -5.699999809265137
vertex 19.816917419433594 41.273990631103516 -5.699999809265137
vertex 19.816917419433594 41.273990631103516 0
endloop
endfacet
facet normal -0.00005245208733017483 0.9999999986240982 -7.629395005816574e-7
outer loop
vertex 65.7792739868164 -68.35169219970703 -1.9500000476837158
vertex 73.7792739868164 -68.35127258300781 -1.9500000476837158
vertex 78.7792739868164 -68.35101318359375 -5.699999809265137
endloop
endfacet
facet normal 0.5128135626900573 -0.8584999999540657 0
outer loop
vertex 35.31477355957031 44.90245056152344 -5.699999809265137
vertex 36.16213607788086 45.40861129760742 -5.699999809265137
vertex 36.16213607788086 45.40861129760742 0
endloop
endfacet
facet normal -0.9366618182078393 0.35023511861545875 0
outer loop
vertex 82.65985870361328 -65.42216491699219 -5.699999809265137
vertex 82.41587829589844 -66.07466125488281 -5.699999809265137
vertex 82.41587829589844 -66.07466125488281 0
endloop
endfacet
facet normal 0.07031649060129559 -0.9975247320991686 0
outer loop
vertex 18.9678897857666 41.214141845703125 0
vertex 18.9678897857666 41.214141845703125 -5.699999809265137
vertex 19.816917419433594 41.273990631103516 0
endloop
endfacet
facet normal 0.08833364057153084 0.9960909436107627 0
outer loop
vertex -56.39704513549805 -73.09656524658203 -5.699999809265137
vertex -57.047279357910156 -73.03890228271484 -5.699999809265137
vertex -57.047279357910156 -73.03890228271484 0
endloop
endfacet
facet normal -0.00005187988274268207 0.9999999986542388 0
outer loop
vertex 78.7792739868164 -68.35101318359375 0
vertex 73.7792739868164 -68.35127258300781 -1.9500000476837158
vertex 73.7792739868164 -68.35127258300781 -0.44999998807907104
endloop
endfacet
facet normal 0.6755205801601395 0.737341132570338 0
outer loop
vertex -59.998802185058594 -71.73826599121094 0
vertex -59.998802185058594 -71.73826599121094 -5.699999809265137
vertex -60.48012924194336 -71.29729461669922 0
endloop
endfacet
facet normal 0.22039681244814 -0.9754102957538943 0
outer loop
vertex 37.00513458251953 45.746604919433594 -5.699999809265137
vertex 37.96788787841797 45.964141845703125 -5.699999809265137
vertex 37.96788787841797 45.964141845703125 0
endloop
endfacet
facet normal -0.5005695034586476 -0.8656963510418436 0
outer loop
vertex -48.52016830444336 58.137210845947266 -2.8499999046325684
vertex -47.451576232910156 57.51932144165039 -5.699999809265137
vertex -47.451576232910156 57.51932144165039 -2.8499999046325684
endloop
endfacet
facet normal 0.5914067305820404 0.8063734116538454 0
outer loop
vertex -59.472412109375 -72.12432861328125 0
vertex -59.472412109375 -72.12432861328125 -5.699999809265137
vertex -59.998802185058594 -71.73826599121094 0
endloop
endfacet
facet normal -0.10551095561613073 -0.9944181405449977 0
outer loop
vertex -28.687803268432617 50.9073371887207 0
vertex -28.687803268432617 50.9073371887207 -5.699999809265137
vertex -10.505873680114746 48.97817611694336 0
endloop
endfacet
facet normal 0.280227416739161 -0.9599336408875858 0
outer loop
vertex 14.38832950592041 38.956485748291016 0
vertex 14.38832950592041 38.956485748291016 -5.699999809265137
vertex 14.789447784423828 39.07358169555664 0
endloop
endfacet
facet normal 0.9643447553820825 0.2646491881096017 0
outer loop
vertex -82.3666763305664 43.51080322265625 0
vertex -82.3666763305664 43.51080322265625 -5.699999809265137
vertex -82.62789154052734 44.4626350402832 0
endloop
endfacet
facet normal -0.00005256885190317899 0.9999999986176739 -0.000001080827949264079
outer loop
vertex 78.7792739868164 -68.35101318359375 -5.699999809265137
vertex 16.90700912475586 -68.35426330566406 -3.450000047683716
vertex 8.418451309204102 -68.35470581054688 0
endloop
endfacet
facet normal 0.9599359173755466 0.280219618393088 0
outer loop
vertex -62.25048828125 29.244234085083008 -5.699999809265137
vertex -62.36758041381836 29.64535140991211 -5.699999809265137
vertex -62.36758041381836 29.64535140991211 0
endloop
endfacet
facet normal 0.8763723084337955 0.481634277237844 0
outer loop
vertex -61.285396575927734 -70.27208709716797 -5.699999809265137
vertex -61.59980010986328 -69.70000457763672 -5.699999809265137
vertex -61.59980010986328 -69.70000457763672 0
endloop
endfacet
facet normal -0.5005695034586476 -0.8656963510418436 0
outer loop
vertex -47.451576232910156 57.51932144165039 0
vertex -48.52016830444336 58.137210845947266 -1.0499999523162842
vertex -47.451576232910156 57.51932144165039 -1.0499999523162842
endloop
endfacet
facet normal 0.9235185629555257 0.38355373010382876 0
outer loop
vertex -61.59980010986328 -69.70000457763672 0
vertex -61.59980010986328 -69.70000457763672 -5.699999809265137
vertex -61.850181579589844 -69.09713745117188 0
endloop
endfacet
facet normal 0.6187972699884581 0.785550723158493 0
outer loop
vertex -63.063453674316406 30.67599868774414 0
vertex -63.063453674316406 30.67599868774414 -5.699999809265137
vertex -63.3908576965332 30.933902740478516 0
endloop
endfacet
facet normal -0.15927280512933273 0.9872346091716162 0
outer loop
vertex 79.72046661376953 -68.2442626953125 -5.699999809265137
vertex 79.16315460205078 -68.33417510986328 -5.699999809265137
vertex 79.16315460205078 -68.33417510986328 0
endloop
endfacet
facet normal -0.9999999845093648 0.00017601497111869124 0
outer loop
vertex 82.80367279052734 21.014036178588867 -1
vertex 82.8032455444336 18.586708068847656 -1
vertex 82.8032455444336 18.586708068847656 0
endloop
endfacet
facet normal 0.3014283650262612 0.9534888257119719 0
outer loop
vertex -57.687400817871094 -72.91091918945312 0
vertex -57.687400817871094 -72.91091918945312 -5.699999809265137
vertex -58.30982971191406 -72.71414947509766 0
endloop
endfacet
facet normal -0.999999984604034 0.00017547608115059033 -2.7649201561910105e-7
outer loop
vertex 82.8070068359375 40.01408386230469 -5.699999809265137
vertex 82.79991149902344 -0.4132908880710602 -1
vertex 82.8032455444336 18.586708068847656 -1
endloop
endfacet
facet normal -0.9999999846040709 0.00017547608913261062 1.8514992338942668e-9
outer loop
vertex 82.8070068359375 40.01408386230469 -5.699999809265137
vertex 82.80367279052734 21.014036178588867 -1
vertex 82.8070068359375 40.014034271240234 -1
endloop
endfacet
facet normal 0.8342177282262895 0.5514352019167515 0
outer loop
vertex -81.44630432128906 41.86070251464844 -5.699999809265137
vertex -81.99058532714844 42.68409729003906 -5.699999809265137
vertex -81.99058532714844 42.68409729003906 0
endloop
endfacet
facet normal -0.7373370105577293 0.6755250793729208 0
outer loop
vertex 5.444263458251953 -70.90682220458984 0
vertex 5.003290176391602 -71.38814544677734 -3.450000047683716
vertex 5.003290176391602 -71.38814544677734 0
endloop
endfacet
facet normal 0.9999999992583946 0.00003847454595477651 0.00000170886582177589
outer loop
vertex -62.195701599121094 3.2023732662200928 -1
vertex -62.192989349365234 -67.08352661132812 -5.699999809265137
vertex -62.19595718383789 9.845329284667969 -1
endloop
endfacet
facet normal 0.7835251217361321 -0.621350641095038 0.0034299299066501286
outer loop
vertex -72.23709106445312 65.33204650878906 -1
vertex -71.61203002929688 66.12577056884766 0
vertex -72.22532653808594 65.35240173339844 0
endloop
endfacet
facet normal -0.6016712163103481 -0.79874385597864 0
outer loop
vertex -47.451576232910156 57.51932144165039 -1.0499999523162842
vertex -46.50979232788086 56.80990219116211 -1.0499999523162842
vertex -47.451576232910156 57.51932144165039 0
endloop
endfacet
facet normal -0.14633155066633896 -0.9892356025131651 0
outer loop
vertex 77.19095611572266 46.01128005981445 -5.699999809265137
vertex 78.16735076904297 45.86684799194336 -5.699999809265137
vertex 78.16735076904297 45.86684799194336 0
endloop
endfacet
facet normal -0.8591426821739163 0.5117361152654845 0
outer loop
vertex 82.41587829589844 -66.07466125488281 0
vertex 82.41587829589844 -66.07466125488281 -5.699999809265137
vertex 82.04122924804688 -66.70365142822266 0
endloop
endfacet
facet normal 0.000020980834956030198 0.9999999997661055 -0.000005252944325417525
outer loop
vertex 0.9794496297836304 -73.09779357910156 -5.699999809265137
vertex -51.172576904296875 -73.0966796875 -1.9500000476837158
vertex -43.172576904296875 -73.09684753417969 -1.9500000476837158
endloop
endfacet
facet normal 0.5595782135560988 -0.8287775473028725 0
outer loop
vertex 15.167694091796875 39.25116729736328 0
vertex 15.167694091796875 39.25116729736328 -5.699999809265137
vertex 15.514007568359375 39.48499298095703 0
endloop
endfacet
facet normal -0.8054806510705651 -0.5926220724466299 0
outer loop
vertex 81.35820770263672 43.932456970214844 -5.699999809265137
vertex 81.89644622802734 43.20089340209961 -5.699999809265137
vertex 81.89644622802734 43.20089340209961 0
endloop
endfacet
facet normal -0.29934382334547077 -0.9541453114829604 0
outer loop
vertex 78.16735076904297 45.86684799194336 -5.699999809265137
vertex 79.033935546875 45.594974517822266 -5.699999809265137
vertex 79.033935546875 45.594974517822266 0
endloop
endfacet
facet normal 0.9845682586313906 0.17500098312738455 0
outer loop
vertex -62.03357696533203 -68.47064208984375 -5.699999809265137
vertex -62.1478157043457 -67.82792663574219 -5.699999809265137
vertex -62.1478157043457 -67.82792663574219 0
endloop
endfacet
facet normal 0.9981637575269974 0.0605732049637937 0
outer loop
vertex -62.192989349365234 -67.08352661132812 -5.699999809265137
vertex -62.192989349365234 -67.08352661132812 -1
vertex -62.1478157043457 -67.82792663574219 -5.699999809265137
endloop
endfacet
facet normal 0.6213519233497097 0.7835316122209853 0
outer loop
vertex -80.05840301513672 40.57865905761719 -5.699999809265137
vertex -80.83177185058594 41.191951751708984 -5.699999809265137
vertex -80.83177185058594 41.191951751708984 0
endloop
endfacet
facet normal -0.4249808761984567 0.9052023281375231 0
outer loop
vertex 7.602950572967529 -68.52560424804688 -3.450000047683716
vertex 7.224704265594482 -68.70318603515625 -3.450000047683716
vertex 7.602950572967529 -68.52560424804688 0
endloop
endfacet
facet normal -0.3103087211209051 -0.950635838581898 0
outer loop
vertex -46.13934326171875 56.61658477783203 -2.8499999046325684
vertex -46.13934326171875 56.61658477783203 -5.699999809265137
vertex -45.3524169921875 56.35971450805664 -2.8499999046325684
endloop
endfacet
facet normal -0.1749952869300204 0.9845692710786172 0
outer loop
vertex 2.176642417907715 -72.94159698486328 -5.699999809265137
vertex 1.5339268445968628 -73.05583190917969 -5.699999809265137
vertex 1.5339268445968628 -73.05583190917969 0
endloop
endfacet
facet normal 0.4140908914679766 -0.9102355374315246 0
outer loop
vertex -70.11988830566406 67.28458404541016 -5.699999809265137
vertex -69.29318237304688 67.66067504882812 -5.699999809265137
vertex -69.29318237304688 67.66067504882812 0
endloop
endfacet
facet normal -0.000052825639517124915 0.9999999985671547 -0.000008668466262994772
outer loop
vertex 78.7792739868164 -68.35101318359375 -5.699999809265137
vertex 17.967668533325195 -68.35420989990234 -3.8893399238586426
vertex 17.481033325195312 -68.35423278808594 -3.564180612564087
endloop
endfacet
facet normal 0.2802280306730285 -0.9599334616655031 0
outer loop
vertex 31.610219955444336 41.331485748291016 0
vertex 31.610219955444336 41.331485748291016 -5.699999809265137
vertex 32.01133728027344 41.44858169555664 0
endloop
endfacet
facet normal -0.24174576493786332 -0.9703396236033069 0
outer loop
vertex -29.0925235748291 51.0081672668457 0
vertex -29.0925235748291 51.0081672668457 -5.699999809265137
vertex -28.687803268432617 50.9073371887207 0
endloop
endfacet
facet normal 0.4249883565126626 -0.9051988161882814 0
outer loop
vertex 14.789447784423828 39.07358169555664 0
vertex 14.789447784423828 39.07358169555664 -5.699999809265137
vertex 15.167694091796875 39.25116729736328 0
endloop
endfacet
facet normal -0.9846686254674241 0.17443256497585102 -0.0009890884891032218
outer loop
vertex 82.78862762451172 -64.69526672363281 8.270318735674898e-15
vertex 82.78861999511719 -64.72763061523438 -5.699999809265137
vertex 82.65985870361328 -65.42216491699219 0
endloop
endfacet
facet normal -0.04838005500682021 -0.9988289995177037 0
outer loop
vertex -67.43867492675781 68.02222442626953 0
vertex -67.43867492675781 68.02222442626953 -5.699999809265137
vertex -66.45280456542969 67.97447204589844 0
endloop
endfacet
facet normal 0.9988289995177037 -0.04838005500682021 0
outer loop
vertex -82.72822570800781 45.36530685424805 -5.699999809265137
vertex -82.68047332763672 46.35117721557617 -5.699999809265137
vertex -82.68047332763672 46.35117721557617 0
endloop
endfacet
facet normal -0.31251350655018134 -0.9498867346168115 0.007106308656464215
outer loop
vertex -46.13934326171875 56.61658477783203 -5.699999809265137
vertex -29.0925235748291 51.0081672668457 -5.699999809265137
vertex -29.619129180908203 51.224063873291016 0
endloop
endfacet
facet normal -0.6275370752016265 0.7785866806254703 0
outer loop
vertex 81.57657623291016 -67.23568725585938 0
vertex 81.57657623291016 -67.23568725585938 -5.699999809265137
vertex 81.03419494628906 -67.67284393310547 0
endloop
endfacet
facet normal -0.04838005500682021 -0.9988289995177037 0
outer loop
vertex -67.43867492675781 68.02222442626953 -5.699999809265137
vertex -66.45280456542969 67.97447204589844 -5.699999809265137
vertex -66.45280456542969 67.97447204589844 0
endloop
endfacet
facet normal -0.9321756489498109 -0.3620062976040597 0
outer loop
vertex -6.120165824890137 45.691001892089844 0
vertex -6.120165824890137 45.691001892089844 -5.699999809265137
vertex -5.7628560066223145 44.77091979980469 0
endloop
endfacet
facet normal 0.9643447553820825 0.2646491881096017 0
outer loop
vertex -82.3666763305664 43.51080322265625 -5.699999809265137
vertex -82.62789154052734 44.4626350402832 -5.699999809265137
vertex -82.62789154052734 44.4626350402832 0
endloop
endfacet
facet normal -0.8063720182371862 0.5914086304781891 0
outer loop
vertex 5.830327987670898 -70.38043212890625 -3.450000047683716
vertex 5.444263458251953 -70.90682220458984 -3.450000047683716
vertex 5.830327987670898 -70.38043212890625 0
endloop
endfacet
facet normal 0.9938792263779437 0.11047209319271721 0
outer loop
vertex -82.62789154052734 44.4626350402832 0
vertex -82.62789154052734 44.4626350402832 -5.699999809265137
vertex -82.72822570800781 45.36530685424805 0
endloop
endfacet
facet normal 0.7325074601355159 0.6807590034996345 0
outer loop
vertex -62.77899169921875 30.36991310119629 0
vertex -62.77899169921875 30.36991310119629 -5.699999809265137
vertex -63.063453674316406 30.67599868774414 0
endloop
endfacet
facet normal 0.9789496238030093 -0.20410201874539713 0
outer loop
vertex -82.68047332763672 46.35117721557617 -5.699999809265137
vertex -82.49510192871094 47.24028778076172 -5.699999809265137
vertex -82.49510192871094 47.24028778076172 0
endloop
endfacet
facet normal -0.8891954471908634 -0.45752754747123214 0
outer loop
vertex 81.89644622802734 43.20089340209961 0
vertex 81.89644622802734 43.20089340209961 -5.699999809265137
vertex 82.34803771972656 42.32323455810547 0
endloop
endfacet
facet normal 0.0003251851917070649 -0.9999999471272941 0
outer loop
vertex 19.816917419433594 41.273990631103516 -5.699999809265137
vertex 31.195837020874023 41.27769088745117 -5.699999809265137
vertex 31.195837020874023 41.27769088745117 0
endloop
endfacet
facet normal -0.00005253778964472273 0.9999999986198904 0
outer loop
vertex 65.7792739868164 -68.35169219970703 -0.44999998807907104
vertex 8.418451309204102 -68.35470581054688 0
vertex 65.7792739868164 -68.35169219970703 0
endloop
endfacet
facet normal -0.3975056239841558 -0.9175997378492253 0
outer loop
vertex -9.54993724822998 48.732398986816406 -5.699999809265137
vertex -8.716545104980469 48.37137222290039 -5.699999809265137
vertex -8.716545104980469 48.37137222290039 0
endloop
endfacet
facet normal 0.9051988161882814 0.4249883565126626 0
outer loop
vertex -62.36758041381836 29.64535140991211 0
vertex -62.36758041381836 29.64535140991211 -5.699999809265137
vertex -62.545166015625 30.023597717285156 0
endloop
endfacet
facet normal -0.8630520448577356 -0.5051150045948753 0
outer loop
vertex -6.578927516937256 46.474853515625 -5.699999809265137
vertex -6.120165824890137 45.691001892089844 -5.699999809265137
vertex -6.120165824890137 45.691001892089844 0
endloop
endfacet
facet normal -0.5812362071652315 -0.8137348901701192 0
outer loop
vertex 79.91699981689453 45.15404510498047 0
vertex 79.91699981689453 45.15404510498047 -5.699999809265137
vertex 80.65605926513672 44.62614822387695 0
endloop
endfacet
facet normal -0.9773425631647618 -0.21166368187890341 0
outer loop
vertex -5.7628560066223145 44.77091979980469 -5.699999809265137
vertex -5.570617198944092 43.883270263671875 -5.699999809265137
vertex -5.570617198944092 43.883270263671875 0
endloop
endfacet
facet normal -0.12875715895081183 0.991676153801691 0
outer loop
vertex 8.418451309204102 -68.35470581054688 -3.450000047683716
vertex 8.004069328308105 -68.40850830078125 -3.450000047683716
vertex 8.418451309204102 -68.35470581054688 0
endloop
endfacet
facet normal -0.05276754704661848 -0.9986068225175927 0
outer loop
vertex -3.0375256538391113 39.114723205566406 -5.699999809265137
vertex 1.0451356172561646 38.898990631103516 -5.699999809265137
vertex 1.0451356172561646 38.898990631103516 0
endloop
endfacet
facet normal -0.9999999844713369 0.0001760151094213499 0.000008718215517056965
outer loop
vertex 82.8070068359375 40.01408386230469 -5.699999809265137
vertex 82.79196166992188 -45.69527053833008 -1
vertex 82.79238891601562 -43.2679443359375 -1
endloop
endfacet
facet normal -0.659558734931607 -0.7516530284482449 0
outer loop
vertex -4.830204010009766 39.925601959228516 -5.699999809265137
vertex -4.516117095947266 39.64999771118164 -5.699999809265137
vertex -4.516117095947266 39.64999771118164 0
endloop
endfacet
facet normal 0.9999999992598546 0.00003847454733570091 0
outer loop
vertex -62.1947135925293 -22.440582275390625 0
vertex -62.194969177246094 -15.797626495361328 -1
vertex -62.194969177246094 -15.797626495361328 0
endloop
endfacet
facet normal 0.8543212286425627 -0.5197453590852562 0
outer loop
vertex 33.30051040649414 42.472740173339844 -5.699999809265137
vertex 33.970767974853516 43.574462890625 -5.699999809265137
vertex 33.970767974853516 43.574462890625 0
endloop
endfacet
facet normal 0.7516376320563027 0.6595762807111806 0
outer loop
vertex -60.48012924194336 -71.29729461669922 -5.699999809265137
vertex -60.91069412231445 -70.80663299560547 -5.699999809265137
vertex -60.91069412231445 -70.80663299560547 0
endloop
endfacet
facet normal 0.37214440544066507 -0.9281748442503781 0
outer loop
vertex 36.16213607788086 45.40861129760742 -5.699999809265137
vertex 37.00513458251953 45.746604919433594 -5.699999809265137
vertex 37.00513458251953 45.746604919433594 0
endloop
endfacet
facet normal -0.9999999844879971 0.0001760149711149302 0.000006537234273691401
outer loop
vertex 82.8070068359375 40.01408386230469 -5.699999809265137
vertex 82.79572296142578 -24.2679443359375 -1
vertex 82.79615020751953 -21.84061622619629 -1
endloop
endfacet
facet normal -0.1749952869300204 0.9845692710786172 0
outer loop
vertex 2.176642417907715 -72.94159698486328 0
vertex 2.176642417907715 -72.94159698486328 -5.699999809265137
vertex 1.5339268445968628 -73.05583190917969 0
endloop
endfacet
facet normal 0.5128144134392119 -0.8584994917697955 0
outer loop
vertex 16.314775466918945 40.15245056152344 0
vertex 16.314775466918945 40.15245056152344 -5.699999809265137
vertex 17.16213607788086 40.65861129760742 0
endloop
endfacet
facet normal -0.6595768559308334 0.751637127289756 0
outer loop
vertex 4.907009124755859 -71.4726333618164 -3.450000047683716
vertex 4.512628555297852 -71.81871032714844 -3.528447151184082
vertex 4.512628555297852 -71.81871032714844 0
endloop
endfacet
facet normal -0.4467250132909466 -0.8946713153444698 0
outer loop
vertex 79.033935546875 45.594974517822266 -5.699999809265137
vertex 79.91699981689453 45.15404510498047 -5.699999809265137
vertex 79.91699981689453 45.15404510498047 0
endloop
endfacet
facet normal -0.4816265495011034 0.8763765553769879 0.0000011074811463405204
outer loop
vertex 3.846348762512207 -72.26581573486328 -3.8893399238586426
vertex 3.5211896896362305 -72.44451141357422 -4.375974655151367
vertex 3.4060020446777344 -72.50782012939453 0
endloop
endfacet
facet normal 0.9981636824529381 0.06057444206916044 0
outer loop
vertex -62.1478157043457 -67.82792663574219 0
vertex -62.1478157043457 -67.82792663574219 -5.699999809265137
vertex -62.192989349365234 -67.08354187011719 0
endloop
endfacet
facet normal -0.7531925833023829 0.6578000702784116 0
outer loop
vertex 82.04122924804688 -66.70365142822266 0
vertex 82.04122924804688 -66.70365142822266 -5.699999809265137
vertex 81.57657623291016 -67.23568725585938 0
endloop
endfacet
facet normal -0.9999999845093447 0.00017601508565610446 0
outer loop
vertex 82.79991149902344 -0.4132908880710602 0
vertex 82.79948425292969 -2.8406174182891846 -1
vertex 82.79948425292969 -2.8406174182891846 0
endloop
endfacet
facet normal 0.7363249191491805 0.6766281204915686 0
outer loop
vertex -80.83177185058594 41.191951751708984 0
vertex -80.83177185058594 41.191951751708984 -5.699999809265137
vertex -81.44630432128906 41.86070251464844 0
endloop
endfacet
facet normal -0.38355657627874734 0.9235173808831784 0
outer loop
vertex 3.4060020446777344 -72.50782012939453 -5.699999809265137
vertex 2.803140163421631 -72.7582015991211 -5.699999809265137
vertex 2.803140163421631 -72.7582015991211 0
endloop
endfacet
facet normal 0.19605545039761138 0.9805928106861633 0
outer loop
vertex -57.047279357910156 -73.03890228271484 -5.699999809265137
vertex -57.687400817871094 -72.91091918945312 -5.699999809265137
vertex -57.687400817871094 -72.91091918945312 0
endloop
endfacet
facet normal 0.8656959961664623 -0.5005701171873427 -6.375265799963768e-7
outer loop
vertex -81.7479248046875 48.88382339477539 -1
vertex -81.92335510253906 48.58043670654297 -5.699999809265137
vertex -72.22532653808594 65.35240173339844 -5.699999809265137
endloop
endfacet
facet normal 0.6402698796367933 -0.7681500382281358 0
outer loop
vertex 15.514007568359375 39.48499298095703 -5.699999809265137
vertex 16.314775466918945 40.15245056152344 -5.699999809265137
vertex 16.314775466918945 40.15245056152344 0
endloop
endfacet
facet normal -0.07546211497468114 0.9971486695591324 0
outer loop
vertex 1.5339268445968628 -73.05583190917969 -5.699999809265137
vertex 0.9794496297836304 -73.09779357910156 -5.699999809265137
vertex 0.9794496297836304 -73.09779357910156 0
endloop
endfacet
facet normal 0.9102355374315246 0.4140908914679766 0
outer loop
vertex -81.99058532714844 42.68409729003906 0
vertex -81.99058532714844 42.68409729003906 -5.699999809265137
vertex -82.3666763305664 43.51080322265625 0
endloop
endfacet
facet normal 0.4249883565126626 -0.9051988161882814 0
outer loop
vertex 32.01133728027344 41.44858169555664 0
vertex 32.01133728027344 41.44858169555664 -5.699999809265137
vertex 32.389583587646484 41.62616729736328 0
endloop
endfacet
facet normal 0.00002190479736441675 0.9999999997600899 0
outer loop
vertex -56.39704513549805 -73.09656524658203 -5.699999809265137
vertex -56.39704513549805 -73.09656524658203 0
vertex -51.172576904296875 -73.0966796875 -1.9500000476837158
endloop
endfacet
facet normal -0.9971171333973566 -0.07587767975787194 0
outer loop
vertex -5.597663879394531 41.815189361572266 -5.699999809265137
vertex -5.565957546234131 41.39853286743164 -5.699999809265137
vertex -5.565957546234131 41.39853286743164 0
endloop
endfacet
facet normal -0.5740021482011002 0.8188537927252474 0
outer loop
vertex 4.512628555297852 -71.81871032714844 0
vertex 4.512628555297852 -71.81871032714844 -3.528447151184082
vertex 3.9780895709991455 -72.19341278076172 0
endloop
endfacet
facet normal 0.5914067305820404 0.8063734116538454 0
outer loop
vertex -59.472412109375 -72.12432861328125 -5.699999809265137
vertex -59.998802185058594 -71.73826599121094 -5.699999809265137
vertex -59.998802185058594 -71.73826599121094 0
endloop
endfacet
facet normal -0.20409312918451267 -0.9789514771528126 0
outer loop
vertex -66.45280456542969 67.97447204589844 -5.699999809265137
vertex -65.56369018554688 67.78910827636719 -5.699999809265137
vertex -65.56369018554688 67.78910827636719 0
endloop
endfacet
facet normal 0.11047209319271721 -0.9938792263779437 0
outer loop
vertex -68.34134674072266 67.92189025878906 0
vertex -68.34134674072266 67.92189025878906 -5.699999809265137
vertex -67.43867492675781 68.02222442626953 0
endloop
endfacet
facet normal -0.9366618182078393 0.35023511861545875 0
outer loop
vertex 82.65985870361328 -65.42216491699219 0
vertex 82.65985870361328 -65.42216491699219 -5.699999809265137
vertex 82.41587829589844 -66.07466125488281 0
endloop
endfacet
facet normal -0.05276754704661848 -0.9986068225175927 0
outer loop
vertex -3.0375256538391113 39.114723205566406 0
vertex -3.0375256538391113 39.114723205566406 -5.699999809265137
vertex 1.0451356172561646 38.898990631103516 0
endloop
endfacet
facet normal 0.11047209319271721 -0.9938792263779437 0
outer loop
vertex -68.34134674072266 67.92189025878906 -5.699999809265137
vertex -67.43867492675781 68.02222442626953 -5.699999809265137
vertex -67.43867492675781 68.02222442626953 0
endloop
endfacet
facet normal -0.973466487942928 -0.228829624070095 0
outer loop
vertex -5.565957546234131 41.39853286743164 -5.699999809265137
vertex -5.470338821411133 40.99176025390625 -5.699999809265137
vertex -5.470338821411133 40.99176025390625 0
endloop
endfacet
facet normal -0.5356704894253855 -0.8444270997302062 0
outer loop
vertex -4.516117095947266 39.64999771118164 -5.699999809265137
vertex -4.163265228271484 39.42616271972656 -5.699999809265137
vertex -4.163265228271484 39.42616271972656 0
endloop
endfacet
facet normal -0.9832455287919204 0.18228612155262036 0
outer loop
vertex 82.78861999511719 -64.72763061523438 -5.699999809265137
vertex 82.65985870361328 -65.42216491699219 -5.699999809265137
vertex 82.65985870361328 -65.42216491699219 0
endloop
endfacet
facet normal -0.8573366166128713 -0.5147561809388934 0
outer loop
vertex -5.313098430633545 40.6046142578125 0
vertex -5.313098430633545 40.6046142578125 -5.699999809265137
vertex -5.098002910614014 40.246368408203125 0
endloop
endfacet
facet normal -0.4626405715130578 -0.886545938792836 0
outer loop
vertex -46.50979232788086 56.80990219116211 -2.8499999046325684
vertex -46.13934326171875 56.61658477783203 -5.699999809265137
vertex -46.13934326171875 56.61658477783203 -2.8499999046325684
endloop
endfacet
facet normal -0.8054806510705651 -0.5926220724466299 0
outer loop
vertex 81.35820770263672 43.932456970214844 0
vertex 81.35820770263672 43.932456970214844 -5.699999809265137
vertex 81.89644622802734 43.20089340209961 0
endloop
endfacet
facet normal -0.4816402684122532 0.8763690157937845 6.372840909843568e-7
outer loop
vertex 3.5211896896362305 -72.44451141357422 -4.375974655151367
vertex 3.4070088863372803 -72.50726318359375 -4.949999809265137
vertex 3.4060020446777344 -72.50782012939453 0
endloop
endfacet
facet normal -0.6595739245194385 0.7516396996527167 0
outer loop
vertex 5.003290176391602 -71.38814544677734 -3.450000047683716
vertex 4.907009124755859 -71.4726333618164 -3.450000047683716
vertex 5.003290176391602 -71.38814544677734 0
endloop
endfacet
facet normal 0.8188572824121191 0.5739971698890501 0
outer loop
vertex -60.91069412231445 -70.80663299560547 -5.699999809265137
vertex -61.285396575927734 -70.27208709716797 -5.699999809265137
vertex -61.285396575927734 -70.27208709716797 0
endloop
endfacet
facet normal -0.9999999845093648 0.00017601497111869127 0
outer loop
vertex 82.79572296142578 -24.2679443359375 -1
vertex 82.79615020751953 -21.84061622619629 3.8963317050350803e-16
vertex 82.79615020751953 -21.84061622619629 -1
endloop
endfacet
facet normal 0.7543749994615356 -0.6564437220260457 0
outer loop
vertex 33.970767974853516 43.574462890625 0
vertex 33.970767974853516 43.574462890625 -5.699999809265137
vertex 34.61869430541992 44.31904983520508 0
endloop
endfacet
facet normal -0.4626405715130578 -0.8865459387928362 0
outer loop
vertex -46.50979232788086 56.80990219116211 -1.0499999523162842
vertex -46.13934326171875 56.61658477783203 0
vertex -46.50979232788086 56.80990219116211 0
endloop
endfacet
facet normal -0.5378582777499703 -0.8430352739096009 0
outer loop
vertex -8.716545104980469 48.37137222290039 0
vertex -8.716545104980469 48.37137222290039 -5.699999809265137
vertex -7.8844475746154785 47.840492248535156 0
endloop
endfacet
facet normal 0.7543749994615356 -0.6564437220260457 0
outer loop
vertex 33.970767974853516 43.574462890625 -5.699999809265137
vertex 34.61869430541992 44.31904983520508 -5.699999809265137
vertex 34.61869430541992 44.31904983520508 0
endloop
endfacet
facet normal -0.00005220574719771274 0.9999999985634587 0.000012150820364910305
outer loop
vertex 78.7792739868164 -68.35101318359375 -5.699999809265137
vertex 18.292827606201172 -68.35418701171875 -4.375974655151367
vertex 17.967668533325195 -68.35420989990234 -3.8893399238586426
endloop
endfacet
facet normal -0.5356704894253855 -0.8444270997302062 0
outer loop
vertex -4.516117095947266 39.64999771118164 0
vertex -4.516117095947266 39.64999771118164 -5.699999809265137
vertex -4.163265228271484 39.42616271972656 0
endloop
endfacet
facet normal 0.37214440544066507 -0.9281748442503781 0
outer loop
vertex 36.16213607788086 45.40861129760742 0
vertex 36.16213607788086 45.40861129760742 -5.699999809265137
vertex 37.00513458251953 45.746604919433594 0
endloop
endfacet
facet normal -0.8573366166128713 -0.5147561809388934 0
outer loop
vertex -5.313098430633545 40.6046142578125 -5.699999809265137
vertex -5.098002910614014 40.246368408203125 -5.699999809265137
vertex -5.098002910614014 40.246368408203125 0
endloop
endfacet
facet normal -0.3103061289345439 -0.9506366847250484 -7.920030308629164e-7
outer loop
vertex -45.3524169921875 56.35971450805664 -2.8499999046325684
vertex -46.13934326171875 56.61658477783203 -5.699999809265137
vertex -29.619129180908203 51.224063873291016 0
endloop
endfacet
facet normal 0.5002892808655127 0.865858322966909 0
outer loop
vertex -58.907188415527344 -72.45091247558594 0
vertex -58.907188415527344 -72.45091247558594 -5.699999809265137
vertex -59.472412109375 -72.12432861328125 0
endloop
endfacet
facet normal -0.3793356942020208 -0.9252591156558637 0
outer loop
vertex -29.0925235748291 51.0081672668457 -5.699999809265137
vertex -29.0925235748291 51.0081672668457 0
vertex -29.619129180908203 51.224063873291016 0
endloop
endfacet
facet normal -0.6807584344573968 0.73250798897699 0
outer loop
vertex 6.878390312194824 -68.93701171875 -3.450000047683716
vertex 6.5723042488098145 -69.22147369384766 -3.450000047683716
vertex 6.878390312194824 -68.93701171875 0
endloop
endfacet
facet normal -0.949840731632363 -0.3127340476061044 0
outer loop
vertex 82.34803771972656 42.32323455810547 -5.699999809265137
vertex 82.63207244873047 41.4605598449707 -5.699999809265137
vertex 82.63207244873047 41.4605598449707 0
endloop
endfacet
facet normal -0.48163997970768235 0.876369174461552 -8.723307263062832e-7
outer loop
vertex 3.9780895709991455 -72.19341278076172 -3.8013134002685547
vertex 3.846348762512207 -72.26581573486328 -3.8893399238586426
vertex 3.4060020446777344 -72.50782012939453 0
endloop
endfacet
facet normal 0.00002142698752293024 0.9999999997704422 0
outer loop
vertex 0.9794496297836304 -73.09779357910156 0
vertex -43.172576904296875 -73.09684753417969 -0.44999998807907104
vertex -43.172576904296875 -73.09684753417969 0
endloop
endfacet
facet normal -0.280941354311853 0.9597249373843642 0
outer loop
vertex 2.803140163421631 -72.7582015991211 0
vertex 2.803140163421631 -72.7582015991211 -5.699999809265137
vertex 2.176642417907715 -72.94159698486328 0
endloop
endfacet
facet normal 0.6187972699884581 0.785550723158493 0
outer loop
vertex -63.063453674316406 30.67599868774414 -5.699999809265137
vertex -63.3908576965332 30.933902740478516 -5.699999809265137
vertex -63.3908576965332 30.933902740478516 0
endloop
endfacet
facet normal -0.47855128863853047 0.8780596017027555 0
outer loop
vertex 81.03419494628906 -67.67284393310547 -5.699999809265137
vertex 80.39134979248047 -68.02320098876953 -5.699999809265137
vertex 80.39134979248047 -68.02320098876953 0
endloop
endfacet
facet normal 0.9999999992557937 0.00003857994842486056 0
outer loop
vertex -62.19595718383789 9.845329284667969 -1
vertex -62.19668960571289 28.829851150512695 -5.699999809265137
vertex -62.19668960571289 28.829851150512695 -1
endloop
endfacet
facet normal -0.4249808761984567 0.9052023281375231 0
outer loop
vertex 7.602950572967529 -68.52560424804688 0
vertex 7.224704265594482 -68.70318603515625 -3.450000047683716
vertex 7.224704265594482 -68.70318603515625 0
endloop
endfacet
facet normal 0.8287789765844557 0.5595760966764237 0
outer loop
vertex -62.545166015625 30.023597717285156 0
vertex -62.545166015625 30.023597717285156 -5.699999809265137
vertex -62.77899169921875 30.36991310119629 0
endloop
endfacet
facet normal -0.5595776843350208 0.828777904624789 0
outer loop
vertex 7.224704265594482 -68.70318603515625 0
vertex 6.878390312194824 -68.93701171875 -3.450000047683716
vertex 6.878390312194824 -68.93701171875 0
endloop
endfacet
facet normal -0.9971171333973566 -0.07587767975787194 0
outer loop
vertex -5.597663879394531 41.815189361572266 0
vertex -5.597663879394531 41.815189361572266 -5.699999809265137
vertex -5.565957546234131 41.39853286743164 0
endloop
endfacet
facet normal -0.4626405715130578 -0.8865459387928362 0
outer loop
vertex -46.50979232788086 56.80990219116211 -1.0499999523162842
vertex -46.13934326171875 56.61658477783203 -1.0499999523162842
vertex -46.13934326171875 56.61658477783203 0
endloop
endfacet
facet normal -0.9999999844998407 0.00017601508565443164 0.000004359792812576731
outer loop
vertex 82.8070068359375 40.01408386230469 -5.699999809265137
vertex 82.79948425292969 -2.8406174182891846 -1
vertex 82.79991149902344 -0.4132908880710602 -1
endloop
endfacet
facet normal -0.312956451767833 0.9497674764366739 0
outer loop
vertex 80.39134979248047 -68.02320098876953 -5.699999809265137
vertex 79.72046661376953 -68.2442626953125 -5.699999809265137
vertex 79.72046661376953 -68.2442626953125 0
endloop
endfacet
facet normal 0.9999999992598546 0.000038474545954832685 0
outer loop
vertex -62.195701599121094 3.2023732662200928 9.651412732436613e-15
vertex -62.195701599121094 3.2023732662200928 -1
vertex -62.19595718383789 9.845329284667969 -1
endloop
endfacet
facet normal 0.9999999992588608 0.00003847454733566268 0.0000014098059568327071
outer loop
vertex -62.1947135925293 -22.440582275390625 -1
vertex -62.192989349365234 -67.08352661132812 -5.699999809265137
vertex -62.194969177246094 -15.797626495361328 -1
endloop
endfacet
facet normal -0.9999999845093447 0.00017601508565610446 0
outer loop
vertex 82.79991149902344 -0.4132908880710602 -1
vertex 82.79948425292969 -2.8406174182891846 -1
vertex 82.79991149902344 -0.4132908880710602 0
endloop
endfacet
facet normal -0.04382065319753098 0.9990394138137603 0
outer loop
vertex 79.16315460205078 -68.33417510986328 -5.699999809265137
vertex 78.7792739868164 -68.35101318359375 -5.699999809265137
vertex 78.7792739868164 -68.35101318359375 0
endloop
endfacet
facet normal -0.00033122837792501255 -0.9999999451433775 0.00000100180010704051
outer loop
vertex 38.816917419433594 46.023990631103516 -5.699999809265137
vertex 77.19095611572266 46.01128005981445 -5.699999809265137
vertex 71.5793685913086 46.01314163208008 -2.8499999046325684
endloop
endfacet
facet normal -0.9999999846039817 0.00017547610674807635 4.149584671225098e-7
outer loop
vertex 82.78861999511719 -64.72763061523438 -5.699999809265137
vertex 82.78862762451172 -64.69526672363281 -1
vertex 82.79196166992188 -45.69527053833008 -1
endloop
endfacet
facet normal -0.28022710977319304 0.9599337304981854 0
outer loop
vertex 8.004069328308105 -68.40850830078125 0
vertex 7.602950572967529 -68.52560424804688 -3.450000047683716
vertex 7.602950572967529 -68.52560424804688 0
endloop
endfacet
facet normal -0.9264980093485689 -0.37629966605504594 0
outer loop
vertex -5.470338821411133 40.99176025390625 -5.699999809265137
vertex -5.313098430633545 40.6046142578125 -5.699999809265137
vertex -5.313098430633545 40.6046142578125 0
endloop
endfacet
facet normal 0.7363249191491805 0.6766281204915686 0
outer loop
vertex -80.83177185058594 41.191951751708984 -5.699999809265137
vertex -81.44630432128906 41.86070251464844 -5.699999809265137
vertex -81.44630432128906 41.86070251464844 0
endloop
endfacet
facet normal 0.8543212286425627 -0.5197453590852562 0
outer loop
vertex 33.30051040649414 42.472740173339844 0
vertex 33.30051040649414 42.472740173339844 -5.699999809265137
vertex 33.970767974853516 43.574462890625 0
endloop
endfacet
facet normal 0.991677625131145 0.12874582639253349 8.694376236295037e-7
outer loop
vertex -62.198699951171875 28.84532928466797 0
vertex -62.19668960571289 28.829851150512695 -1
vertex -62.25048828125 29.244234085083008 0
endloop
endfacet
facet normal -0.00005270119272727175 0.9999999985563455 -0.000010482993945680814
outer loop
vertex 78.7792739868164 -68.35101318359375 -5.699999809265137
vertex 18.40700912475586 -68.35418701171875 -4.949999809265137
vertex 18.292827606201172 -68.35418701171875 -4.375974655151367
endloop
endfacet
facet normal 0.8763723084337955 0.481634277237844 0
outer loop
vertex -61.285396575927734 -70.27208709716797 0
vertex -61.285396575927734 -70.27208709716797 -5.699999809265137
vertex -61.59980010986328 -69.70000457763672 0
endloop
endfacet
facet normal 0.9999999992568243 0.00003854852019191396 6.026219834313606e-7
outer loop
vertex -62.194969177246094 -15.797626495361328 -1
vertex -62.192989349365234 -67.08352661132812 -5.699999809265137
vertex -62.195701599121094 3.2023732662200928 -1
endloop
endfacet
facet normal 0.9597246491133413 0.2809423390738285 0
outer loop
vertex -61.850181579589844 -69.09713745117188 0
vertex -61.850181579589844 -69.09713745117188 -5.699999809265137
vertex -62.03357696533203 -68.47064208984375 0
endloop
endfacet
facet normal 0.9938792263779437 0.11047209319271721 0
outer loop
vertex -82.62789154052734 44.4626350402832 -5.699999809265137
vertex -82.72822570800781 45.36530685424805 -5.699999809265137
vertex -82.72822570800781 45.36530685424805 0
endloop
endfacet
facet normal -0.9999999845093648 0.00017601497111869124 0
outer loop
vertex 82.79572296142578 -24.2679443359375 -1
vertex 82.79572296142578 -24.2679443359375 0
vertex 82.79615020751953 -21.84061622619629 3.8963317050350803e-16
endloop
endfacet
facet normal -0.0003312071534891606 -0.9999999451509093 0
outer loop
vertex 38.816917419433594 46.023990631103516 0
vertex 38.816917419433594 46.023990631103516 -5.699999809265137
vertex 67.9793701171875 46.01433181762695 -1.0499999523162842
endloop
endfacet
facet normal 0.280227416739161 -0.9599336408875858 0
outer loop
vertex 14.38832950592041 38.956485748291016 -5.699999809265137
vertex 14.789447784423828 39.07358169555664 -5.699999809265137
vertex 14.789447784423828 39.07358169555664 0
endloop
endfacet
facet normal -0.9992234154159854 -0.03940261519544288 -4.1574844873970507e-7
outer loop
vertex 82.78845977783203 40.48442459106445 -5.699999809265137
vertex 82.8070068359375 40.01408386230469 -5.699999809265137
vertex 82.8070068359375 40.014034271240234 -1
endloop
endfacet
facet normal 0.5008466470453017 0.8655360397715851 0
outer loop
vertex -63.3908576965332 30.933902740478516 -5.699999809265137
vertex -80.05840301513672 40.57865905761719 -5.699999809265137
vertex -80.05840301513672 40.57865905761719 0
endloop
endfacet
facet normal 0.8656917162923999 -0.5005775188147376 0
outer loop
vertex -81.92335510253906 48.58043670654297 0
vertex -81.7479248046875 48.88382339477539 -1
vertex -81.7479248046875 48.88382339477539 0
endloop
endfacet
facet normal 0.4249883565126626 -0.9051988161882814 0
outer loop
vertex 14.789447784423828 39.07358169555664 -5.699999809265137
vertex 15.167694091796875 39.25116729736328 -5.699999809265137
vertex 15.167694091796875 39.25116729736328 0
endloop
endfacet
facet normal -0.9992235789602034 -0.039398467609313995 0
outer loop
vertex 82.78845977783203 40.48442459106445 -5.699999809265137
vertex 82.8070068359375 40.014034271240234 -1
vertex 82.8070068359375 40.014034271240234 0
endloop
endfacet
facet normal -0.6807584344573968 0.73250798897699 0
outer loop
vertex 6.878390312194824 -68.93701171875 0
vertex 6.5723042488098145 -69.22147369384766 -3.450000047683716
vertex 6.5723042488098145 -69.22147369384766 0
endloop
endfacet
facet normal 0.2203959815965631 -0.975410483486869 0
outer loop
vertex 18.0051326751709 40.996604919433594 0
vertex 18.0051326751709 40.996604919433594 -5.699999809265137
vertex 18.9678897857666 41.214141845703125 0
endloop
endfacet
facet normal -0.7028096271637406 -0.7113779782689116 0
outer loop
vertex 80.65605926513672 44.62614822387695 -5.699999809265137
vertex 81.35820770263672 43.932456970214844 -5.699999809265137
vertex 81.35820770263672 43.932456970214844 0
endloop
endfacet
facet normal 0.19605545039761138 0.9805928106861633 0
outer loop
vertex -57.047279357910156 -73.03890228271484 0
vertex -57.047279357910156 -73.03890228271484 -5.699999809265137
vertex -57.687400817871094 -72.91091918945312 0
endloop
endfacet
facet normal 0.9102355374315246 0.4140908914679766 0
outer loop
vertex -81.99058532714844 42.68409729003906 -5.699999809265137
vertex -82.3666763305664 43.51080322265625 -5.699999809265137
vertex -82.3666763305664 43.51080322265625 0
endloop
endfacet
facet normal -0.7676401045696097 -0.6408811667199766 0
outer loop
vertex -5.098002910614014 40.246368408203125 0
vertex -5.098002910614014 40.246368408203125 -5.699999809265137
vertex -4.830204010009766 39.925601959228516 0
endloop
endfacet
facet normal -0.5005702647486832 -0.8656959108425044 0
outer loop
vertex -64.22354125976562 67.21735382080078 0
vertex -64.22354125976562 67.21735382080078 -5.699999809265137
vertex -47.451576232910156 57.51932144165039 0
endloop
endfacet
facet normal 0.9597246491133413 0.2809423390738285 0
outer loop
vertex -61.850181579589844 -69.09713745117188 -5.699999809265137
vertex -62.03357696533203 -68.47064208984375 -5.699999809265137
vertex -62.03357696533203 -68.47064208984375 0
endloop
endfacet
facet normal -0.949840731632363 -0.3127340476061044 0
outer loop
vertex 82.34803771972656 42.32323455810547 0
vertex 82.34803771972656 42.32323455810547 -5.699999809265137
vertex 82.63207244873047 41.4605598449707 0
endloop
endfacet
facet normal -0.3103062585872655 -0.9506366424042222 0
outer loop
vertex -45.3524169921875 56.35971450805664 -1.0499999523162842
vertex -45.3524169921875 56.35971450805664 -2.8499999046325684
vertex -29.619129180908203 51.224063873291016 0
endloop
endfacet
facet normal 0.12873891195893872 -0.9916785227822716 0
outer loop
vertex 13.973946571350098 38.90269088745117 -5.699999809265137
vertex 14.38832950592041 38.956485748291016 -5.699999809265137
vertex 14.38832950592041 38.956485748291016 0
endloop
endfacet
facet normal -0.9773425631647618 -0.21166368187890341 0
outer loop
vertex -5.7628560066223145 44.77091979980469 0
vertex -5.7628560066223145 44.77091979980469 -5.699999809265137
vertex -5.570617198944092 43.883270263671875 0
endloop
endfacet
facet normal -0.14633155066633896 -0.9892356025131651 0
outer loop
vertex 77.19095611572266 46.01128005981445 0
vertex 77.19095611572266 46.01128005981445 -5.699999809265137
vertex 78.16735076904297 45.86684799194336 0
endloop
endfacet
facet normal 0.7325074601355159 0.6807590034996345 0
outer loop
vertex -62.77899169921875 30.36991310119629 -5.699999809265137
vertex -63.063453674316406 30.67599868774414 -5.699999809265137
vertex -63.063453674316406 30.67599868774414 0
endloop
endfacet
facet normal -0.6016712163103481 -0.79874385597864 0
outer loop
vertex -47.451576232910156 57.51932144165039 -2.8499999046325684
vertex -47.451576232910156 57.51932144165039 -5.699999809265137
vertex -46.50979232788086 56.80990219116211 -2.8499999046325684
endloop
endfacet
facet normal 0.8656917162923999 -0.5005775188147376 0
outer loop
vertex -81.92335510253906 48.58043670654297 0
vertex -81.92335510253906 48.58043670654297 -5.699999809265137
vertex -81.7479248046875 48.88382339477539 -1
endloop
endfacet
facet normal -0.7028096271637406 -0.7113779782689116 0
outer loop
vertex 80.65605926513672 44.62614822387695 0
vertex 80.65605926513672 44.62614822387695 -5.699999809265137
vertex 81.35820770263672 43.932456970214844 0
endloop
endfacet
facet normal -0.5812362071652315 -0.8137348901701192 0
outer loop
vertex 79.91699981689453 45.15404510498047 -5.699999809265137
vertex 80.65605926513672 44.62614822387695 -5.699999809265137
vertex 80.65605926513672 44.62614822387695 0
endloop
endfacet
facet normal 0.40325085473179567 0.9150894754930123 0
outer loop
vertex -58.30982971191406 -72.71414947509766 0
vertex -58.30982971191406 -72.71414947509766 -5.699999809265137
vertex -58.907188415527344 -72.45091247558594 0
endloop
endfacet
facet normal 0.4140908914679766 -0.9102355374315246 0
outer loop
vertex -70.11988830566406 67.28458404541016 0
vertex -70.11988830566406 67.28458404541016 -5.699999809265137
vertex -69.29318237304688 67.66067504882812 0
endloop
endfacet
facet normal -0.47855128863853047 0.8780596017027555 0
outer loop
vertex 81.03419494628906 -67.67284393310547 0
vertex 81.03419494628906 -67.67284393310547 -5.699999809265137
vertex 80.39134979248047 -68.02320098876953 0
endloop
endfacet
facet normal 0.6766302130885926 -0.736322996201861 0
outer loop
vertex -71.61203002929688 66.12577056884766 -5.699999809265137
vertex -70.94328308105469 66.74030303955078 -5.699999809265137
vertex -70.94328308105469 66.74030303955078 0
endloop
endfacet
facet normal -0.9999999846039183 0.00017547608252677923 -5.548496863965557e-7
outer loop
vertex 82.8070068359375 40.01408386230469 -5.699999809265137
vertex 82.79615020751953 -21.84061622619629 -1
vertex 82.79948425292969 -2.8406174182891846 -1
endloop
endfacet
facet normal 0.00002142698752293024 0.9999999997704421 0
outer loop
vertex 0.9794496297836304 -73.09779357910156 -5.699999809265137
vertex -43.172576904296875 -73.09684753417969 -0.44999998807907104
vertex 0.9794496297836304 -73.09779357910156 0
endloop
endfacet
facet normal 0.5128144134392119 -0.8584994917697955 0
outer loop
vertex 16.314775466918945 40.15245056152344 -5.699999809265137
vertex 17.16213607788086 40.65861129760742 -5.699999809265137
vertex 17.16213607788086 40.65861129760742 0
endloop
endfacet
facet normal -0.46548655235147945 -0.885054952858823 0
outer loop
vertex -64.64014434814453 67.43646240234375 -5.699999809265137
vertex -64.22354125976562 67.21735382080078 -5.699999809265137
vertex -64.22354125976562 67.21735382080078 0
endloop
endfacet
facet normal -0.5005706672792003 -0.865695678086219 0.000001580439657818436
outer loop
vertex -64.22354125976562 67.21735382080078 -5.699999809265137
vertex -48.52016830444336 58.137210845947266 -1.0499999523162842
vertex -47.451576232910156 57.51932144165039 0
endloop
endfacet
facet normal -0.00005187988274268207 0.9999999986542388 0
outer loop
vertex 78.7792739868164 -68.35101318359375 0
vertex 78.7792739868164 -68.35101318359375 -5.699999809265137
vertex 73.7792739868164 -68.35127258300781 -1.9500000476837158
endloop
endfacet
facet normal -0.5005702647486469 -0.8656959108424416 -3.808782596364899e-7
outer loop
vertex -64.22354125976562 67.21735382080078 -5.699999809265137
vertex -47.451576232910156 57.51932144165039 -5.699999809265137
vertex -48.52016830444336 58.137210845947266 -2.8499999046325684
endloop
endfacet
facet normal -0.7856348725389973 0.618690429092477 0
outer loop
vertex 6.5723042488098145 -69.22147369384766 -3.450000047683716
vertex 6.313778400421143 -69.54975891113281 -3.450000047683716
vertex 6.5723042488098145 -69.22147369384766 0
endloop
endfacet
facet normal 0.000021426987522930238 0.9999999997704421 0
outer loop
vertex 0.9794496297836304 -73.09779357910156 -5.699999809265137
vertex -43.172576904296875 -73.09684753417969 -1.9500000476837158
vertex -43.172576904296875 -73.09684753417969 -0.44999998807907104
endloop
endfacet
facet normal -0.9999999845920402 0.00017554458248773169 1.376701636233585e-7
outer loop
vertex 82.8070068359375 40.01408386230469 -5.699999809265137
vertex 82.78861999511719 -64.72763061523438 -5.699999809265137
vertex 82.79196166992188 -45.69527053833008 -1
endloop
endfacet
facet normal -0.00033173716975692713 -0.9999999449752236 0
outer loop
vertex 71.5793685913086 46.01314163208008 -1.0499999523162842
vertex 71.5793685913086 46.01314163208008 -2.8499999046325684
vertex 77.19095611572266 46.01128005981445 0
endloop
endfacet
facet normal 0.6402698796367933 -0.7681500382281358 0
outer loop
vertex 15.514007568359375 39.48499298095703 0
vertex 15.514007568359375 39.48499298095703 -5.699999809265137
vertex 16.314775466918945 40.15245056152344 0
endloop
endfacet
facet normal -0.7531925833023829 0.6578000702784116 0
outer loop
vertex 82.04122924804688 -66.70365142822266 -5.699999809265137
vertex 81.57657623291016 -67.23568725585938 -5.699999809265137
vertex 81.57657623291016 -67.23568725585938 0
endloop
endfacet
facet normal -0.04382065319753098 0.9990394138137603 0
outer loop
vertex 79.16315460205078 -68.33417510986328 0
vertex 79.16315460205078 -68.33417510986328 -5.699999809265137
vertex 78.7792739868164 -68.35101318359375 0
endloop
endfacet
facet normal -0.35671858817465324 -0.9342118864854387 0
outer loop
vertex -65.56369018554688 67.78910827636719 0
vertex -65.56369018554688 67.78910827636719 -5.699999809265137
vertex -64.64014434814453 67.43646240234375 0
endloop
endfacet
facet normal -0.31030637588750426 -0.9506366041131491 0.000001944921983826525
outer loop
vertex -46.13934326171875 56.61658477783203 0
vertex -45.3524169921875 56.35971450805664 -1.0499999523162842
vertex -29.619129180908203 51.224063873291016 0
endloop
endfacet
facet normal 0.26464820175400317 -0.9643450260712566 0
outer loop
vertex -69.29318237304688 67.66067504882812 0
vertex -69.29318237304688 67.66067504882812 -5.699999809265137
vertex -68.34134674072266 67.92189025878906 0
endloop
endfacet
facet normal -0.9985387574000321 -0.05404026249011073 0
outer loop
vertex -5.570617198944092 43.883270263671875 0
vertex -5.570617198944092 43.883270263671875 -5.699999809265137
vertex -5.517193794250488 42.8961296081543 0
endloop
endfacet
facet normal -0.00005257096330352764 0.9999999986181469 0
outer loop
vertex 18.40700912475586 -68.35418701171875 -5.699999809265137
vertex 18.40700912475586 -68.35418701171875 -4.949999809265137
vertex 78.7792739868164 -68.35101318359375 -5.699999809265137
endloop
endfacet
facet normal -0.11494552060419513 -0.9933717971097381 0
outer loop
vertex -3.375800371170044 39.153865814208984 0
vertex -3.375800371170044 39.153865814208984 -5.699999809265137
vertex -3.0375256538391113 39.114723205566406 0
endloop
endfacet
facet normal 0.6766302130885926 -0.736322996201861 0
outer loop
vertex -71.61203002929688 66.12577056884766 0
vertex -71.61203002929688 66.12577056884766 -5.699999809265137
vertex -70.94328308105469 66.74030303955078 0
endloop
endfacet
facet normal -0.312956451767833 0.9497674764366739 0
outer loop
vertex 80.39134979248047 -68.02320098876953 0
vertex 80.39134979248047 -68.02320098876953 -5.699999809265137
vertex 79.72046661376953 -68.2442626953125 0
endloop
endfacet
facet normal -0.35671858817465324 -0.9342118864854387 0
outer loop
vertex -65.56369018554688 67.78910827636719 -5.699999809265137
vertex -64.64014434814453 67.43646240234375 -5.699999809265137
vertex -64.64014434814453 67.43646240234375 0
endloop
endfacet
facet normal -0.6631645540346239 -0.7484736296437292 0
outer loop
vertex -7.8844475746154785 47.840492248535156 0
vertex -7.8844475746154785 47.840492248535156 -5.699999809265137
vertex -7.204660892486572 47.23818588256836 0
endloop
endfacet
facet normal 0.26464820175400317 -0.9643450260712566 0
outer loop
vertex -69.29318237304688 67.66067504882812 -5.699999809265137
vertex -68.34134674072266 67.92189025878906 -5.699999809265137
vertex -68.34134674072266 67.92189025878906 0
endloop
endfacet
facet normal 0.783529730635777 -0.6213542960419818 0
outer loop
vertex -72.22532653808594 65.35240173339844 -5.699999809265137
vertex -71.61203002929688 66.12577056884766 -5.699999809265137
vertex -71.61203002929688 66.12577056884766 0
endloop
endfacet
facet normal 0.9845682586313906 0.17500098312738455 0
outer loop
vertex -62.03357696533203 -68.47064208984375 0
vertex -62.03357696533203 -68.47064208984375 -5.699999809265137
vertex -62.1478157043457 -67.82792663574219 0
endloop
endfacet
facet normal 0.8850531968496501 -0.465489891132143 0
outer loop
vertex -82.14246368408203 48.16383743286133 0
vertex -82.14246368408203 48.16383743286133 -5.699999809265137
vertex -81.92335510253906 48.58043670654297 0
endloop
endfacet
facet normal 0.00002190479736441675 0.9999999997600899 0
outer loop
vertex -51.172576904296875 -73.0966796875 -0.44999998807907104
vertex -51.172576904296875 -73.0966796875 -1.9500000476837158
vertex -56.39704513549805 -73.09656524658203 0
endloop
endfacet
facet normal 0.9789496238030093 -0.20410201874539713 0
outer loop
vertex -82.68047332763672 46.35117721557617 0
vertex -82.68047332763672 46.35117721557617 -5.699999809265137
vertex -82.49510192871094 47.24028778076172 0
endloop
endfacet
facet normal -0.659558734931607 -0.7516530284482449 0
outer loop
vertex -4.830204010009766 39.925601959228516 0
vertex -4.830204010009766 39.925601959228516 -5.699999809265137
vertex -4.516117095947266 39.64999771118164 0
endloop
endfacet
facet normal 0.8342177282262895 0.5514352019167515 0
outer loop
vertex -81.44630432128906 41.86070251464844 0
vertex -81.44630432128906 41.86070251464844 -5.699999809265137
vertex -81.99058532714844 42.68409729003906 0
endloop
endfacet
facet normal -0.8063720182371862 0.5914086304781891 0
outer loop
vertex 5.830327987670898 -70.38043212890625 0
vertex 5.444263458251953 -70.90682220458984 -3.450000047683716
vertex 5.444263458251953 -70.90682220458984 0
endloop
endfacet
facet normal 0.8850531968496501 -0.465489891132143 0
outer loop
vertex -82.14246368408203 48.16383743286133 -5.699999809265137
vertex -81.92335510253906 48.58043670654297 -5.699999809265137
vertex -81.92335510253906 48.58043670654297 0
endloop
endfacet
facet normal -0.9999999845093648 0.00017601497111869124 0
outer loop
vertex 82.80367279052734 21.014036178588867 -1
vertex 82.8032455444336 18.586708068847656 0
vertex 82.80367279052734 21.014036178588867 0
endloop
endfacet
facet normal -0.9999999845093406 0.0001760151094280391 0
outer loop
vertex 82.79196166992188 -45.69527053833008 0
vertex 82.79238891601562 -43.2679443359375 4.327653110815146e-15
vertex 82.79238891601562 -43.2679443359375 -1
endloop
endfacet
facet normal 0.5595739798091143 -0.828780405849818 0
outer loop
vertex 32.389583587646484 41.62616729736328 0
vertex 32.389583587646484 41.62616729736328 -5.699999809265137
vertex 32.73590087890625 41.85999298095703 0
endloop
endfacet
facet normal -0.9264980093485689 -0.37629966605504594 0
outer loop
vertex -5.470338821411133 40.99176025390625 0
vertex -5.470338821411133 40.99176025390625 -5.699999809265137
vertex -5.313098430633545 40.6046142578125 0
endloop
endfacet
facet normal -0.8591426821739163 0.5117361152654845 0
outer loop
vertex 82.41587829589844 -66.07466125488281 -5.699999809265137
vertex 82.04122924804688 -66.70365142822266 -5.699999809265137
vertex 82.04122924804688 -66.70365142822266 0
endloop
endfacet
facet normal 0.12873891195893872 -0.9916785227822716 0
outer loop
vertex 31.195837020874023 41.27769088745117 -5.699999809265137
vertex 31.610219955444336 41.331485748291016 -5.699999809265137
vertex 31.610219955444336 41.331485748291016 0
endloop
endfacet
facet normal 0.5128135626900573 -0.8584999999540657 0
outer loop
vertex 35.31477355957031 44.90245056152344 0
vertex 35.31477355957031 44.90245056152344 -5.699999809265137
vertex 36.16213607788086 45.40861129760742 0
endloop
endfacet
facet normal -0.5378582777499703 -0.8430352739096009 0
outer loop
vertex -8.716545104980469 48.37137222290039 -5.699999809265137
vertex -7.8844475746154785 47.840492248535156 -5.699999809265137
vertex -7.8844475746154785 47.840492248535156 0
endloop
endfacet
facet normal -0.24174576493786332 -0.9703396236033069 0
outer loop
vertex -29.0925235748291 51.0081672668457 -5.699999809265137
vertex -28.687803268432617 50.9073371887207 -5.699999809265137
vertex -28.687803268432617 50.9073371887207 0
endloop
endfacet
facet normal -0.24900768841378504 -0.9685015080581049 0
outer loop
vertex -10.505873680114746 48.97817611694336 -5.699999809265137
vertex -9.54993724822998 48.732398986816406 -5.699999809265137
vertex -9.54993724822998 48.732398986816406 0
endloop
endfacet
facet normal 0.22039681244814 -0.9754102957538943 0
outer loop
vertex 37.00513458251953 45.746604919433594 0
vertex 37.00513458251953 45.746604919433594 -5.699999809265137
vertex 37.96788787841797 45.964141845703125 0
endloop
endfacet
facet normal 0.5595739798091143 -0.828780405849818 0
outer loop
vertex 32.389583587646484 41.62616729736328 -5.699999809265137
vertex 32.73590087890625 41.85999298095703 -5.699999809265137
vertex 32.73590087890625 41.85999298095703 0
endloop
endfacet
facet normal 0.9999999992592378 0.00003847454733567718 0.0000011107686937226034
outer loop
vertex -62.1937255859375 -48.08353805541992 -1
vertex -62.192989349365234 -67.08352661132812 -5.699999809265137
vertex -62.1939811706543 -41.440582275390625 -1
endloop
endfacet
facet normal -0.7733667182035883 -0.633958925463639 0
outer loop
vertex -7.204660892486572 47.23818588256836 -5.699999809265137
vertex -6.578927516937256 46.474853515625 -5.699999809265137
vertex -6.578927516937256 46.474853515625 0
endloop
endfacet
facet normal -0.29934382334547077 -0.9541453114829604 0
outer loop
vertex 78.16735076904297 45.86684799194336 0
vertex 78.16735076904297 45.86684799194336 -5.699999809265137
vertex 79.033935546875 45.594974517822266 0
endloop
endfacet
facet normal -0.9321756489498109 -0.3620062976040597 0
outer loop
vertex -6.120165824890137 45.691001892089844 -5.699999809265137
vertex -5.7628560066223145 44.77091979980469 -5.699999809265137
vertex -5.7628560066223145 44.77091979980469 0
endloop
endfacet
facet normal -0.00005257864035956567 0.9999999986170213 -0.0000012016566983108845
outer loop
vertex 78.7792739868164 -68.35101318359375 -5.699999809265137
vertex 8.418451309204102 -68.35470581054688 0
vertex 65.7792739868164 -68.35169219970703 -1.9500000476837158
endloop
endfacet
facet normal -0.9985387574000321 -0.05404026249011073 0
outer loop
vertex -5.570617198944092 43.883270263671875 -5.699999809265137
vertex -5.517193794250488 42.8961296081543 -5.699999809265137
vertex -5.517193794250488 42.8961296081543 0
endloop
endfacet
facet normal -0.0003312071534891606 -0.9999999451509093 0
outer loop
vertex 67.9793701171875 46.01433181762695 -1.0499999523162842
vertex 38.816917419433594 46.023990631103516 -5.699999809265137
vertex 67.9793701171875 46.01433181762695 -2.8499999046325684
endloop
endfacet
facet normal 0.7856348725389973 -0.6186904290924771 0
outer loop
vertex 33.04198455810547 42.14445495605469 -5.699999809265137
vertex 33.30051040649414 42.472740173339844 -5.699999809265137
vertex 33.30051040649414 42.472740173339844 0
endloop
endfacet
facet normal -0.5595776843350208 0.828777904624789 0
outer loop
vertex 7.224704265594482 -68.70318603515625 -3.450000047683716
vertex 6.878390312194824 -68.93701171875 -3.450000047683716
vertex 7.224704265594482 -68.70318603515625 0
endloop
endfacet
facet normal -0.11494552060419513 -0.9933717971097381 0
outer loop
vertex -3.375800371170044 39.153865814208984 -5.699999809265137
vertex -3.0375256538391113 39.114723205566406 -5.699999809265137
vertex -3.0375256538391113 39.114723205566406 0
endloop
endfacet
facet normal -0.0003306072184096774 -0.9999999453305897 -0.000006138800244944392
outer loop
vertex 38.816917419433594 46.023990631103516 -5.699999809265137
vertex 71.5793685913086 46.01314163208008 -2.8499999046325684
vertex 67.9793701171875 46.01433181762695 -2.8499999046325684
endloop
endfacet
facet normal -0.3989603112114759 -0.9169681946927289 0
outer loop
vertex -4.163265228271484 39.42616271972656 -5.699999809265137
vertex -3.780100107192993 39.25945281982422 -5.699999809265137
vertex -3.780100107192993 39.25945281982422 0
endloop
endfacet
facet normal -0.9992235789602033 -0.039398467609313995 0
outer loop
vertex 82.78845977783203 40.48442459106445 0
vertex 82.78845977783203 40.48442459106445 -5.699999809265137
vertex 82.8070068359375 40.014034271240234 0
endloop
endfacet
facet normal 0.00002190479736441675 0.99999999976009 0
outer loop
vertex -51.172576904296875 -73.0966796875 -0.44999998807907104
vertex -56.39704513549805 -73.09656524658203 0
vertex -51.172576904296875 -73.0966796875 0
endloop
endfacet
facet normal 0.5595782135560988 -0.8287775473028725 0
outer loop
vertex 15.167694091796875 39.25116729736328 -5.699999809265137
vertex 15.514007568359375 39.48499298095703 -5.699999809265137
vertex 15.514007568359375 39.48499298095703 0
endloop
endfacet
facet normal 0.9988289995177037 -0.04838005500682021 0
outer loop
vertex -82.72822570800781 45.36530685424805 0
vertex -82.72822570800781 45.36530685424805 -5.699999809265137
vertex -82.68047332763672 46.35117721557617 0
endloop
endfacet
facet normal -0.4816355279824082 0.8763716210518839 0
outer loop
vertex 3.9780895709991455 -72.19341278076172 0
vertex 3.9780895709991455 -72.19341278076172 -3.8013134002685547
vertex 3.4060020446777344 -72.50782012939453 0
endloop
endfacet
facet normal 0.00002140828791083164 0.9999999997706033 6.917328087657541e-7
outer loop
vertex 0.9794496297836304 -73.09779357910156 -5.699999809265137
vertex -56.39704513549805 -73.09656524658203 -5.699999809265137
vertex -51.172576904296875 -73.0966796875 -1.9500000476837158
endloop
endfacet
facet normal 0.3014283650262612 0.9534888257119719 0
outer loop
vertex -57.687400817871094 -72.91091918945312 -5.699999809265137
vertex -58.30982971191406 -72.71414947509766 -5.699999809265137
vertex -58.30982971191406 -72.71414947509766 0
endloop
endfacet
facet normal 0.9342149493324249 -0.35671056676781376 0
outer loop
vertex -82.49510192871094 47.24028778076172 -5.699999809265137
vertex -82.14246368408203 48.16383743286133 -5.699999809265137
vertex -82.14246368408203 48.16383743286133 0
endloop
endfacet
facet normal 0.8719027381692195 0.19946299861666691 0.447213737888121
outer loop
vertex 0.14202214777469635 -62.254058837890625 10.5
vertex -0.3803991973400116 -62.2125129699707 11.5
vertex 0.17562900483608246 -62.400962829589844 10.5
endloop
endfacet
facet normal 0.8714242719177813 0.20402101559708616 0.44608873949843025
outer loop
vertex -0.3803991973400116 -62.2125129699707 11.5
vertex -0.31025516986846924 -62.512115478515625 11.5
vertex 0.17562900483608246 -62.400962829589844 10.5
endloop
endfacet
facet normal 0.8719023682784792 0.19946525933147585 0.4472134507259441
outer loop
vertex 0.14202214777469635 -62.254058837890625 10.5
vertex 0.10700899362564087 -62.101009368896484 10.5
vertex -0.3803991973400116 -62.2125129699707 11.5
endloop
endfacet
facet normal 0.8112446852449205 0.3782848399240896 0.44585046881827495
outer loop
vertex 0.17562900483608246 -62.400962829589844 10.5
vertex -0.2942173182964325 -62.57197189331055 11.5
vertex -0.25738370418548584 -62.650962829589844 11.5
endloop
endfacet
facet normal 0.7332232445482667 0.5134210958219401 0.44585025739491385
outer loop
vertex -0.20739321410655975 -62.722354888916016 11.5
vertex 0.17562900483608246 -62.400962829589844 10.5
vertex -0.25738370418548584 -62.650962829589844 11.5
endloop
endfacet
facet normal 0.6493438006601044 0.6155812935722828 0.44655604300934665
outer loop
vertex -0.16574367880821228 -62.76628875732422 11.5
vertex 0.17562900483608246 -62.400962829589844 10.5
vertex -0.20739321410655975 -62.722354888916016 11.5
endloop
endfacet
facet normal 0.8646098342947646 0.23166245819519293 0.4458501316628046
outer loop
vertex 0.17562900483608246 -62.400962829589844 10.5
vertex -0.31025516986846924 -62.512115478515625 11.5
vertex -0.2942173182964325 -62.57197189331055 11.5
endloop
endfacet
facet normal 0.6106677390855964 0.6535167808357073 0.4472144112237663
outer loop
vertex 0.5504881143569946 -62.75123977661133 10.5
vertex -0.16574367880821228 -62.76628875732422 11.5
vertex 0.2091154158115387 -63.11656951904297 11.5
endloop
endfacet
facet normal 0.6106666409859767 0.653518329200879 0.44721364803122426
outer loop
vertex 0.5504881143569946 -62.75123977661133 10.5
vertex 0.2994583547115326 -62.51667022705078 10.5
vertex -0.16574367880821228 -62.76628875732422 11.5
endloop
endfacet
facet normal 0.6106603895353673 0.6535250181941218 0.4472124095403506
outer loop
vertex 0.17562900483608246 -62.400962829589844 10.5
vertex -0.16574367880821228 -62.76628875732422 11.5
vertex 0.2994583547115326 -62.51667022705078 10.5
endloop
endfacet
facet normal 0.5330808290216771 0.7196515141471473 0.4448893434498962
outer loop
vertex 0.30048808455467224 -63.18425369262695 11.5
vertex 0.5504881143569946 -62.75123977661133 10.5
vertex 0.2091154158115387 -63.11656951904297 11.5
endloop
endfacet
facet normal 0.23169531245972652 0.864600855326473 0.4458504717424003
outer loop
vertex 0.4636639952659607 -63.24364471435547 11.5
vertex 0.5504881143569946 -62.75123977661133 10.5
vertex 0.37947800755500793 -63.22108459472656 11.5
endloop
endfacet
facet normal 0.37826593337015985 0.8112534650862091 0.44585053441396777
outer loop
vertex 0.37947800755500793 -63.22108459472656 11.5
vertex 0.5504881143569946 -62.75123977661133 10.5
vertex 0.30048808455467224 -63.18425369262695 11.5
endloop
endfacet
facet normal 0.07798819661209815 0.8917035333104231 0.4458504792762929
outer loop
vertex 0.5504881143569946 -62.75123977661133 10.5
vertex 0.4636639952659607 -63.24364471435547 11.5
vertex 0.5491961240768433 -63.25112533569336 11.5
endloop
endfacet
facet normal 0.001904080169794866 0.8944464482942465 0.44717102501449574
outer loop
vertex 19.642597198486328 -62.9973258972168 10.893484115600586
vertex 19.599918365478516 -63.138023376464844 11.175093650817871
vertex 19.80571746826172 -63.30089569091797 11.5
endloop
endfacet
facet normal 0.0023172415041709726 0.8944255434672191 0.44721088714965435
outer loop
vertex 18.171419143676758 -62.9973258972168 10.90108871459961
vertex 18.15700912475586 -62.851009368896484 10.608529090881348
vertex 0.5491961240768433 -63.25112533569336 11.5
endloop
endfacet
facet normal 0.00231655894331158 0.8944310501304209 0.44719987714360415
outer loop
vertex 18.15700912475586 -62.851009368896484 10.608529090881348
vertex 18.162351608276367 -62.79676055908203 10.5
vertex 0.5491961240768433 -63.25112533569336 11.5
endloop
endfacet
facet normal 0.002080647650883702 0.8944651221017434 0.44713288432955356
outer loop
vertex 19.80571746826172 -63.30089569091797 11.5
vertex 19.807008743286133 -62.80101013183594 10.5
vertex 19.642597198486328 -62.9973258972168 10.893484115600586
endloop
endfacet
facet normal 0.0019639551985381047 0.8944615052099687 0.44714064742259235
outer loop
vertex 19.80571746826172 -63.30089569091797 11.5
vertex 19.599918365478516 -63.138023376464844 11.175093650817871
vertex 19.530611038208008 -63.2676887512207 11.434781074523926
endloop
endfacet
facet normal 0.0023118919879974503 0.8944645477371131 0.4471328974666003
outer loop
vertex 18.162351608276367 -62.79676055908203 10.5
vertex 0.5504881143569946 -62.75123977661133 10.5
vertex 0.5491961240768433 -63.25112533569336 11.5
endloop
endfacet
facet normal 0.0023176069083284613 0.8944211067674162 0.4472197585831477
outer loop
vertex 18.214099884033203 -63.138023376464844 11.182256698608398
vertex 18.171419143676758 -62.9973258972168 10.90108871459961
vertex 0.5491961240768433 -63.25112533569336 11.5
endloop
endfacet
facet normal 0.0023174620955344768 0.8944245243543325 0.44721292423515874
outer loop
vertex 18.28340721130371 -63.2676887512207 11.441227912902832
vertex 18.214099884033203 -63.138023376464844 11.182256698608398
vertex 0.5491961240768433 -63.25112533569336 11.5
endloop
endfacet
facet normal 0.0023173562244486537 0.8944431166298431 0.447175738355316
outer loop
vertex 18.307575225830078 -63.29713439941406 11.5
vertex 18.28340721130371 -63.2676887512207 11.441227912902832
vertex 0.5491961240768433 -63.25112533569336 11.5
endloop
endfacet
facet normal 0.002311861907045766 0.8944263452373348 0.4472093114414175
outer loop
vertex 19.807008743286133 -62.80101013183594 10.5
vertex 19.65204429626465 -62.80060958862305 10.5
vertex 19.65700912475586 -62.851009368896484 10.600774765014648
endloop
endfacet
facet normal 0.0023126414934105184 0.8944258787545569 0.4472102403830461
outer loop
vertex 19.807008743286133 -62.80101013183594 10.5
vertex 19.65700912475586 -62.851009368896484 10.600774765014648
vertex 19.642597198486328 -62.9973258972168 10.893484115600586
endloop
endfacet
facet normal 0.0019785009393172735 0.8944859275251659 0.44709172548088705
outer loop
vertex 19.80571746826172 -63.30089569091797 11.5
vertex 19.530611038208008 -63.2676887512207 11.434781074523926
vertex 19.50390625 -63.300228118896484 11.5
endloop
endfacet
facet normal -0.11068568042352546 0.8890291947369133 0.4442699303966188
outer loop
vertex 19.807008743286133 -62.80101013183594 10.5
vertex 19.80571746826172 -63.30089569091797 11.5
vertex 19.91816520690918 -63.286895751953125 11.5
endloop
endfacet
facet normal -0.19957348922164792 0.8724487601745672 0.4460981767164684
outer loop
vertex 20.10696029663086 -62.732391357421875 10.5
vertex 19.96004295349121 -62.76599884033203 10.5
vertex 19.91816520690918 -63.286895751953125 11.5
endloop
endfacet
facet normal -0.19959859874312003 0.8724446487009965 0.44609498353240623
outer loop
vertex 19.96004295349121 -62.76599884033203 10.5
vertex 19.807008743286133 -62.80101013183594 10.5
vertex 19.91816520690918 -63.286895751953125 11.5
endloop
endfacet
facet normal -0.1950350738094509 0.8729064233570751 0.44720878350732424
outer loop
vertex 20.10696029663086 -62.732391357421875 10.5
vertex 19.91816520690918 -63.286895751953125 11.5
vertex 20.21846580505371 -63.21979904174805 11.5
endloop
endfacet
facet normal -0.25328752415757805 0.858173781349709 0.44652344967545227
outer loop
vertex 20.10696029663086 -62.732391357421875 10.5
vertex 20.21846580505371 -63.21979904174805 11.5
vertex 20.277971267700195 -63.20223617553711 11.5
endloop
endfacet
facet normal -0.37830186551837447 0.811237321702177 0.44584942124308774
outer loop
vertex 20.10696029663086 -62.732391357421875 10.5
vertex 20.277971267700195 -63.20223617553711 11.5
vertex 20.35696029663086 -63.165401458740234 11.5
endloop
endfacet
facet normal -0.5133934038561917 0.7332428456860924 0.44584990986554496
outer loop
vertex 20.10696029663086 -62.732391357421875 10.5
vertex 20.35696029663086 -63.165401458740234 11.5
vertex 20.428354263305664 -63.115413665771484 11.5
endloop
endfacet
facet normal -0.6329508204439592 0.632922583879878 0.44585004397682626
outer loop
vertex 20.10696029663086 -62.732391357421875 10.5
vertex 20.428354263305664 -63.115413665771484 11.5
vertex 20.471107482910156 -63.07265853881836 11.5
endloop
endfacet
facet normal -0.6539381455106135 0.6110634696682976 0.4460564290345799
outer loop
vertex 20.457239151000977 -62.3575325012207 10.5
vertex 20.222585678100586 -62.60865020751953 10.5
vertex 20.471107482910156 -63.07265853881836 11.5
endloop
endfacet
facet normal -0.6539461384159285 0.6110559969312536 0.4460549480335884
outer loop
vertex 20.222585678100586 -62.60865020751953 10.5
vertex 20.10696029663086 -62.732391357421875 10.5
vertex 20.471107482910156 -63.07265853881836 11.5
endloop
endfacet
facet normal -0.6515938698549518 0.612722223472068 0.4472101358767409
outer loop
vertex 20.822566986083984 -62.69890213012695 11.5
vertex 20.457239151000977 -62.3575325012207 10.5
vertex 20.471107482910156 -63.07265853881836 11.5
endloop
endfacet
facet normal -0.7196437352617655 0.533092802052 0.44488757984331423
outer loop
vertex 20.457239151000977 -62.3575325012207 10.5
vertex 20.822566986083984 -62.69890213012695 11.5
vertex 20.89025115966797 -62.6075325012207 11.5
endloop
endfacet
facet normal -0.8112403913671121 0.3782941623142336 0.44585037195622845
outer loop
vertex 20.927085876464844 -62.528541564941406 11.5
vertex 20.457239151000977 -62.3575325012207 10.5
vertex 20.89025115966797 -62.6075325012207 11.5
endloop
endfacet
facet normal -0.8646111578843978 0.23165733728625873 0.4458502256848612
outer loop
vertex 20.949642181396484 -62.44435501098633 11.5
vertex 20.457239151000977 -62.3575325012207 10.5
vertex 20.927085876464844 -62.528541564941406 11.5
endloop
endfacet
facet normal -0.8916993301794253 0.078035188287685 0.4458506632791634
outer loop
vertex 20.95482063293457 -62.38518142700195 11.5
vertex 20.457239151000977 -62.3575325012207 10.5
vertex 20.949642181396484 -62.44435501098633 11.5
endloop
endfacet
facet normal -0.8929365764039008 0.0510738060937054 0.4472759068530107
outer loop
vertex 20.51673698425293 -61.286869049072266 10.5
vertex 20.95482063293457 -62.38518142700195 11.5
vertex 21.01292610168457 -61.36930847167969 11.5
endloop
endfacet
facet normal -0.8936386797893477 0.04966039052786373 0.4460311150547367
outer loop
vertex 20.51673698425293 -61.286869049072266 10.5
vertex 20.457239151000977 -62.3575325012207 10.5
vertex 20.95482063293457 -62.38518142700195 11.5
endloop
endfacet
facet normal -0.8611177569788516 0.24181945302897276 0.4472131044060313
outer loop
vertex 21.052202224731445 -61.22944641113281 11.5
vertex 20.58907127380371 -61.0292854309082 10.5
vertex 21.01292610168457 -61.36930847167969 11.5
endloop
endfacet
facet normal -0.8611182685218988 0.2418180884976045 0.44721285725391646
outer loop
vertex 20.58907127380371 -61.0292854309082 10.5
vertex 20.51673698425293 -61.286869049072266 10.5
vertex 21.01292610168457 -61.36930847167969 11.5
endloop
endfacet
facet normal -0.7661765305186277 0.4614896396658627 0.44721453080541823
outer loop
vertex 21.12059783935547 -61.11589431762695 11.5
vertex 20.72711181640625 -60.80010223388672 10.5
vertex 21.052202224731445 -61.22944641113281 11.5
endloop
endfacet
facet normal -0.7661814395501 0.4614827920284907 0.4472131866912305
outer loop
vertex 20.72711181640625 -60.80010223388672 10.5
vertex 20.58907127380371 -61.0292854309082 10.5
vertex 21.052202224731445 -61.22944641113281 11.5
endloop
endfacet
facet normal -0.6164016225964506 0.6481122789785629 0.44721305157349356
outer loop
vertex 21.12059783935547 -61.11589431762695 11.5
vertex 21.216651916503906 -61.024539947509766 11.5
vertex 20.920978546142578 -60.61572265625 10.5
endloop
endfacet
facet normal -0.616404989201345 0.648108277026902 0.44721421101851183
outer loop
vertex 20.833364486694336 -60.69904708862305 10.5
vertex 20.72711181640625 -60.80010223388672 10.5
vertex 21.12059783935547 -61.11589431762695 11.5
endloop
endfacet
facet normal -0.6163896230686287 0.6481219918430953 0.44721551433582074
outer loop
vertex 20.920978546142578 -60.61572265625 10.5
vertex 20.833364486694336 -60.69904708862305 10.5
vertex 21.12059783935547 -61.11589431762695 11.5
endloop
endfacet
facet normal -0.4225052742828177 0.7883461951490273 0.447213114518406
outer loop
vertex 21.3334903717041 -60.96192169189453 11.5
vertex 20.920978546142578 -60.61572265625 10.5
vertex 21.216651916503906 -61.024539947509766 11.5
endloop
endfacet
facet normal -0.4225015413833843 0.7883485974786404 0.44721240633744147
outer loop
vertex 21.15679359436035 -60.489341735839844 10.5
vertex 20.920978546142578 -60.61572265625 10.5
vertex 21.3334903717041 -60.96192169189453 11.5
endloop
endfacet
facet normal -0.19833992851432589 0.8721582361241417 0.44721503096134624
outer loop
vertex 21.27591896057129 -60.46224594116211 10.5
vertex 21.3334903717041 -60.96192169189453 11.5
vertex 21.417678833007812 -60.43000793457031 10.5
endloop
endfacet
facet normal -0.19837605554029125 0.8721508464609623 0.4472134184097143
outer loop
vertex 21.27591896057129 -60.46224594116211 10.5
vertex 21.15679359436035 -60.489341735839844 10.5
vertex 21.3334903717041 -60.96192169189453 11.5
endloop
endfacet
facet normal -0.19833952256540352 0.8721582948894031 0.4472150963956124
outer loop
vertex 21.417678833007812 -60.43000793457031 10.5
vertex 21.3334903717041 -60.96192169189453 11.5
vertex 21.473875045776367 -60.929996490478516 11.5
endloop
endfacet
facet normal -0.00020622165368700015 0.8944266307902586 0.4472146683705891
outer loop
vertex 24.213808059692383 -60.42936325073242 10.5
vertex 21.417678833007812 -60.43000793457031 10.5
vertex 21.473875045776367 -60.929996490478516 11.5
endloop
endfacet
facet normal -0.00020551460320346923 0.8944258562050481 0.44721621785844795
outer loop
vertex 38.807010650634766 -60.42601013183594 10.5
vertex 24.213808059692383 -60.42936325073242 10.5
vertex 21.473875045776367 -60.929996490478516 11.5
endloop
endfacet
facet normal -0.000205703341301307 0.8944271626602283 0.4472136048709933
outer loop
vertex 38.807010650634766 -60.42601013183594 10.5
vertex 21.473875045776367 -60.929996490478516 11.5
vertex 38.807125091552734 -60.92601013183594 11.5
endloop
endfacet
facet normal -0.1129647558512979 0.88869678738367 0.44436132148219276
outer loop
vertex 38.807010650634766 -60.42601013183594 10.5
vertex 38.807125091552734 -60.92601013183594 11.5
vertex 38.91816329956055 -60.911895751953125 11.5
endloop
endfacet
facet normal -0.19957099183392785 0.8724491690683198 0.4460984942929314
outer loop
vertex 39.10696029663086 -60.357391357421875 10.5
vertex 38.96004104614258 -60.39099884033203 10.5
vertex 38.91816329956055 -60.911895751953125 11.5
endloop
endfacet
facet normal -0.19960339460169693 0.8724438633516751 0.4460943736066201
outer loop
vertex 38.96004104614258 -60.39099884033203 10.5
vertex 38.807010650634766 -60.42601013183594 10.5
vertex 38.91816329956055 -60.911895751953125 11.5
endloop
endfacet
facet normal -0.19503510625579526 0.8729065685751728 0.4472084859057438
outer loop
vertex 39.10696029663086 -60.357391357421875 10.5
vertex 38.91816329956055 -60.911895751953125 11.5
vertex 39.21846389770508 -60.84479904174805 11.5
endloop
endfacet
facet normal -0.2532875787964667 0.8581739664739539 0.4465230628912517
outer loop
vertex 39.10696029663086 -60.357391357421875 10.5
vertex 39.21846389770508 -60.84479904174805 11.5
vertex 39.27796936035156 -60.82723617553711 11.5
endloop
endfacet
facet normal -0.3782944232887592 0.8112409510190903 0.4458491322165683
outer loop
vertex 39.10696029663086 -60.357391357421875 10.5
vertex 39.27796936035156 -60.82723617553711 11.5
vertex 39.35696029663086 -60.790401458740234 11.5
endloop
endfacet
facet normal -0.5133840882278304 0.7332491296758298 0.4458503019894875
outer loop
vertex 39.10696029663086 -60.357391357421875 10.5
vertex 39.35696029663086 -60.790401458740234 11.5
vertex 39.4283561706543 -60.740413665771484 11.5
endloop
endfacet
facet normal -0.632964843828349 0.6329083694489924 0.44585031384846135
outer loop
vertex 39.10696029663086 -60.357391357421875 10.5
vertex 39.4283561706543 -60.740413665771484 11.5
vertex 39.471107482910156 -60.69765853881836 11.5
endloop
endfacet
facet normal -0.6539477064204634 0.6110543188678444 0.44605494802812146
outer loop
vertex 39.22254943847656 -60.23368835449219 10.5
vertex 39.10696029663086 -60.357391357421875 10.5
vertex 39.471107482910156 -60.69765853881836 11.5
endloop
endfacet
facet normal -0.6539398619183611 0.6110616531985815 0.4460564011248033
outer loop
vertex 39.457237243652344 -59.9825325012207 10.5
vertex 39.22254943847656 -60.23368835449219 10.5
vertex 39.471107482910156 -60.69765853881836 11.5
endloop
endfacet
facet normal -0.6515935076987377 0.6127218829207353 0.44721113013309927
outer loop
vertex 39.822566986083984 -60.32390213012695 11.5
vertex 39.457237243652344 -59.9825325012207 10.5
vertex 39.471107482910156 -60.69765853881836 11.5
endloop
endfacet
facet normal -0.7196432958054256 0.5330924765145152 0.44488868077972693
outer loop
vertex 39.457237243652344 -59.9825325012207 10.5
vertex 39.822566986083984 -60.32390213012695 11.5
vertex 39.89025115966797 -60.2325325012207 11.5
endloop
endfacet
facet normal -0.8112398317143498 0.3782939013393423 0.44585161169332277
outer loop
vertex 39.927085876464844 -60.153541564941406 11.5
vertex 39.457237243652344 -59.9825325012207 10.5
vertex 39.89025115966797 -60.2325325012207 11.5
endloop
endfacet
facet normal -0.8826479988408722 0.15979723107978863 0.4420377303821884
outer loop
vertex 39.956485748291016 -59.99114990234375 11.5
vertex 39.457237243652344 -59.9825325012207 10.5
vertex 39.927085876464844 -60.153541564941406 11.5
endloop
endfacet
facet normal -0.8942933901327995 0.015442169481546038 0.4472145701634593
outer loop
vertex 39.5167350769043 -56.536869049072266 10.5
vertex 39.457237243652344 -59.9825325012207 10.5
vertex 40.01554870605469 -56.60997009277344 11.5
endloop
endfacet
facet normal -0.8945329195393629 0.015625835661097747 0.4467288765238668
outer loop
vertex 40.01554870605469 -56.60997009277344 11.5
vertex 39.457237243652344 -59.9825325012207 10.5
vertex 39.956485748291016 -59.99114990234375 11.5
endloop
endfacet
facet normal -0.8611145411697629 0.24182983475859984 0.4472136827139985
outer loop
vertex 40.05220413208008 -56.47944641113281 11.5
vertex 39.5167350769043 -56.536869049072266 10.5
vertex 40.01554870605469 -56.60997009277344 11.5
endloop
endfacet
facet normal -0.8611169222595644 0.24181771044200373 0.4472156539241469
outer loop
vertex 39.58906936645508 -56.2792854309082 10.5
vertex 39.5167350769043 -56.536869049072266 10.5
vertex 40.05220413208008 -56.47944641113281 11.5
endloop
endfacet
facet normal -0.7661817320748591 0.4614799030594332 0.4472156666609803
outer loop
vertex 40.12059783935547 -56.36589431762695 11.5
vertex 39.58906936645508 -56.2792854309082 10.5
vertex 40.05220413208008 -56.47944641113281 11.5
endloop
endfacet
facet normal -0.7661781135312117 0.461487165138467 0.44721437226258165
outer loop
vertex 39.72711181640625 -56.05010223388672 10.5
vertex 39.58906936645508 -56.2792854309082 10.5
vertex 40.12059783935547 -56.36589431762695 11.5
endloop
endfacet
facet normal -0.6164016225964506 0.6481122789785629 0.44721305157349356
outer loop
vertex 40.216651916503906 -56.274539947509766 11.5
vertex 39.92097854614258 -55.86572265625 10.5
vertex 40.12059783935547 -56.36589431762695 11.5
endloop
endfacet
facet normal -0.6164106498702906 0.6481025944976485 0.4472146439148686
outer loop
vertex 39.8333625793457 -55.94904708862305 10.5
vertex 39.72711181640625 -56.05010223388672 10.5
vertex 40.12059783935547 -56.36589431762695 11.5
endloop
endfacet
facet normal -0.6163820410499786 0.6481281288667267 0.44721707038392233
outer loop
vertex 39.92097854614258 -55.86572265625 10.5
vertex 39.8333625793457 -55.94904708862305 10.5
vertex 40.12059783935547 -56.36589431762695 11.5
endloop
endfacet
facet normal -0.422498814170929 0.788349885131859 0.447212712964137
outer loop
vertex 40.156795501708984 -55.739341735839844 10.5
vertex 39.92097854614258 -55.86572265625 10.5
vertex 40.216651916503906 -56.274539947509766 11.5
endloop
endfacet
facet normal -0.42251123832965554 0.7883444537045805 0.447210549739569
outer loop
vertex 40.33348846435547 -56.21192169189453 11.5
vertex 40.156795501708984 -55.739341735839844 10.5
vertex 40.216651916503906 -56.274539947509766 11.5
endloop
endfacet
facet normal -0.19837612267595056 0.8721511416196797 0.4472128130136099
outer loop
vertex 40.27592086791992 -55.71224594116211 10.5
vertex 40.156795501708984 -55.739341735839844 10.5
vertex 40.33348846435547 -56.21192169189453 11.5
endloop
endfacet
facet normal -0.19834254567294216 0.8721580096736722 0.44721431186628596
outer loop
vertex 40.41767883300781 -55.68000793457031 10.5
vertex 40.27592086791992 -55.71224594116211 10.5
vertex 40.33348846435547 -56.21192169189453 11.5
endloop
endfacet
facet normal -0.19835313888700015 0.8721564761243169 0.4472126043036896
outer loop
vertex 40.473846435546875 -56.18000030517578 11.5
vertex 40.41767883300781 -55.68000793457031 10.5
vertex 40.33348846435547 -56.21192169189453 11.5
endloop
endfacet
facet normal -0.00009801864430843119 0.8944277140904823 0.4472125385755856
outer loop
vertex 46.26565933227539 -55.67936706542969 10.5
vertex 40.41767883300781 -55.68000793457031 10.5
vertex 40.473846435546875 -56.18000030517578 11.5
endloop
endfacet
facet normal -0.0000982274655198387 0.89442718458655 0.4472135975391876
outer loop
vertex 76.8070068359375 -55.67601013183594 10.5
vertex 40.473846435546875 -56.18000030517578 11.5
vertex 76.80706024169922 -56.17601013183594 11.5
endloop
endfacet
facet normal -0.0000983105512868819 0.8944283901592315 0.44721118636747137
outer loop
vertex 46.26565933227539 -55.67936706542969 10.5
vertex 40.473846435546875 -56.18000030517578 11.5
vertex 76.8070068359375 -55.67601013183594 10.5
endloop
endfacet
facet normal -0.11289617926859635 0.8887065182100372 0.44435928841146755
outer loop
vertex 76.80706024169922 -56.17601013183594 11.5
vertex 76.91816711425781 -56.161895751953125 11.5
vertex 76.8070068359375 -55.67601013183594 10.5
endloop
endfacet
facet normal -0.19503510625579526 0.8729065685751728 0.4472084859057438
outer loop
vertex 77.10696411132812 -55.607391357421875 10.5
vertex 76.91816711425781 -56.161895751953125 11.5
vertex 77.21846771240234 -56.09479904174805 11.5
endloop
endfacet
facet normal -0.19957099183392785 0.8724491690683198 0.4460984942929314
outer loop
vertex 77.10696411132812 -55.607391357421875 10.5
vertex 76.96004486083984 -55.64099884033203 10.5
vertex 76.91816711425781 -56.161895751953125 11.5
endloop
endfacet
facet normal -0.19959380311020944 0.872445433991652 0.44609559341818317
outer loop
vertex 76.96004486083984 -55.64099884033203 10.5
vertex 76.8070068359375 -55.67601013183594 10.5
vertex 76.91816711425781 -56.161895751953125 11.5
endloop
endfacet
facet normal -0.6329374787763282 0.6329374787763282 0.44584783942566086
outer loop
vertex 77.10696411132812 -55.607391357421875 10.5
vertex 77.42835235595703 -55.990413665771484 11.5
vertex 77.47110748291016 -55.94765853881836 11.5
endloop
endfacet
facet normal -0.5134213523803306 0.7332239917922396 0.4458487330700922
outer loop
vertex 77.10696411132812 -55.607391357421875 10.5
vertex 77.35696411132812 -56.040401458740234 11.5
vertex 77.42835235595703 -55.990413665771484 11.5
endloop
endfacet
facet normal -0.37827953963005756 0.8112482090575012 0.44584855410584057
outer loop
vertex 77.10696411132812 -55.607391357421875 10.5
vertex 77.27796936035156 -56.07723617553711 11.5
vertex 77.35696411132812 -56.040401458740234 11.5
endloop
endfacet
facet normal -0.25330257060291483 0.8581697428897189 0.4465226759242457
outer loop
vertex 77.10696411132812 -55.607391357421875 10.5
vertex 77.21846771240234 -56.09479904174805 11.5
vertex 77.27796936035156 -56.07723617553711 11.5
endloop
endfacet
facet normal -0.6515894667066646 0.6127247333641413 0.4472131125098707
outer loop
vertex 77.82257080078125 -55.57390213012695 11.5
vertex 77.45723724365234 -55.2325325012207 10.5
vertex 77.47110748291016 -55.94765853881836 11.5
endloop
endfacet
facet normal -0.6539390697579223 0.6110622154552089 0.4460567922217025
outer loop
vertex 77.45723724365234 -55.2325325012207 10.5
vertex 77.22254180908203 -55.48369598388672 10.5
vertex 77.47110748291016 -55.94765853881836 11.5
endloop
endfacet
facet normal -0.6539598145431382 0.6110428193742059 0.44605294960792036
outer loop
vertex 77.22254180908203 -55.48369598388672 10.5
vertex 77.10696411132812 -55.607391357421875 10.5
vertex 77.47110748291016 -55.94765853881836 11.5
endloop
endfacet
facet normal -0.8112398317143498 0.3782939013393423 0.44585161169332277
outer loop
vertex 77.92708587646484 -55.403541564941406 11.5
vertex 77.45723724365234 -55.2325325012207 10.5
vertex 77.89025115966797 -55.4825325012207 11.5
endloop
endfacet
facet normal -0.7196572271373811 0.5330727506626343 0.44488978177736205
outer loop
vertex 77.45723724365234 -55.2325325012207 10.5
vertex 77.82257080078125 -55.57390213012695 11.5
vertex 77.89025115966797 -55.4825325012207 11.5
endloop
endfacet
facet normal -0.8834843190853595 0.1558892596710567 0.4417623757739996
outer loop
vertex 77.95721435546875 -55.232791900634766 11.5
vertex 77.45723724365234 -55.2325325012207 10.5
vertex 77.92708587646484 -55.403541564941406 11.5
endloop
endfacet
facet normal -0.8944270439968047 0.00046757781829604984 0.44721364507148226
outer loop
vertex 77.50701141357422 40.023990631103516 10.5
vertex 77.95721435546875 -55.232791900634766 11.5
vertex 78.00701141357422 40.02372741699219 11.5
endloop
endfacet
facet normal -0.8944352334711747 0.00046736716637308073 0.4471972659725201
outer loop
vertex 77.50701141357422 40.023990631103516 10.5
vertex 77.45723724365234 -55.2325325012207 10.5
vertex 77.95721435546875 -55.232791900634766 11.5
endloop
endfacet
facet normal -0.8887462750852247 -0.11264512155455704 0.44434348775704696
outer loop
vertex 77.99288940429688 40.13514709472656 11.5
vertex 77.50701141357422 40.023990631103516 10.5
vertex 78.00701141357422 40.02372741699219 11.5
endloop
endfacet
facet normal -0.8729099484424707 -0.195024772912352 0.44720639514730626
outer loop
vertex 77.43839263916016 40.32394027709961 10.5
vertex 77.99288940429688 40.13514709472656 11.5
vertex 77.92579650878906 40.435447692871094 11.5
endloop
endfacet
facet normal -0.8724509418529651 -0.19957657927776654 0.44609252746897643
outer loop
vertex 77.43839263916016 40.32394027709961 10.5
vertex 77.47200012207031 40.177024841308594 10.5
vertex 77.99288940429688 40.13514709472656 11.5
endloop
endfacet
facet normal -0.8724472392503689 -0.19959919141111962 0.4460896518777775
outer loop
vertex 77.99288940429688 40.13514709472656 11.5
vertex 77.47200012207031 40.177024841308594 10.5
vertex 77.50701141357422 40.023990631103516 10.5
endloop
endfacet
facet normal -0.8581748506783486 -0.25328783976685154 0.4465212154975794
outer loop
vertex 77.43839263916016 40.32394027709961 10.5
vertex 77.92579650878906 40.435447692871094 11.5
vertex 77.90823364257812 40.49495315551758 11.5
endloop
endfacet
facet normal -0.8112348114697978 -0.3783098299793474 0.4458472307871371
outer loop
vertex 77.43839263916016 40.32394027709961 10.5
vertex 77.90823364257812 40.49495315551758 11.5
vertex 77.87139892578125 40.57394027709961 11.5
endloop
endfacet
facet normal -0.7332500441084406 -0.5133847284674613 0.4458480608810144
outer loop
vertex 77.43839263916016 40.32394027709961 10.5
vertex 77.87139892578125 40.57394027709961 11.5
vertex 77.8214111328125 40.64533615112305 11.5
endloop
endfacet
facet normal -0.6329090507363934 -0.6329655251765411 0.44584837942280675
outer loop
vertex 77.43839263916016 40.32394027709961 10.5
vertex 77.8214111328125 40.64533615112305 11.5
vertex 77.77865600585938 40.688087463378906 11.5
endloop
endfacet
facet normal -0.6110611313944336 -0.6539426142993062 0.44605308081252354
outer loop
vertex 77.3145980834961 40.43961715698242 10.5
vertex 77.43839263916016 40.32394027709961 10.5
vertex 77.77865600585938 40.688087463378906 11.5
endloop
endfacet
facet normal -0.6110601538577867 -0.6539436599399039 0.44605288698953777
outer loop
vertex 77.3145980834961 40.43961715698242 10.5
vertex 77.77865600585938 40.688087463378906 11.5
vertex 77.06352996826172 40.67422103881836 10.5
endloop
endfacet
facet normal -0.6110658012413778 -0.653935703354082 0.446056815251191
outer loop
vertex 77.40380096435547 41.038368225097656 11.5
vertex 77.06352996826172 40.67422103881836 10.5
vertex 77.77865600585938 40.688087463378906 11.5
endloop
endfacet
facet normal -0.15636268942755582 -0.8833849095299992 0.4417938557400465
outer loop
vertex 77.06417846679688 41.17422103881836 11.5
vertex 77.06352996826172 40.67422103881836 10.5
vertex 77.23454284667969 41.144065856933594 11.5
endloop
endfacet
facet normal -0.3783093080148497 -0.8112336921867728 0.4458497102503736
outer loop
vertex 77.23454284667969 41.144065856933594 11.5
vertex 77.06352996826172 40.67422103881836 10.5
vertex 77.31352996826172 41.10723114013672 11.5
endloop
endfacet
facet normal -0.5433727633055837 -0.7122963145836103 0.44427469017293897
outer loop
vertex 77.40380096435547 41.038368225097656 11.5
vertex 77.31352996826172 41.10723114013672 11.5
vertex 77.06352996826172 40.67422103881836 10.5
endloop
endfacet
facet normal -0.0011623052214082181 -0.8944467566854942 0.44717295144202596
outer loop
vertex 38.80765914916992 41.223934173583984 11.5
vertex 38.807010650634766 40.72399139404297 10.5
vertex 77.06417846679688 41.17422103881836 11.5
endloop
endfacet
facet normal -0.0011636164149924342 -0.8944262836294689 0.447213896418275
outer loop
vertex 77.06417846679688 41.17422103881836 11.5
vertex 38.807010650634766 40.72399139404297 10.5
vertex 77.06352996826172 40.67422103881836 10.5
endloop
endfacet
facet normal 0.0994749089480641 -0.8900370657279466 0.4449030952018216
outer loop
vertex 38.69550323486328 41.21139907836914 11.5
vertex 38.807010650634766 40.72399139404297 10.5
vertex 38.80765914916992 41.223934173583984 11.5
endloop
endfacet
facet normal 0.19946321698364178 -0.8719016913091547 0.447215681481287
outer loop
vertex 38.65398025512695 40.68898010253906 10.5
vertex 38.69550323486328 41.21139907836914 11.5
vertex 38.507057189941406 40.65536880493164 10.5
endloop
endfacet
facet normal 0.1994787706654305 -0.8718991462207899 0.44721370604361627
outer loop
vertex 38.69550323486328 41.21139907836914 11.5
vertex 38.65398025512695 40.68898010253906 10.5
vertex 38.807010650634766 40.72399139404297 10.5
endloop
endfacet
facet normal 0.2040225562849237 -0.8714230774451611 0.44609036822483616
outer loop
vertex 38.39590072631836 41.14125442504883 11.5
vertex 38.507057189941406 40.65536880493164 10.5
vertex 38.69550323486328 41.21139907836914 11.5
endloop
endfacet
facet normal 0.6155475253482966 -0.6493750134604946 0.44655720342501537
outer loop
vertex 38.141727447509766 40.996742248535156 11.5
vertex 38.507057189941406 40.65536880493164 10.5
vertex 38.185665130615234 41.03839111328125 11.5
endloop
endfacet
facet normal 0.513428688715645 -0.7332176962467223 0.4458506381226595
outer loop
vertex 38.257057189941406 41.088382720947266 11.5
vertex 38.185665130615234 41.03839111328125 11.5
vertex 38.507057189941406 40.65536880493164 10.5
endloop
endfacet
facet normal 0.3782939013393423 -0.8112398317143498 0.44585161169332277
outer loop
vertex 38.257057189941406 41.088382720947266 11.5
vertex 38.507057189941406 40.65536880493164 10.5
vertex 38.3360481262207 41.12521743774414 11.5
endloop
endfacet
facet normal 0.23166436936167054 -0.8646084574892033 0.44585180857141316
outer loop
vertex 38.3360481262207 41.12521743774414 11.5
vertex 38.507057189941406 40.65536880493164 10.5
vertex 38.39590072631836 41.14125442504883 11.5
endloop
endfacet
facet normal 0.6539455606141424 -0.6110552522752954 0.44605681523750984
outer loop
vertex 37.792633056640625 40.62078094482422 11.5
vertex 38.15678024291992 40.28050994873047 10.5
vertex 38.39139938354492 40.53159713745117 10.5
endloop
endfacet
facet normal 0.6539366835317776 -0.6110678144609494 0.44605262028305415
outer loop
vertex 37.792633056640625 40.62078094482422 11.5
vertex 38.39139938354492 40.53159713745117 10.5
vertex 38.507057189941406 40.65536880493164 10.5
endloop
endfacet
facet normal 0.655441539064213 -0.6086024348023796 0.4472129975992995
outer loop
vertex 38.141727447509766 40.996742248535156 11.5
vertex 37.792633056640625 40.62078094482422 11.5
vertex 38.507057189941406 40.65536880493164 10.5
endloop
endfacet
facet normal 0.8818733621576529 -0.16335592032826116 0.4422829596654882
outer loop
vertex 37.68693161010742 40.45152282714844 11.5
vertex 37.65685272216797 40.28914260864258 11.5
vertex 38.15678024291992 40.28050994873047 10.5
endloop
endfacet
facet normal 0.8112325729006117 -0.3783087860488895 0.4458521897033472
outer loop
vertex 37.68693161010742 40.45152282714844 11.5
vertex 38.15678024291992 40.28050994873047 10.5
vertex 37.7237663269043 40.53050994873047 11.5
endloop
endfacet
facet normal 0.7122814233224469 -0.543391503348552 0.4442756442551739
outer loop
vertex 37.7237663269043 40.53050994873047 11.5
vertex 38.15678024291992 40.28050994873047 10.5
vertex 37.792633056640625 40.62078094482422 11.5
endloop
endfacet
facet normal 0.894293397202065 -0.015442005377254143 0.4472145616935102
outer loop
vertex 37.65685272216797 40.28914260864258 11.5
vertex 37.59846878051758 36.90795135498047 11.5
vertex 38.09728240966797 36.8348503112793 10.5
endloop
endfacet
facet normal 0.8942931441986576 -0.015442182330944349 0.4472150615130676
outer loop
vertex 37.65685272216797 40.28914260864258 11.5
vertex 38.09728240966797 36.8348503112793 10.5
vertex 38.15678024291992 40.28050994873047 10.5
endloop
endfacet
facet normal 0.8611181872891558 -0.24181806568593348 0.447213026004109
outer loop
vertex 37.56181716918945 36.777427673339844 11.5
vertex 38.02494812011719 36.577266693115234 10.5
vertex 38.09728240966797 36.8348503112793 10.5
endloop
endfacet
facet normal 0.8611204903023912 -0.24180633828692352 0.4472149326058323
outer loop
vertex 37.59846878051758 36.90795135498047 11.5
vertex 37.56181716918945 36.777427673339844 11.5
vertex 38.09728240966797 36.8348503112793 10.5
endloop
endfacet
facet normal 0.7661781135312117 -0.461487165138467 0.44721437226258165
outer loop
vertex 37.4934196472168 36.663875579833984 11.5
vertex 37.886905670166016 36.34808349609375 10.5
vertex 38.02494812011719 36.577266693115234 10.5
endloop
endfacet
facet normal 0.7661718673233672 -0.46149970037652344 0.4472121378882774
outer loop
vertex 37.4934196472168 36.663875579833984 11.5
vertex 38.02494812011719 36.577266693115234 10.5
vertex 37.56181716918945 36.777427673339844 11.5
endloop
endfacet
facet normal 0.6164124679764683 -0.6481022318263847 0.44721266353360184
outer loop
vertex 37.69303894042969 36.163700103759766 10.5
vertex 37.7806510925293 36.24702835083008 10.5
vertex 37.4934196472168 36.663875579833984 11.5
endloop
endfacet
facet normal 0.6163993285965954 -0.6481139594099721 0.44721377810125174
outer loop
vertex 37.4934196472168 36.663875579833984 11.5
vertex 37.7806510925293 36.24702835083008 10.5
vertex 37.886905670166016 36.34808349609375 10.5
endloop
endfacet
facet normal 0.6164009410600588 -0.6481115623806698 0.44721502945312686
outer loop
vertex 37.39736557006836 36.5725212097168 11.5
vertex 37.69303894042969 36.163700103759766 10.5
vertex 37.4934196472168 36.663875579833984 11.5
endloop
endfacet
facet normal 0.4225034787307893 -0.7883458359402717 0.4472154440714404
outer loop
vertex 37.69303894042969 36.163700103759766 10.5
vertex 37.39736557006836 36.5725212097168 11.5
vertex 37.45722579956055 36.03731918334961 10.5
endloop
endfacet
facet normal 0.4225103655519016 -0.7883428252283669 0.44721424497902035
outer loop
vertex 37.39736557006836 36.5725212097168 11.5
vertex 37.2805290222168 36.50990295410156 11.5
vertex 37.45722579956055 36.03731918334961 10.5
endloop
endfacet
facet normal 0.19834336649874604 -0.8721578417895437 0.44721427523162666
outer loop
vertex 37.2805290222168 36.50990295410156 11.5
vertex 37.338096618652344 36.01022720336914 10.5
vertex 37.45722579956055 36.03731918334961 10.5
endloop
endfacet
facet normal 0.19834254567294216 -0.8721580096736722 0.44721431186628596
outer loop
vertex 37.19633865356445 35.977989196777344 10.5
vertex 37.338096618652344 36.01022720336914 10.5
vertex 37.2805290222168 36.50990295410156 11.5
endloop
endfacet
facet normal 0.19836249997509295 -0.8721551208582312 0.44721109530555625
outer loop
vertex 37.14014434814453 36.47797393798828 11.5
vertex 37.19633865356445 35.977989196777344 10.5
vertex 37.2805290222168 36.50990295410156 11.5
endloop
endfacet
facet normal 0.00020609797531882107 -0.8944312569135378 0.44720541608940023
outer loop
vertex 19.806894302368164 36.47397994995117 11.5
vertex 19.807008743286133 35.97399139404297 10.5
vertex 37.14014434814453 36.47797393798828 11.5
endloop
endfacet
facet normal 0.0002055154010648448 -0.8944272243466166 0.4472134815846088
outer loop
vertex 37.14014434814453 36.47797393798828 11.5
vertex 19.807008743286133 35.97399139404297 10.5
vertex 34.400177001953125 35.97734451293945 10.5
endloop
endfacet
facet normal 0.0002062195770082499 -0.894427995788853 0.44721193837220113
outer loop
vertex 37.14014434814453 36.47797393798828 11.5
vertex 34.400177001953125 35.97734451293945 10.5
vertex 37.19633865356445 35.977989196777344 10.5
endloop
endfacet
facet normal 0.10050964017406276 -0.8898973599401555 0.44494999831848703
outer loop
vertex 19.695505142211914 36.46139907836914 11.5
vertex 19.807008743286133 35.97399139404297 10.5
vertex 19.806894302368164 36.47397994995117 11.5
endloop
endfacet
facet normal 0.19946325092058095 -0.8719018396556776 0.44721537712520376
outer loop
vertex 19.507057189941406 35.90536880493164 10.5
vertex 19.653980255126953 35.93898010253906 10.5
vertex 19.695505142211914 36.46139907836914 11.5
endloop
endfacet
facet normal 0.1994812011874348 -0.8718989024007997 0.4472130972647144
outer loop
vertex 19.695505142211914 36.46139907836914 11.5
vertex 19.653980255126953 35.93898010253906 10.5
vertex 19.807008743286133 35.97399139404297 10.5
endloop
endfacet
facet normal 0.20402132463623068 -0.871423364491366 0.4460903707907463
outer loop
vertex 19.39590072631836 36.39125442504883 11.5
vertex 19.507057189941406 35.90536880493164 10.5
vertex 19.695505142211914 36.46139907836914 11.5
endloop
endfacet
facet normal 0.6329220921818449 -0.6329503299837627 0.4458514382634673
outer loop
vertex 19.14291000366211 36.24563980102539 11.5
vertex 19.507057189941406 35.90536880493164 10.5
vertex 19.1856632232666 36.28839111328125 11.5
endloop
endfacet
facet normal 0.5134193727503318 -0.7332239809774006 0.4458510305071733
outer loop
vertex 19.257057189941406 36.338382720947266 11.5
vertex 19.1856632232666 36.28839111328125 11.5
vertex 19.507057189941406 35.90536880493164 10.5
endloop
endfacet
facet normal 0.3782939013393423 -0.8112398317143498 0.44585161169332277
outer loop
vertex 19.336048126220703 36.37521743774414 11.5
vertex 19.257057189941406 36.338382720947266 11.5
vertex 19.507057189941406 35.90536880493164 10.5
endloop
endfacet
facet normal 0.23166436936167054 -0.8646084574892033 0.44585180857141316
outer loop
vertex 19.336048126220703 36.37521743774414 11.5
vertex 19.507057189941406 35.90536880493164 10.5
vertex 19.39590072631836 36.39125442504883 11.5
endloop
endfacet
facet normal 0.6539377061206642 -0.6110636579582968 0.44605681525593777
outer loop
vertex 19.391550064086914 35.78175735473633 10.5
vertex 19.507057189941406 35.90536880493164 10.5
vertex 19.14291000366211 36.24563980102539 11.5
endloop
endfacet
facet normal 0.6539421203465907 -0.61105953045884 0.44605599813479385
outer loop
vertex 19.391550064086914 35.78175735473633 10.5
vertex 19.14291000366211 36.24563980102539 11.5
vertex 19.15677833557129 35.53050994873047 10.5
endloop
endfacet
facet normal 0.6539404652988665 -0.6110607051743766 0.44605681525619084
outer loop
vertex 18.792631149291992 35.87078094482422 11.5
vertex 19.15677833557129 35.53050994873047 10.5
vertex 19.14291000366211 36.24563980102539 11.5
endloop
endfacet
facet normal 0.8803262002334107 -0.17030977458814328 0.44274186820577605
outer loop
vertex 18.659198760986328 35.558162689208984 11.5
vertex 19.15677833557129 35.53050994873047 10.5
vertex 18.686933517456055 35.70152282714844 11.5
endloop
endfacet
facet normal 0.8112409157037257 -0.3782930871040917 0.4458503301977433
outer loop
vertex 18.686933517456055 35.70152282714844 11.5
vertex 19.15677833557129 35.53050994873047 10.5
vertex 18.723766326904297 35.78050994873047 11.5
endloop
endfacet
facet normal 0.712288868926292 -0.5433821334639911 0.4442751672509113
outer loop
vertex 18.723766326904297 35.78050994873047 11.5
vertex 19.15677833557129 35.53050994873047 10.5
vertex 18.792631149291992 35.87078094482422 11.5
endloop
endfacet
facet normal 0.893639362064201 -0.04965901338751728 0.44602990141790516
outer loop
vertex 19.09728240966797 34.4598503112793 10.5
vertex 19.15677833557129 35.53050994873047 10.5
vertex 18.659198760986328 35.558162689208984 11.5
endloop
endfacet
facet normal 0.8929357645266024 -0.05107543618464344 0.447277341531896
outer loop
vertex 18.659198760986328 35.558162689208984 11.5
vertex 18.601091384887695 34.54228973388672 11.5
vertex 19.09728240966797 34.4598503112793 10.5
endloop
endfacet
facet normal 0.8611175547748249 -0.24181788806409912 0.44721433996557575
outer loop
vertex 18.56181526184082 34.402427673339844 11.5
vertex 19.024948120117188 34.202266693115234 10.5
vertex 19.09728240966797 34.4598503112793 10.5
endloop
endfacet
facet normal 0.8611172740712724 -0.2418193174186619 0.44721410758073554
outer loop
vertex 18.56181526184082 34.402427673339844 11.5
vertex 19.09728240966797 34.4598503112793 10.5
vertex 18.601091384887695 34.54228973388672 11.5
endloop
endfacet
facet normal 0.7661786142628518 -0.46148746674095475 0.44721320316742896
outer loop
vertex 18.49342155456543 34.288875579833984 11.5
vertex 18.886905670166016 33.97308349609375 10.5
vertex 19.024948120117188 34.202266693115234 10.5
endloop
endfacet
facet normal 0.7661822328126783 -0.4614802046594722 0.447214497561998
outer loop
vertex 18.49342155456543 34.288875579833984 11.5
vertex 19.024948120117188 34.202266693115234 10.5
vertex 18.56181526184082 34.402427673339844 11.5
endloop
endfacet
facet normal 0.6164053133003817 -0.6481086177951826 0.44721327045904663
outer loop
vertex 18.49342155456543 34.288875579833984 11.5
vertex 18.78065299987793 33.87202835083008 10.5
vertex 18.886905670166016 33.97308349609375 10.5
endloop
endfacet
facet normal 0.6164012651554316 -0.6481119031490632 0.44721408890069914
outer loop
vertex 18.397367477416992 34.1975212097168 11.5
vertex 18.693038940429688 33.788700103759766 10.5
vertex 18.49342155456543 34.288875579833984 11.5
endloop
endfacet
facet normal 0.6164052100112644 -0.6481087099859786 0.447213279220642
outer loop
vertex 18.693038940429688 33.788700103759766 10.5
vertex 18.78065299987793 33.87202835083008 10.5
vertex 18.49342155456543 34.288875579833984 11.5
endloop
endfacet
facet normal 0.4225050820158661 -0.7883458364010328 0.44721392856207226
outer loop
vertex 18.280529022216797 34.13490295410156 11.5
vertex 18.457223892211914 33.66231918334961 10.5
vertex 18.397367477416992 34.1975212097168 11.5
endloop
endfacet
facet normal 0.42250101459034173 -0.7883476145317975 0.44721463675975126
outer loop
vertex 18.693038940429688 33.788700103759766 10.5
vertex 18.397367477416992 34.1975212097168 11.5
vertex 18.457223892211914 33.66231918334961 10.5
endloop
endfacet
facet normal 0.19835951885973968 -0.8721538630008017 0.44721487065001686
outer loop
vertex 18.1401424407959 34.10297393798828 11.5
vertex 18.457223892211914 33.66231918334961 10.5
vertex 18.280529022216797 34.13490295410156 11.5
endloop
endfacet
facet normal 0.1983427352191281 -0.8721588431520553 0.44721260234642707
outer loop
vertex 18.1401424407959 34.10297393798828 11.5
vertex 18.196340560913086 33.602989196777344 10.5
vertex 18.338098526000977 33.63522720336914 10.5
endloop
endfacet
facet normal 0.19834953540550845 -0.8721570390936663 0.44721310464228103
outer loop
vertex 18.1401424407959 34.10297393798828 11.5
vertex 18.338098526000977 33.63522720336914 10.5
vertex 18.457223892211914 33.66231918334961 10.5
endloop
endfacet
facet normal 0.00020601348648543 -0.8944269085483788 0.4472141129515405
outer loop
vertex 0.8661155700683594 34.098995208740234 11.5
vertex 0.8527509570121765 33.59899139404297 10.5
vertex 18.1401424407959 34.10297393798828 11.5
endloop
endfacet
facet normal 0.00020605616323573906 -0.8944272031791913 0.44721352367063705
outer loop
vertex 18.1401424407959 34.10297393798828 11.5
vertex 0.8527509570121765 33.59899139404297 10.5
vertex 15.407621383666992 33.60234451293945 10.5
endloop
endfacet
facet normal 0.00020676992846848573 -0.8944279830010214 0.4472119636938632
outer loop
vertex 18.1401424407959 34.10297393798828 11.5
vertex 15.407621383666992 33.60234451293945 10.5
vertex 18.196340560913086 33.602989196777344 10.5
endloop
endfacet
facet normal -0.04798590738302388 -0.8931385122948591 0.44721465824406276
outer loop
vertex -10.632444381713867 34.71678161621094 11.5
vertex -10.683098793029785 34.218780517578125 10.5
vertex 0.8661155700683594 34.098995208740234 11.5
endloop
endfacet
facet normal -0.04798586305440937 -0.8931387875353006 0.44721411331363015
outer loop
vertex -10.683098793029785 34.218780517578125 10.5
vertex 0.8527509570121765 33.59899139404297 10.5
vertex 0.8661155700683594 34.098995208740234 11.5
endloop
endfacet
facet normal -0.13283973727129963 -0.8845070948137946 0.4472144937563552
outer loop
vertex -10.73998737335205 34.732933044433594 11.5
vertex -10.871211051940918 34.247032165527344 10.5
vertex -10.683098793029785 34.218780517578125 10.5
endloop
endfacet
facet normal -0.13284037980154645 -0.8845070328933036 0.4472144253671447
outer loop
vertex -10.73998737335205 34.732933044433594 11.5
vertex -10.683098793029785 34.218780517578125 10.5
vertex -10.632444381713867 34.71678161621094 11.5
endloop
endfacet
facet normal -0.33048839250662265 -0.8311314777849199 0.4472112353837319
outer loop
vertex -10.872347831726074 34.78556442260742 11.5
vertex -11.119821548461914 34.34589385986328 10.5
vertex -10.73998737335205 34.732933044433594 11.5
endloop
endfacet
facet normal -0.33050243474781477 -0.8311244810841139 0.4472138611094572
outer loop
vertex -10.73998737335205 34.732933044433594 11.5
vertex -11.119821548461914 34.34589385986328 10.5
vertex -10.871211051940918 34.247032165527344 10.5
endloop
endfacet
facet normal -0.5390438995966068 -0.7137457133160503 0.44721217674683905
outer loop
vertex -11.240889549255371 34.43732833862305 10.5
vertex -11.119821548461914 34.34589385986328 10.5
vertex -10.872347831726074 34.78556442260742 11.5
endloop
endfacet
facet normal -0.539047354458128 -0.7137429165335675 0.4472124760668583
outer loop
vertex -10.978130340576172 34.865455627441406 11.5
vertex -11.240889549255371 34.43732833862305 10.5
vertex -10.872347831726074 34.78556442260742 11.5
endloop
endfacet
facet normal -0.5390312144937116 -0.7137546228094365 0.44721324691873016
outer loop
vertex -10.978130340576172 34.865455627441406 11.5
vertex -11.333321571350098 34.50713348388672 10.5
vertex -11.240889549255371 34.43732833862305 10.5
endloop
endfacet
facet normal -0.7089915131741642 -0.5452806173610568 0.4472136878242366
outer loop
vertex -11.464239120483398 34.6773567199707 10.5
vertex -11.333321571350098 34.50713348388672 10.5
vertex -10.978130340576172 34.865455627441406 11.5
endloop
endfacet
facet normal -0.7089912711733941 -0.5452809735505547 0.44721363718439294
outer loop
vertex -11.496429443359375 34.71921157836914 10.5
vertex -11.464239120483398 34.6773567199707 10.5
vertex -10.978130340576172 34.865455627441406 11.5
endloop
endfacet
facet normal -0.7089906673345319 -0.5452819037870839 0.447213460256809
outer loop
vertex -11.058943748474121 34.97053146362305 11.5
vertex -11.496429443359375 34.71921157836914 10.5
vertex -10.978130340576172 34.865455627441406 11.5
endloop
endfacet
facet normal -0.8282012653443874 -0.3377625148370187 0.4472126425459462
outer loop
vertex -11.509349822998047 34.750892639160156 10.5
vertex -11.496429443359375 34.71921157836914 10.5
vertex -11.058943748474121 34.97053146362305 11.5
endloop
endfacet
facet normal -0.8281930617972473 -0.3377813856635539 0.44721358196068933
outer loop
vertex -11.10900592803955 35.09327697753906 11.5
vertex -11.597468376159668 34.96694564819336 10.5
vertex -11.058943748474121 34.97053146362305 11.5
endloop
endfacet
facet normal -0.8281924248770222 -0.33778339189139595 0.44721324615742497
outer loop
vertex -11.597468376159668 34.96694564819336 10.5
vertex -11.509349822998047 34.750892639160156 10.5
vertex -11.058943748474121 34.97053146362305 11.5
endloop
endfacet
facet normal -0.8881115339248785 -0.1061040775740234 0.44721340323358466
outer loop
vertex -11.629206657409668 35.232601165771484 10.5
vertex -11.597468376159668 34.96694564819336 10.5
vertex -11.10900592803955 35.09327697753906 11.5
endloop
endfacet
facet normal -0.8881116237552046 -0.10610177875084684 0.44721377024505876
outer loop
vertex -11.126092910766602 35.23630142211914 11.5
vertex -11.629206657409668 35.232601165771484 10.5
vertex -11.10900592803955 35.09327697753906 11.5
endloop
endfacet
facet normal -0.8902486672543509 0.09289222572734594 0.4459017210678511
outer loop
vertex -10.819439888000488 42.97536849975586 10.5
vertex -11.126092910766602 35.23630142211914 11.5
vertex -10.323973655700684 42.92354965209961 11.5
endloop
endfacet
facet normal -0.8895755344699742 0.09303504491623525 0.4472134265536912
outer loop
vertex -10.819439888000488 42.97536849975586 10.5
vertex -11.629206657409668 35.232601165771484 10.5
vertex -11.126092910766602 35.23630142211914 11.5
endloop
endfacet
facet normal -0.8960806608105006 -0.00173365256347867 0.44388787297042226
outer loop
vertex -10.819439888000488 42.97536849975586 10.5
vertex -10.323973655700684 42.92354965209961 11.5
vertex -10.324178695678711 43.0295295715332 11.5
endloop
endfacet
facet normal -0.889760818284416 -0.09730565828835125 0.44593418248763717
outer loop
vertex -10.854439735412598 43.295406341552734 10.5
vertex -10.324178695678711 43.0295295715332 11.5
vertex -10.35917854309082 43.34956741333008 11.5
endloop
endfacet
facet normal -0.8897606149395028 -0.09730751766550426 0.4459341824846525
outer loop
vertex -10.84310245513916 43.191734313964844 10.5
vertex -10.819439888000488 42.97536849975586 10.5
vertex -10.324178695678711 43.0295295715332 11.5
endloop
endfacet
facet normal -0.8897607440006114 -0.09730172319129474 0.44593518934872484
outer loop
vertex -10.854439735412598 43.295406341552734 10.5
vertex -10.84310245513916 43.191734313964844 10.5
vertex -10.324178695678711 43.0295295715332 11.5
endloop
endfacet
facet normal -0.8112478942200645 -0.37827807227709626 0.44585037193865273
outer loop
vertex -10.854439735412598 43.295406341552734 10.5
vertex -10.384593963623047 43.46641540527344 11.5
vertex -10.421426773071289 43.545406341552734 11.5
endloop
endfacet
facet normal -0.8755771307375964 -0.1904453864888262 0.44395409998606794
outer loop
vertex -10.854439735412598 43.295406341552734 10.5
vertex -10.35917854309082 43.34956741333008 11.5
vertex -10.384593963623047 43.46641540527344 11.5
endloop
endfacet
facet normal -0.7332224125088388 -0.513422196651093 0.4458503580582665
outer loop
vertex -10.854439735412598 43.295406341552734 10.5
vertex -10.421426773071289 43.545406341552734 11.5
vertex -10.471417427062988 43.616798400878906 11.5
endloop
endfacet
facet normal -0.6729845169179642 -0.5892056288866724 0.44713372370796983
outer loop
vertex -11.19741439819336 43.68714904785156 10.5
vertex -10.992520332336426 43.453121185302734 10.5
vertex -10.471417427062988 43.616798400878906 11.5
endloop
endfacet
facet normal -0.6730787476852967 -0.5890370465758156 0.44721399483427743
outer loop
vertex -10.821220397949219 44.016510009765625 11.5
vertex -11.19741439819336 43.68714904785156 10.5
vertex -10.471417427062988 43.616798400878906 11.5
endloop
endfacet
facet normal -0.672985562379591 -0.5892041989515783 0.44713403445326616
outer loop
vertex -10.471417427062988 43.616798400878906 11.5
vertex -10.992520332336426 43.453121185302734 10.5
vertex -10.854439735412598 43.295406341552734 10.5
endloop
endfacet
facet normal -0.6261495342555459 -0.6394363499216638 0.44615906933561555
outer loop
vertex -10.876020431518555 44.07017135620117 11.5
vertex -11.19741439819336 43.68714904785156 10.5
vertex -10.821220397949219 44.016510009765625 11.5
endloop
endfacet
facet normal -0.3782976224166575 -0.8112380170853483 0.4458517562030415
outer loop
vertex -11.02640438079834 44.15699768066406 11.5
vertex -11.19741439819336 43.68714904785156 10.5
vertex -10.94741439819336 44.12016296386719 11.5
endloop
endfacet
facet normal -0.2316595812208756 -0.8646097383846099 0.4458518125106871
outer loop
vertex -11.110589981079102 44.1795539855957 11.5
vertex -11.19741439819336 43.68714904785156 10.5
vertex -11.02640438079834 44.15699768066406 11.5
endloop
endfacet
facet normal -0.5134193727503318 -0.7332239809774006 0.4458510305071733
outer loop
vertex -10.94741439819336 44.12016296386719 11.5
vertex -11.19741439819336 43.68714904785156 10.5
vertex -10.876020431518555 44.07017135620117 11.5
endloop
endfacet
facet normal -0.07800237344837256 -0.8917020350905633 0.4458509956832759
outer loop
vertex -11.19741439819336 43.68714904785156 10.5
vertex -11.110589981079102 44.1795539855957 11.5
vertex -11.144124984741211 44.18248748779297 11.5
endloop
endfacet
facet normal -0.09574117490803556 -0.889936701432807 0.44592184838839644
outer loop
vertex -11.144124984741211 44.18248748779297 11.5
vertex -16.537181854248047 44.26161193847656 10.5
vertex -11.19741439819336 43.68714904785156 10.5
endloop
endfacet
facet normal -0.0957411158909877 -0.8899367077819756 0.4459218483883999
outer loop
vertex -30.26807975769043 46.2398796081543 11.5
vertex -30.321369171142578 45.74454116821289 10.5
vertex -11.144124984741211 44.18248748779297 11.5
endloop
endfacet
facet normal -0.09574111191088537 -0.8899368857555376 0.4459214940567481
outer loop
vertex -11.144124984741211 44.18248748779297 11.5
vertex -30.321369171142578 45.74454116821289 10.5
vertex -16.537181854248047 44.26161193847656 10.5
endloop
endfacet
facet normal -0.08857392007043025 -0.8906843947528997 0.4459102708247677
outer loop
vertex -30.314456939697266 46.24449157714844 11.5
vertex -30.321369171142578 45.74454116821289 10.5
vertex -30.26807975769043 46.2398796081543 11.5
endloop
endfacet
facet normal -0.012362434052316044 -0.8943423999849088 0.4472123006062506
outer loop
vertex -30.627418518066406 45.74877166748047 10.5
vertex -30.321369171142578 45.74454116821289 10.5
vertex -30.314456939697266 46.24449157714844 11.5
endloop
endfacet
facet normal -0.01236591599844345 -0.8943419247433206 0.44721315473488926
outer loop
vertex -30.56717300415039 46.24798583984375 11.5
vertex -30.627418518066406 45.74877166748047 10.5
vertex -30.314456939697266 46.24449157714844 11.5
endloop
endfacet
facet normal -0.200767295145317 -0.8716040142188505 0.4472124054603351
outer loop
vertex -30.71014404296875 46.28091812133789 11.5
vertex -30.627418518066406 45.74877166748047 10.5
vertex -30.56717300415039 46.24798583984375 11.5
endloop
endfacet
facet normal -0.20075525085997373 -0.8716057918482889 0.4472143477893641
outer loop
vertex -30.888137817382812 45.80882263183594 10.5
vertex -30.627418518066406 45.74877166748047 10.5
vertex -30.71014404296875 46.28091812133789 11.5
endloop
endfacet
facet normal -0.42466927338320176 -0.7871819475155606 0.44721425485978494
outer loop
vertex -30.82879638671875 46.34492874145508 11.5
vertex -31.123605728149414 45.93585205078125 10.5
vertex -30.71014404296875 46.28091812133789 11.5
endloop
endfacet
facet normal -0.42466700349436926 -0.7871834171530085 0.44721382346974237
outer loop
vertex -30.71014404296875 46.28091812133789 11.5
vertex -31.123605728149414 45.93585205078125 10.5
vertex -30.888137817382812 45.80882263183594 10.5
endloop
endfacet
facet normal -0.6124220354333414 -0.6518731166872663 0.4472143672290872
outer loop
vertex -31.064695358276367 46.566551208496094 11.5
vertex -31.40704917907715 46.20214080810547 10.5
vertex -30.82879638671875 46.34492874145508 11.5
endloop
endfacet
facet normal -0.6124209364063109 -0.6518743820150215 0.44721402787004694
outer loop
vertex -31.2601261138916 46.064109802246094 10.5
vertex -31.123605728149414 45.93585205078125 10.5
vertex -30.82879638671875 46.34492874145508 11.5
endloop
endfacet
facet normal -0.6124213347605955 -0.6518739693871417 0.44721408381836836
outer loop
vertex -31.40704917907715 46.20214080810547 10.5
vertex -31.2601261138916 46.064109802246094 10.5
vertex -30.82879638671875 46.34492874145508 11.5
endloop
endfacet
facet normal -0.3562161405262987 -0.8217085547736556 0.44486527425765493
outer loop
vertex -31.251680374145508 46.676177978515625 11.5
vertex -31.40704917907715 46.20214080810547 10.5
vertex -31.15704917907715 46.635154724121094 11.5
endloop
endfacet
facet normal -0.53406459164512 -0.718955947716212 0.44483407827460186
outer loop
vertex -31.15704917907715 46.635154724121094 11.5
vertex -31.40704917907715 46.20214080810547 10.5
vertex -31.064695358276367 46.566551208496094 11.5
endloop
endfacet
facet normal -0.2785733459501775 -0.8499385961808016 0.4472150194798146
outer loop
vertex -49.59233093261719 52.16249465942383 10.5
vertex -31.40704917907715 46.20214080810547 10.5
vertex -49.375370025634766 52.617557525634766 11.5
endloop
endfacet
facet normal -0.27875310852216767 -0.850313431111013 0.44638971018768503
outer loop
vertex -31.251680374145508 46.676177978515625 11.5
vertex -49.375370025634766 52.617557525634766 11.5
vertex -31.40704917907715 46.20214080810547 10.5
endloop
endfacet
facet normal -0.484940953263201 -0.7515515515371383 0.44721643220067164
outer loop
vertex -49.375370025634766 52.617557525634766 11.5
vertex -49.489322662353516 52.69108581542969 11.5
vertex -49.59233093261719 52.16249465942383 10.5
endloop
endfacet
facet normal -0.48496548465341904 -0.7515383658386094 0.447211989293117
outer loop
vertex -49.817134857177734 52.307559967041016 10.5
vertex -49.59233093261719 52.16249465942383 10.5
vertex -49.489322662353516 52.69108581542969 11.5
endloop
endfacet
facet normal -0.6668733978031811 -0.5960549838771796 0.44721172558153655
outer loop
vertex -49.93695831298828 52.441619873046875 10.5
vertex -49.817134857177734 52.307559967041016 10.5
vertex -49.489322662353516 52.69108581542969 11.5
endloop
endfacet
facet normal -0.6668814689950374 -0.5960456326517914 0.44721215335425163
outer loop
vertex -49.58163833618164 52.79437255859375 11.5
vertex -49.99542999267578 52.507041931152344 10.5
vertex -49.489322662353516 52.69108581542969 11.5
endloop
endfacet
facet normal -0.6668873629722822 -0.5960378716990754 0.4472137079834564
outer loop
vertex -49.93695831298828 52.441619873046875 10.5
vertex -49.489322662353516 52.69108581542969 11.5
vertex -49.99542999267578 52.507041931152344 10.5
endloop
endfacet
facet normal -0.7914789489852176 -0.41660856092691567 0.4472117845894267
outer loop
vertex -50.242088317871094 52.97564697265625 10.5
vertex -49.99542999267578 52.507041931152344 10.5
vertex -49.58163833618164 52.79437255859375 11.5
endloop
endfacet
facet normal -0.7914802795650482 -0.4166042510482068 0.447213444641589
outer loop
vertex -49.79963684082031 53.208534240722656 11.5
vertex -50.242088317871094 52.97564697265625 10.5
vertex -49.58163833618164 52.79437255859375 11.5
endloop
endfacet
facet normal -0.6501656781013587 -0.6242962917391681 0.43305742245079193
outer loop
vertex -50.242088317871094 52.97564697265625 10.5
vertex -49.79963684082031 53.208534240722656 11.5
vertex -49.9912109375 53.40804672241211 11.5
endloop
endfacet
facet normal -0.4488773470333904 -0.7736713574113018 0.44714847426958626
outer loop
vertex -49.9912109375 53.40804672241211 11.5
vertex -66.927978515625 62.656654357910156 10.5
vertex -50.242088317871094 52.97564697265625 10.5
endloop
endfacet
facet normal -0.44887788085896113 -0.7736726312478787 0.44714573433451466
outer loop
vertex -66.67710876464844 63.089054107666016 11.5
vertex -66.927978515625 62.656654357910156 10.5
vertex -49.9912109375 53.40804672241211 11.5
endloop
endfacet
facet normal -0.37999981134403643 -0.8104804452219587 0.4457819997390116
outer loop
vertex -66.927978515625 62.656654357910156 10.5
vertex -66.67710876464844 63.089054107666016 11.5
vertex -66.75697326660156 63.12649917602539 11.5
endloop
endfacet
facet normal -0.23165976537536626 -0.8646115132019159 0.44584827502741736
outer loop
vertex -66.927978515625 62.656654357910156 10.5
vertex -66.75697326660156 63.12649917602539 11.5
vertex -66.83737182617188 63.148040771484375 11.5
endloop
endfacet
facet normal -0.16294658564311917 -0.8795499459747788 0.4470350129050446
outer loop
vertex -67.20479583740234 63.21611022949219 11.5
vertex -67.02066802978516 62.673744201660156 10.5
vertex -66.83737182617188 63.148040771484375 11.5
endloop
endfacet
facet normal -0.16219989355350709 -0.879717190527481 0.4469774705974191
outer loop
vertex -67.02066802978516 62.673744201660156 10.5
vertex -66.927978515625 62.656654357910156 10.5
vertex -66.83737182617188 63.148040771484375 11.5
endloop
endfacet
facet normal -0.16220420969272603 -0.8796030390941322 0.4472005008654672
outer loop
vertex -67.29161834716797 62.72370910644531 10.5
vertex -67.02066802978516 62.673744201660156 10.5
vertex -67.20479583740234 63.21611022949219 11.5
endloop
endfacet
facet normal -0.07804326601463563 -0.8916991639021621 0.44584958195108104
outer loop
vertex -67.29161834716797 63.22370910644531 11.5
vertex -67.29161834716797 62.72370910644531 10.5
vertex -67.20479583740234 63.21611022949219 11.5
endloop
endfacet
facet normal 0.07803645044604313 -0.89169964109078 0.44584982054539
outer loop
vertex -67.37844848632812 63.21611022949219 11.5
vertex -67.29161834716797 62.72370910644531 10.5
vertex -67.29161834716797 63.22370910644531 11.5
endloop
endfacet
facet normal 0.25082752850747175 -0.8596492261025979 0.445071633564798
outer loop
vertex -67.48322296142578 63.18553924560547 11.5
vertex -67.29161834716797 62.72370910644531 10.5
vertex -67.37844848632812 63.21611022949219 11.5
endloop
endfacet
facet normal 0.3427518189029816 -0.8261486373702653 0.44721317021075246
outer loop
vertex -67.48322296142578 63.18553924560547 11.5
vertex -67.571533203125 62.60757827758789 10.5
vertex -67.29161834716797 62.72370910644531 10.5
endloop
endfacet
facet normal 0.3427543667221921 -0.8261479250002336 0.44721253349014906
outer loop
vertex -67.48322296142578 63.18553924560547 11.5
vertex -67.68164825439453 62.561893463134766 10.5
vertex -67.571533203125 62.60757827758789 10.5
endloop
endfacet
facet normal 0.3457601773018965 -0.8254521968462514 0.44618221671628555
outer loop
vertex -67.8727035522461 63.022396087646484 11.5
vertex -67.68164825439453 62.561893463134766 10.5
vertex -67.48322296142578 63.18553924560547 11.5
endloop
endfacet
facet normal 0.6329560466191306 -0.6329168664243537 0.4458507409928325
outer loop
vertex -68.00304412841797 62.944915771484375 11.5
vertex -68.06466674804688 62.8832893371582 11.5
vertex -67.68164825439453 62.561893463134766 10.5
endloop
endfacet
facet normal 0.5134100570581702 -0.7332302653873112 0.44585142282107815
outer loop
vertex -68.00304412841797 62.944915771484375 11.5
vertex -67.68164825439453 62.561893463134766 10.5
vertex -67.93164825439453 62.99490737915039 11.5
endloop
endfacet
facet normal 0.37831482616610046 -0.8112296272437669 0.44585242422224436
outer loop
vertex -67.93164825439453 62.99490737915039 11.5
vertex -67.68164825439453 62.561893463134766 10.5
vertex -67.8727035522461 63.022396087646484 11.5
endloop
endfacet
facet normal 0.733205464749528 -0.5134460943715794 0.44585070891050493
outer loop
vertex -68.06466674804688 62.8832893371582 11.5
vertex -68.11405181884766 62.812767028808594 11.5
vertex -67.68164825439453 62.561893463134766 10.5
endloop
endfacet
facet normal 0.7736711268853851 -0.44887675691238477 0.44714946553442064
outer loop
vertex -77.79505157470703 46.12687301635742 11.5
vertex -67.68164825439453 62.561893463134766 10.5
vertex -68.11405181884766 62.812767028808594 11.5
endloop
endfacet
facet normal 0.7736730153252739 -0.44887820631885683 0.4471447430636574
outer loop
vertex -77.79505157470703 46.12687301635742 11.5
vertex -77.36265563964844 45.875999450683594 10.5
vertex -67.68164825439453 62.561893463134766 10.5
endloop
endfacet
facet normal 0.8636322741447475 -0.2350588886703558 0.44596705473905696
outer loop
vertex -77.85436248779297 45.966670989990234 11.5
vertex -77.36265563964844 45.875999450683594 10.5
vertex -77.8324966430664 46.0470085144043 11.5
endloop
endfacet
facet normal 0.810481038527552 -0.3800000895197961 0.4457806839155862
outer loop
vertex -77.8324966430664 46.0470085144043 11.5
vertex -77.36265563964844 45.875999450683594 10.5
vertex -77.79505157470703 46.12687301635742 11.5
endloop
endfacet
facet normal 0.8796033543709234 -0.1621724067186108 0.447211414745323
outer loop
vertex -77.85436248779297 45.966670989990234 11.5
vertex -77.39818572998047 45.68328857421875 10.5
vertex -77.36265563964844 45.875999450683594 10.5
endloop
endfacet
facet normal 0.8795896234569597 -0.162223903058568 0.4472197441787297
outer loop
vertex -77.4297103881836 45.512359619140625 10.5
vertex -77.39818572998047 45.68328857421875 10.5
vertex -77.85436248779297 45.966670989990234 11.5
endloop
endfacet
facet normal 0.8796101930844478 -0.16216369121161575 0.4472011241875004
outer loop
vertex -77.85436248779297 45.966670989990234 11.5
vertex -77.92211151123047 45.599185943603516 11.5
vertex -77.4297103881836 45.512359619140625 10.5
endloop
endfacet
facet normal 0.8565504550847104 0.26214086686741384 0.4445261340035887
outer loop
vertex -77.92211151123047 45.425537109375 11.5
vertex -77.89021301269531 45.32130813598633 11.5
vertex -77.4297103881836 45.512359619140625 10.5
endloop
endfacet
facet normal 0.8916991639021621 0.07804326601463563 0.44584958195108104
outer loop
vertex -77.9297103881836 45.512359619140625 11.5
vertex -77.92211151123047 45.425537109375 11.5
vertex -77.4297103881836 45.512359619140625 10.5
endloop
endfacet
facet normal 0.8916994025120991 -0.0780398580819868 0.44584970125604956
outer loop
vertex -77.92211151123047 45.599185943603516 11.5
vertex -77.9297103881836 45.512359619140625 11.5
vertex -77.4297103881836 45.512359619140625 10.5
endloop
endfacet
facet normal 0.8266192762821679 0.3429593194633331 0.44618323284497396
outer loop
vertex -77.26789093017578 45.12233352661133 10.5
vertex -77.89021301269531 45.32130813598633 11.5
vertex -77.7283935546875 44.93128204345703 11.5
endloop
endfacet
facet normal 0.8266136445724754 0.342972893182165 0.4461832327069949
outer loop
vertex -77.36772918701172 45.36297607421875 10.5
vertex -77.4297103881836 45.512359619140625 10.5
vertex -77.89021301269531 45.32130813598633 11.5
endloop
endfacet
facet normal 0.8266213514404919 0.34295030372525964 0.4461863181647851
outer loop
vertex -77.26789093017578 45.12233352661133 10.5
vertex -77.36772918701172 45.36297607421875 10.5
vertex -77.89021301269531 45.32130813598633 11.5
endloop
endfacet
facet normal 0.6826486296267728 0.5925945379401617 0.4275775509450602
outer loop
vertex -77.51881408691406 44.68985366821289 11.5
vertex -77.26789093017578 45.12233352661133 10.5
vertex -77.7283935546875 44.93128204345703 11.5
endloop
endfacet
facet normal 0.4488610289503471 0.7736434089280303 0.4472132069962295
outer loop
vertex -66.56631469726562 38.91337203979492 10.5
vertex -77.51881408691406 44.68985366821289 11.5
vertex -60.83292007446289 35.008846282958984 11.5
endloop
endfacet
facet normal 0.4488608181543244 0.7736427860994657 0.4472144960106803
outer loop
vertex -66.56631469726562 38.91337203979492 10.5
vertex -77.26789093017578 45.12233352661133 10.5
vertex -77.51881408691406 44.68985366821289 11.5
endloop
endfacet
facet normal 0.44886106185172087 0.7736434365463501 0.4472131261961115
outer loop
vertex -60.582000732421875 35.44132614135742 10.5
vertex -66.56631469726562 38.91337203979492 10.5
vertex -60.83292007446289 35.008846282958984 11.5
endloop
endfacet
facet normal 0.37914742585198 0.810860671439232 0.4458163309962246
outer loop
vertex -60.75300979614258 34.97148132324219 11.5
vertex -60.582000732421875 35.44132614135742 10.5
vertex -60.83292007446289 35.008846282958984 11.5
endloop
endfacet
facet normal 0.2316596741010545 0.8646111725436204 0.44584898307402143
outer loop
vertex -60.582000732421875 35.44132614135742 10.5
vertex -60.75300979614258 34.97148132324219 11.5
vertex -60.672611236572266 34.9499397277832 11.5
endloop
endfacet
facet normal 0.1622181278138397 0.8797135767426376 0.4469779657916575
outer loop
vertex -60.672611236572266 34.9499397277832 11.5
vertex -60.3089714050293 34.88288497924805 11.5
vertex -60.218360900878906 35.374271392822266 10.5
endloop
endfacet
facet normal 0.16222176352236561 0.8797123349211072 0.4469790903692782
outer loop
vertex -60.218360900878906 35.374271392822266 10.5
vertex -60.29912185668945 35.389163970947266 10.5
vertex -60.672611236572266 34.9499397277832 11.5
endloop
endfacet
facet normal 0.16221706073722583 0.8797137735095059 0.4469779657918732
outer loop
vertex -60.29912185668945 35.389163970947266 10.5
vertex -60.582000732421875 35.44132614135742 10.5
vertex -60.672611236572266 34.9499397277832 11.5
endloop
endfacet
facet normal 0.08472006302152389 0.8912115398362519 0.44560576991812595
outer loop
vertex -60.218360900878906 35.374271392822266 10.5
vertex -60.3089714050293 34.88288497924805 11.5
vertex -60.218360900878906 34.874271392822266 11.5
endloop
endfacet
facet normal -0.181845588092047 0.8795144942939633 0.43975724714698167
outer loop
vertex -60.218360900878906 35.374271392822266 10.5
vertex -60.218360900878906 34.874271392822266 11.5
vertex -60.02730941772461 34.91377258300781 11.5
endloop
endfacet
facet normal -0.33993319456206283 0.8273135232902422 0.4472110882077017
outer loop
vertex -59.82833480834961 35.53608703613281 10.5
vertex -60.02730941772461 34.91377258300781 11.5
vertex -59.6367301940918 35.074256896972656 11.5
endloop
endfacet
facet normal -0.34296070760883357 0.8266200635591814 0.4461807072900654
outer loop
vertex -60.142093658447266 35.405914306640625 10.5
vertex -60.218360900878906 35.374271392822266 10.5
vertex -60.02730941772461 34.91377258300781 11.5
endloop
endfacet
facet normal -0.3429508749389352 0.8266237681317378 0.4461814018292401
outer loop
vertex -59.82833480834961 35.53608703613281 10.5
vertex -60.142093658447266 35.405914306640625 10.5
vertex -60.02730941772461 34.91377258300781 11.5
endloop
endfacet
facet normal -0.6329361160792808 0.6329361160792808 0.44585170844682276
outer loop
vertex -59.82833480834961 35.53608703613281 10.5
vertex -59.50693893432617 35.1530647277832 11.5
vertex -59.4453125 35.214691162109375 11.5
endloop
endfacet
facet normal -0.3959706997560996 0.8024251352748707 0.4464539250737643
outer loop
vertex -59.82833480834961 35.53608703613281 10.5
vertex -59.6367301940918 35.074256896972656 11.5
vertex -59.57833480834961 35.10307312011719 11.5
endloop
endfacet
facet normal -0.5134100570581702 0.7332302653873112 0.44585142282107815
outer loop
vertex -59.82833480834961 35.53608703613281 10.5
vertex -59.57833480834961 35.10307312011719 11.5
vertex -59.50693893432617 35.1530647277832 11.5
endloop
endfacet
facet normal -0.7297355434404146 0.5181940381078299 0.4460504181247047
outer loop
vertex -59.39867401123047 35.28036880493164 11.5
vertex -59.82833480834961 35.53608703613281 10.5
vertex -59.4453125 35.214691162109375 11.5
endloop
endfacet
facet normal -0.7685985475867753 0.45744581278884955 0.4472131494147376
outer loop
vertex -58.17122268676758 38.32035827636719 10.5
vertex -59.39867401123047 35.28036880493164 11.5
vertex -57.75070571899414 38.049278259277344 11.5
endloop
endfacet
facet normal -0.7685988226575066 0.4574447645641632 0.4472137488744416
outer loop
vertex -58.98038101196289 36.960819244384766 10.5
vertex -59.82833480834961 35.53608703613281 10.5
vertex -59.39867401123047 35.28036880493164 11.5
endloop
endfacet
facet normal -0.7685960042270172 0.4574461202671698 0.44721720599589737
outer loop
vertex -58.17122268676758 38.32035827636719 10.5
vertex -58.98038101196289 36.960819244384766 10.5
vertex -59.39867401123047 35.28036880493164 11.5
endloop
endfacet
facet normal -0.733973148453274 0.5111592289811305 0.4472132153425301
outer loop
vertex -57.69649124145508 38.12712478637695 11.5
vertex -58.17122268676758 38.32035827636719 10.5
vertex -57.75070571899414 38.049278259277344 11.5
endloop
endfacet
facet normal -0.7339664864650086 0.5111697783094261 0.44721209117073585
outer loop
vertex -58.07547378540039 38.45783996582031 10.5
vertex -58.17122268676758 38.32035827636719 10.5
vertex -57.69649124145508 38.12712478637695 11.5
endloop
endfacet
facet normal -0.6058384921119222 0.6579977863639696 0.44721206895126187
outer loop
vertex -57.8786506652832 38.639060974121094 10.5
vertex -58.07547378540039 38.45783996582031 10.5
vertex -57.69649124145508 38.12712478637695 11.5
endloop
endfacet
facet normal -0.6058327675906999 0.658002222337092 0.44721329711094354
outer loop
vertex -57.8786506652832 38.639060974121094 10.5
vertex -57.69649124145508 38.12712478637695 11.5
vertex -57.589630126953125 38.22551345825195 11.5
endloop
endfacet
facet normal -0.40968926422559265 0.7950808174862447 0.4472149376347994
outer loop
vertex -57.64082336425781 38.76161193847656 10.5
vertex -57.589630126953125 38.22551345825195 11.5
vertex -57.47179412841797 38.286231994628906 11.5
endloop
endfacet
facet normal -0.4096983591547213 0.7950770155481883 0.4472133650204506
outer loop
vertex -57.589630126953125 38.22551345825195 11.5
vertex -57.64082336425781 38.76161193847656 10.5
vertex -57.8786506652832 38.639060974121094 10.5
endloop
endfacet
facet normal -0.18423801033904622 0.8752463735092576 0.44721375337214586
outer loop
vertex -57.47179412841797 38.286231994628906 11.5
vertex -57.34207534790039 38.31353759765625 11.5
vertex -57.56025695800781 38.778568267822266 10.5
endloop
endfacet
facet normal -0.1842091086641531 0.8752522778373258 0.4472141035630817
outer loop
vertex -57.56025695800781 38.778568267822266 10.5
vertex -57.64082336425781 38.76161193847656 10.5
vertex -57.47179412841797 38.286231994628906 11.5
endloop
endfacet
facet normal -0.1842170057854493 0.8752518378878268 0.44721171166845053
outer loop
vertex -57.56025695800781 38.778568267822266 10.5
vertex -57.34207534790039 38.31353759765625 11.5
vertex -57.37901306152344 38.816715240478516 10.5
endloop
endfacet
facet normal 0.054431863610489684 0.8927698092979603 0.4472127456032222
outer loop
vertex -57.182228088378906 38.804718017578125 10.5
vertex -57.20976257324219 38.30546951293945 11.5
vertex -57.11196517944336 38.80043411254883 10.5
endloop
endfacet
facet normal 0.05442878491649767 0.8927705242297135 0.44721169309300957
outer loop
vertex -57.182228088378906 38.804718017578125 10.5
vertex -57.37901306152344 38.816715240478516 10.5
vertex -57.34207534790039 38.31353759765625 11.5
endloop
endfacet
facet normal 0.05443872793304617 0.8927693987506886 0.4472127296436962
outer loop
vertex -57.20976257324219 38.30546951293945 11.5
vertex -57.182228088378906 38.804718017578125 10.5
vertex -57.34207534790039 38.31353759765625 11.5
endloop
endfacet
facet normal 0.2891933678411932 0.8463850875447436 0.44721301365070437
outer loop
vertex -56.858787536621094 38.71392822265625 10.5
vertex -57.11196517944336 38.80043411254883 10.5
vertex -57.20976257324219 38.30546951293945 11.5
endloop
endfacet
facet normal 0.28919951915118125 0.8463824205741777 0.4472140832595965
outer loop
vertex -57.07279968261719 38.258670806884766 11.5
vertex -56.858787536621094 38.71392822265625 10.5
vertex -57.20976257324219 38.30546951293945 11.5
endloop
endfacet
facet normal 0.467214224874123 0.7626994796926171 0.4472140111310062
outer loop
vertex -55.93979263305664 38.150970458984375 10.5
vertex -57.07279968261719 38.258670806884766 11.5
vertex -55.81237030029297 38.072914123535156 10.5
endloop
endfacet
facet normal 0.46721391695645775 0.7626999467591549 0.44721353626180266
outer loop
vertex -56.0922966003418 37.65803527832031 11.5
vertex -55.81237030029297 38.072914123535156 10.5
vertex -57.07279968261719 38.258670806884766 11.5
endloop
endfacet
facet normal 0.4672142853075629 0.7626993973217846 0.447214088473887
outer loop
vertex -55.93979263305664 38.150970458984375 10.5
vertex -56.858787536621094 38.71392822265625 10.5
vertex -57.07279968261719 38.258670806884766 11.5
endloop
endfacet
facet normal 0.5323567768462805 0.7187464573935729 0.44721336309420434
outer loop
vertex -56.01826095581055 37.60319900512695 11.5
vertex -55.81237030029297 38.072914123535156 10.5
vertex -56.0922966003418 37.65803527832031 11.5
endloop
endfacet
facet normal 0.5323409119160997 0.7187571231077112 0.4472151065005091
outer loop
vertex -55.67654037475586 37.972312927246094 10.5
vertex -55.81237030029297 38.072914123535156 10.5
vertex -56.01826095581055 37.60319900512695 11.5
endloop
endfacet
facet normal 0.6756539220764818 0.5860839344943177 0.44721068783105766
outer loop
vertex -55.923160552978516 37.49356460571289 11.5
vertex -55.5012321472168 37.77020263671875 10.5
vertex -56.01826095581055 37.60319900512695 11.5
endloop
endfacet
facet normal 0.6756669610746587 0.5860660387140353 0.44721444070845295
outer loop
vertex -55.5012321472168 37.77020263671875 10.5
vertex -55.67654037475586 37.972312927246094 10.5
vertex -56.01826095581055 37.60319900512695 11.5
endloop
endfacet
facet normal 0.8068756323723029 0.3859418706395433 0.44721425108223756
outer loop
vertex -55.38578414916992 37.52885055541992 10.5
vertex -55.43147659301758 37.6243782043457 10.5
vertex -55.923160552978516 37.49356460571289 11.5
endloop
endfacet
facet normal 0.8068650510677713 0.385966315008378 0.4472122460803775
outer loop
vertex -55.43147659301758 37.6243782043457 10.5
vertex -55.5012321472168 37.77020263671875 10.5
vertex -55.923160552978516 37.49356460571289 11.5
endloop
endfacet
facet normal 0.8068778299234366 0.3859361420783466 0.4472152298566407
outer loop
vertex -55.865962982177734 37.37398147583008 11.5
vertex -55.38578414916992 37.52885055541992 10.5
vertex -55.923160552978516 37.49356460571289 11.5
endloop
endfacet
facet normal 0.880322390793138 0.15821711409290157 0.44721340887362415
outer loop
vertex -55.84251403808594 37.24351119995117 11.5
vertex -55.33845901489258 37.26552200317383 10.5
vertex -55.865962982177734 37.37398147583008 11.5
endloop
endfacet
facet normal 0.880323017316633 0.15821073957453496 0.44721443074415385
outer loop
vertex -55.33845901489258 37.26552200317383 10.5
vertex -55.38578414916992 37.52885055541992 10.5
vertex -55.865962982177734 37.37398147583008 11.5
endloop
endfacet
facet normal 0.8907625406066931 -0.08087301415235416 0.4472154423025019
outer loop
vertex -55.855552673339844 37.09989929199219 11.5
vertex -55.362648010253906 36.99906921386719 10.5
vertex -55.84251403808594 37.24351119995117 11.5
endloop
endfacet
facet normal 0.8907651791910202 -0.08085767840091779 0.4472129597679428
outer loop
vertex -55.362648010253906 36.99906921386719 10.5
vertex -55.3441047668457 37.20335006713867 10.5
vertex -55.84251403808594 37.24351119995117 11.5
endloop
endfacet
facet normal 0.8907624025756388 -0.08088896526027399 0.44721283239280796
outer loop
vertex -55.3441047668457 37.20335006713867 10.5
vertex -55.33845901489258 37.26552200317383 10.5
vertex -55.84251403808594 37.24351119995117 11.5
endloop
endfacet
facet normal 0.8514919132833103 -0.27524643239362173 0.4463193061785597
outer loop
vertex -56.91594696044922 33.81950378417969 11.5
vertex -56.441429138183594 33.66592788696289 10.5
vertex -55.855552673339844 37.09989929199219 11.5
endloop
endfacet
facet normal 0.8509661135462322 -0.2754177197322618 0.4472155556926685
outer loop
vertex -56.441429138183594 33.66592788696289 10.5
vertex -55.362648010253906 36.99906921386719 10.5
vertex -55.855552673339844 37.09989929199219 11.5
endloop
endfacet
facet normal 0.8790344084769199 -0.1740595185540146 0.4438488399380764
outer loop
vertex -56.937530517578125 33.71050262451172 11.5
vertex -56.441429138183594 33.66592788696289 10.5
vertex -56.91594696044922 33.81950378417969 11.5
endloop
endfacet
facet normal 0.8915121745182545 -0.08012179927401235 0.44585484181157914
outer loop
vertex -56.46892547607422 33.35993957519531 10.5
vertex -56.452880859375 33.53846740722656 10.5
vertex -56.937530517578125 33.71050262451172 11.5
endloop
endfacet
facet normal 0.8915154804489681 -0.08009844887641943 0.445852426939046
outer loop
vertex -56.937530517578125 33.71050262451172 11.5
vertex -56.452880859375 33.53846740722656 10.5
vertex -56.441429138183594 33.66592788696289 10.5
endloop
endfacet
facet normal 0.8915163826678083 -0.08010221126373727 0.4458499469390634
outer loop
vertex -56.965023040771484 33.404518127441406 11.5
vertex -56.46892547607422 33.35993957519531 10.5
vertex -56.937530517578125 33.71050262451172 11.5
endloop
endfacet
facet normal 0.8924357734624192 0.10867456415055064 0.43789065912762004
outer loop
vertex -56.93877029418945 33.18893051147461 11.5
vertex -56.46892547607422 33.35993957519531 10.5
vertex -56.965023040771484 33.404518127441406 11.5
endloop
endfacet
facet normal 0.8118089543843845 0.3770167507115919 0.4458975120632608
outer loop
vertex -56.90272521972656 33.1113166809082 11.5
vertex -56.46892547607422 33.35993957519531 10.5
vertex -56.93877029418945 33.18893051147461 11.5
endloop
endfacet
facet normal 0.7760083204193515 0.4447627766870317 0.4472104192811016
outer loop
vertex -56.20293045043945 32.89583969116211 10.5
vertex -56.46892547607422 33.35993957519531 10.5
vertex -56.90272521972656 33.1113166809082 11.5
endloop
endfacet
facet normal 0.7759397570528935 0.44497699444487854 0.44711627999827863
outer loop
vertex -56.90272521972656 33.1113166809082 11.5
vertex -56.63661575317383 32.647281646728516 11.5
vertex -56.20293045043945 32.89583969116211 10.5
endloop
endfacet
facet normal 0.5734290182254042 0.7015648259648775 0.42306731855098434
outer loop
vertex -56.35991668701172 32.421119689941406 11.5
vertex -56.20293045043945 32.89583969116211 10.5
vertex -56.63661575317383 32.647281646728516 11.5
endloop
endfacet
facet normal 0.2808209011580054 0.8491988363531625 0.4472146663619615
outer loop
vertex -48.04084014892578 30.19672203063965 10.5
vertex -56.35991668701172 32.421119689941406 11.5
vertex -48.24850082397461 29.73876190185547 11.5
endloop
endfacet
facet normal 0.2808208705201178 0.8491979943146336 0.4472162845115623
outer loop
vertex -56.35991668701172 32.421119689941406 11.5
vertex -48.04084014892578 30.19672203063965 10.5
vertex -56.20293045043945 32.89583969116211 10.5
endloop
endfacet
facet normal 0.4537472473295061 0.7707876239976682 0.44721345488807185
outer loop
vertex -47.810279846191406 30.060993194580078 10.5
vertex -48.24850082397461 29.73876190185547 11.5
vertex -48.12209701538086 29.664350509643555 11.5
endloop
endfacet
facet normal 0.45375337774628094 0.7707832703583485 0.4472147384864791
outer loop
vertex -48.24850082397461 29.73876190185547 11.5
vertex -47.810279846191406 30.060993194580078 10.5
vertex -48.04084014892578 30.19672203063965 10.5
endloop
endfacet
facet normal 0.6418797723179271 0.6228870818332884 0.44721587759637527
outer loop
vertex -48.12209701538086 29.664350509643555 11.5
vertex -47.62395477294922 29.86899185180664 10.5
vertex -47.740867614746094 29.989469528198242 10.5
endloop
endfacet
facet normal 0.641863484613675 0.6229067946320019 0.44721179805644157
outer loop
vertex -47.62395477294922 29.86899185180664 10.5
vertex -48.12209701538086 29.664350509643555 11.5
vertex -48.02977752685547 29.56922149658203 11.5
endloop
endfacet
facet normal 0.6418581263888782 0.6229099692136871 0.44721506665447025
outer loop
vertex -47.810279846191406 30.060993194580078 10.5
vertex -48.12209701538086 29.664350509643555 11.5
vertex -47.740867614746094 29.989469528198242 10.5
endloop
endfacet
facet normal 0.7840413788663253 0.43044317177817437 0.44721112698023996
outer loop
vertex -47.495208740234375 29.63446044921875 10.5
vertex -47.52174758911133 29.68280029296875 10.5
vertex -47.96598815917969 29.453018188476562 11.5
endloop
endfacet
facet normal 0.7840608659529444 0.43040725495585114 0.4472115308916885
outer loop
vertex -47.52174758911133 29.68280029296875 10.5
vertex -48.02977752685547 29.56922149658203 11.5
vertex -47.96598815917969 29.453018188476562 11.5
endloop
endfacet
facet normal 0.7840639959973705 0.4304006770218105 0.44721237393413243
outer loop
vertex -47.52174758911133 29.68280029296875 10.5
vertex -47.62395477294922 29.86899185180664 10.5
vertex -48.02977752685547 29.56922149658203 11.5
endloop
endfacet
facet normal 0.8701161175512455 0.2071194926666048 0.44721298922893027
outer loop
vertex -47.96598815917969 29.453018188476562 11.5
vertex -47.43325424194336 29.374187469482422 10.5
vertex -47.495208740234375 29.63446044921875 10.5
endloop
endfacet
facet normal 0.8701180767697154 0.2071068571576639 0.44721502903731514
outer loop
vertex -47.96598815917969 29.453018188476562 11.5
vertex -47.93254089355469 29.312496185302734 11.5
vertex -47.43325424194336 29.374187469482422 10.5
endloop
endfacet
facet normal 0.8943605773092742 0.010891300021881458 0.447214196262658
outer loop
vertex -47.93254089355469 29.312496185302734 11.5
vertex -47.41929626464844 28.22800064086914 10.5
vertex -47.43325424194336 29.374187469482422 10.5
endloop
endfacet
facet normal 0.894361842716204 0.010893214365322913 0.4472116190061111
outer loop
vertex -47.910430908203125 27.497207641601562 11.5
vertex -47.41023635864258 27.484052658081055 10.5
vertex -47.93254089355469 29.312496185302734 11.5
endloop
endfacet
facet normal 0.8943607266887154 0.010891654129855934 0.44721388890233327
outer loop
vertex -47.93254089355469 29.312496185302734 11.5
vertex -47.41023635864258 27.484052658081055 10.5
vertex -47.41929626464844 28.22800064086914 10.5
endloop
endfacet
facet normal 0.8925505154152377 -0.057911993460720006 0.447213347794315
outer loop
vertex -47.910430908203125 27.497207641601562 11.5
vertex -47.915470123291016 27.41954231262207 11.5
vertex -47.41442108154297 27.419511795043945 10.5
endloop
endfacet
facet normal 0.8925525871827941 -0.05787204239782101 0.44721438463225416
outer loop
vertex -47.915470123291016 27.41954231262207 11.5
vertex -47.4199104309082 27.334850311279297 10.5
vertex -47.41442108154297 27.419511795043945 10.5
endloop
endfacet
facet normal 0.8925538635742757 -0.05787171749754598 0.4472118792390443
outer loop
vertex -47.41442108154297 27.419511795043945 10.5
vertex -47.41023635864258 27.484052658081055 10.5
vertex -47.910430908203125 27.497207641601562 11.5
endloop
endfacet
facet normal 0.8611153342677982 -0.24182283018453354 0.44721594324263575
outer loop
vertex -47.915470123291016 27.41954231262207 11.5
vertex -47.955379486083984 27.277427673339844 11.5
vertex -47.492244720458984 27.077266693115234 10.5
endloop
endfacet
facet normal 0.8611118794240112 -0.24183849598505575 0.4472141243012492
outer loop
vertex -47.915470123291016 27.41954231262207 11.5
vertex -47.44612121582031 27.24152183532715 10.5
vertex -47.4199104309082 27.334850311279297 10.5
endloop
endfacet
facet normal 0.8611215164547181 -0.24180638562546297 0.4472129311295419
outer loop
vertex -47.492244720458984 27.077266693115234 10.5
vertex -47.44612121582031 27.24152183532715 10.5
vertex -47.915470123291016 27.41954231262207 11.5
endloop
endfacet
facet normal 0.7661825475839386 -0.46148039424975423 0.44721376264698876
outer loop
vertex -47.955379486083984 27.277427673339844 11.5
vertex -48.023773193359375 27.163875579833984 11.5
vertex -47.55714797973633 26.969514846801758 10.5
endloop
endfacet
facet normal 0.7661724073432746 -0.4614963743663276 0.44721464496653696
outer loop
vertex -47.55714797973633 26.969514846801758 10.5
vertex -47.492244720458984 27.077266693115234 10.5
vertex -47.955379486083984 27.277427673339844 11.5
endloop
endfacet
facet normal 0.7661832955392959 -0.46147906464697774 0.44721385323924684
outer loop
vertex -47.630287170410156 26.84808349609375 10.5
vertex -47.55714797973633 26.969514846801758 10.5
vertex -48.023773193359375 27.163875579833984 11.5
endloop
endfacet
facet normal 0.6164085533258575 -0.6481060347305715 0.44721254804906657
outer loop
vertex -48.023773193359375 27.163875579833984 11.5
vertex -48.11982727050781 27.072519302368164 11.5
vertex -47.824153900146484 26.6637020111084 10.5
endloop
endfacet
facet normal 0.6164016830312329 -0.6481115959269319 0.4472139581691394
outer loop
vertex -47.824153900146484 26.6637020111084 10.5
vertex -47.630287170410156 26.84808349609375 10.5
vertex -48.023773193359375 27.163875579833984 11.5
endloop
endfacet
facet normal 0.42250081156617963 -0.7883490119497365 0.44721236519554525
outer loop
vertex -48.236663818359375 27.009902954101562 11.5
vertex -48.05997085571289 26.537321090698242 10.5
vertex -48.11982727050781 27.072519302368164 11.5
endloop
endfacet
facet normal 0.422498814170929 -0.788349885131859 0.447212712964137
outer loop
vertex -48.11982727050781 27.072519302368164 11.5
vertex -48.05997085571289 26.537321090698242 10.5
vertex -47.824153900146484 26.6637020111084 10.5
endloop
endfacet
facet normal 0.19835793200901403 -0.8721551120074874 0.4472131386803326
outer loop
vertex -48.32085418701172 26.47798728942871 10.5
vertex -48.05997085571289 26.537321090698242 10.5
vertex -48.236663818359375 27.009902954101562 11.5
endloop
endfacet
facet normal 0.19834351722985244 -0.8721571988300193 0.4472154622794983
outer loop
vertex -48.37712097167969 26.97796058654785 11.5
vertex -48.32085418701172 26.47798728942871 10.5
vertex -48.236663818359375 27.009902954101562 11.5
endloop
endfacet
facet normal 0.0004532443432323527 -0.894426451592135 0.44721484463495575
outer loop
vertex -48.37712097167969 26.97796058654785 11.5
vertex -49.58553695678711 26.477346420288086 10.5
vertex -48.32085418701172 26.47798728942871 10.5
endloop
endfacet
facet normal 0.00045441600229593896 -0.8944270173190966 0.44721371199434545
outer loop
vertex -48.37712097167969 26.97796058654785 11.5
vertex -56.192989349365234 26.473989486694336 10.5
vertex -49.58553695678711 26.477346420288086 10.5
endloop
endfacet
facet normal 0.00045683192081078753 -0.8944345572338873 0.4471986293923721
outer loop
vertex -56.19324493408203 26.973968505859375 11.5
vertex -56.192989349365234 26.473989486694336 10.5
vertex -48.37712097167969 26.97796058654785 11.5
endloop
endfacet
facet normal 0.10054158434812902 -0.8898921899632275 0.444953121192805
outer loop
vertex -56.30449676513672 26.96139907836914 11.5
vertex -56.192989349365234 26.473989486694336 10.5
vertex -56.19324493408203 26.973968505859375 11.5
endloop
endfacet
facet normal 0.19945642649221118 -0.8719030530156683 0.4472160552494891
outer loop
vertex -56.492942810058594 26.405370712280273 10.5
vertex -56.346031188964844 26.43897819519043 10.5
vertex -56.30449676513672 26.96139907836914 11.5
endloop
endfacet
facet normal 0.19946444765141605 -0.871901740610935 0.4472150364676232
outer loop
vertex -56.346031188964844 26.43897819519043 10.5
vertex -56.192989349365234 26.473989486694336 10.5
vertex -56.30449676513672 26.96139907836914 11.5
endloop
endfacet
facet normal 0.2040227075573749 -0.8714237235614894 0.446089036869532
outer loop
vertex -56.60409927368164 26.891254425048828 11.5
vertex -56.492942810058594 26.405370712280273 10.5
vertex -56.30449676513672 26.96139907836914 11.5
endloop
endfacet
facet normal 0.3782941623142336 -0.8112403913671121 0.44585037195622845
outer loop
vertex -56.742942810058594 26.838382720947266 11.5
vertex -56.492942810058594 26.405370712280273 10.5
vertex -56.6639518737793 26.87521743774414 11.5
endloop
endfacet
facet normal 0.23166453969475603 -0.8646090931995057 0.4458504872765592
outer loop
vertex -56.6639518737793 26.87521743774414 11.5
vertex -56.492942810058594 26.405370712280273 10.5
vertex -56.60409927368164 26.891254425048828 11.5
endloop
endfacet
facet normal 0.5134157044699232 -0.7332271287843576 0.4458500779615268
outer loop
vertex -56.814334869384766 26.788393020629883 11.5
vertex -56.492942810058594 26.405370712280273 10.5
vertex -56.742942810058594 26.838382720947266 11.5
endloop
endfacet
facet normal 0.6329224334822007 -0.6329506700395722 0.4458504710005654
outer loop
vertex -56.492942810058594 26.405370712280273 10.5
vertex -56.814334869384766 26.788393020629883 11.5
vertex -56.85708999633789 26.74563980102539 11.5
endloop
endfacet
facet normal 0.6539404134155601 -0.6110607027746017 0.4460568946070627
outer loop
vertex -56.60848617553711 26.28171730041504 10.5
vertex -56.85708999633789 26.74563980102539 11.5
vertex -56.84321975708008 26.0305118560791 10.5
endloop
endfacet
facet normal 0.6539458839193808 -0.6110555877844863 0.4460558816362093
outer loop
vertex -56.85708999633789 26.74563980102539 11.5
vertex -56.60848617553711 26.28171730041504 10.5
vertex -56.492942810058594 26.405370712280273 10.5
endloop
endfacet
facet normal 0.653942465137341 -0.6110592465049921 0.4460558816458415
outer loop
vertex -56.85708999633789 26.74563980102539 11.5
vertex -57.207366943359375 26.37078094482422 11.5
vertex -56.84321975708008 26.0305118560791 10.5
endloop
endfacet
facet normal 0.7122760710523591 -0.5433989017139578 0.444275176239095
outer loop
vertex -57.2762336730957 26.2805118560791 11.5
vertex -56.84321975708008 26.0305118560791 10.5
vertex -57.207366943359375 26.37078094482422 11.5
endloop
endfacet
facet normal 0.8112398317143498 -0.3782939013393423 0.44585161169332277
outer loop
vertex -57.2762336730957 26.2805118560791 11.5
vertex -57.31306838989258 26.201520919799805 11.5
vertex -56.84321975708008 26.0305118560791 10.5
endloop
endfacet
facet normal 0.8834476159510727 -0.15606222035552156 0.44177470870124586
outer loop
vertex -57.31306838989258 26.201520919799805 11.5
vertex -57.34321975708008 26.030838012695312 11.5
vertex -56.84321975708008 26.0305118560791 10.5
endloop
endfacet
facet normal 0.8944269624377001 -0.0005837657806557899 0.44721367161792175
outer loop
vertex -57.34321975708008 26.030838012695312 11.5
vertex -56.89299011230469 -50.226009368896484 10.5
vertex -56.84321975708008 26.0305118560791 10.5
endloop
endfacet
facet normal 0.8944365164949784 -0.0005834587952938175 0.44719456340184
outer loop
vertex -57.39296340942383 -50.225685119628906 11.5
vertex -56.89299011230469 -50.226009368896484 10.5
vertex -57.34321975708008 26.030838012695312 11.5
endloop
endfacet
facet normal 0.8899661447001006 0.1000016537827778 0.4449268822271238
outer loop
vertex -57.38039779663086 -50.3375129699707 11.5
vertex -56.89299011230469 -50.226009368896484 10.5
vertex -57.39296340942383 -50.225685119628906 11.5
endloop
endfacet
facet normal 0.8719038050109764 0.1994585218078646 0.4472136546278556
outer loop
vertex -56.824371337890625 -50.525962829589844 10.5
vertex -56.85798263549805 -50.37903594970703 10.5
vertex -57.38039779663086 -50.3375129699707 11.5
endloop
endfacet
facet normal 0.8719030870215779 0.19946290987403764 0.44721309733372555
outer loop
vertex -57.38039779663086 -50.3375129699707 11.5
vertex -56.85798263549805 -50.37903594970703 10.5
vertex -56.89299011230469 -50.226009368896484 10.5
endloop
endfacet
facet normal 0.8714258320211974 0.20401210574840214 0.44608976674461703
outer loop
vertex -57.38039779663086 -50.3375129699707 11.5
vertex -57.31025695800781 -50.637115478515625 11.5
vertex -56.824371337890625 -50.525962829589844 10.5
endloop
endfacet
facet normal 0.8081158918664315 0.39538484611939695 0.4365999642373585
outer loop
vertex -57.207393646240234 -50.847354888916016 11.5
vertex -56.824371337890625 -50.525962829589844 10.5
vertex -57.31025695800781 -50.637115478515625 11.5
endloop
endfacet
facet normal 0.6329367974285491 0.6329367974285491 0.4458497739393655
outer loop
vertex -57.16463851928711 -50.89011001586914 11.5
vertex -56.824371337890625 -50.525962829589844 10.5
vertex -57.207393646240234 -50.847354888916016 11.5
endloop
endfacet
facet normal 0.6110639731205072 0.6539365933817093 0.4460580148259922
outer loop
vertex -56.44951248168945 -50.87623977661133 10.5
vertex -56.70064163208008 -50.64157485961914 10.5
vertex -57.16463851928711 -50.89011001586914 11.5
endloop
endfacet
facet normal 0.611048497127715 0.6539531462809726 0.446054947990915
outer loop
vertex -56.70064163208008 -50.64157485961914 10.5
vertex -56.824371337890625 -50.525962829589844 10.5
vertex -57.16463851928711 -50.89011001586914 11.5
endloop
endfacet
facet normal 0.6127245633462154 0.6515897077374246 0.4472129942687793
outer loop
vertex -57.16463851928711 -50.89011001586914 11.5
vertex -56.79088592529297 -51.24156951904297 11.5
vertex -56.44951248168945 -50.87623977661133 10.5
endloop
endfacet
facet normal 0.5330778648451288 0.7196536153207106 0.4448894963561053
outer loop
vertex -56.69951248168945 -51.30925369262695 11.5
vertex -56.44951248168945 -50.87623977661133 10.5
vertex -56.79088592529297 -51.24156951904297 11.5
endloop
endfacet
facet normal 0.3782619818231103 0.8112553969561 0.4458503717805488
outer loop
vertex -56.69951248168945 -51.30925369262695 11.5
vertex -56.620521545410156 -51.34608459472656 11.5
vertex -56.44951248168945 -50.87623977661133 10.5
endloop
endfacet
facet normal 0.1565347230842662 0.883348566359966 0.4418056029281711
outer loop
vertex -56.45119094848633 -51.37609100341797 11.5
vertex -56.44951248168945 -50.87623977661133 10.5
vertex -56.620521545410156 -51.34608459472656 11.5
endloop
endfacet
facet normal 0.0030074761478037105 0.8944743504613468 0.44710914937403373
outer loop
vertex -38.753849029541016 -50.93573760986328 10.5
vertex -56.44951248168945 -50.87623977661133 10.5
vertex -56.45119094848633 -51.37609100341797 11.5
endloop
endfacet
facet normal 0.0030146472836322514 0.8944223319015245 0.44721315286739305
outer loop
vertex -38.753849029541016 -50.93573760986328 10.5
vertex -56.45119094848633 -51.37609100341797 11.5
vertex -38.82354736328125 -51.43550491333008 11.5
endloop
endfacet
facet normal 0.24182480859338215 0.8611164882194137 0.447212651504224
outer loop
vertex -38.69643020629883 -51.4712028503418 11.5
vertex -38.753849029541016 -50.93573760986328 10.5
vertex -38.82354736328125 -51.43550491333008 11.5
endloop
endfacet
facet normal 0.241821360010877 0.8611171654896345 0.4472132121724349
outer loop
vertex -38.49626922607422 -51.00807189941406 10.5
vertex -38.753849029541016 -50.93573760986328 10.5
vertex -38.69643020629883 -51.4712028503418 11.5
endloop
endfacet
facet normal 0.46146894544262285 0.7661892781491436 0.4472140454428594
outer loop
vertex -38.5828742980957 -51.53959655761719 11.5
vertex -38.49626922607422 -51.00807189941406 10.5
vertex -38.69643020629883 -51.4712028503418 11.5
endloop
endfacet
facet normal 0.46148222357975544 0.7661826620795232 0.4472116787927385
outer loop
vertex -38.49626922607422 -51.00807189941406 10.5
vertex -38.5828742980957 -51.53959655761719 11.5
vertex -38.26708221435547 -51.146114349365234 10.5
endloop
endfacet
facet normal 0.6481152256924542 0.6163993942696697 0.4472118524475883
outer loop
vertex -38.16603088378906 -51.25236511230469 10.5
vertex -38.26708221435547 -51.146114349365234 10.5
vertex -38.5828742980957 -51.53959655761719 11.5
endloop
endfacet
facet normal 0.6481129605134845 0.6164022707854221 0.4472111704609151
outer loop
vertex -38.5828742980957 -51.53959655761719 11.5
vertex -38.491519927978516 -51.635650634765625 11.5
vertex -38.08270263671875 -51.33998107910156 10.5
endloop
endfacet
facet normal 0.6481159045355279 0.6163986336935767 0.4472119169574825
outer loop
vertex -38.08270263671875 -51.33998107910156 10.5
vertex -38.16603088378906 -51.25236511230469 10.5
vertex -38.5828742980957 -51.53959655761719 11.5
endloop
endfacet
facet normal 0.7883474644218581 0.4225043514938635 0.447211748848772
outer loop
vertex -38.08270263671875 -51.33998107910156 10.5
vertex -38.491519927978516 -51.635650634765625 11.5
vertex -37.956321716308594 -51.5757942199707 10.5
endloop
endfacet
facet normal 0.7883584555325168 0.42247920889061774 0.4472161263254519
outer loop
vertex -38.42890548706055 -51.75249099731445 11.5
vertex -37.956321716308594 -51.5757942199707 10.5
vertex -38.491519927978516 -51.635650634765625 11.5
endloop
endfacet
facet normal 0.872154450915441 0.19835576345447423 0.4472153897763114
outer loop
vertex -38.42890548706055 -51.75249099731445 11.5
vertex -38.396949768066406 -51.89299774169922 11.5
vertex -37.89698791503906 -51.83667755126953 10.5
endloop
endfacet
facet normal 0.8721578417895437 0.19834336649874604 0.44721427523162666
outer loop
vertex -37.956321716308594 -51.5757942199707 10.5
vertex -38.42890548706055 -51.75249099731445 11.5
vertex -37.929229736328125 -51.694923400878906 10.5
endloop
endfacet
facet normal 0.8721523791603599 0.19837007289190964 0.4472130831111522
outer loop
vertex -37.89698791503906 -51.83667755126953 10.5
vertex -37.929229736328125 -51.694923400878906 10.5
vertex -38.42890548706055 -51.75249099731445 11.5
endloop
endfacet
facet normal 0.8944258843649211 0.0006483720215118605 0.4472157387567554
outer loop
vertex -37.89299011230469 -57.351009368896484 10.5
vertex -37.89634323120117 -52.725399017333984 10.5
vertex -38.396949768066406 -51.89299774169922 11.5
endloop
endfacet
facet normal 0.894437823194058 0.0006538507513285423 0.44719185247393567
outer loop
vertex -38.396949768066406 -51.89299774169922 11.5
vertex -38.39295959472656 -57.35137176513672 11.5
vertex -37.89299011230469 -57.351009368896484 10.5
endloop
endfacet
facet normal 0.8944260338818417 0.0006488219653180036 0.44721543907210504
outer loop
vertex -38.396949768066406 -51.89299774169922 11.5
vertex -37.89634323120117 -52.725399017333984 10.5
vertex -37.89698791503906 -51.83667755126953 10.5
endloop
endfacet
facet normal 0.8886960202111828 0.1129687958483572 0.44436182872224445
outer loop
vertex -38.378875732421875 -57.46216583251953 11.5
vertex -37.89299011230469 -57.351009368896484 10.5
vertex -38.39295959472656 -57.35137176513672 11.5
endloop
endfacet
facet normal 0.8724481260198497 0.1995811173201827 0.44609600425657225
outer loop
vertex -37.85797882080078 -57.504051208496094 10.5
vertex -38.378875732421875 -57.46216583251953 11.5
vertex -37.824371337890625 -57.650962829589844 10.5
endloop
endfacet
facet normal 0.8724468118672298 0.1995891432816729 0.44609498354811655
outer loop
vertex -38.378875732421875 -57.46216583251953 11.5
vertex -37.85797882080078 -57.504051208496094 10.5
vertex -37.89299011230469 -57.351009368896484 10.5
endloop
endfacet
facet normal 0.8729065685751728 0.19503510625579526 0.4472084859057438
outer loop
vertex -38.378875732421875 -57.46216583251953 11.5
vertex -38.3117790222168 -57.76246643066406 11.5
vertex -37.824371337890625 -57.650962829589844 10.5
endloop
endfacet
facet normal 0.7798514173307786 0.454188178430639 0.4307491909000339
outer loop
vertex -38.16463851928711 -58.01511001586914 11.5
vertex -37.824371337890625 -57.650962829589844 10.5
vertex -38.3117790222168 -57.76246643066406 11.5
endloop
endfacet
facet normal 0.611059564181986 0.6539428051084284 0.4460549480373933
outer loop
vertex -37.78977966308594 -58.365386962890625 11.5
vertex -37.824371337890625 -57.650962829589844 10.5
vertex -38.16463851928711 -58.01511001586914 11.5
endloop
endfacet
facet normal 0.6110554230374902 0.6539453411321366 0.44605690308305684
outer loop
vertex -37.70054244995117 -57.76667022705078 10.5
vertex -37.824371337890625 -57.650962829589844 10.5
vertex -37.78977966308594 -58.365386962890625 11.5
endloop
endfacet
facet normal 0.6110612787709154 0.6539412029532592 0.4460549480354387
outer loop
vertex -37.70054244995117 -57.76667022705078 10.5
vertex -37.78977966308594 -58.365386962890625 11.5
vertex -37.44951248168945 -58.00123977661133 10.5
endloop
endfacet
facet normal 0.5434063002353947 0.7122707185769759 0.4442747081731282
outer loop
vertex -37.44951248168945 -58.00123977661133 10.5
vertex -37.78977966308594 -58.365386962890625 11.5
vertex -37.69951248168945 -58.43425369262695 11.5
endloop
endfacet
facet normal 0.3782619818231103 0.8112553969561 0.4458503717805488
outer loop
vertex -37.69951248168945 -58.43425369262695 11.5
vertex -37.620521545410156 -58.47108459472656 11.5
vertex -37.44951248168945 -58.00123977661133 10.5
endloop
endfacet
facet normal 0.1565347230842662 0.883348566359966 0.4418056029281711
outer loop
vertex -37.45119094848633 -58.50109100341797 11.5
vertex -37.44951248168945 -58.00123977661133 10.5
vertex -37.620521545410156 -58.47108459472656 11.5
endloop
endfacet
facet normal 0.0030074764719645606 0.8944743504602571 0.4471091493740331
outer loop
vertex -19.75385093688965 -58.06073760986328 10.5
vertex -37.44951248168945 -58.00123977661133 10.5
vertex -37.45119094848633 -58.50109100341797 11.5
endloop
endfacet
facet normal 0.0030146472913843217 0.8944223342015033 0.4472131482674041
outer loop
vertex -19.75385093688965 -58.06073760986328 10.5
vertex -37.45119094848633 -58.50109100341797 11.5
vertex -19.82354736328125 -58.56050491333008 11.5
endloop
endfacet
facet normal 0.24182146956543804 0.8611175188142631 0.44721247259929947
outer loop
vertex -19.696428298950195 -58.5962028503418 11.5
vertex -19.75385093688965 -58.06073760986328 10.5
vertex -19.82354736328125 -58.56050491333008 11.5
endloop
endfacet
facet normal 0.24181806568593348 0.8611181872891558 0.447213026004109
outer loop
vertex -19.496267318725586 -58.13307189941406 10.5
vertex -19.75385093688965 -58.06073760986328 10.5
vertex -19.696428298950195 -58.5962028503418 11.5
endloop
endfacet
facet normal 0.4614860062812679 0.7661796199134352 0.44721298732915815
outer loop
vertex -19.496267318725586 -58.13307189941406 10.5
vertex -19.696428298950195 -58.5962028503418 11.5
vertex -19.2911434173584 -58.256622314453125 10.5
endloop
endfacet
facet normal 0.46148081848682876 0.7661832519324798 0.4472121181574767
outer loop
vertex -19.582876205444336 -58.66459655761719 11.5
vertex -19.2911434173584 -58.256622314453125 10.5
vertex -19.696428298950195 -58.5962028503418 11.5
endloop
endfacet
facet normal 0.6481155462336797 0.61639829292618 0.4472129059049059
outer loop
vertex -19.08270263671875 -58.46498107910156 10.5
vertex -19.166030883789062 -58.37736511230469 10.5
vertex -19.582876205444336 -58.66459655761719 11.5
endloop
endfacet
facet normal 0.6220714217244485 0.6445844639835587 0.4444524890972617
outer loop
vertex -19.582876205444336 -58.66459655761719 11.5
vertex -19.166030883789062 -58.37736511230469 10.5
vertex -19.2911434173584 -58.256622314453125 10.5
endloop
endfacet
facet normal 0.6481126022154896 0.6164019300181313 0.4472121594046716
outer loop
vertex -19.582876205444336 -58.66459655761719 11.5
vertex -19.49152183532715 -58.760650634765625 11.5
vertex -19.08270263671875 -58.46498107910156 10.5
endloop
endfacet
facet normal 0.7883469342960723 0.4225040673799906 0.44721295177280895
outer loop
vertex -19.08270263671875 -58.46498107910156 10.5
vertex -19.49152183532715 -58.760650634765625 11.5
vertex -18.956321716308594 -58.7007942199707 10.5
endloop
endfacet
facet normal 0.7883488093740479 0.42249977817999274 0.44721369857863047
outer loop
vertex -19.428903579711914 -58.87749099731445 11.5
vertex -18.956321716308594 -58.7007942199707 10.5
vertex -19.49152183532715 -58.760650634765625 11.5
endloop
endfacet
facet normal 0.8721570989617954 0.1983467309504226 0.447214231718788
outer loop
vertex -19.428903579711914 -58.87749099731445 11.5
vertex -19.396696090698242 -59.01911163330078 11.5
vertex -18.896989822387695 -58.96167755126953 10.5
endloop
endfacet
facet normal 0.8721569664976786 0.19834764595995377 0.4472140842278026
outer loop
vertex -18.896989822387695 -58.96167755126953 10.5
vertex -18.929227828979492 -58.819923400878906 10.5
vertex -19.428903579711914 -58.87749099731445 11.5
endloop
endfacet
facet normal 0.8721551126040539 0.19835670970156882 0.4472136796599334
outer loop
vertex -18.929227828979492 -58.819923400878906 10.5
vertex -18.956321716308594 -58.7007942199707 10.5
vertex -19.428903579711914 -58.87749099731445 11.5
endloop
endfacet
facet normal 0.8944145496056857 0.004678971782931435 0.44721440124029205
outer loop
vertex -19.396696090698242 -59.01911163330078 11.5
vertex -19.39298439025879 -59.7286262512207 11.5
vertex -18.892990112304688 -59.726009368896484 10.5
endloop
endfacet
facet normal 0.8944149922408542 0.004680563055287989 0.4472134993314471
outer loop
vertex -18.892990112304688 -59.726009368896484 10.5
vertex -18.896331787109375 -59.08744430541992 10.5
vertex -19.396696090698242 -59.01911163330078 11.5
endloop
endfacet
facet normal 0.8944149733570135 0.0046797471231788896 0.44721354563746857
outer loop
vertex -19.396696090698242 -59.01911163330078 11.5
vertex -18.896331787109375 -59.08744430541992 10.5
vertex -18.896989822387695 -58.96167755126953 10.5
endloop
endfacet
facet normal 0.8895816298466349 0.10281424456502412 0.4450547774756812
outer loop
vertex -19.380399703979492 -59.8375129699707 11.5
vertex -18.892990112304688 -59.726009368896484 10.5
vertex -19.39298439025879 -59.7286262512207 11.5
endloop
endfacet
facet normal 0.8719026364596649 0.19946343320384546 0.44721374235282657
outer loop
vertex -18.857982635498047 -59.8790397644043 10.5
vertex -19.380399703979492 -59.8375129699707 11.5
vertex -18.824371337890625 -60.025962829589844 10.5
endloop
endfacet
facet normal 0.8719035194529212 0.1994580366442182 0.44721442774539727
outer loop
vertex -19.380399703979492 -59.8375129699707 11.5
vertex -18.857982635498047 -59.8790397644043 10.5
vertex -18.892990112304688 -59.726009368896484 10.5
endloop
endfacet
facet normal 0.8714240261060583 0.20402277839084024 0.4460884134594731
outer loop
vertex -19.380399703979492 -59.8375129699707 11.5
vertex -19.31025505065918 -60.137115478515625 11.5
vertex -18.824371337890625 -60.025962829589844 10.5
endloop
endfacet
facet normal 0.7823922807108883 0.45031706607704997 0.43020560094421384
outer loop
vertex -19.164640426635742 -60.39011001586914 11.5
vertex -18.824371337890625 -60.025962829589844 10.5
vertex -19.31025505065918 -60.137115478515625 11.5
endloop
endfacet
facet normal 0.6110517099155512 0.6539495074445923 0.44605588161379073
outer loop
vertex -18.70062255859375 -60.14159393310547 10.5
vertex -18.824371337890625 -60.025962829589844 10.5
vertex -19.164640426635742 -60.39011001586914 11.5
endloop
endfacet
facet normal 0.6110622496866719 0.6539382339764359 0.4460579706177704
outer loop
vertex -18.449512481689453 -60.37623977661133 10.5
vertex -18.70062255859375 -60.14159393310547 10.5
vertex -19.164640426635742 -60.39011001586914 11.5
endloop
endfacet
facet normal 0.6110592465049921 0.653942465137341 0.4460558816458415
outer loop
vertex -18.78978157043457 -60.740386962890625 11.5
vertex -18.449512481689453 -60.37623977661133 10.5
vertex -19.164640426635742 -60.39011001586914 11.5
endloop
endfacet
facet normal 0.3782619818231103 0.8112553969561 0.4458503717805488
outer loop
vertex -18.620521545410156 -60.84608459472656 11.5
vertex -18.449512481689453 -60.37623977661133 10.5
vertex -18.699512481689453 -60.80925369262695 11.5
endloop
endfacet
facet normal 0.23169876509720594 0.8645999657672792 0.44585040254288144
outer loop
vertex -18.53633689880371 -60.86864471435547 11.5
vertex -18.449512481689453 -60.37623977661133 10.5
vertex -18.620521545410156 -60.84608459472656 11.5
endloop
endfacet
facet normal 0.07928487522376913 0.8915665853264526 0.4458956520197083
outer loop
vertex -18.450929641723633 -60.87623977661133 11.5
vertex -18.449512481689453 -60.37623977661133 10.5
vertex -18.53633689880371 -60.86864471435547 11.5
endloop
endfacet
facet normal 0.5433989017139578 0.7122760710523591 0.444275176239095
outer loop
vertex -18.699512481689453 -60.80925369262695 11.5
vertex -18.449512481689453 -60.37623977661133 10.5
vertex -18.78978157043457 -60.740386962890625 11.5
endloop
endfacet
facet normal 0.0025355674497305743 0.8944228784867817 0.4472150325482446
outer loop
vertex -18.449512481689453 -60.37623977661133 10.5
vertex -18.450929641723633 -60.87623977661133 11.5
vertex -0.8929910063743591 -60.42601013183594 10.5
endloop
endfacet
facet normal 0.0025355238649875825 0.8944231909104884 0.4472144079524162
outer loop
vertex -0.8929910063743591 -60.42601013183594 10.5
vertex -18.450929641723633 -60.87623977661133 11.5
vertex -0.9223591089248657 -60.92593002319336 11.5
endloop
endfacet
facet normal 0.10220536225924735 0.888569002302294 0.4472126922091567
outer loop
vertex -0.6659446954727173 -60.452125549316406 10.5
vertex -0.8929910063743591 -60.42601013183594 10.5
vertex -0.7851678729057312 -60.941707611083984 11.5
endloop
endfacet
facet normal 0.10218938247840315 0.8885697729863105 0.44721481263900403
outer loop
vertex -0.7851678729057312 -60.941707611083984 11.5
vertex -0.8929910063743591 -60.42601013183594 10.5
vertex -0.9223591089248657 -60.92593002319336 11.5
endloop
endfacet
facet normal 0.3177752819972538 0.8360738383848858 0.4472129324157899
outer loop
vertex -0.4158538579940796 -60.54718017578125 10.5
vertex -0.6659446954727173 -60.452125549316406 10.5
vertex -0.7851678729057312 -60.941707611083984 11.5
endloop
endfacet
facet normal 0.31778900564762796 0.8360672925032581 0.4472154182223185
outer loop
vertex -0.6565861105918884 -60.99058151245117 11.5
vertex -0.4158538579940796 -60.54718017578125 10.5
vertex -0.7851678729057312 -60.941707611083984 11.5
endloop
endfacet
facet normal 0.5280816912400209 0.7218935816634802 0.4472129069360047
outer loop
vertex -0.19991694390773773 -60.705142974853516 10.5
vertex -0.4158538579940796 -60.54718017578125 10.5
vertex -0.549596905708313 -61.068843841552734 11.5
endloop
endfacet
facet normal 0.5280690124924469 0.7219013849805523 0.44721528194865195
outer loop
vertex -0.549596905708313 -61.068843841552734 11.5
vertex -0.4158538579940796 -60.54718017578125 10.5
vertex -0.6565861105918884 -60.99058151245117 11.5
endloop
endfacet
facet normal 0.7005927206235956 0.5560296167757707 0.44721460740612906
outer loop
vertex -0.0335908867418766 -60.91470718383789 10.5
vertex -0.09099337458610535 -60.84238052368164 10.5
vertex -0.549596905708313 -61.068843841552734 11.5
endloop
endfacet
facet normal 0.7005829289271925 0.5560431082904521 0.4472131722327608
outer loop
vertex -0.549596905708313 -61.068843841552734 11.5
vertex -0.09099337458610535 -60.84238052368164 10.5
vertex -0.19991694390773773 -60.705142974853516 10.5
endloop
endfacet
facet normal 0.7005876935903544 0.5560371083165069 0.44721316814776924
outer loop
vertex -0.549596905708313 -61.068843841552734 11.5
vertex -0.46718811988830566 -61.17267608642578 11.5
vertex -0.0335908867418766 -60.91470718383789 10.5
endloop
endfacet
facet normal 0.8229419333558574 0.3503813569297136 0.4472130130492807
outer loop
vertex -0.007834754884243011 -60.975196838378906 10.5
vertex -0.4152586758136749 -61.294639587402344 11.5
vertex 0.07121854275465012 -61.16086959838867 10.5
endloop
endfacet
facet normal 0.8229334195723134 0.35040011098403495 0.44721398588751105
outer loop
vertex -0.007834754884243011 -60.975196838378906 10.5
vertex -0.0335908867418766 -60.91470718383789 10.5
vertex -0.46718811988830566 -61.17267608642578 11.5
endloop
endfacet
facet normal 0.8229380057145971 0.3503893607716014 0.4472139696035337
outer loop
vertex -0.4152586758136749 -61.294639587402344 11.5
vertex -0.007834754884243011 -60.975196838378906 10.5
vertex -0.46718811988830566 -61.17267608642578 11.5
endloop
endfacet
facet normal 0.8863881493985528 0.11965072812095884 0.44721331807755144
outer loop
vertex 0.0810527503490448 -61.23372268676758 10.5
vertex 0.07121854275465012 -61.16086959838867 10.5
vertex -0.4152586758136749 -61.294639587402344 11.5
endloop
endfacet
facet normal 0.8863881672530384 0.11965059340476832 0.4472133187324438
outer loop
vertex 0.0810527503490448 -61.23372268676758 10.5
vertex -0.4152586758136749 -61.294639587402344 11.5
vertex 0.10700899362564087 -61.42601013183594 10.5
endloop
endfacet
facet normal 0.8863881981579098 0.11965002505973171 0.4472134095368559
outer loop
vertex -0.4152586758136749 -61.294639587402344 11.5
vertex -0.39299100637435913 -61.45960235595703 11.5
vertex 0.10700899362564087 -61.42601013183594 10.5
endloop
endfacet
facet normal 0.894427190999916 0 0.447213595499958
outer loop
vertex -0.39299100637435913 -61.45960235595703 11.5
vertex 0.10700899362564087 -62.101009368896484 10.5
vertex 0.10700899362564087 -61.42601013183594 10.5
endloop
endfacet
facet normal 0.894427190999916 0 0.447213595499958
outer loop
vertex -0.39299100637435913 -61.45960235595703 11.5
vertex -0.39299100637435913 -62.101009368896484 11.5
vertex 0.10700899362564087 -62.101009368896484 10.5
endloop
endfacet
facet normal 0.8898993010252645 0.10049399257384471 0.44494965051263224
outer loop
vertex -0.39299100637435913 -62.101009368896484 11.5
vertex -0.3803991973400116 -62.2125129699707 11.5
vertex 0.10700899362564087 -62.101009368896484 10.5
endloop
endfacet
facet normal 0.14558037344269664 -0.853701250205513 0.5000005302655479
outer loop
vertex 1.636838674545288 -74.3965835571289 11.5
vertex 1.7776777744293213 -75.54393768310547 9.5
vertex 2.6892940998077393 -75.38848114013672 9.5
endloop
endfacet
facet normal 0.14557918225366923 -0.8537016921063664 0.5000001225890649
outer loop
vertex 1.636838674545288 -74.3965835571289 11.5
vertex 2.6892940998077393 -75.38848114013672 9.5
vertex 2.4331676959991455 -74.26078796386719 11.5
endloop
endfacet
facet normal 0.23747566912540158 -0.8328300044978904 0.49999949018122675
outer loop
vertex 3.2014834880828857 -74.04170989990234 11.5
vertex 2.6892940998077393 -75.38848114013672 9.5
vertex 3.578622579574585 -75.13489532470703 9.5
endloop
endfacet
facet normal 0.23747373986523443 -0.8328301850107862 0.5000001058093074
outer loop
vertex 2.4331676959991455 -74.26078796386719 11.5
vertex 2.6892940998077393 -75.38848114013672 9.5
vertex 3.2014834880828857 -74.04170989990234 11.5
endloop
endfacet
facet normal 0.3265525059749767 -0.8020996180521807 0.49999966356189557
outer loop
vertex 3.2014834880828857 -74.04170989990234 11.5
vertex 3.578622579574585 -75.13489532470703 9.5
vertex 3.9058947563171387 -75.00165557861328 9.5
endloop
endfacet
facet normal 0.32655879027434304 -0.8020965867661 0.5000004219925518
outer loop
vertex 3.2014834880828857 -74.04170989990234 11.5
vertex 3.9058947563171387 -75.00165557861328 9.5
vertex 4.4351325035095215 -74.78618621826172 9.5
endloop
endfacet
facet normal 0.32655847236981855 -0.8020967910333938 0.5000003019373315
outer loop
vertex 3.2014834880828857 -74.04170989990234 11.5
vertex 4.4351325035095215 -74.78618621826172 9.5
vertex 3.941446542739868 -73.74044799804688 11.5
endloop
endfacet
facet normal 0.41177769528370295 -0.7618653631926753 0.5000002980340461
outer loop
vertex 4.4351325035095215 -74.78618621826172 9.5
vertex 5.248682498931885 -74.34647369384766 9.5
vertex 3.941446542739868 -73.74044799804688 11.5
endloop
endfacet
facet normal 0.41177406934527083 -0.7618682952498657 0.4999988165064989
outer loop
vertex 3.941446542739868 -73.74044799804688 11.5
vertex 5.248682498931885 -74.34647369384766 9.5
vertex 4.6442952156066895 -73.3605728149414 11.5
endloop
endfacet
facet normal 0.49211991502234204 -0.712613450243438 0.5000000597705423
outer loop
vertex 5.301706790924072 -72.90657043457031 11.5
vertex 5.248682498931885 -74.34647369384766 9.5
vertex 6.009639263153076 -73.82096862792969 9.5
endloop
endfacet
facet normal 0.4921232566103629 -0.7126119583648294 0.4999988970974372
outer loop
vertex 4.6442952156066895 -73.3605728149414 11.5
vertex 5.248682498931885 -74.34647369384766 9.5
vertex 5.301706790924072 -72.90657043457031 11.5
endloop
endfacet
facet normal 0.5666330455254353 -0.6549243058604066 0.500001145310523
outer loop
vertex 6.708992004394531 -73.21589660644531 9.5
vertex 5.905897617340088 -72.38382720947266 11.5
vertex 6.009639263153076 -73.82096862792969 9.5
endloop
endfacet
facet normal 0.5666360751542407 -0.6549225357451759 0.5000000305069054
outer loop
vertex 5.301706790924072 -72.90657043457031 11.5
vertex 6.009639263153076 -73.82096862792969 9.5
vertex 5.905897617340088 -72.38382720947266 11.5
endloop
endfacet
facet normal 0.6344404632753945 -0.5894788558603482 0.499999977052477
outer loop
vertex 6.452271938323975 -71.79578399658203 11.5
vertex 6.708992004394531 -73.21589660644531 9.5
vertex 7.186920166015625 -72.7015151977539 9.5
endloop
endfacet
facet normal 0.6344459350360272 -0.5894733693701454 0.49999950231942175
outer loop
vertex 6.452271938323975 -71.79578399658203 11.5
vertex 7.186920166015625 -72.7015151977539 9.5
vertex 7.3384599685668945 -72.53841400146484 9.5
endloop
endfacet
facet normal 0.6344374703991631 -0.5894810695834899 0.5000011647548591
outer loop
vertex 5.905897617340088 -72.38382720947266 11.5
vertex 6.708992004394531 -73.21589660644531 9.5
vertex 6.452271938323975 -71.79578399658203 11.5
endloop
endfacet
facet normal 0.6913617357552697 -0.5215548712193654 0.49999946664052736
outer loop
vertex 7.3384599685668945 -72.53841400146484 9.5
vertex 7.890195846557617 -71.80704498291016 9.5
vertex 6.968380928039551 -71.11164093017578 11.5
endloop
endfacet
facet normal 0.691361861717086 -0.521554758791933 0.4999994097442249
outer loop
vertex 6.452271938323975 -71.79578399658203 11.5
vertex 7.3384599685668945 -72.53841400146484 9.5
vertex 6.968380928039551 -71.11164093017578 11.5
endloop
endfacet
facet normal 0.6464035413154624 -0.5774497025052785 0.4987126455699662
outer loop
vertex 6.968380928039551 -71.11164093017578 11.5
vertex 7.890195846557617 -71.80704498291016 9.5
vertex 7.048429489135742 -71.02203369140625 11.5
endloop
endfacet
facet normal 0.6389964400812281 -0.5855747726547141 0.49878425716325214
outer loop
vertex 7.334747791290283 -70.7095947265625 11.5
vertex 7.048429489135742 -71.02203369140625 11.5
vertex 7.890195846557617 -71.80704498291016 9.5
endloop
endfacet
facet normal 0.6333486094768483 -0.5906508628174272 0.5000010971255677
outer loop
vertex 7.890195846557617 -71.80704498291016 9.5
vertex 8.179216384887695 -71.49713134765625 9.5
vertex 7.334747791290283 -70.7095947265625 11.5
endloop
endfacet
facet normal 0.5702534450102364 -0.6532863642369131 0.49802403029981646
outer loop
vertex 7.334747791290283 -70.7095947265625 11.5
vertex 8.179216384887695 -71.49713134765625 9.5
vertex 7.482004165649414 -70.5810546875 11.5
endloop
endfacet
facet normal 0.5305487652951303 -0.6853188102956809 0.4988548244717349
outer loop
vertex 7.817104339599609 -70.3216323852539 11.5
vertex 7.482004165649414 -70.5810546875 11.5
vertex 8.179216384887695 -71.49713134765625 9.5
endloop
endfacet
facet normal 0.5244993278856896 -0.6891303743525445 0.49999978219213415
outer loop
vertex 7.817104339599609 -70.3216323852539 11.5
vertex 8.179216384887695 -71.49713134765625 9.5
vertex 8.516427993774414 -71.240478515625 9.5
endloop
endfacet
facet normal 0.4799636232341843 -0.7213808811955593 0.4992439730406692
outer loop
vertex 7.817104339599609 -70.3216323852539 11.5
vertex 8.516427993774414 -71.240478515625 9.5
vertex 7.939077854156494 -70.240478515625 11.5
endloop
endfacet
facet normal 0.3663142391647728 -0.7856476445244469 0.4985696108251303
outer loop
vertex 7.939077854156494 -70.240478515625 11.5
vertex 8.516427993774414 -71.240478515625 9.5
vertex 7.983847141265869 -70.2196044921875 11.5
endloop
endfacet
facet normal 0.4008466876588522 -0.7683613217024616 0.4989416922893626
outer loop
vertex 7.983847141265869 -70.2196044921875 11.5
vertex 8.516427993774414 -71.240478515625 9.5
vertex 8.359561920166016 -70.02359771728516 11.5
endloop
endfacet
facet normal 0.40084626864854833 -0.7683614936864758 0.4989417640671342
outer loop
vertex 8.516427993774414 -71.240478515625 9.5
vertex 8.892143249511719 -71.04447174072266 9.5
vertex 8.359561920166016 -70.02359771728516 11.5
endloop
endfacet
facet normal 0.33562709102959437 -0.7998222415888209 0.4976332360552762
outer loop
vertex 8.359561920166016 -70.02359771728516 11.5
vertex 8.892143249511719 -71.04447174072266 9.5
vertex 8.539557456970215 -69.94806671142578 11.5
endloop
endfacet
facet normal 0.27112182717837663 -0.8230890791176436 0.49901635510745324
outer loop
vertex 8.539557456970215 -69.94806671142578 11.5
vertex 8.892143249511719 -71.04447174072266 9.5
vertex 8.942063331604004 -69.81548309326172 11.5
endloop
endfacet
facet normal 0.2651180368274697 -0.8244465255361542 0.5000003530799874
outer loop
vertex 8.892143249511719 -71.04447174072266 9.5
vertex 9.05124568939209 -70.9933090209961 9.5
vertex 8.942063331604004 -69.81548309326172 11.5
endloop
endfacet
facet normal 0.2651221522954441 -0.8244454499935089 0.4999999443472287
outer loop
vertex 8.942063331604004 -69.81548309326172 11.5
vertex 9.05124568939209 -70.9933090209961 9.5
vertex 9.295565605163574 -70.91474151611328 9.5
endloop
endfacet
facet normal 0.2083800014787118 -0.8411014643019803 0.49912533669690295
outer loop
vertex 8.942063331604004 -69.81548309326172 11.5
vertex 9.295565605163574 -70.91474151611328 9.5
vertex 9.095053672790527 -69.77758026123047 11.5
endloop
endfacet
facet normal 0.07550301080656913 -0.8635548876146072 0.4985702071284105
outer loop
vertex 9.095053672790527 -69.77758026123047 11.5
vertex 9.295565605163574 -70.91474151611328 9.5
vertex 9.133186340332031 -69.77424621582031 11.5
endloop
endfacet
facet normal 0.12213853726679491 -0.8578812571656121 0.49912115394789325
outer loop
vertex 9.133186340332031 -69.77424621582031 11.5
vertex 9.295565605163574 -70.91474151611328 9.5
vertex 9.55272388458252 -69.71451568603516 11.5
endloop
endfacet
facet normal 0.12213826159297624 -0.8578812709710518 0.4991211976786184
outer loop
vertex 9.295565605163574 -70.91474151611328 9.5
vertex 9.715104103088379 -70.85501098632812 9.5
vertex 9.55272388458252 -69.71451568603516 11.5
endloop
endfacet
facet normal 0.07553879071207192 -0.8635512561534939 0.498571077273322
outer loop
vertex 9.55272388458252 -69.71451568603516 11.5
vertex 9.715104103088379 -70.85501098632812 9.5
vertex 9.71503734588623 -69.7003173828125 11.5
endloop
endfacet
facet normal 0.00005026185185515015 -0.8660267022500405 0.49999774845859657
outer loop
vertex 9.71503734588623 -69.7003173828125 11.5
vertex 9.715104103088379 -70.85501098632812 9.5
vertex 78.72982788085938 -69.6963119506836 11.5
endloop
endfacet
facet normal 0.00005013432958819436 -0.8660247984522135 0.5000010459512582
outer loop
vertex 78.72982788085938 -69.6963119506836 11.5
vertex 9.715104103088379 -70.85501098632812 9.5
vertex 78.77349853515625 -70.85101318359375 9.5
endloop
endfacet
facet normal 0.0653736912904565 -0.8635539476631265 0.5000008599617505
outer loop
vertex 78.72982788085938 -69.6963119506836 11.5
vertex 78.77349853515625 -70.85101318359375 9.5
vertex 79.1362075805664 -70.82355499267578 9.5
endloop
endfacet
facet normal 0.06536316737318085 -0.863555481766302 0.49999958626214447
outer loop
vertex 78.72982788085938 -69.6963119506836 11.5
vertex 79.1362075805664 -70.82355499267578 9.5
vertex 79.61038970947266 -69.6296615600586 11.5
endloop
endfacet
facet normal 0.06535977640329295 -0.8635553265674707 0.500000297585372
outer loop
vertex 79.1362075805664 -70.82355499267578 9.5
vertex 79.80462646484375 -70.77296447753906 9.5
vertex 79.61038970947266 -69.6296615600586 11.5
endloop
endfacet
facet normal 0.22349839478350567 -0.8366887412379556 0.5000004178146672
outer loop
vertex 80.72696685791016 -69.3313980102539 11.5
vertex 79.80462646484375 -70.77296447753906 9.5
vertex 81.14469909667969 -70.41500091552734 9.5
endloop
endfacet
facet normal 0.22349889147334379 -0.836688744178309 0.5000001908754743
outer loop
vertex 79.61038970947266 -69.6296615600586 11.5
vertex 79.80462646484375 -70.77296447753906 9.5
vertex 80.72696685791016 -69.3313980102539 11.5
endloop
endfacet
facet normal 0.3959643594598569 -0.7702024820054713 0.5000003627500254
outer loop
vertex 80.72696685791016 -69.3313980102539 11.5
vertex 81.14469909667969 -70.41500091552734 9.5
vertex 82.37828826904297 -69.78080749511719 9.5
endloop
endfacet
facet normal 0.3959644135656005 -0.7702024324216357 0.5000003962812887
outer loop
vertex 80.72696685791016 -69.3313980102539 11.5
vertex 82.37828826904297 -69.78080749511719 9.5
vertex 81.74011993408203 -68.81053161621094 11.5
endloop
endfacet
facet normal 0.5503890281893755 -0.6686347811691176 0.4999994470593751
outer loop
vertex 82.75788879394531 -69.46833801269531 9.5
vertex 82.61966705322266 -68.08653259277344 11.5
vertex 82.37828826904297 -69.78080749511719 9.5
endloop
endfacet
facet normal 0.5503902418732437 -0.668634081091564 0.49999904725264455
outer loop
vertex 82.61966705322266 -68.08653259277344 11.5
vertex 82.75788879394531 -69.46833801269531 9.5
vertex 83.4491958618164 -68.89928436279297 9.5
endloop
endfacet
facet normal 0.5503872384420538 -0.6686355841821967 0.5000003433253444
outer loop
vertex 81.74011993408203 -68.81053161621094 11.5
vertex 82.37828826904297 -69.78080749511719 9.5
vertex 82.61966705322266 -68.08653259277344 11.5
endloop
endfacet
facet normal 0.6797402249622466 -0.5366116980071343 0.5000011121289376
outer loop
vertex 83.4491958618164 -68.89928436279297 9.5
vertex 84.30865478515625 -67.81058502197266 9.5
vertex 83.3255386352539 -67.19237518310547 11.5
endloop
endfacet
facet normal 0.6797446321017907 -0.5366084468473082 0.4999986098989883
outer loop
vertex 82.61966705322266 -68.08653259277344 11.5
vertex 83.4491958618164 -68.89928436279297 9.5
vertex 83.3255386352539 -67.19237518310547 11.5
endloop
endfacet
facet normal 0.7781340926625564 -0.38014104809308913 0.5000001173908941
outer loop
vertex 84.30865478515625 -67.81058502197266 9.5
vertex 84.77442932128906 -66.85716247558594 9.5
vertex 83.82559204101562 -66.16879272460938 11.5
endloop
endfacet
facet normal 0.7781355005947728 -0.3801384594433994 0.4999998943661104
outer loop
vertex 83.82559204101562 -66.16879272460938 11.5
vertex 84.77442932128906 -66.85716247558594 9.5
vertex 84.9175033569336 -66.56429290771484 9.5
endloop
endfacet
facet normal 0.7781323529807591 -0.3801430261056915 0.50000132094609
outer loop
vertex 83.3255386352539 -67.19237518310547 11.5
vertex 84.30865478515625 -67.81058502197266 9.5
vertex 83.82559204101562 -66.16879272460938 11.5
endloop
endfacet
facet normal 0.8410819955261586 -0.20635253687957256 0.4999997073250139
outer loop
vertex 83.82559204101562 -66.16879272460938 11.5
vertex 84.9175033569336 -66.56429290771484 9.5
vertex 85.07803344726562 -65.90998077392578 9.5
endloop
endfacet
facet normal 0.8410816559020587 -0.20635704922408174 0.4999984163380728
outer loop
vertex 85.24800872802734 -65.2171859741211 9.5
vertex 84.09339141845703 -65.07728576660156 11.5
vertex 85.07803344726562 -65.90998077392578 9.5
endloop
endfacet
facet normal 0.8410813400661062 -0.206357877606562 0.499998605740374
outer loop
vertex 83.82559204101562 -66.16879272460938 11.5
vertex 85.07803344726562 -65.90998077392578 9.5
vertex 84.09339141845703 -65.07728576660156 11.5
endloop
endfacet
facet normal 0.8660262017823809 -0.0004854968761804336 0.49999838211654846
outer loop
vertex 84.09339141845703 -65.07728576660156 11.5
vertex 85.24800872802734 -65.2171859741211 9.5
vertex 84.15228271484375 39.97262954711914 11.5
endloop
endfacet
facet normal 0.8660250208446493 -0.0004855480672477636 0.5000004275139166
outer loop
vertex 84.15228271484375 39.97262954711914 11.5
vertex 85.24800872802734 -65.2171859741211 9.5
vertex 85.3070068359375 40.012020111083984 9.5
endloop
endfacet
facet normal 0.863979620022056 0.05949219870073911 0.49999989448028437
outer loop
vertex 84.15228271484375 39.97262954711914 11.5
vertex 85.2260971069336 41.187007904052734 9.5
vertex 84.08061981201172 41.01335906982422 11.5
endloop
endfacet
facet normal 0.8639791528921366 0.05949365563101337 0.5000005283071653
outer loop
vertex 84.15228271484375 39.97262954711914 11.5
vertex 85.3070068359375 40.012020111083984 9.5
vertex 85.2260971069336 41.187007904052734 9.5
endloop
endfacet
facet normal 0.8427959717511482 0.19924161318362624 0.49999772957086924
outer loop
vertex 84.08061981201172 41.01335906982422 11.5
vertex 84.94071197509766 42.394161224365234 9.5
vertex 83.75719451904297 42.38145446777344 11.5
endloop
endfacet
facet normal 0.8427967276700254 0.19923736082782392 0.49999814987563745
outer loop
vertex 84.94071197509766 42.394161224365234 9.5
vertex 84.85563659667969 42.7540397644043 9.5
vertex 83.75719451904297 42.38145446777344 11.5
endloop
endfacet
facet normal 0.842793590496931 0.1992462398000822 0.4999998997428093
outer loop
vertex 84.08061981201172 41.01335906982422 11.5
vertex 85.2260971069336 41.187007904052734 9.5
vertex 84.94071197509766 42.394161224365234 9.5
endloop
endfacet
facet normal 0.7900880627891137 0.3546265501217209 0.5000008629861673
outer loop
vertex 83.18781280517578 43.650001525878906 11.5
vertex 84.62718963623047 43.263023376464844 9.5
vertex 84.19627380371094 44.223079681396484 9.5
endloop
endfacet
facet normal 0.7900878654854805 0.3546274299257321 0.500000550756564
outer loop
vertex 83.75719451904297 42.38145446777344 11.5
vertex 84.62718963623047 43.263023376464844 9.5
vertex 83.18781280517578 43.650001525878906 11.5
endloop
endfacet
facet normal 0.7900935592129231 0.3546174528920317 0.4999986297927453
outer loop
vertex 83.75719451904297 42.38145446777344 11.5
vertex 84.85563659667969 42.7540397644043 9.5
vertex 84.62718963623047 43.263023376464844 9.5
endloop
endfacet
facet normal 0.70902416597133 0.49727654348960826 0.5000007713630926
outer loop
vertex 83.18781280517578 43.650001525878906 11.5
vertex 84.19627380371094 44.223079681396484 9.5
vertex 82.38939666748047 44.788394927978516 11.5
endloop
endfacet
facet normal 0.7090244942575846 0.4972754729465079 0.5000013705467248
outer loop
vertex 84.19627380371094 44.223079681396484 9.5
vertex 83.27167510986328 45.54138946533203 9.5
vertex 82.38939666748047 44.788394927978516 11.5
endloop
endfacet
facet normal 0.6025102539265523 0.6220781994900524 0.5000001076325643
outer loop
vertex 82.38939666748047 44.788394927978516 11.5
vertex 82.11502075195312 46.66165542602539 9.5
vertex 81.3906021118164 45.75577163696289 11.5
endloop
endfacet
facet normal 0.6025062934655103 0.6220801387369274 0.5000024673174099
outer loop
vertex 82.9671859741211 45.8363037109375 9.5
vertex 82.11502075195312 46.66165542602539 9.5
vertex 82.38939666748047 44.788394927978516 11.5
endloop
endfacet
facet normal 0.6025129296479017 0.6220745316840708 0.5000014466350539
outer loop
vertex 83.27167510986328 45.54138946533203 9.5
vertex 82.9671859741211 45.8363037109375 9.5
vertex 82.38939666748047 44.788394927978516 11.5
endloop
endfacet
facet normal 0.47436676256422083 0.7245523030900978 0.5000001346611571
outer loop
vertex 81.3906021118164 45.75577163696289 11.5
vertex 81.13855743408203 47.30094909667969 9.5
vertex 80.22727966308594 46.51740264892578 11.5
endloop
endfacet
facet normal 0.4743649067110418 0.724553718883968 0.4999998437324118
outer loop
vertex 81.13855743408203 47.30094909667969 9.5
vertex 80.76783752441406 47.54365921020508 9.5
vertex 80.22727966308594 46.51740264892578 11.5
endloop
endfacet
facet normal 0.4743667284084581 0.7245523157382533 0.5000001487373686
outer loop
vertex 82.11502075195312 46.66165542602539 9.5
vertex 81.13855743408203 47.30094909667969 9.5
vertex 81.3906021118164 45.75577163696289 11.5
endloop
endfacet
facet normal 0.32919626256076906 0.8010182623073905 0.49999956416587976
outer loop
vertex 80.22727966308594 46.51740264892578 11.5
vertex 79.27848052978516 48.15574264526367 9.5
vertex 78.9411849975586 47.04595184326172 11.5
endloop
endfacet
facet normal 0.32919946779026976 0.80101667851868 0.49999999114150484
outer loop
vertex 80.76783752441406 47.54365921020508 9.5
vertex 80.45674133300781 47.671512603759766 9.5
vertex 80.22727966308594 46.51740264892578 11.5
endloop
endfacet
facet normal 0.3291946607113888 0.8010183840344853 0.5000004237977157
outer loop
vertex 80.45674133300781 47.671512603759766 9.5
vertex 79.27848052978516 48.15574264526367 9.5
vertex 80.22727966308594 46.51740264892578 11.5
endloop
endfacet
facet normal 0.17220952893779418 0.848730949757601 0.49999965306646316
outer loop
vertex 79.27848052978516 48.15574264526367 9.5
vertex 77.583740234375 47.321380615234375 11.5
vertex 78.9411849975586 47.04595184326172 11.5
endloop
endfacet
facet normal 0.17221069945798173 0.8487302900645927 0.5000003697189286
outer loop
vertex 79.27848052978516 48.15574264526367 9.5
vertex 77.78434753417969 48.45890808105469 9.5
vertex 77.583740234375 47.321380615234375 11.5
endloop
endfacet
facet normal 0.1721848158505534 0.8487353691701561 0.500000662309671
outer loop
vertex 77.78434753417969 48.45890808105469 9.5
vertex 77.70040893554688 48.47593688964844 9.5
vertex 77.583740234375 47.321380615234375 11.5
endloop
endfacet
facet normal 0.0010702621210966331 0.8660249229617399 0.49999968734800687
outer loop
vertex 77.70040893554688 48.47593688964844 9.5
vertex 38.83278274536133 47.36927032470703 11.5
vertex 77.583740234375 47.321380615234375 11.5
endloop
endfacet
facet normal 0.0010703236732634586 0.8660243994934524 0.5000005938888867
outer loop
vertex 77.70040893554688 48.47593688964844 9.5
vertex 38.8189811706543 48.523990631103516 9.5
vertex 38.83278274536133 47.36927032470703 11.5
endloop
endfacet
facet normal -0.021769432171739475 0.8657513625555231 0.5000006700557263
outer loop
vertex 38.83278274536133 47.36927032470703 11.5
vertex 38.39085388183594 48.51322555541992 9.5
vertex 38.48780059814453 47.360595703125 11.5
endloop
endfacet
facet normal -0.021768945326075515 0.8657514184588169 0.5000005944555835
outer loop
vertex 38.8189811706543 48.523990631103516 9.5
vertex 38.39085388183594 48.51322555541992 9.5
vertex 38.83278274536133 47.36927032470703 11.5
endloop
endfacet
facet normal -0.1231497184655046 0.8572246618202372 0.5000000260090463
outer loop
vertex 38.39085388183594 48.51322555541992 9.5
vertex 36.81798553466797 48.28726577758789 9.5
vertex 37.090171813964844 47.159812927246094 11.5
endloop
endfacet
facet normal -0.12314851282142607 0.8572244580976951 0.5000006722285324
outer loop
vertex 38.48780059814453 47.360595703125 11.5
vertex 38.39085388183594 48.51322555541992 9.5
vertex 37.090171813964844 47.159812927246094 11.5
endloop
endfacet
facet normal -0.28151704345127576 0.8189921305671427 0.5000000443155428
outer loop
vertex 37.090171813964844 47.159812927246094 11.5
vertex 36.81798553466797 48.28726577758789 9.5
vertex 35.77443313598633 46.70754623413086 11.5
endloop
endfacet
facet normal -0.28151694118163895 0.8189921323050677 0.5000000990501222
outer loop
vertex 36.81798553466797 48.28726577758789 9.5
vertex 35.295162200927734 47.763816833496094 9.5
vertex 35.77443313598633 46.70754623413086 11.5
endloop
endfacet
facet normal -0.4309352610829123 0.7511954449689032 0.5000002042133319
outer loop
vertex 35.77443313598633 46.70754623413086 11.5
vertex 35.295162200927734 47.763816833496094 9.5
vertex 34.56828689575195 46.015621185302734 11.5
endloop
endfacet
facet normal -0.4309343185574294 0.7511956426488984 0.5000007195542346
outer loop
vertex 35.295162200927734 47.763816833496094 9.5
vertex 33.898399353027344 46.96254348754883 9.5
vertex 34.56828689575195 46.015621185302734 11.5
endloop
endfacet
facet normal -0.5648820070972678 0.6564354976119369 0.5000007555321602
outer loop
vertex 34.56828689575195 46.015621185302734 11.5
vertex 32.67782974243164 45.912208557128906 9.5
vertex 33.510231018066406 45.105133056640625 11.5
endloop
endfacet
facet normal -0.5648817769180842 0.6564358763255289 0.5000005183783341
outer loop
vertex 33.898399353027344 46.96254348754883 9.5
vertex 32.67782974243164 45.912208557128906 9.5
vertex 34.56828689575195 46.015621185302734 11.5
endloop
endfacet
facet normal -0.6738144719058008 0.5445321088625968 0.4994585466962797
outer loop
vertex 32.67782974243164 45.912208557128906 9.5
vertex 31.797330856323242 44.822662353515625 9.5
vertex 32.619266510009766 44.00529098510742 11.5
endloop
endfacet
facet normal -0.6738104984499541 0.5445367745050382 0.4994588205150387
outer loop
vertex 31.797330856323242 44.822662353515625 9.5
vertex 31.72246742248535 44.73002624511719 9.5
vertex 32.619266510009766 44.00529098510742 11.5
endloop
endfacet
facet normal -0.6729112550865796 0.5451146677069912 0.5000404401930916
outer loop
vertex 33.510231018066406 45.105133056640625 11.5
vertex 32.67782974243164 45.912208557128906 9.5
vertex 32.619266510009766 44.00529098510742 11.5
endloop
endfacet
facet normal -0.6401056567136993 0.584366801908102 0.49877869749100245
outer loop
vertex 31.72246742248535 44.73002624511719 9.5
vertex 32.56423568725586 43.945011138916016 11.5
vertex 32.619266510009766 44.00529098510742 11.5
endloop
endfacet
facet normal -0.6338550199278143 0.5911231331679532 0.49879981470126106
outer loop
vertex 31.72246742248535 44.73002624511719 9.5
vertex 32.27521514892578 43.63509750366211 11.5
vertex 32.56423568725586 43.945011138916016 11.5
endloop
endfacet
facet normal -0.6338665654626922 0.59111282311429 0.4987973611982973
outer loop
vertex 31.72246742248535 44.73002624511719 9.5
vertex 31.663211822509766 44.66648483276367 9.5
vertex 32.27521514892578 43.63509750366211 11.5
endloop
endfacet
facet normal -0.6338572302269023 0.59112147775697 0.4987989677450182
outer loop
vertex 31.663211822509766 44.66648483276367 9.5
vertex 31.433446884155273 44.420108795166016 9.5
vertex 32.27521514892578 43.63509750366211 11.5
endloop
endfacet
facet normal -0.6129546823050899 0.6129546823050899 0.49857107304829934
outer loop
vertex 32.17567443847656 43.53555679321289 11.5
vertex 32.27521514892578 43.63509750366211 11.5
vertex 31.433446884155273 44.420108795166016 9.5
endloop
endfacet
facet normal -0.49718621148531167 0.7100940807948048 0.4985702232675594
outer loop
vertex 32.13066101074219 43.5040397644043 11.5
vertex 32.17567443847656 43.53555679321289 11.5
vertex 31.433446884155273 44.420108795166016 9.5
endloop
endfacet
facet normal -0.5248859737311948 0.6896570923496924 0.49886652478596244
outer loop
vertex 31.217525482177734 44.255775451660156 9.5
vertex 31.096235275268555 44.1634635925293 9.5
vertex 31.793447494506836 43.24739074707031 11.5
endloop
endfacet
facet normal -0.5248845924974468 0.689658073465882 0.4988666217157821
outer loop
vertex 31.433446884155273 44.420108795166016 9.5
vertex 31.217525482177734 44.255775451660156 9.5
vertex 31.793447494506836 43.24739074707031 11.5
endloop
endfacet
facet normal -0.5248883845136033 0.6896557002694119 0.49886591273468145
outer loop
vertex 31.433446884155273 44.420108795166016 9.5
vertex 31.793447494506836 43.24739074707031 11.5
vertex 32.13066101074219 43.5040397644043 11.5
endloop
endfacet
facet normal -0.47774995414349747 0.7236904857974251 0.4980231541627084
outer loop
vertex 31.096235275268555 44.1634635925293 9.5
vertex 31.630321502685547 43.13970184326172 11.5
vertex 31.793447494506836 43.24739074707031 11.5
endloop
endfacet
facet normal -0.39466129374554243 0.7708781395591535 0.4999893570556407
outer loop
vertex 31.096235275268555 44.1634635925293 9.5
vertex 31.253101348876953 42.94657897949219 11.5
vertex 31.630321502685547 43.13970184326172 11.5
endloop
endfacet
facet normal -0.4008459755433374 0.7683609318482468 0.498942864765099
outer loop
vertex 31.096235275268555 44.1634635925293 9.5
vertex 30.72052001953125 43.96745681762695 9.5
vertex 31.253101348876953 42.94657897949219 11.5
endloop
endfacet
facet normal -0.3476897447222456 0.7943797742304696 0.4980688865092134
outer loop
vertex 30.72052001953125 43.96745681762695 9.5
vertex 31.07402229309082 42.86819839477539 11.5
vertex 31.253101348876953 42.94657897949219 11.5
endloop
endfacet
facet normal -0.259306335407502 0.826298740989032 0.4999906149693938
outer loop
vertex 30.72052001953125 43.96745681762695 9.5
vertex 30.6696834564209 42.741310119628906 11.5
vertex 31.07402229309082 42.86819839477539 11.5
endloop
endfacet
facet normal -0.26529680983436454 0.8249779907767258 0.49902797258841636
outer loop
vertex 30.31709861755371 43.83772277832031 9.5
vertex 30.6696834564209 42.741310119628906 11.5
vertex 30.66196060180664 43.94862365722656 9.5
endloop
endfacet
facet normal -0.2653176912505647 0.8249730359302043 0.49902506219384596
outer loop
vertex 30.72052001953125 43.96745681762695 9.5
vertex 30.66196060180664 43.94862365722656 9.5
vertex 30.6696834564209 42.741310119628906 11.5
endloop
endfacet
facet normal -0.20739922908842368 0.8419396914899328 0.49811957968681014
outer loop
vertex 30.31709861755371 43.83772277832031 9.5
vertex 30.4798583984375 42.694549560546875 11.5
vertex 30.6696834564209 42.741310119628906 11.5
endloop
endfacet
facet normal -0.12207454331692014 0.8573789665191404 0.4999991136437507
outer loop
vertex 29.897560119628906 43.77798843383789 9.5
vertex 30.060319900512695 42.63481903076172 11.5
vertex 30.31709861755371 43.83772277832031 9.5
endloop
endfacet
facet normal -0.12206680258518816 0.8573793533604357 0.5000003401377542
outer loop
vertex 30.060319900512695 42.63481903076172 11.5
vertex 30.4798583984375 42.694549560546875 11.5
vertex 30.31709861755371 43.83772277832031 9.5
endloop
endfacet
facet normal -0.06119386970647048 0.8644040429835147 0.49906007732947516
outer loop
vertex 29.897560119628906 43.77798843383789 9.5
vertex 29.89801788330078 42.623329162597656 11.5
vertex 30.060319900512695 42.63481903076172 11.5
endloop
endfacet
facet normal -0.00034723052889689223 0.8660330547170741 0.49998662738954636
outer loop
vertex 19.850921630859375 42.619300842285156 11.5
vertex 29.89801788330078 42.623329162597656 11.5
vertex 29.897560119628906 43.77798843383789 9.5
endloop
endfacet
facet normal -0.00034352036148049955 0.8660249926770778 0.5000005940520759
outer loop
vertex 19.818981170654297 43.773990631103516 9.5
vertex 19.850921630859375 42.619300842285156 11.5
vertex 29.897560119628906 43.77798843383789 9.5
endloop
endfacet
facet normal -0.04753324976362199 0.8647198544663091 0.5000001634586476
outer loop
vertex 18.876367568969727 43.72217559814453 9.5
vertex 19.02618980407715 42.57396697998047 11.5
vertex 19.818981170654297 43.773990631103516 9.5
endloop
endfacet
facet normal -0.04753191487630339 0.8647196817893368 0.500000588993993
outer loop
vertex 19.02618980407715 42.57396697998047 11.5
vertex 19.850921630859375 42.619300842285156 11.5
vertex 19.818981170654297 43.773990631103516 9.5
endloop
endfacet
facet normal -0.17594420134489924 0.8479644015736232 0.5000000116769926
outer loop
vertex 18.876367568969727 43.72217559814453 9.5
vertex 18.435110092163086 43.630619049072266 9.5
vertex 17.641855239868164 42.2867317199707 11.5
endloop
endfacet
facet normal -0.17594418055058586 0.8479644011807312 0.5000000196605864
outer loop
vertex 17.641855239868164 42.2867317199707 11.5
vertex 18.435110092163086 43.630619049072266 9.5
vertex 17.299673080444336 43.39502716064453 9.5
endloop
endfacet
facet normal -0.17594393231689323 0.8479643719954177 0.5000001565072608
outer loop
vertex 17.641855239868164 42.2867317199707 11.5
vertex 19.02618980407715 42.57396697998047 11.5
vertex 18.876367568969727 43.72217559814453 9.5
endloop
endfacet
facet normal -0.33272138367600584 0.7995603243631403 0.4999997685489804
outer loop
vertex 16.803184509277344 43.18842315673828 9.5
vertex 16.358591079711914 41.75272750854492 11.5
vertex 17.299673080444336 43.39502716064453 9.5
endloop
endfacet
facet normal -0.33272074542574964 0.7995603757605917 0.5000001110769027
outer loop
vertex 17.299673080444336 43.39502716064453 9.5
vertex 16.358591079711914 41.75272750854492 11.5
vertex 17.641855239868164 42.2867317199707 11.5
endloop
endfacet
facet normal -0.3327203304462548 0.7995605258045904 0.5000001472828005
outer loop
vertex 16.803184509277344 43.18842315673828 9.5
vertex 15.812981605529785 42.776371002197266 9.5
vertex 16.358591079711914 41.75272750854492 11.5
endloop
endfacet
facet normal -0.47868844612687234 0.7226060815322016 0.4986961223804708
outer loop
vertex 15.812981605529785 42.776371002197266 9.5
vertex 14.32168197631836 41.7884635925293 9.5
vertex 14.957164764404297 40.829166412353516 11.5
endloop
endfacet
facet normal -0.4765202144734717 0.7230793621483933 0.5000847140567579
outer loop
vertex 16.358591079711914 41.75272750854492 11.5
vertex 15.812981605529785 42.776371002197266 9.5
vertex 14.957164764404297 40.829166412353516 11.5
endloop
endfacet
facet normal -0.49718388619868886 0.7100946145973167 0.4985717818170792
outer loop
vertex 14.957164764404297 40.829166412353516 11.5
vertex 14.32168197631836 41.7884635925293 9.5
vertex 14.899031639099121 40.7884635925293 11.5
endloop
endfacet
facet normal -0.36636868373772286 0.7856208427454624 0.4985718393774341
outer loop
vertex 14.32168197631836 41.7884635925293 9.5
vertex 14.854262351989746 40.76758575439453 11.5
vertex 14.899031639099121 40.7884635925293 11.5
endloop
endfacet
facet normal -0.40084681356433965 0.7683605878803621 0.498942721209018
outer loop
vertex 14.478548049926758 40.57157897949219 11.5
vertex 14.854262351989746 40.76758575439453 11.5
vertex 14.32168197631836 41.7884635925293 9.5
endloop
endfacet
facet normal -0.4008459755433374 0.7683609318482468 0.498942864765099
outer loop
vertex 14.32168197631836 41.7884635925293 9.5
vertex 13.945966720581055 41.59245681762695 9.5
vertex 14.478548049926758 40.57157897949219 11.5
endloop
endfacet
facet normal -0.3476897447222456 0.7943797742304696 0.4980688865092134
outer loop
vertex 13.945966720581055 41.59245681762695 9.5
vertex 14.299468994140625 40.49319839477539 11.5
vertex 14.478548049926758 40.57157897949219 11.5
endloop
endfacet
facet normal -0.2651204251186825 0.824446005413857 0.49999994434202066
outer loop
vertex 13.809713363647461 41.54863739013672 9.5
vertex 13.5425443649292 41.46272277832031 9.5
vertex 13.89604663848877 40.36346435546875 11.5
endloop
endfacet
facet normal -0.26512762290803044 0.8244436907504789 0.49999994435286294
outer loop
vertex 13.89604663848877 40.36346435546875 11.5
vertex 14.299468994140625 40.49319839477539 11.5
vertex 13.945966720581055 41.59245681762695 9.5
endloop
endfacet
facet normal -0.265142152791026 0.824440446886904 0.49999758834444613
outer loop
vertex 13.945966720581055 41.59245681762695 9.5
vertex 13.809713363647461 41.54863739013672 9.5
vertex 13.89604663848877 40.36346435546875 11.5
endloop
endfacet
facet normal -0.19447818458798868 0.8447054869894426 0.4986490509058337
outer loop
vertex 13.89604663848877 40.36346435546875 11.5
vertex 13.5425443649292 41.46272277832031 9.5
vertex 13.705305099487305 40.319549560546875 11.5
endloop
endfacet
facet normal -0.12206679903267631 0.8573793284081125 0.5000003837922229
outer loop
vertex 13.5425443649292 41.46272277832031 9.5
vertex 13.2857666015625 40.25981903076172 11.5
vertex 13.705305099487305 40.319549560546875 11.5
endloop
endfacet
facet normal -0.12207453976396643 0.8573789415653073 0.4999991573010591
outer loop
vertex 13.5425443649292 41.46272277832031 9.5
vertex 13.123005867004395 41.40298843383789 9.5
vertex 13.2857666015625 40.25981903076172 11.5
endloop
endfacet
facet normal -0.0612063715263228 0.8644029231550949 0.49906048383488427
outer loop
vertex 13.123005867004395 41.40298843383789 9.5
vertex 13.123390197753906 40.248321533203125 11.5
vertex 13.2857666015625 40.25981903076172 11.5
endloop
endfacet
facet normal -0.0002882636574011521 0.8660316508706191 0.4999890964754873
outer loop
vertex 13.123005867004395 41.40298843383789 9.5
vertex 1.1127755641937256 40.24432373046875 11.5
vertex 13.123390197753906 40.248321533203125 11.5
endloop
endfacet
facet normal -0.00028826365453756475 0.8660316508631801 0.4999890964883739
outer loop
vertex 1.1123911142349243 41.398990631103516 9.5
vertex 1.1127755641937256 40.24432373046875 11.5
vertex 13.123005867004395 41.40298843383789 9.5
endloop
endfacet
facet normal 0.07455643517945143 0.8636275734193082 0.4985867551421815
outer loop
vertex 1.1127755641937256 40.24432373046875 11.5
vertex 1.1123911142349243 41.398990631103516 9.5
vertex 1.0531221628189087 40.249473571777344 11.5
endloop
endfacet
facet normal 0.04462979940557515 0.8655609021554319 0.49881109216304803
outer loop
vertex 1.1123911142349243 41.398990631103516 9.5
vertex -0.7474795579910278 40.342315673828125 11.5
vertex 1.0531221628189087 40.249473571777344 11.5
endloop
endfacet
facet normal 0.04462800582524893 0.8655617098935263 0.4988098510076327
outer loop
vertex 1.1123911142349243 41.398990631103516 9.5
vertex -0.688210666179657 41.49182891845703 9.5
vertex -0.7474795579910278 40.342315673828125 11.5
endloop
endfacet
facet normal 0.07554428730063922 0.8635511383169698 0.49857044855035704
outer loop
vertex -0.688210666179657 41.49182891845703 9.5
vertex -0.8220458626747131 40.348838806152344 11.5
vertex -0.7474795579910278 40.342315673828125 11.5
endloop
endfacet
facet normal 0.10079664326206088 0.8608750627638254 0.4987325566057229
outer loop
vertex -0.8220458626747131 40.348838806152344 11.5
vertex -0.9996775984764099 41.52830123901367 9.5
vertex -1.1335128545761108 40.38530731201172 11.5
endloop
endfacet
facet normal 0.10080714596625899 0.8608745489320101 0.49873132077627275
outer loop
vertex -0.688210666179657 41.49182891845703 9.5
vertex -0.9996775984764099 41.52830123901367 9.5
vertex -0.8220458626747131 40.348838806152344 11.5
endloop
endfacet
facet normal 0.07554111900267699 0.8635507227521112 0.4985716483857958
outer loop
vertex -1.1335128545761108 40.38530731201172 11.5
vertex -0.9996775984764099 41.52830123901367 9.5
vertex -1.200189232826233 40.39113998413086 11.5
endloop
endfacet
facet normal 0.22436598390890442 0.8373089250599559 0.4985716290359194
outer loop
vertex -0.9996775984764099 41.52830123901367 9.5
vertex -1.3000407218933105 40.41789627075195 11.5
vertex -1.200189232826233 40.39113998413086 11.5
endloop
endfacet
facet normal 0.22634794659843607 0.836775407535307 0.49857148375613364
outer loop
vertex -1.3000407218933105 40.41789627075195 11.5
vertex -1.408745288848877 41.63895034790039 9.5
vertex -1.7091084718704224 40.52854919433594 11.5
endloop
endfacet
facet normal 0.22634052677742766 0.8367767030218107 0.49857267796988713
outer loop
vertex -0.9996775984764099 41.52830123901367 9.5
vertex -1.408745288848877 41.63895034790039 9.5
vertex -1.3000407218933105 40.41789627075195 11.5
endloop
endfacet
facet normal 0.22437117871690984 0.8373082414548968 0.49857043930912404
outer loop
vertex -1.8036761283874512 40.553890228271484 11.5
vertex -1.7091084718704224 40.52854919433594 11.5
vertex -1.408745288848877 41.63895034790039 9.5
endloop
endfacet
facet normal 0.3304900223545189 0.8006960684362825 0.4996620368957299
outer loop
vertex -1.408745288848877 41.63895034790039 9.5
vertex -1.8941837549209595 40.59124755859375 11.5
vertex -1.8036761283874512 40.553890228271484 11.5
endloop
endfacet
facet normal 0.36407988193118035 0.7857773716708443 0.4999997617429808
outer loop
vertex -1.408745288848877 41.63895034790039 9.5
vertex -2.2786855697631836 40.76940155029297 11.5
vertex -1.8941837549209595 40.59124755859375 11.5
endloop
endfacet
facet normal 0.36408227665455695 0.7857759833732023 0.5000001997798716
outer loop
vertex -1.408745288848877 41.63895034790039 9.5
vertex -1.6888903379440308 41.76875305175781 9.5
vertex -2.2786855697631836 40.76940155029297 11.5
endloop
endfacet
facet normal 0.3640728294042624 0.7857806496941714 0.4999997454557162
outer loop
vertex -1.6888903379440308 41.76875305175781 9.5
vertex -1.7932472229003906 41.81710433959961 9.5
vertex -2.2786855697631836 40.76940155029297 11.5
endloop
endfacet
facet normal 0.42975558586811274 0.7527680792785114 0.4986485287599833
outer loop
vertex -1.7932472229003906 41.81710433959961 9.5
vertex -2.4486663341522217 40.8664436340332 11.5
vertex -2.2786855697631836 40.76940155029297 11.5
endloop
endfacet
facet normal 0.498888048199004 0.7079061167622934 0.4999796448003842
outer loop
vertex -1.7932472229003906 41.81710433959961 9.5
vertex -2.7950778007507324 41.110572814941406 11.5
vertex -2.4486663341522217 40.8664436340332 11.5
endloop
endfacet
facet normal 0.4920292212947845 0.7136701260577807 0.49858018067781174
outer loop
vertex -1.7932472229003906 41.81710433959961 9.5
vertex -2.1421353816986084 42.057640075683594 9.5
vertex -2.7950778007507324 41.110572814941406 11.5
endloop
endfacet
facet normal 0.5510493437813767 0.6701476116353147 0.4972391771950372
outer loop
vertex -2.1421353816986084 42.057640075683594 9.5
vertex -2.945693016052246 41.23442077636719 11.5
vertex -2.7950778007507324 41.110572814941406 11.5
endloop
endfacet
facet normal 0.6054928971731978 0.6203045400041441 0.49859866538434944
outer loop
vertex -2.1421353816986084 42.057640075683594 9.5
vertex -2.445385456085205 42.3536491394043 9.5
vertex -3.2489428520202637 41.530426025390625 11.5
endloop
endfacet
facet normal 0.6054894805092291 0.6203085460496189 0.49859783061147755
outer loop
vertex -3.2489428520202637 41.530426025390625 11.5
vertex -2.945693016052246 41.23442077636719 11.5
vertex -2.1421353816986084 42.057640075683594 9.5
endloop
endfacet
facet normal 0.6435897943303784 0.5813174239240727 0.4978576395678399
outer loop
vertex -3.2489428520202637 41.530426025390625 11.5
vertex -2.445385456085205 42.3536491394043 9.5
vertex -3.379927158355713 41.67544174194336 11.5
endloop
endfacet
facet normal 0.7009059797063714 0.5086558647842269 0.5000000188324617
outer loop
vertex -2.445385456085205 42.3536491394043 9.5
vertex -2.694284200668335 42.69662094116211 9.5
vertex -3.6288259029388428 42.01841354370117 11.5
endloop
endfacet
facet normal 0.7009059797063714 0.5086558647842269 0.5000000188324617
outer loop
vertex -3.6288259029388428 42.01841354370117 11.5
vertex -3.379927158355713 41.67544174194336 11.5
vertex -2.445385456085205 42.3536491394043 9.5
endloop
endfacet
facet normal 0.7266840929232471 0.4716341651543726 0.4994911844582001
outer loop
vertex -3.6288259029388428 42.01841354370117 11.5
vertex -2.694284200668335 42.69662094116211 9.5
vertex -3.694284200668335 42.11927032470703 11.5
endloop
endfacet
facet normal 0.7856294322914805 0.3663510925656659 0.49857123071162956
outer loop
vertex -3.726250171661377 42.18782043457031 11.5
vertex -3.694284200668335 42.11927032470703 11.5
vertex -2.694284200668335 42.69662094116211 9.5
endloop
endfacet
facet normal 0.7767459315848579 0.38297055387575074 0.49999931262999936
outer loop
vertex -2.7660298347473145 42.84213638305664 9.5
vertex -3.9173431396484375 42.56608200073242 11.5
vertex -2.694284200668335 42.69662094116211 9.5
endloop
endfacet
facet normal 0.7736846950258771 0.39085574080052654 0.4986419382342274
outer loop
vertex -3.9173431396484375 42.56608200073242 11.5
vertex -3.726250171661377 42.18782043457031 11.5
vertex -2.694284200668335 42.69662094116211 9.5
endloop
endfacet
facet normal 0.7767476529739425 0.3829664994061263 0.49999974393202345
outer loop
vertex -2.7660298347473145 42.84213638305664 9.5
vertex -2.8816797733306885 43.07670211791992 9.5
vertex -3.9173431396484375 42.56608200073242 11.5
endloop
endfacet
facet normal 0.8137871203777618 0.2997057779461964 0.4979226540065589
outer loop
vertex -3.9173431396484375 42.56608200073242 11.5
vertex -2.8816797733306885 43.07670211791992 9.5
vertex -3.9848835468292236 42.749473571777344 11.5
endloop
endfacet
facet normal 0.8302705510663928 0.24627389010030687 0.49999998308677
outer loop
vertex -4.109215259552002 43.15460968017578 11.5
vertex -2.8816797733306885 43.07670211791992 9.5
vertex -3.002187967300415 43.482975006103516 9.5
endloop
endfacet
facet normal 0.8286395203257563 0.2543001442136578 0.4986862560841368
outer loop
vertex -4.109215259552002 43.15460968017578 11.5
vertex -3.9848835468292236 42.749473571777344 11.5
vertex -2.8816797733306885 43.07670211791992 9.5
endloop
endfacet
facet normal 0.8482311112822918 0.17816610647208098 0.49875928097368516
outer loop
vertex -4.109215259552002 43.15460968017578 11.5
vertex -3.002187967300415 43.482975006103516 9.5
vertex -4.141684532165527 43.3091926574707 11.5
endloop
endfacet
facet normal 0.8561264867327519 0.1305659373398477 0.4999999747212014
outer loop
vertex -3.2239480018615723 44.93706512451172 9.5
vertex -4.350988864898682 44.668155670166016 11.5
vertex -3.002187967300415 43.482975006103516 9.5
endloop
endfacet
facet normal 0.8563089906179413 0.1318867255549606 0.499340369096344
outer loop
vertex -4.141684532165527 43.3091926574707 11.5
vertex -3.002187967300415 43.482975006103516 9.5
vertex -4.350988864898682 44.668155670166016 11.5
endloop
endfacet
facet normal 0.8228499273488579 0.27003332096207167 0.5000000026321741
outer loop
vertex -4.350988864898682 44.668155670166016 11.5
vertex -3.2239480018615723 44.93706512451172 9.5
vertex -4.7889018058776855 46.00257110595703 11.5
endloop
endfacet
facet normal 0.8228499250185222 0.27003409454277855 0.4999995886813051
outer loop
vertex -3.2239480018615723 44.93706512451172 9.5
vertex -3.344895839691162 45.30561828613281 9.5
vertex -4.7889018058776855 46.00257110595703 11.5
endloop
endfacet
facet normal 0.8228499397890991 0.2700339120072054 0.499999662955047
outer loop
vertex -4.7889018058776855 46.00257110595703 11.5
vertex -3.344895839691162 45.30561828613281 9.5
vertex -3.726030111312866 46.46701431274414 9.5
endloop
endfacet
facet normal 0.7571513774454459 0.4203833260456935 0.49999965081510217
outer loop
vertex -4.507661819458008 47.87480926513672 9.5
vertex -5.463859558105469 47.21823501586914 11.5
vertex -3.726030111312866 46.46701431274414 9.5
endloop
endfacet
facet normal 0.7571513261641162 0.4203835887839796 0.4999995075687797
outer loop
vertex -4.7889018058776855 46.00257110595703 11.5
vertex -3.726030111312866 46.46701431274414 9.5
vertex -5.463859558105469 47.21823501586914 11.5
endloop
endfacet
facet normal 0.6642745763078863 0.5556426040864735 0.5000005837946396
outer loop
vertex -5.540786266326904 49.10991668701172 9.5
vertex -6.355987071990967 48.28477478027344 11.5
vertex -4.507661819458008 47.87480926513672 9.5
endloop
endfacet
facet normal 0.6642738158923431 0.5556444941762375 0.49999949361120233
outer loop
vertex -5.463859558105469 47.21823501586914 11.5
vertex -4.507661819458008 47.87480926513672 9.5
vertex -6.355987071990967 48.28477478027344 11.5
endloop
endfacet
facet normal 0.54755339122378 0.6709581824220177 0.5000004012001197
outer loop
vertex -6.355987071990967 48.28477478027344 11.5
vertex -6.7883195877075195 50.12799835205078 9.5
vertex -7.433261871337891 49.16391372680664 11.5
endloop
endfacet
facet normal 0.5475528572433483 0.6709583897692832 0.500000707722355
outer loop
vertex -6.355987071990967 48.28477478027344 11.5
vertex -5.540786266326904 49.10991668701172 9.5
vertex -6.7883195877075195 50.12799835205078 9.5
endloop
endfacet
facet normal 0.41117779566218116 0.7621892128974792 0.500000424096931
outer loop
vertex -6.7883195877075195 50.12799835205078 9.5
vertex -7.8033976554870605 50.675601959228516 9.5
vertex -7.433261871337891 49.16391372680664 11.5
endloop
endfacet
facet normal 0.41117672429065744 0.7621895123288298 0.500000848696825
outer loop
vertex -7.8033976554870605 50.675601959228516 9.5
vertex -8.20548152923584 50.892513275146484 9.5
vertex -7.433261871337891 49.16391372680664 11.5
endloop
endfacet
facet normal 0.4111788633541122 0.7621891216706586 0.49999968513763127
outer loop
vertex -7.433261871337891 49.16391372680664 11.5
vertex -8.20548152923584 50.892513275146484 9.5
vertex -8.657014846801758 49.824092864990234 11.5
endloop
endfacet
facet normal 0.26005214369345414 0.826055659289586 0.5000049302917788
outer loop
vertex -8.20548152923584 50.892513275146484 9.5
vertex -8.33230209350586 50.932437896728516 9.5
vertex -9.978938102722168 50.240234375 11.5
endloop
endfacet
facet normal 0.2600438410221791 0.8260612412357775 0.5000000264744376
outer loop
vertex -8.33230209350586 50.932437896728516 9.5
vertex -9.741402626037598 51.37602233886719 9.5
vertex -9.978938102722168 50.240234375 11.5
endloop
endfacet
facet normal 0.2600441534538476 0.8260613415102714 0.49999969831663144
outer loop
vertex -8.657014846801758 49.824092864990234 11.5
vertex -8.20548152923584 50.892513275146484 9.5
vertex -9.978938102722168 50.240234375 11.5
endloop
endfacet
facet normal 0.09287524134113606 0.8618157551490447 0.498645960299196
outer loop
vertex -20.059123992919922 52.48793029785156 9.5
vertex -27.911563873291016 53.334163665771484 9.5
vertex -28.034841537475586 52.190250396728516 11.5
endloop
endfacet
facet normal 0.09298845337094629 0.8610137126589358 0.5000085340801245
outer loop
vertex -9.741402626037598 51.37602233886719 9.5
vertex -28.034841537475586 52.190250396728516 11.5
vertex -9.978938102722168 50.240234375 11.5
endloop
endfacet
facet normal 0.09287515809685734 0.8618159402544441 0.49864565588384735
outer loop
vertex -20.059123992919922 52.48793029785156 9.5
vertex -28.034841537475586 52.190250396728516 11.5
vertex -9.741402626037598 51.37602233886719 9.5
endloop
endfacet
facet normal 0.06248965859545977 0.8646842460173857 0.4984136808495209
outer loop
vertex -27.911563873291016 53.334163665771484 9.5
vertex -28.100189208984375 52.19497299194336 11.5
vertex -28.034841537475586 52.190250396728516 11.5
endloop
endfacet
facet normal 0.14147331003755717 0.8543917317435736 0.5000000712752294
outer loop
vertex -27.911563873291016 53.334163665771484 9.5
vertex -28.124664306640625 53.369449615478516 9.5
vertex -28.392974853515625 52.24345397949219 11.5
endloop
endfacet
facet normal 0.14147490310337568 0.8543914392535317 0.5000001203221545
outer loop
vertex -28.124664306640625 53.369449615478516 9.5
vertex -28.2043514251709 53.38264465332031 9.5
vertex -28.392974853515625 52.24345397949219 11.5
endloop
endfacet
facet normal 0.14147462774058894 0.8543914256311026 0.5000002215136649
outer loop
vertex -27.911563873291016 53.334163665771484 9.5
vertex -28.392974853515625 52.24345397949219 11.5
vertex -28.100189208984375 52.19497299194336 11.5
endloop
endfacet
facet normal 0.21903397028221935 0.8388009752425447 0.49843459329641604
outer loop
vertex -28.56211280822754 52.287620544433594 11.5
vertex -28.392974853515625 52.24345397949219 11.5
vertex -28.2043514251709 53.38264465332031 9.5
endloop
endfacet
facet normal 0.2689844856438459 0.8237287332138933 0.4991175418283253
outer loop
vertex -28.2043514251709 53.38264465332031 9.5
vertex -45.24680709838867 57.735923767089844 11.5
vertex -28.56211280822754 52.287620544433594 11.5
endloop
endfacet
facet normal 0.2689539013182478 0.8232042028246769 0.49999863941563133
outer loop
vertex -35.35218811035156 55.71795654296875 9.5
vertex -45.24680709838867 57.735923767089844 11.5
vertex -28.2043514251709 53.38264465332031 9.5
endloop
endfacet
facet normal 0.2689539861231827 0.8232034730566616 0.499999795295859
outer loop
vertex -35.35218811035156 55.71795654296875 9.5
vertex -44.88819885253906 58.833526611328125 9.5
vertex -45.24680709838867 57.735923767089844 11.5
endloop
endfacet
facet normal 0.33097186521239597 0.8009632162112167 0.4989143721265317
outer loop
vertex -45.24680709838867 57.735923767089844 11.5
vertex -44.88819885253906 58.833526611328125 9.5
vertex -45.40900802612305 57.802947998046875 11.5
endloop
endfacet
facet normal 0.39756435130241136 0.7693878549803486 0.4999849149546724
outer loop
vertex -45.78550338745117 57.997493743896484 11.5
vertex -45.40900802612305 57.802947998046875 11.5
vertex -44.88819885253906 58.833526611328125 9.5
endloop
endfacet
facet normal 0.3909375805977365 0.7735688039644426 0.4987575699770481
outer loop
vertex -45.134971618652344 58.95823287963867 9.5
vertex -45.26641845703125 59.024662017822266 9.5
vertex -45.78550338745117 57.997493743896484 11.5
endloop
endfacet
facet normal 0.39092529155934524 0.7735755134738627 0.4987567958162481
outer loop
vertex -44.88819885253906 58.833526611328125 9.5
vertex -45.134971618652344 58.95823287963867 9.5
vertex -45.78550338745117 57.997493743896484 11.5
endloop
endfacet
facet normal 0.438103100549083 0.7483435711520419 0.49804374587448536
outer loop
vertex -45.78550338745117 57.997493743896484 11.5
vertex -45.26641845703125 59.024662017822266 9.5
vertex -45.948307037353516 58.092803955078125 11.5
endloop
endfacet
facet normal 0.5114137712436456 0.6988954381523512 0.5000011211109282
outer loop
vertex -45.948307037353516 58.092803955078125 11.5
vertex -45.778018951416016 59.39902877807617 9.5
vertex -46.410614013671875 58.431095123291016 11.5
endloop
endfacet
facet normal 0.5114189302323013 0.6988926510652819 0.499999740086923
outer loop
vertex -45.26641845703125 59.024662017822266 9.5
vertex -45.778018951416016 59.39902877807617 9.5
vertex -45.948307037353516 58.092803955078125 11.5
endloop
endfacet
facet normal 0.43482584025919685 0.74894954135225 0.5000010731499864
outer loop
vertex -45.778018951416016 59.39902877807617 9.5
vertex -63.515953063964844 68.36212921142578 11.5
vertex -46.410614013671875 58.431095123291016 11.5
endloop
endfacet
facet normal 0.4348261630098646 0.748950594808649 0.4999992144972725
outer loop
vertex -63.515953063964844 68.36212921142578 11.5
vertex -45.778018951416016 59.39902877807617 9.5
vertex -62.97172927856445 69.38136291503906 9.5
endloop
endfacet
facet normal 0.3804751715426025 0.7779714399612376 0.4999990824434237
outer loop
vertex -63.25264358520508 69.51874542236328 9.5
vertex -64.02974700927734 69.89879608154297 9.5
vertex -64.45211791992188 68.8199691772461 11.5
endloop
endfacet
facet normal 0.38047186843987546 0.7779737988535689 0.49999792561891365
outer loop
vertex -64.45211791992188 68.8199691772461 11.5
vertex -62.97172927856445 69.38136291503906 9.5
vertex -63.25264358520508 69.51874542236328 9.5
endloop
endfacet
facet normal 0.38047423842857697 0.7779718617960096 0.4999991361450988
outer loop
vertex -62.97172927856445 69.38136291503906 9.5
vertex -64.45211791992188 68.8199691772461 11.5
vertex -63.515953063964844 68.36212921142578 11.5
endloop
endfacet
facet normal 0.24886305256016109 0.8294997408496353 0.4999973609938624
outer loop
vertex -65.1382827758789 70.23136901855469 9.5
vertex -65.57206726074219 70.36151123046875 9.5
vertex -64.45211791992188 68.8199691772461 11.5
endloop
endfacet
facet normal 0.2488591334731291 0.8294999971411234 0.49999888642863966
outer loop
vertex -64.02974700927734 69.89879608154297 9.5
vertex -65.1382827758789 70.23136901855469 9.5
vertex -64.45211791992188 68.8199691772461 11.5
endloop
endfacet
facet normal 0.24885929332344126 0.8294996445382188 0.49999939183715625
outer loop
vertex -64.45211791992188 68.8199691772461 11.5
vertex -65.57206726074219 70.36151123046875 9.5
vertex -65.79862976074219 69.22393798828125 11.5
endloop
endfacet
facet normal 0.08794229256133515 0.8615488762293847 0.49999968704684294
outer loop
vertex -65.57206726074219 70.36151123046875 9.5
vertex -67.17396545410156 70.5250244140625 9.5
vertex -65.79862976074219 69.22393798828125 11.5
endloop
endfacet
facet normal 0.08794154807590732 0.8615487157098803 0.5000000945806599
outer loop
vertex -65.79862976074219 69.22393798828125 11.5
vertex -67.17396545410156 70.5250244140625 9.5
vertex -67.18191528320312 69.3651351928711 11.5
endloop
endfacet
facet normal -0.07612937014050088 0.8626727011176778 0.5000001297483233
outer loop
vertex -67.58438110351562 70.48880767822266 9.5
vertex -68.77796173095703 70.38347625732422 9.5
vertex -68.56700134277344 69.24290466308594 11.5
endloop
endfacet
facet normal -0.07612576017633543 0.8626730867760245 0.5000000139899006
outer loop
vertex -67.17396545410156 70.5250244140625 9.5
vertex -67.58438110351562 70.48880767822266 9.5
vertex -67.18191528320312 69.3651351928711 11.5
endloop
endfacet
facet normal -0.07612879386824373 0.8626726179142484 0.5000003610450132
outer loop
vertex -67.18191528320312 69.3651351928711 11.5
vertex -67.58438110351562 70.48880767822266 9.5
vertex -68.56700134277344 69.24290466308594 11.5
endloop
endfacet
facet normal -0.23747335731828884 0.8328303307001325 0.5000000448298862
outer loop
vertex -68.77796173095703 70.38347625732422 9.5
vertex -69.6492919921875 70.13502502441406 9.5
vertex -68.56700134277344 69.24290466308594 11.5
endloop
endfacet
facet normal -0.23747538945379704 0.8328293528993469 0.5000007083525206
outer loop
vertex -69.6492919921875 70.13502502441406 9.5
vertex -70.32646942138672 69.94193267822266 9.5
vertex -68.56700134277344 69.24290466308594 11.5
endloop
endfacet
facet normal -0.23747196757881142 0.8328316532199692 0.49999850200689694
outer loop
vertex -68.56700134277344 69.24290466308594 11.5
vertex -70.32646942138672 69.94193267822266 9.5
vertex -69.9041748046875 68.86162567138672 11.5
endloop
endfacet
facet normal -0.39028892238914425 0.7730937630498791 0.5000005905933492
outer loop
vertex -69.9041748046875 68.86162567138672 11.5
vertex -71.76390838623047 69.21626281738281 9.5
vertex -71.14543914794922 68.2349853515625 11.5
endloop
endfacet
facet normal -0.39028629858387165 0.7730963669619942 0.49999861252594124
outer loop
vertex -70.32646942138672 69.94193267822266 9.5
vertex -71.76390838623047 69.21626281738281 9.5
vertex -69.9041748046875 68.86162567138672 11.5
endloop
endfacet
facet normal -0.5290953199230346 0.6856073157338076 0.5000007510472606
outer loop
vertex -71.76390838623047 69.21626281738281 9.5
vertex -73.03868103027344 68.23249816894531 9.5
vertex -72.24623107910156 67.38548278808594 11.5
endloop
endfacet
facet normal -0.529096255083214 0.6856069815904601 0.5000002196512888
outer loop
vertex -72.24623107910156 67.38548278808594 11.5
vertex -71.14543914794922 68.2349853515625 11.5
vertex -71.76390838623047 69.21626281738281 9.5
endloop
endfacet
facet normal -0.6489097585538207 0.5735114366968529 0.5000007572309604
outer loop
vertex -73.03868103027344 68.23249816894531 9.5
vertex -74.10502624511719 67.02596282958984 9.5
vertex -72.24623107910156 67.38548278808594 11.5
endloop
endfacet
facet normal -0.6489086019293853 0.5735140999285816 0.49999920352452526
outer loop
vertex -72.24623107910156 67.38548278808594 11.5
vertex -74.10502624511719 67.02596282958984 9.5
vertex -73.16394805908203 66.34712219238281 11.5
endloop
endfacet
facet normal -0.7489504531855525 0.4348262663054259 0.49999933680359876
outer loop
vertex -74.10502624511719 67.02596282958984 9.5
vertex -83.06813049316406 49.288028717041016 11.5
vertex -73.16394805908203 66.34712219238281 11.5
endloop
endfacet
facet normal -0.7489505237620834 0.43482628792815836 0.4999992122824988
outer loop
vertex -83.06813049316406 49.288028717041016 11.5
vertex -74.10502624511719 67.02596282958984 9.5
vertex -84.08736419677734 49.832252502441406 9.5
endloop
endfacet
facet normal -0.7779718617960096 0.38047423842857697 0.4999991361450988
outer loop
vertex -84.08736419677734 49.832252502441406 9.5
vertex -83.52597045898438 48.351863861083984 11.5
vertex -83.06813049316406 49.288028717041016 11.5
endloop
endfacet
facet normal -0.7779700680657781 0.38047643304351075 0.5000002570921492
outer loop
vertex -84.08736419677734 49.832252502441406 9.5
vertex -84.31585693359375 49.365047454833984 9.5
vertex -83.52597045898438 48.351863861083984 11.5
endloop
endfacet
facet normal -0.7779740303584495 0.3804703346190923 0.4999987325610598
outer loop
vertex -84.31585693359375 49.365047454833984 9.5
vertex -84.60479736328125 48.77423095703125 9.5
vertex -83.52597045898438 48.351863861083984 11.5
endloop
endfacet
facet normal -0.8294994294688786 0.24885852377860365 0.500000131653522
outer loop
vertex -83.52597045898438 48.351863861083984 11.5
vertex -85.06751251220703 47.23191833496094 9.5
vertex -83.92993927001953 47.005348205566406 11.5
endloop
endfacet
facet normal -0.8295000052722674 0.2488597778278629 0.49999855223067896
outer loop
vertex -84.60479736328125 48.77423095703125 9.5
vertex -84.86698150634766 47.90031814575195 9.5
vertex -83.52597045898438 48.351863861083984 11.5
endloop
endfacet
facet normal -0.8294995594367511 0.2488635967998033 0.49999739107529434
outer loop
vertex -84.86698150634766 47.90031814575195 9.5
vertex -85.06751251220703 47.23191833496094 9.5
vertex -83.52597045898438 48.351863861083984 11.5
endloop
endfacet
facet normal -0.8615487838900019 0.08794186429324183 0.4999999214822817
outer loop
vertex -85.06751251220703 47.23191833496094 9.5
vertex -85.23102569580078 45.63001251220703 9.5
vertex -83.92993927001953 47.005348205566406 11.5
endloop
endfacet
facet normal -0.8615487691762359 0.08794179605119753 0.49999995883820075
outer loop
vertex -83.92993927001953 47.005348205566406 11.5
vertex -85.23102569580078 45.63001251220703 9.5
vertex -84.07113647460938 45.622066497802734 11.5
endloop
endfacet
facet normal -0.8626730045493611 -0.07612666750412762 0.5000000177164935
outer loop
vertex -85.19345092773438 45.204254150390625 9.5
vertex -85.0894775390625 44.02602005004883 9.5
vertex -83.94890594482422 44.23698043823242 11.5
endloop
endfacet
facet normal -0.8626733133618705 -0.07612885523983193 0.4999991518124052
outer loop
vertex -84.07113647460938 45.622066497802734 11.5
vertex -85.19345092773438 45.204254150390625 9.5
vertex -83.94890594482422 44.23698043823242 11.5
endloop
endfacet
facet normal -0.8626724889978404 -0.076134074156695 0.4999997794785251
outer loop
vertex -85.23102569580078 45.63001251220703 9.5
vertex -85.19345092773438 45.204254150390625 9.5
vertex -84.07113647460938 45.622066497802734 11.5
endloop
endfacet
facet normal -0.8328294705659767 -0.23747521441789535 0.5000005954936152
outer loop
vertex -84.85779571533203 43.2135009765625 9.5
vertex -84.64793395996094 42.47751235961914 9.5
vertex -83.94890594482422 44.23698043823242 11.5
endloop
endfacet
facet normal -0.8328303254621007 -0.23747337749646813 0.5000000439711094
outer loop
vertex -85.0894775390625 44.02602005004883 9.5
vertex -84.85779571533203 43.2135009765625 9.5
vertex -83.94890594482422 44.23698043823242 11.5
endloop
endfacet
facet normal -0.8328316532199692 -0.23747196757881142 0.49999850200689694
outer loop
vertex -83.94890594482422 44.23698043823242 11.5
vertex -84.64793395996094 42.47751235961914 9.5
vertex -83.567626953125 42.89980697631836 11.5
endloop
endfacet
facet normal -0.7730951343828152 -0.39028567633445216 0.5000010040407681
outer loop
vertex -84.64793395996094 42.47751235961914 9.5
vertex -83.9222640991211 41.04007339477539 9.5
vertex -82.94098663330078 41.658546447753906 11.5
endloop
endfacet
facet normal -0.7730943973884549 -0.3902904420831727 0.49999842354261825
outer loop
vertex -82.94098663330078 41.658546447753906 11.5
vertex -83.567626953125 42.89980697631836 11.5
vertex -84.64793395996094 42.47751235961914 9.5
endloop
endfacet
facet normal -0.685607495126918 -0.5290948178579103 0.5000010363406239
outer loop
vertex -82.94098663330078 41.658546447753906 11.5
vertex -83.9222640991211 41.04007339477539 9.5
vertex -82.09148406982422 40.5577507019043 11.5
endloop
endfacet
facet normal -0.6856073157338076 -0.5290953199230346 0.5000007510472606
outer loop
vertex -83.9222640991211 41.04007339477539 9.5
vertex -82.9384994506836 39.76530075073242 9.5
vertex -82.09148406982422 40.5577507019043 11.5
endloop
endfacet
facet normal -0.5735146439188349 -0.6489078099634007 0.49999960737900095
outer loop
vertex -82.205810546875 39.11774444580078 9.5
vertex -81.73196411132812 38.698951721191406 9.5
vertex -82.09148406982422 40.5577507019043 11.5
endloop
endfacet
facet normal -0.5735115414266221 -0.6489096614599524 0.5000007631138074
outer loop
vertex -82.09148406982422 40.5577507019043 11.5
vertex -82.9384994506836 39.76530075073242 9.5
vertex -82.205810546875 39.11774444580078 9.5
endloop
endfacet
facet normal -0.5735120583871764 -0.6489089328438855 0.5000011157586686
outer loop
vertex -82.09148406982422 40.5577507019043 11.5
vertex -81.73196411132812 38.698951721191406 9.5
vertex -81.05302429199219 39.639949798583984 11.5
endloop
endfacet
facet normal -0.4349968954388266 -0.7488499067818303 0.5000015180691222
outer loop
vertex -81.73196411132812 38.698951721191406 9.5
vertex -65.3631362915039 30.525903701782227 11.5
vertex -81.05302429199219 39.639949798583984 11.5
endloop
endfacet
facet normal -0.43501111908248347 -0.7488996577975638 0.4999146215358149
outer loop
vertex -81.73196411132812 38.698951721191406 9.5
vertex -65.94298553466797 29.52765464782715 9.5
vertex -65.3631362915039 30.525903701782227 11.5
endloop
endfacet
facet normal -0.4971980031258857 -0.710085319705976 0.4985709422195539
outer loop
vertex -65.3631362915039 30.525903701782227 11.5
vertex -65.94298553466797 29.52765464782715 9.5
vertex -65.29849243164062 30.480640411376953 11.5
endloop
endfacet
facet normal -0.48559929945042285 -0.7180328507272299 0.4986202419174197
outer loop
vertex -65.94298553466797 29.52765464782715 9.5
vertex -65.6490249633789 29.3288516998291 9.5
vertex -65.00453186035156 30.281837463378906 11.5
endloop
endfacet
facet normal -0.48559929945042285 -0.7180328507272299 0.4986202419174197
outer loop
vertex -65.94298553466797 29.52765464782715 9.5
vertex -65.00453186035156 30.281837463378906 11.5
vertex -65.29849243164062 30.480640411376953 11.5
endloop
endfacet
facet normal -0.5241136744426567 -0.6908222633588841 0.49806571525244064
outer loop
vertex -65.6490249633789 29.3288516998291 9.5
vertex -64.86149597167969 30.17331886291504 11.5
vertex -65.00453186035156 30.281837463378906 11.5
endloop
endfacet
facet normal -0.5906516620166449 -0.6333494664496306 0.49999906750407386
outer loop
vertex -65.6490249633789 29.3288516998291 9.5
vertex -65.339111328125 29.039831161499023 9.5
vertex -64.55158233642578 29.88429832458496 11.5
endloop
endfacet
facet normal -0.5906516620166449 -0.6333494664496306 0.49999906750407386
outer loop
vertex -64.86149597167969 30.17331886291504 11.5
vertex -65.6490249633789 29.3288516998291 9.5
vertex -64.55158233642578 29.88429832458496 11.5
endloop
endfacet
facet normal -0.7101144906202584 -0.49715836975718797 0.498568917594655
outer loop
vertex -64.45455932617188 29.782058715820312 11.5
vertex -65.339111328125 29.039831161499023 9.5
vertex -64.42304229736328 29.737041473388672 11.5
endloop
endfacet
facet normal -0.6284816926328497 -0.5964145055472231 0.49930000961166604
outer loop
vertex -65.339111328125 29.039831161499023 9.5
vertex -64.45455932617188 29.782058715820312 11.5
vertex -64.55158233642578 29.88429832458496 11.5
endloop
endfacet
facet normal -0.6896587272105704 -0.5248828865792152 0.49886751283137964
outer loop
vertex -64.16638946533203 29.399829864501953 11.5
vertex -65.339111328125 29.039831161499023 9.5
vertex -65.08246612548828 28.702617645263672 9.5
endloop
endfacet
facet normal -0.6896508540576404 -0.524895466650807 0.4988651607268229
outer loop
vertex -65.339111328125 29.039831161499023 9.5
vertex -64.16638946533203 29.399829864501953 11.5
vertex -64.42304229736328 29.737041473388672 11.5
endloop
endfacet
facet normal -0.7317388569166553 -0.46582925956225385 0.49755536999814304
outer loop
vertex -64.16638946533203 29.399829864501953 11.5
vertex -65.08246612548828 28.702617645263672 9.5
vertex -64.06158447265625 29.235198974609375 11.5
endloop
endfacet
facet normal -0.7683635691673463 -0.4008395500869356 0.49894396545355646
outer loop
vertex -65.08246612548828 28.702617645263672 9.5
vertex -63.86558151245117 28.85948371887207 11.5
vertex -64.06158447265625 29.235198974609375 11.5
endloop
endfacet
facet normal -0.7683602439103928 -0.40084765158850866 0.498942577651917
outer loop
vertex -65.08246612548828 28.702617645263672 9.5
vertex -64.88645935058594 28.326904296875 9.5
vertex -63.86558151245117 28.85948371887207 11.5
endloop
endfacet
facet normal -0.7998147489575638 -0.3356426759658091 0.4976347670937593
outer loop
vertex -63.86558151245117 28.85948371887207 11.5
vertex -64.88645935058594 28.326904296875 9.5
vertex -63.79004669189453 28.679489135742188 11.5
endloop
endfacet
facet normal -0.8249770399777645 -0.2652997664648199 0.49902797258594417
outer loop
vertex -64.88645935058594 28.326904296875 9.5
vertex -63.66031265258789 28.27606773376465 11.5
vertex -63.79004669189453 28.679489135742188 11.5
endloop
endfacet
facet normal -0.8249728927845166 -0.26531833204073324 0.49902495814725495
outer loop
vertex -64.88645935058594 28.326904296875 9.5
vertex -64.837646484375 28.175127029418945 9.5
vertex -63.66031265258789 28.27606773376465 11.5
endloop
endfacet
facet normal -0.8249780228421878 -0.2652985754587361 0.4990269809208314
outer loop
vertex -64.837646484375 28.175127029418945 9.5
vertex -64.75672149658203 27.923480987548828 9.5
vertex -63.66031265258789 28.27606773376465 11.5
endloop
endfacet
facet normal -0.8419402820201708 -0.20739937455670052 0.49811852098198967
outer loop
vertex -63.66031265258789 28.27606773376465 11.5
vertex -64.75672149658203 27.923480987548828 9.5
vertex -63.61355209350586 28.08624267578125 11.5
endloop
endfacet
facet normal -0.8578812709710518 -0.12213826159297624 0.4991211976786184
outer loop
vertex -64.75672149658203 27.923480987548828 9.5
vertex -64.69699096679688 27.503942489624023 9.5
vertex -63.556495666503906 27.666322708129883 11.5
endloop
endfacet
facet normal -0.8581450104281446 -0.1166000474291195 0.4999915699457407
outer loop
vertex -64.75672149658203 27.923480987548828 9.5
vertex -63.556495666503906 27.666322708129883 11.5
vertex -63.61355209350586 28.08624267578125 11.5
endloop
endfacet
facet normal -0.8635500232857035 -0.07555098784350882 0.4985713645197955
outer loop
vertex -64.69699096679688 27.503942489624023 9.5
vertex -63.542293548583984 27.503992080688477 11.5
vertex -63.556495666503906 27.666322708129883 11.5
endloop
endfacet
facet normal -0.8660259878401982 -0.000036652361062186254 0.4999989870409874
outer loop
vertex -64.69699096679688 27.503942489624023 9.5
vertex -63.538291931152344 -67.04666137695312 11.5
vertex -63.542293548583984 27.503992080688477 11.5
endloop
endfacet
facet normal -0.8660250096595394 -0.00003660453542698942 0.5000006813038385
outer loop
vertex -63.538291931152344 -67.04666137695312 11.5
vertex -64.69699096679688 27.503942489624023 9.5
vertex -64.6929931640625 -67.07988739013672 9.5
endloop
endfacet
facet normal -0.8646060745741008 -0.04983384715172511 0.49997292275444594
outer loop
vertex -64.6929931640625 -67.07988739013672 9.5
vertex -64.68959045410156 -67.13892364501953 9.5
vertex -63.48682403564453 -67.94105529785156 11.5
endloop
endfacet
facet normal -0.8645946145048768 -0.04975309451036338 0.5000007821551943
outer loop
vertex -64.6929931640625 -67.07988739013672 9.5
vertex -63.48682403564453 -67.94105529785156 11.5
vertex -63.538291931152344 -67.04666137695312 11.5
endloop
endfacet
facet normal -0.8645953265379771 -0.04975075759618732 0.4999997834472474
outer loop
vertex -64.68959045410156 -67.13892364501953 9.5
vertex -64.63591766357422 -68.0716781616211 9.5
vertex -63.48682403564453 -67.94105529785156 11.5
endloop
endfacet
facet normal -0.8537020402230134 -0.14557849799332723 0.49999972744099697
outer loop
vertex -63.48682403564453 -67.94105529785156 11.5
vertex -64.63591766357422 -68.0716781616211 9.5
vertex -63.3527717590332 -68.72716522216797 11.5
endloop
endfacet
facet normal -0.8537020787480591 -0.14558097162511782 0.49999894144080864
outer loop
vertex -64.63591766357422 -68.0716781616211 9.5
vertex -64.48046112060547 -68.98329162597656 9.5
vertex -63.3527717590332 -68.72716522216797 11.5
endloop
endfacet
facet normal -0.8328310315253411 -0.23747324432997538 0.49999893115468974
outer loop
vertex -63.3527717590332 -68.72716522216797 11.5
vertex -64.48046112060547 -68.98329162597656 9.5
vertex -63.13369369506836 -69.4954833984375 11.5
endloop
endfacet
facet normal -0.8328314233658907 -0.23746905631498127 0.5000002675471452
outer loop
vertex -64.48046112060547 -68.98329162597656 9.5
vertex -64.22688293457031 -69.87261962890625 9.5
vertex -63.13369369506836 -69.4954833984375 11.5
endloop
endfacet
facet normal -0.8020953388625395 -0.32656416682508743 0.4999989123196412
outer loop
vertex -64.09363555908203 -70.19990539550781 9.5
vertex -63.87816619873047 -70.72913360595703 9.5
vertex -62.83243179321289 -70.2354507446289 11.5
endloop
endfacet
facet normal -0.8020974230688841 -0.32655683577231465 0.5000003569165017
outer loop
vertex -63.13369369506836 -69.4954833984375 11.5
vertex -64.09363555908203 -70.19990539550781 9.5
vertex -62.83243179321289 -70.2354507446289 11.5
endloop
endfacet
facet normal -0.8020974573464318 -0.32655676471060263 0.5000003483400116
outer loop
vertex -64.22688293457031 -69.87261962890625 9.5
vertex -64.09363555908203 -70.19990539550781 9.5
vertex -63.13369369506836 -69.4954833984375 11.5
endloop
endfacet
facet normal -0.7618634884634581 -0.4117832334766834 0.4999985935717995
outer loop
vertex -62.83243179321289 -70.2354507446289 11.5
vertex -63.87816619873047 -70.72913360595703 9.5
vertex -62.45254898071289 -70.93829345703125 11.5
endloop
endfacet
facet normal -0.7618656794054094 -0.41177641809227233 0.5000008680464785
outer loop
vertex -63.87816619873047 -70.72913360595703 9.5
vertex -63.438453674316406 -71.54268646240234 9.5
vertex -62.45254898071289 -70.93829345703125 11.5
endloop
endfacet
facet normal -0.7126148310800015 -0.49211682212468644 0.5000011359054305
outer loop
vertex -62.45254898071289 -70.93829345703125 11.5
vertex -63.438453674316406 -71.54268646240234 9.5
vertex -61.99855041503906 -71.59571075439453 11.5
endloop
endfacet
facet normal -0.7126132397794788 -0.4921203864324315 0.49999989574857867
outer loop
vertex -63.438453674316406 -71.54268646240234 9.5
vertex -62.91294860839844 -72.30364227294922 9.5
vertex -61.99855041503906 -71.59571075439453 11.5
endloop
endfacet
facet normal -0.6549231000507284 -0.5666354793958782 0.49999996650974576
outer loop
vertex -62.30787658691406 -73.00299072265625 9.5
vertex -61.47581100463867 -72.19989776611328 11.5
vertex -62.91294860839844 -72.30364227294922 9.5
endloop
endfacet
facet normal -0.6549228956939347 -0.5666358291596812 0.49999983780836593
outer loop
vertex -61.99855041503906 -71.59571075439453 11.5
vertex -62.91294860839844 -72.30364227294922 9.5
vertex -61.47581100463867 -72.19989776611328 11.5
endloop
endfacet
facet normal -0.5894798320022634 -0.6344398778317546 0.49999956907922594
outer loop
vertex -61.47581100463867 -72.19989776611328 11.5
vertex -61.630393981933594 -73.63246154785156 9.5
vertex -60.89051818847656 -72.74371337890625 11.5
endloop
endfacet
facet normal -0.5894786919424867 -0.6344406854211883 0.4999998884280552
outer loop
vertex -62.30787658691406 -73.00299072265625 9.5
vertex -61.7934455871582 -73.48096466064453 9.5
vertex -61.47581100463867 -72.19989776611328 11.5
endloop
endfacet
facet normal -0.5894799623736443 -0.6344397953300267 0.4999995200613303
outer loop
vertex -61.7934455871582 -73.48096466064453 9.5
vertex -61.630393981933594 -73.63246154785156 9.5
vertex -61.47581100463867 -72.19989776611328 11.5
endloop
endfacet
facet normal -0.5170535546437326 -0.6947331951771704 0.5000014091472145
outer loop
vertex -60.24959945678711 -73.22071075439453 11.5
vertex -61.36368179321289 -73.83096313476562 9.5
vertex -60.88853073120117 -74.1845932006836 9.5
endloop
endfacet
facet normal -0.5170561070315696 -0.6947307985880208 0.5000020996702003
outer loop
vertex -61.630393981933594 -73.63246154785156 9.5
vertex -61.36368179321289 -73.83096313476562 9.5
vertex -60.24959945678711 -73.22071075439453 11.5
endloop
endfacet
facet normal -0.5170507663070831 -0.6947365717083217 0.4999996009920669
outer loop
vertex -60.89051818847656 -72.74371337890625 11.5
vertex -61.630393981933594 -73.63246154785156 9.5
vertex -60.24959945678711 -73.22071075439453 11.5
endloop
endfacet
facet normal -0.4385156576451256 -0.7467952119728835 0.5000009293735755
outer loop
vertex -60.5192756652832 -74.40140533447266 9.5
vertex -60.091068267822266 -74.65284729003906 9.5
vertex -59.560646057128906 -73.62525177001953 11.5
endloop
endfacet
facet normal -0.4385073108308012 -0.7467996838469075 0.5000015705516315
outer loop
vertex -60.24959945678711 -73.22071075439453 11.5
vertex -60.88853073120117 -74.1845932006836 9.5
vertex -59.560646057128906 -73.62525177001953 11.5
endloop
endfacet
facet normal -0.4384968869324958 -0.7468087420172378 0.49999718298920537
outer loop
vertex -59.560646057128906 -73.62525177001953 11.5
vertex -60.88853073120117 -74.1845932006836 9.5
vertex -60.5192756652832 -74.40140533447266 9.5
endloop
endfacet
facet normal -0.3547682734657774 -0.7900247333622901 0.5000003928177996
outer loop
vertex -59.560646057128906 -73.62525177001953 11.5
vertex -59.85245895385742 -74.75999450683594 9.5
vertex -58.83182144165039 -73.9525375366211 11.5
endloop
endfacet
facet normal -0.35476093956136673 -0.7900276548548665 0.5000009803250953
outer loop
vertex -59.560646057128906 -73.62525177001953 11.5
vertex -60.091068267822266 -74.65284729003906 9.5
vertex -59.85245895385742 -74.75999450683594 9.5
endloop
endfacet
facet normal -0.35476488076990575 -0.7900268195746568 0.49999950372482105
outer loop
vertex -59.85245895385742 -74.75999450683594 9.5
vertex -59.2474479675293 -75.03167724609375 9.5
vertex -58.83182144165039 -73.9525375366211 11.5
endloop
endfacet
facet normal -0.266823636638238 -0.8238957162244651 0.5000009957171296
outer loop
vertex -58.83182144165039 -73.9525375366211 11.5
vertex -58.846248626708984 -75.16161346435547 9.5
vertex -58.071746826171875 -74.19869232177734 11.5
endloop
endfacet
facet normal -0.2668338735775592 -0.8238932579384375 0.49999958343500894
outer loop
vertex -58.83182144165039 -73.9525375366211 11.5
vertex -59.2474479675293 -75.03167724609375 9.5
vertex -58.846248626708984 -75.16161346435547 9.5
endloop
endfacet
facet normal -0.2668198355214027 -0.823897360193937 0.5000003152376943
outer loop
vertex -58.846248626708984 -75.16161346435547 9.5
vertex -58.36766052246094 -75.31660461425781 9.5
vertex -58.071746826171875 -74.19869232177734 11.5
endloop
endfacet
facet normal -0.17572984915979487 -0.8480087878415626 0.500000115857746
outer loop
vertex -58.071746826171875 -74.19869232177734 11.5
vertex -57.89445495605469 -75.41466522216797 9.5
vertex -57.2894287109375 -74.36080932617188 11.5
endloop
endfacet
facet normal -0.17572967253137123 -0.8480088079892453 0.5000001437646557
outer loop
vertex -58.071746826171875 -74.19869232177734 11.5
vertex -58.36766052246094 -75.31660461425781 9.5
vertex -57.89445495605469 -75.41466522216797 9.5
endloop
endfacet
facet normal -0.17573124355280387 -0.848008377621284 0.5000003215233995
outer loop
vertex -57.462120056152344 -75.50425720214844 9.5
vertex -57.2894287109375 -74.36080932617188 11.5
vertex -57.89445495605469 -75.41466522216797 9.5
endloop
endfacet
facet normal -0.08254105985328249 -0.8620823186651003 0.5000010492822003
outer loop
vertex -57.2894287109375 -74.36080932617188 11.5
vertex -56.54155731201172 -75.59239959716797 9.5
vertex -56.48637771606445 -74.43769836425781 11.5
endloop
endfacet
facet normal -0.08254300541788809 -0.8620824923156216 0.500000428699285
outer loop
vertex -57.2894287109375 -74.36080932617188 11.5
vertex -57.462120056152344 -75.50425720214844 9.5
vertex -56.54155731201172 -75.59239959716797 9.5
endloop
endfacet
facet normal -0.00003099751960319104 -0.8660249028243875 0.5000008667264128
outer loop
vertex -56.48637771606445 -74.43769836425781 11.5
vertex -56.54155731201172 -75.59239959716797 9.5
vertex 1.065205454826355 -74.43975830078125 11.5
endloop
endfacet
facet normal -0.00003090621394931746 -0.8660260421196195 0.4999988934142084
outer loop
vertex 1.065205454826355 -74.43975830078125 11.5
vertex -56.54155731201172 -75.59239959716797 9.5
vertex -11.433131217956543 -75.59400939941406 9.5
endloop
endfacet
facet normal -0.00003108214177280943 -0.8660255660139465 0.4999997180440444
outer loop
vertex 1.065205454826355 -74.43975830078125 11.5
vertex -11.433131217956543 -75.59400939941406 9.5
vertex 1.1087262630462646 -75.5944595336914 9.5
endloop
endfacet
facet normal 0.06522145464974366 -0.8635655885957013 0.5000006360463269
outer loop
vertex 1.2853204011917114 -75.58112335205078 9.5
vertex 1.7776777744293213 -75.54393768310547 9.5
vertex 1.636838674545288 -74.3965835571289 11.5
endloop
endfacet
facet normal 0.06521552875053736 -0.8635665292918898 0.49999978429650094
outer loop
vertex 1.065205454826355 -74.43975830078125 11.5
vertex 1.1087262630462646 -75.5944595336914 9.5
vertex 1.2853204011917114 -75.58112335205078 9.5
endloop
endfacet
facet normal 0.06522403493170102 -0.8635656390062767 0.500000212394864
outer loop
vertex 1.065205454826355 -74.43975830078125 11.5
vertex 1.2853204011917114 -75.58112335205078 9.5
vertex 1.636838674545288 -74.3965835571289 11.5
endloop
endfacet
facet normal 0.14558036910405361 -0.8537012247631758 -0.5000005749690506
outer loop
vertex 1.7776777744293213 -75.54393768310547 -3.700000047683716
vertex 1.636838674545288 -74.3965835571289 -5.699999809265137
vertex 2.6892940998077393 -75.38848114013672 -3.700000047683716
endloop
endfacet
facet normal 0.14557917791506877 -0.8537016666640573 -0.5000001672925555
outer loop
vertex 1.636838674545288 -74.3965835571289 -5.699999809265137
vertex 2.4331676959991455 -74.26078796386719 -5.699999809265137
vertex 2.6892940998077393 -75.38848114013672 -3.700000047683716
endloop
endfacet
facet normal 0.23747373278796152 -0.8328301601904987 -0.5000001505127974
outer loop
vertex 2.4331676959991455 -74.26078796386719 -5.699999809265137
vertex 3.2014834880828857 -74.04170989990234 -5.699999809265137
vertex 2.6892940998077393 -75.38848114013672 -3.700000047683716
endloop
endfacet
facet normal 0.23747566204808865 -0.8328299796776695 -0.4999995348846985
outer loop
vertex 2.6892940998077393 -75.38848114013672 -3.700000047683716
vertex 3.2014834880828857 -74.04170989990234 -5.699999809265137
vertex 3.578622579574585 -75.13489532470703 -3.700000047683716
endloop
endfacet
facet normal 0.32653825601879644 -0.8021051667000543 -0.5000000689092762
outer loop
vertex 3.2014834880828857 -74.04170989990234 -5.699999809265137
vertex 3.4070088863372803 -74.4255599975586 -4.949999809265137
vertex 3.578622579574585 -75.13489532470703 -3.700000047683716
endloop
endfacet
facet normal 0.32654442215036317 -0.8021024650451652 -0.5000003759308134
outer loop
vertex 3.4070088863372803 -73.95803833007812 -5.699999809265137
vertex 3.4070088863372803 -74.4255599975586 -4.949999809265137
vertex 3.2014834880828857 -74.04170989990234 -5.699999809265137
endloop
endfacet
facet normal 0.32655123958853854 -0.8021004413311333 -0.49999916993890103
outer loop
vertex 3.5211896896362305 -74.73690032958984 -4.375974655151367
vertex 3.578622579574585 -75.13489532470703 -3.700000047683716
vertex 3.4070088863372803 -74.4255599975586 -4.949999809265137
endloop
endfacet
facet normal 0.3265607696835356 -0.802097233841091 -0.4999980911645231
outer loop
vertex 3.578622579574585 -75.13489532470703 -3.700000047683716
vertex 3.5211896896362305 -74.73690032958984 -4.375974655151367
vertex 3.846348762512207 -74.90786743164062 -3.8893399238586426
endloop
endfacet
facet normal 0.32655038807142256 -0.8020944159189837 -0.5000093919137797
outer loop
vertex 3.578622579574585 -75.13489532470703 -3.700000047683716
vertex 3.846348762512207 -74.90786743164062 -3.8893399238586426
vertex 3.9058947563171387 -75.00165557861328 -3.700000047683716
endloop
endfacet
facet normal 0.3265592573151902 -0.8020903283730595 -0.5000101564889947
outer loop
vertex 3.9058947563171387 -75.00165557861328 -3.700000047683716
vertex 3.846348762512207 -74.90786743164062 -3.8893399238586426
vertex 4.129715919494629 -74.91053009033203 -3.700000047683716
endloop
endfacet
facet normal 0.00005016361513777917 -0.8660247956328958 -0.5000010508315087
outer loop
vertex 18.40700912475586 -70.13282012939453 -4.949999809265137
vertex 18.40700912475586 -69.6998062133789 -5.699999809265137
vertex 78.77349853515625 -70.85101318359375 -3.700000047683716
endloop
endfacet
facet normal 0.00005016539541140141 -0.8660247723474612 -0.5000010911627706
outer loop
vertex 78.77349853515625 -70.85101318359375 -3.700000047683716
vertex 18.40700912475586 -69.6998062133789 -5.699999809265137
vertex 78.72982788085938 -69.6963119506836 -5.699999809265137
endloop
endfacet
facet normal 0.00005007717843710582 -0.8660305327667628 -0.49999111372902727
outer loop
vertex 17.684301376342773 -70.85454559326172 -3.700000047683716
vertex 17.967668533325195 -70.7452163696289 -3.8893399238586426
vertex 78.77349853515625 -70.85101318359375 -3.700000047683716
endloop
endfacet
facet normal 0.000050101885273682045 -0.866027069190405 -0.4999971129109434
outer loop
vertex 17.967668533325195 -70.7452163696289 -3.8893399238586426
vertex 18.292827606201172 -70.46424102783203 -4.375974655151367
vertex 78.77349853515625 -70.85101318359375 -3.700000047683716
endloop
endfacet
facet normal 0.00005015671939451858 -0.8660249400090552 -0.5000008007659749
outer loop
vertex 18.292827606201172 -70.46424102783203 -4.375974655151367
vertex 18.40700912475586 -70.13282012939453 -4.949999809265137
vertex 78.77349853515625 -70.85101318359375 -3.700000047683716
endloop
endfacet
facet normal 0.06535919130872633 -0.8635553586289423 -0.5000003186946066
outer loop
vertex 79.13610076904297 -70.82356262207031 -3.700000047683716
vertex 79.61038970947266 -69.6296615600586 -5.699999809265137
vertex 79.80462646484375 -70.77296447753906 -3.700000047683716
endloop
endfacet
facet normal 0.06537494002919342 -0.8635560797019108 -0.4999970144171325
outer loop
vertex 78.77349853515625 -70.85101318359375 -3.700000047683716
vertex 79.61038970947266 -69.6296615600586 -5.699999809265137
vertex 79.13610076904297 -70.82356262207031 -3.700000047683716
endloop
endfacet
facet normal 0.06536310236212423 -0.8635546228627853 -0.5000010781807487
outer loop
vertex 78.77349853515625 -70.85101318359375 -3.700000047683716
vertex 78.72982788085938 -69.6963119506836 -5.699999809265137
vertex 79.61038970947266 -69.6296615600586 -5.699999809265137
endloop
endfacet
facet normal 0.22349841906138337 -0.8366888321246349 -0.5000002548749118
outer loop
vertex 79.80462646484375 -70.77296447753906 -3.700000047683716
vertex 79.61038970947266 -69.6296615600586 -5.699999809265137
vertex 81.14469909667969 -70.41500091552734 -3.700000047683716
endloop
endfacet
facet normal 0.22349884768109818 -0.8366885802379925 -0.5000004847843186
outer loop
vertex 79.61038970947266 -69.6296615600586 -5.699999809265137
vertex 80.72696685791016 -69.3313980102539 -5.699999809265137
vertex 81.14469909667969 -70.41500091552734 -3.700000047683716
endloop
endfacet
facet normal 0.3959644017649211 -0.770202409467775 -0.5000004409847875
outer loop
vertex 81.74011993408203 -68.81053161621094 -5.699999809265137
vertex 82.37828826904297 -69.78080749511719 -3.700000047683716
vertex 80.72696685791016 -69.3313980102539 -5.699999809265137
endloop
endfacet
facet normal 0.3959643476591807 -0.7702024590516123 -0.500000407453523
outer loop
vertex 81.14469909667969 -70.41500091552734 -3.700000047683716
vertex 80.72696685791016 -69.3313980102539 -5.699999809265137
vertex 82.37828826904297 -69.78080749511719 -3.700000047683716
endloop
endfacet
facet normal 0.5503872220392113 -0.6686355642552735 -0.5000003880288416
outer loop
vertex 82.37828826904297 -69.78080749511719 -3.700000047683716
vertex 81.74011993408203 -68.81053161621094 -5.699999809265137
vertex 82.61966705322266 -68.08653259277344 -5.699999809265137
endloop
endfacet
facet normal 0.5503890117865384 -0.6686347612422897 -0.4999994917628455
outer loop
vertex 82.37828826904297 -69.78080749511719 -3.700000047683716
vertex 82.61966705322266 -68.08653259277344 -5.699999809265137
vertex 82.75788879394531 -69.46833801269531 -3.700000047683716
endloop
endfacet
facet normal 0.5503902254703965 -0.6686340611647887 -0.49999909195610304
outer loop
vertex 82.75788879394531 -69.46833801269531 -3.700000047683716
vertex 82.61966705322266 -68.08653259277344 -5.699999809265137
vertex 83.4491958618164 -68.89928436279297 -3.700000047683716
endloop
endfacet
facet normal 0.6797433666743922 -0.5366074478853469 -0.5000014023341712
outer loop
vertex 82.61966705322266 -68.08653259277344 -5.699999809265137
vertex 83.3255386352539 -67.19237518310547 -5.699999809265137
vertex 84.30865478515625 -67.81058502197266 -3.700000047683716
endloop
endfacet
facet normal 0.6797412273620934 -0.5366124893380929 -0.49999890010944
outer loop
vertex 83.4491958618164 -68.89928436279297 -3.700000047683716
vertex 82.61966705322266 -68.08653259277344 -5.699999809265137
vertex 84.30865478515625 -67.81058502197266 -3.700000047683716
endloop
endfacet
facet normal 0.7781332020709257 -0.38014344091392327 -0.49999968416487056
outer loop
vertex 83.3255386352539 -67.19237518310547 -5.699999809265137
vertex 83.82559204101562 -66.16879272460938 -5.699999809265137
vertex 84.9175033569336 -66.56429290771484 -3.700000047683716
endloop
endfacet
facet normal 0.7781335063765819 -0.38014076167540484 -0.5000012475653725
outer loop
vertex 84.30865478515625 -67.81058502197266 -3.700000047683716
vertex 83.3255386352539 -67.19237518310547 -5.699999809265137
vertex 84.77442932128906 -66.85716247558594 -3.700000047683716
endloop
endfacet
facet normal 0.7781342618917106 -0.38013785430628205 -0.5000022821884502
outer loop
vertex 84.77442932128906 -66.85716247558594 -3.700000047683716
vertex 83.3255386352539 -67.19237518310547 -5.699999809265137
vertex 84.9175033569336 -66.56429290771484 -3.700000047683716
endloop
endfacet
facet normal 0.8410816308360275 -0.20635704307420055 -0.49999846104151247
outer loop
vertex 85.07803344726562 -65.90998077392578 -3.700000047683716
vertex 84.09339141845703 -65.07728576660156 -5.699999809265137
vertex 85.24800872802734 -65.2171859741211 -3.700000047683716
endloop
endfacet
facet normal 0.8410832331270447 -0.20635284051475186 -0.4999975001578015
outer loop
vertex 84.9175033569336 -66.56429290771484 -3.700000047683716
vertex 84.09339141845703 -65.07728576660156 -5.699999809265137
vertex 85.07803344726562 -65.90998077392578 -3.700000047683716
endloop
endfacet
facet normal 0.8410805580866494 -0.20635768574923097 -0.500000000340872
outer loop
vertex 84.9175033569336 -66.56429290771484 -3.700000047683716
vertex 83.82559204101562 -66.16879272460938 -5.699999809265137
vertex 84.09339141845703 -65.07728576660156 -5.699999809265137
endloop
endfacet
facet normal 0.8660249946146282 -0.0004854961994385847 -0.5000004729959499
outer loop
vertex 84.09339141845703 -65.07728576660156 -5.699999809265137
vertex 84.15228271484375 39.97262954711914 -5.699999809265137
vertex 85.3070068359375 40.012020111083984 -3.700000047683716
endloop
endfacet
facet normal 0.8660261743805573 -0.00048554871399250795 -0.49999842952775647
outer loop
vertex 85.24800872802734 -65.2171859741211 -3.700000047683716
vertex 84.09339141845703 -65.07728576660156 -5.699999809265137
vertex 85.3070068359375 40.012020111083984 -3.700000047683716
endloop
endfacet
facet normal 0.8639792163534609 0.059492170904791475 -0.5000005953099406
outer loop
vertex 85.3070068359375 40.012020111083984 -3.700000047683716
vertex 84.15228271484375 39.97262954711914 -5.699999809265137
vertex 84.08061981201172 41.01335906982422 -5.699999809265137
endloop
endfacet
facet normal 0.863979461880942 0.05949367690800082 -0.4999999918558843
outer loop
vertex 85.3070068359375 40.012020111083984 -3.700000047683716
vertex 84.08061981201172 41.01335906982422 -5.699999809265137
vertex 85.2260971069336 41.187007904052734 -3.700000047683716
endloop
endfacet
facet normal 0.8427956106461078 0.19924152781640428 -0.4999983722663899
outer loop
vertex 84.08061981201172 41.01335906982422 -5.699999809265137
vertex 83.75719451904297 42.38145446777344 -5.699999809265137
vertex 84.85563659667969 42.7540397644043 -3.700000047683716
endloop
endfacet
facet normal 0.8427935653797316 0.19924623386208312 -0.4999999444462933
outer loop
vertex 85.2260971069336 41.187007904052734 -3.700000047683716
vertex 84.08061981201172 41.01335906982422 -5.699999809265137
vertex 84.94071197509766 42.394161224365234 -3.700000047683716
endloop
endfacet
facet normal 0.8427979798293777 0.19923765683861333 -0.49999592127634285
outer loop
vertex 84.94071197509766 42.394161224365234 -3.700000047683716
vertex 84.08061981201172 41.01335906982422 -5.699999809265137
vertex 84.85563659667969 42.7540397644043 -3.700000047683716
endloop
endfacet
facet normal 0.7900891019047858 0.35462798488704683 -0.49999820338301376
outer loop
vertex 83.75719451904297 42.38145446777344 -5.699999809265137
vertex 83.18781280517578 43.650001525878906 -5.699999809265137
vertex 84.85563659667969 42.7540397644043 -3.700000047683716
endloop
endfacet
facet normal 0.7900903953938614 0.3546160328760804 -0.5000046363121071
outer loop
vertex 84.62718963623047 43.263023376464844 -3.700000047683716
vertex 84.85563659667969 42.7540397644043 -3.700000047683716
vertex 83.18781280517578 43.650001525878906 -5.699999809265137
endloop
endfacet
facet normal 0.7900880392425701 0.35462653955298823 -0.50000090768968
outer loop
vertex 84.62718963623047 43.263023376464844 -3.700000047683716
vertex 83.18781280517578 43.650001525878906 -5.699999809265137
vertex 84.19627380371094 44.223079681396484 -3.700000047683716
endloop
endfacet
facet normal 0.7090241448406952 0.4972765286695647 -0.5000008160666025
outer loop
vertex 83.18781280517578 43.650001525878906 -5.699999809265137
vertex 82.38939666748047 44.788394927978516 -5.699999809265137
vertex 84.19627380371094 44.223079681396484 -3.700000047683716
endloop
endfacet
facet normal 0.7090244731268894 0.4972754581264608 -0.5000014152502525
outer loop
vertex 82.38939666748047 44.788394927978516 -5.699999809265137
vertex 83.27167510986328 45.54138946533203 -3.700000047683716
vertex 84.19627380371094 44.223079681396484 -3.700000047683716
endloop
endfacet
facet normal 0.6025071539174157 0.6220810271426527 -0.5000003251473721
outer loop
vertex 82.9671859741211 45.8363037109375 -3.700000047683716
vertex 81.3906021118164 45.75577163696289 -5.699999809265137
vertex 82.11502075195312 46.66165542602539 -3.700000047683716
endloop
endfacet
facet normal 0.6025129116915108 0.6220745131446953 -0.5000014913385838
outer loop
vertex 82.9671859741211 45.8363037109375 -3.700000047683716
vertex 83.27167510986328 45.54138946533203 -3.700000047683716
vertex 82.38939666748047 44.788394927978516 -5.699999809265137
endloop
endfacet
facet normal 0.602509486517954 0.6220774071580447 -0.5000020181553227
outer loop
vertex 81.3906021118164 45.75577163696289 -5.699999809265137
vertex 82.9671859741211 45.8363037109375 -3.700000047683716
vertex 82.38939666748047 44.788394927978516 -5.699999809265137
endloop
endfacet
facet normal 0.47436450866217544 0.7245531108967785 -0.5000011024102781
outer loop
vertex 80.76783752441406 47.54365921020508 -3.700000047683716
vertex 81.13855743408203 47.30094909667969 -3.700000047683716
vertex 81.3906021118164 45.75577163696289 -5.699999809265137
endloop
endfacet
facet normal 0.47436671427121757 0.7245522941448957 -0.5000001934408599
outer loop
vertex 82.11502075195312 46.66165542602539 -3.700000047683716
vertex 81.3906021118164 45.75577163696289 -5.699999809265137
vertex 81.13855743408203 47.30094909667969 -3.700000047683716
endloop
endfacet
facet normal 0.4743668707696681 0.7245524683641267 -0.4999997925036011
outer loop
vertex 81.3906021118164 45.75577163696289 -5.699999809265137
vertex 80.22727966308594 46.51740264892578 -5.699999809265137
vertex 80.76783752441406 47.54365921020508 -3.700000047683716
endloop
endfacet
facet normal 0.32919945797936007 0.8010166546465203 -0.5000000358449914
outer loop
vertex 80.45674133300781 47.671512603759766 -3.700000047683716
vertex 80.76783752441406 47.54365921020508 -3.700000047683716
vertex 80.22727966308594 46.51740264892578 -5.699999809265137
endloop
endfacet
facet normal 0.3291948257416715 0.801018785597166 -0.49999967182524413
outer loop
vertex 80.45674133300781 47.671512603759766 -3.700000047683716
vertex 78.9411849975586 47.04595184326172 -5.699999809265137
vertex 79.27848052978516 48.15574264526367 -3.700000047683716
endloop
endfacet
facet normal 0.3291960925680642 0.8010178486718893 -0.500000338746862
outer loop
vertex 80.22727966308594 46.51740264892578 -5.699999809265137
vertex 78.9411849975586 47.04595184326172 -5.699999809265137
vertex 80.45674133300781 47.671512603759766 -3.700000047683716
endloop
endfacet
facet normal 0.17220953244746892 0.8487309670549573 -0.4999996224960388
outer loop
vertex 78.9411849975586 47.04595184326172 -5.699999809265137
vertex 77.583740234375 47.321380615234375 -5.699999809265137
vertex 77.70040893554688 48.47593688964844 -3.700000047683716
endloop
endfacet
facet normal 0.17218331425707306 0.8487279674983502 -0.5000137432886914
outer loop
vertex 78.9411849975586 47.04595184326172 -5.699999809265137
vertex 77.70040893554688 48.47593688964844 -3.700000047683716
vertex 77.78434753417969 48.45890808105469 -3.700000047683716
endloop
endfacet
facet normal 0.17221077055545458 0.8487306404643004 -0.49999975044169287
outer loop
vertex 79.27848052978516 48.15574264526367 -3.700000047683716
vertex 78.9411849975586 47.04595184326172 -5.699999809265137
vertex 77.78434753417969 48.45890808105469 -3.700000047683716
endloop
endfacet
facet normal 0.0010703242863092843 0.8660248955234443 -0.4999997347394592
outer loop
vertex 77.583740234375 47.321380615234375 -5.699999809265137
vertex 38.8189811706543 48.523990631103516 -3.700000047683716
vertex 77.70040893554688 48.47593688964844 -3.700000047683716
endloop
endfacet
facet normal 0.0010702614421224843 0.8660243735556427 -0.5000006389475937
outer loop
vertex 77.583740234375 47.321380615234375 -5.699999809265137
vertex 38.83278274536133 47.36927032470703 -5.699999809265137
vertex 38.8189811706543 48.523990631103516 -3.700000047683716
endloop
endfacet
facet normal -0.021768944677308756 0.8657513926573491 -0.5000006391590881
outer loop
vertex 38.83278274536133 47.36927032470703 -5.699999809265137
vertex 38.39085388183594 48.51322555541992 -3.700000047683716
vertex 38.8189811706543 48.523990631103516 -3.700000047683716
endloop
endfacet
facet normal -0.021769431522958016 0.8657513367540492 -0.5000007147592332
outer loop
vertex 38.83278274536133 47.36927032470703 -5.699999809265137
vertex 38.48780059814453 47.360595703125 -5.699999809265137
vertex 38.39085388183594 48.51322555541992 -3.700000047683716
endloop
endfacet
facet normal -0.12314966417652519 0.8572242839237011 -0.5000006872642346
outer loop
vertex 36.81798553466797 48.28726577758789 -3.700000047683716
vertex 38.39085388183594 48.51322555541992 -3.700000047683716
vertex 38.48780059814453 47.360595703125 -5.699999809265137
endloop
endfacet
facet normal -0.12314856611637771 0.8572248290785133 -0.5000000230747933
outer loop
vertex 38.48780059814453 47.360595703125 -5.699999809265137
vertex 37.090171813964844 47.159812927246094 -5.699999809265137
vertex 36.81798553466797 48.28726577758789 -3.700000047683716
endloop
endfacet
facet normal -0.2815169423173356 0.8189921356090487 -0.5000000929988189
outer loop
vertex 37.090171813964844 47.159812927246094 -5.699999809265137
vertex 35.295162200927734 47.763816833496094 -3.700000047683716
vertex 36.81798553466797 48.28726577758789 -3.700000047683716
endloop
endfacet
facet normal -0.28151702403661677 0.8189920740858272 -0.50000014776214
outer loop
vertex 37.090171813964844 47.159812927246094 -5.699999809265137
vertex 35.77443313598633 46.70754623413086 -5.699999809265137
vertex 35.295162200927734 47.763816833496094 -3.700000047683716
endloop
endfacet
facet normal -0.4309344429245867 0.7511958594431118 -0.5000002866567185
outer loop
vertex 35.77443313598633 46.70754623413086 -5.699999809265137
vertex 33.898399353027344 46.96254348754883 -3.700000047683716
vertex 35.295162200927734 47.763816833496094 -3.700000047683716
endloop
endfacet
facet normal -0.43093508934543007 0.751195145600469 -0.5000008019964932
outer loop
vertex 35.77443313598633 46.70754623413086 -5.699999809265137
vertex 34.56828689575195 46.015621185302734 -5.699999809265137
vertex 33.898399353027344 46.96254348754883 -3.700000047683716
endloop
endfacet
facet normal -0.5648816769951636 0.6564357602074443 -0.5000007837153924
outer loop
vertex 33.898399353027344 46.96254348754883 -3.700000047683716
vertex 33.510231018066406 45.105133056640625 -5.699999809265137
vertex 32.67782974243164 45.912208557128906 -3.700000047683716
endloop
endfacet
facet normal -0.5648820861125724 0.6564355894336804 -0.5000005457136671
outer loop
vertex 34.56828689575195 46.015621185302734 -5.699999809265137
vertex 33.510231018066406 45.105133056640625 -5.699999809265137
vertex 33.898399353027344 46.96254348754883 -3.700000047683716
endloop
endfacet
facet normal -0.6731721033348312 0.5453259767096166 -0.49945860530925085
outer loop
vertex 33.510231018066406 45.105133056640625 -5.699999809265137
vertex 32.619266510009766 44.00529098510742 -5.699999809265137
vertex 31.72246742248535 44.73002624511719 -3.700000047683716
endloop
endfacet
facet normal -0.6735686664646855 0.5443413391273865 -0.4999977580689626
outer loop
vertex 33.510231018066406 45.105133056640625 -5.699999809265137
vertex 31.72246742248535 44.73002624511719 -3.700000047683716
vertex 31.797330856323242 44.822662353515625 -3.700000047683716
endloop
endfacet
facet normal -0.673571178905296 0.5443354956164288 -0.5000007351596061
outer loop
vertex 33.510231018066406 45.105133056640625 -5.699999809265137
vertex 31.797330856323242 44.822662353515625 -3.700000047683716
vertex 32.67782974243164 45.912208557128906 -3.700000047683716
endloop
endfacet
facet normal -0.6401056377301413 0.5843667845775863 -0.49877874215782525
outer loop
vertex 32.619266510009766 44.00529098510742 -5.699999809265137
vertex 32.56423568725586 43.945011138916016 -5.699999809265137
vertex 31.72246742248535 44.73002624511719 -3.700000047683716
endloop
endfacet
facet normal -0.633855357599032 0.5911234480747724 -0.498799012407999
outer loop
vertex 32.27521514892578 43.63509750366211 -5.699999809265137
vertex 31.433446884155273 44.420108795166016 -3.700000047683716
vertex 32.56423568725586 43.945011138916016 -5.699999809265137
endloop
endfacet
facet normal -0.6338570293374098 0.5911212904117951 -0.4987994450492585
outer loop
vertex 31.433446884155273 44.420108795166016 -3.700000047683716
vertex 31.663211822509766 44.66648483276367 -3.700000047683716
vertex 32.56423568725586 43.945011138916016 -5.699999809265137
endloop
endfacet
facet normal -0.6338655140279278 0.5911118425978757 -0.4987998593290251
outer loop
vertex 32.56423568725586 43.945011138916016 -5.699999809265137
vertex 31.663211822509766 44.66648483276367 -3.700000047683716
vertex 31.72246742248535 44.73002624511719 -3.700000047683716
endloop
endfacet
facet normal -0.5826613313436735 0.642664119511502 -0.4974822634519986
outer loop
vertex 32.13066101074219 43.5040397644043 -5.699999809265137
vertex 31.433446884155273 44.420108795166016 -3.700000047683716
vertex 32.27521514892578 43.63509750366211 -5.699999809265137
endloop
endfacet
facet normal -0.5248883689415895 0.6896556798091991 -0.4988659574041401
outer loop
vertex 31.793447494506836 43.24739074707031 -5.699999809265137
vertex 31.433446884155273 44.420108795166016 -3.700000047683716
vertex 32.13066101074219 43.5040397644043 -5.699999809265137
endloop
endfacet
facet normal -0.5248859581592143 0.689657071889388 -0.49886656945543956
outer loop
vertex 31.793447494506836 43.24739074707031 -5.699999809265137
vertex 31.096235275268555 44.1634635925293 -3.700000047683716
vertex 31.217525482177734 44.255775451660156 -3.700000047683716
endloop
endfacet
facet normal -0.5248845769255013 0.6896580530055406 -0.4988666663852622
outer loop
vertex 31.433446884155273 44.420108795166016 -3.700000047683716
vertex 31.793447494506836 43.24739074707031 -5.699999809265137
vertex 31.217525482177734 44.255775451660156 -3.700000047683716
endloop
endfacet
facet normal -0.46582956929998587 0.7317393434621638 -0.497554364462167
outer loop
vertex 31.628816604614258 43.14258575439453 -5.699999809265137
vertex 31.096235275268555 44.1634635925293 -3.700000047683716
vertex 31.793447494506836 43.24739074707031 -5.699999809265137
endloop
endfacet
facet normal -0.4008459636476562 0.7683609090460303 -0.4989429094368812
outer loop
vertex 31.628816604614258 43.14258575439453 -5.699999809265137
vertex 31.253101348876953 42.94657897949219 -5.699999809265137
vertex 31.096235275268555 44.1634635925293 -3.700000047683716
endloop
endfacet
facet normal -0.4008459636476562 0.7683609090460303 -0.4989429094368812
outer loop
vertex 31.096235275268555 44.1634635925293 -3.700000047683716
vertex 31.253101348876953 42.94657897949219 -5.699999809265137
vertex 30.72052001953125 43.96745681762695 -3.700000047683716
endloop
endfacet
facet normal -0.3476897344401683 0.7943797507386228 -0.4980689311544827
outer loop
vertex 31.253101348876953 42.94657897949219 -5.699999809265137
vertex 31.07402229309082 42.86819839477539 -5.699999809265137
vertex 30.72052001953125 43.96745681762695 -3.700000047683716
endloop
endfacet
facet normal -0.26531768337428585 0.8249730114398748 -0.49902510686810764
outer loop
vertex 30.72052001953125 43.96745681762695 -3.700000047683716
vertex 30.6696834564209 42.741310119628906 -5.699999809265137
vertex 30.66196060180664 43.94862365722656 -3.700000047683716
endloop
endfacet
facet normal -0.26529680195861377 0.8249779662859638 -0.4990280172627658
outer loop
vertex 30.6696834564209 42.741310119628906 -5.699999809265137
vertex 30.31709861755371 43.83772277832031 -3.700000047683716
vertex 30.66196060180664 43.94862365722656 -3.700000047683716
endloop
endfacet
facet normal -0.25930632767986 0.8262987163643316 -0.499990659672601
outer loop
vertex 31.07402229309082 42.86819839477539 -5.699999809265137
vertex 30.6696834564209 42.741310119628906 -5.699999809265137
vertex 30.72052001953125 43.96745681762695 -3.700000047683716
endloop
endfacet
facet normal -0.20739922295384808 0.8419396665865485 -0.4981196243336246
outer loop
vertex 30.6696834564209 42.741310119628906 -5.699999809265137
vertex 30.4798583984375 42.694549560546875 -5.699999809265137
vertex 30.31709861755371 43.83772277832031 -3.700000047683716
endloop
endfacet
facet normal -0.12206689875657392 0.8573800288541717 -0.49999915834926356
outer loop
vertex 30.4798583984375 42.694549560546875 -5.699999809265137
vertex 30.060319900512695 42.63481903076172 -5.699999809265137
vertex 29.897560119628906 43.77798843383789 -3.700000047683716
endloop
endfacet
facet normal -0.12207443986344121 0.857378239923452 -0.5000003848376425
outer loop
vertex 30.31709861755371 43.83772277832031 -3.700000047683716
vertex 30.4798583984375 42.694549560546875 -5.699999809265137
vertex 29.897560119628906 43.77798843383789 -3.700000047683716
endloop
endfacet
facet normal -0.061193867889600975 0.8644040173190265 -0.49906012200479233
outer loop
vertex 30.060319900512695 42.63481903076172 -5.699999809265137
vertex 29.89801788330078 42.623329162597656 -5.699999809265137
vertex 29.897560119628906 43.77798843383789 -3.700000047683716
endloop
endfacet
facet normal -0.0003435235497444576 0.8660330303848255 -0.4999866720964139
outer loop
vertex 19.818981170654297 43.773990631103516 -3.700000047683716
vertex 29.897560119628906 43.77798843383789 -3.700000047683716
vertex 29.89801788330078 42.623329162597656 -5.699999809265137
endloop
endfacet
facet normal -0.00034722727540165203 0.8660249401240677 -0.5000006825158583
outer loop
vertex 29.89801788330078 42.623329162597656 -5.699999809265137
vertex 19.850921630859375 42.619300842285156 -5.699999809265137
vertex 19.818981170654297 43.773990631103516 -3.700000047683716
endloop
endfacet
facet normal -0.04753323535741107 0.864719592390043 -0.5000006180728728
outer loop
vertex 19.850921630859375 42.619300842285156 -5.699999809265137
vertex 18.876367568969727 43.72217559814453 -3.700000047683716
vertex 19.818981170654297 43.773990631103516 -3.700000047683716
endloop
endfacet
facet normal -0.04753192830558509 0.8647199261002221 -0.5000001651967518
outer loop
vertex 19.850921630859375 42.619300842285156 -5.699999809265137
vertex 19.02618980407715 42.57396697998047 -5.699999809265137
vertex 18.876367568969727 43.72217559814453 -3.700000047683716
endloop
endfacet
facet normal -0.17594418009355567 0.847964299152613 -0.5000001928537872
outer loop
vertex 19.02618980407715 42.57396697998047 -5.699999809265137
vertex 18.435110092163086 43.630619049072266 -3.700000047683716
vertex 18.876367568969727 43.72217559814453 -3.700000047683716
endloop
endfacet
facet normal -0.1759441605604757 0.8479643048382337 -0.5000001900848446
outer loop
vertex 19.02618980407715 42.57396697998047 -5.699999809265137
vertex 17.299673080444336 43.39502716064453 -3.700000047683716
vertex 18.435110092163086 43.630619049072266 -3.700000047683716
endloop
endfacet
facet normal -0.1759439442710176 0.847964429608496 -0.5000000545930922
outer loop
vertex 19.02618980407715 42.57396697998047 -5.699999809265137
vertex 17.641855239868164 42.2867317199707 -5.699999809265137
vertex 17.299673080444336 43.39502716064453 -3.700000047683716
endloop
endfacet
facet normal -0.3327213033488162 0.7995601313294582 -0.5000001306862675
outer loop
vertex 17.299673080444336 43.39502716064453 -3.700000047683716
vertex 17.641855239868164 42.2867317199707 -5.699999809265137
vertex 16.803184509277344 43.18842315673828 -3.700000047683716
endloop
endfacet
facet normal -0.33272032053040906 0.7995605019758125 -0.5000001919862918
outer loop
vertex 16.803184509277344 43.18842315673828 -3.700000047683716
vertex 16.358591079711914 41.75272750854492 -5.699999809265137
vertex 15.812981605529785 42.776371002197266 -3.700000047683716
endloop
endfacet
facet normal -0.3327207627516523 0.7995604173964243 -0.5000000329668134
outer loop
vertex 17.641855239868164 42.2867317199707 -5.699999809265137
vertex 16.358591079711914 41.75272750854492 -5.699999809265137
vertex 16.803184509277344 43.18842315673828 -3.700000047683716
endloop
endfacet
facet normal -0.4782731209072116 0.7219791256656691 -0.5000009639197825
outer loop
vertex 15.812981605529785 42.776371002197266 -3.700000047683716
vertex 14.959380149841309 40.82582092285156 -5.699999809265137
vertex 14.32168197631836 41.7884635925293 -3.700000047683716
endloop
endfacet
facet normal -0.4782745115614426 0.721978821150251 -0.5000000734011519
outer loop
vertex 16.358591079711914 41.75272750854492 -5.699999809265137
vertex 14.959380149841309 40.82582092285156 -5.699999809265137
vertex 15.812981605529785 42.776371002197266 -3.700000047683716
endloop
endfacet
facet normal -0.44015202659322566 0.7461733410505491 -0.4994912797950905
outer loop
vertex 14.959380149841309 40.82582092285156 -5.699999809265137
vertex 14.855767250061035 40.76470184326172 -5.699999809265137
vertex 14.32168197631836 41.7884635925293 -3.700000047683716
endloop
endfacet
facet normal -0.4008459636476562 0.7683609090460303 -0.4989429094368812
outer loop
vertex 14.32168197631836 41.7884635925293 -3.700000047683716
vertex 14.478548049926758 40.57157897949219 -5.699999809265137
vertex 13.945966720581055 41.59245681762695 -3.700000047683716
endloop
endfacet
facet normal -0.3946621089018283 0.7708777828653057 -0.49998926356656104
outer loop
vertex 14.855767250061035 40.76470184326172 -5.699999809265137
vertex 14.478548049926758 40.57157897949219 -5.699999809265137
vertex 14.32168197631836 41.7884635925293 -3.700000047683716
endloop
endfacet
facet normal -0.3476897344401683 0.7943797507386228 -0.4980689311544827
outer loop
vertex 14.478548049926758 40.57157897949219 -5.699999809265137
vertex 14.299468994140625 40.49319839477539 -5.699999809265137
vertex 13.945966720581055 41.59245681762695 -3.700000047683716
endloop
endfacet
facet normal -0.26512758755314625 0.824443580810553 -0.5000001443785013
outer loop
vertex 14.299468994140625 40.49319839477539 -5.699999809265137
vertex 13.89604663848877 40.36346435546875 -5.699999809265137
vertex 13.810083389282227 41.54875946044922 -3.700000047683716
endloop
endfacet
facet normal -0.2651290180639413 0.8244432149792473 -0.4999999890551328
outer loop
vertex 13.810083389282227 41.54875946044922 -3.700000047683716
vertex 13.89604663848877 40.36346435546875 -5.699999809265137
vertex 13.5425443649292 41.46272277832031 -3.700000047683716
endloop
endfacet
facet normal -0.2651248525380743 0.8244445545402658 -0.4999999890555668
outer loop
vertex 13.945966720581055 41.59245681762695 -3.700000047683716
vertex 14.299468994140625 40.49319839477539 -5.699999809265137
vertex 13.810083389282227 41.54875946044922 -3.700000047683716
endloop
endfacet
facet normal -0.1944781788233639 0.8447054619511064 -0.49864909556873316
outer loop
vertex 13.89604663848877 40.36346435546875 -5.699999809265137
vertex 13.705305099487305 40.319549560546875 -5.699999809265137
vertex 13.5425443649292 41.46272277832031 -3.700000047683716
endloop
endfacet
facet normal -0.12206689520406444 0.8573800039018652 -0.4999992020038406
outer loop
vertex 13.705305099487305 40.319549560546875 -5.699999809265137
vertex 13.2857666015625 40.25981903076172 -5.699999809265137
vertex 13.123005867004395 41.40298843383789 -3.700000047683716
endloop
endfacet
facet normal -0.12207443631048408 0.8573782149695948 -0.5000004284948452
outer loop
vertex 13.5425443649292 41.46272277832031 -3.700000047683716
vertex 13.705305099487305 40.319549560546875 -5.699999809265137
vertex 13.123005867004395 41.40298843383789 -3.700000047683716
endloop
endfacet
facet normal -0.061387992501905096 0.8643867974978804 -0.49906610653093264
outer loop
vertex 13.2857666015625 40.25981903076172 -5.699999809265137
vertex 13.123390197753906 40.248287200927734 -5.699999809265137
vertex 13.123005867004395 41.40298843383789 -3.700000047683716
endloop
endfacet
facet normal -0.00028826150326385816 0.8660251877829748 -0.5000002910306846
outer loop
vertex 13.123390197753906 40.248287200927734 -5.699999809265137
vertex 1.1123911142349243 41.398990631103516 -3.700000047683716
vertex 13.123005867004395 41.40298843383789 -3.700000047683716
endloop
endfacet
facet normal -0.00028578810247682486 0.8660316258759534 -0.4999891411898994
outer loop
vertex 13.123390197753906 40.248287200927734 -5.699999809265137
vertex 1.1127755641937256 40.24432373046875 -5.699999809265137
vertex 1.1123911142349243 41.398990631103516 -3.700000047683716
endloop
endfacet
facet normal 0.02169106236316657 0.8658297316017511 -0.4998683563579482
outer loop
vertex 1.1127755641937256 40.24432373046875 -5.699999809265137
vertex 1.0529338121414185 40.24582290649414 -5.699999809265137
vertex 1.1123911142349243 41.398990631103516 -3.700000047683716
endloop
endfacet
facet normal 0.04459268918018759 0.8648767423463164 -0.4999997126200198
outer loop
vertex 1.0529338121414185 40.24582290649414 -5.699999809265137
vertex -0.688210666179657 41.49182891845703 -3.700000047683716
vertex 1.1123911142349243 41.398990631103516 -3.700000047683716
endloop
endfacet
facet normal 0.04638466609910523 0.8654697685776271 -0.4988091242439969
outer loop
vertex -0.688210666179657 41.49182891845703 -3.700000047683716
vertex 1.0529338121414185 40.24582290649414 -5.699999809265137
vertex -0.7474795579910278 40.342315673828125 -5.699999809265137
endloop
endfacet
facet normal 0.030567618573510716 0.866200669287755 -0.49876048482231405
outer loop
vertex -0.7474795579910278 40.342315673828125 -5.699999809265137
vertex -0.8224994540214539 40.34496307373047 -5.699999809265137
vertex -0.688210666179657 41.49182891845703 -3.700000047683716
endloop
endfacet
facet normal 0.10072208426601019 0.8601481376034166 -0.5000002431184256
outer loop
vertex -0.688210666179657 41.49182891845703 -3.700000047683716
vertex -0.8224994540214539 40.34496307373047 -5.699999809265137
vertex -0.9996775984764099 41.52830123901367 -3.700000047683716
endloop
endfacet
facet normal 0.10072206510063048 0.8601481385389448 -0.5000002453697923
outer loop
vertex -0.8224994540214539 40.34496307373047 -5.699999809265137
vertex -1.1339664459228516 40.38143539428711 -5.699999809265137
vertex -0.9996775984764099 41.52830123901367 -3.700000047683716
endloop
endfacet
facet normal 0.12558328452424222 0.8569630683600318 -0.49984311350168936
outer loop
vertex -1.1339664459228516 40.38143539428711 -5.699999809265137
vertex -1.200189232826233 40.39113998413086 -5.699999809265137
vertex -0.9996775984764099 41.52830123901367 -3.700000047683716
endloop
endfacet
facet normal 0.18850601894287697 0.8454828659209912 -0.4996240629276526
outer loop
vertex -1.200189232826233 40.39113998413086 -5.699999809265137
vertex -1.3011871576309204 40.413658142089844 -5.699999809265137
vertex -0.9996775984764099 41.52830123901367 -3.700000047683716
endloop
endfacet
facet normal 0.22612567663045788 0.8359824060384786 -0.5000005951621795
outer loop
vertex -0.9996775984764099 41.52830123901367 -3.700000047683716
vertex -1.3011871576309204 40.413658142089844 -5.699999809265137
vertex -1.408745288848877 41.63895034790039 -3.700000047683716
endloop
endfacet
facet normal 0.23500784902094382 0.8343966632308498 -0.4985514209063825
outer loop
vertex -1.3011871576309204 40.413658142089844 -5.699999809265137
vertex -1.7091084718704224 40.52854919433594 -5.699999809265137
vertex -1.408745288848877 41.63895034790039 -3.700000047683716
endloop
endfacet
facet normal 0.22437117206830873 0.8373082166436507 -0.4985704839696416
outer loop
vertex -1.7091084718704224 40.52854919433594 -5.699999809265137
vertex -1.8036761283874512 40.553890228271484 -5.699999809265137
vertex -1.408745288848877 41.63895034790039 -3.700000047683716
endloop
endfacet
facet normal 0.3304900125184578 0.8006960446059247 -0.49966208158912434
outer loop
vertex -1.8036761283874512 40.553890228271484 -5.699999809265137
vertex -1.8941837549209595 40.59124755859375 -5.699999809265137
vertex -1.408745288848877 41.63895034790039 -3.700000047683716
endloop
endfacet
facet normal 0.3640798750311837 0.7857773567788894 -0.49999979017081564
outer loop
vertex -1.8941837549209595 40.59124755859375 -5.699999809265137
vertex -2.2786855697631836 40.76940155029297 -5.699999809265137
vertex -1.7932472229003906 41.81710433959961 -3.700000047683716
endloop
endfacet
facet normal 0.3640725185851216 0.7857799788512887 -0.5000010260465018
outer loop
vertex -1.6888903379440308 41.76875305175781 -3.700000047683716
vertex -1.8941837549209595 40.59124755859375 -5.699999809265137
vertex -1.7932472229003906 41.81710433959961 -3.700000047683716
endloop
endfacet
facet normal 0.3640823721257881 0.7857761894227833 -0.49999980644343217
outer loop
vertex -1.6888903379440308 41.76875305175781 -3.700000047683716
vertex -1.408745288848877 41.63895034790039 -3.700000047683716
vertex -1.8941837549209595 40.59124755859375 -5.699999809265137
endloop
endfacet
facet normal 0.4466386452502668 0.7434133147979682 -0.49784592390628585
outer loop
vertex -2.2786855697631836 40.76940155029297 -5.699999809265137
vertex -2.4461896419525146 40.87003707885742 -5.699999809265137
vertex -1.7932472229003906 41.81710433959961 -3.700000047683716
endloop
endfacet
facet normal 0.4920292067143295 0.7136701049093719 -0.49858022533862456
outer loop
vertex -1.7932472229003906 41.81710433959961 -3.700000047683716
vertex -2.7950778007507324 41.110572814941406 -5.699999809265137
vertex -2.1421353816986084 42.057640075683594 -3.700000047683716
endloop
endfacet
facet normal 0.4920292067143295 0.7136701049093719 -0.49858022533862456
outer loop
vertex -2.4461896419525146 40.87003707885742 -5.699999809265137
vertex -2.7950778007507324 41.110572814941406 -5.699999809265137
vertex -1.7932472229003906 41.81710433959961 -3.700000047683716
endloop
endfacet
facet normal 0.6129668594095555 0.6129430315524135 -0.4985704256541127
outer loop
vertex -2.8843626976013184 41.17308807373047 -5.699999809265137
vertex -2.945693016052246 41.23442077636719 -5.699999809265137
vertex -2.1421353816986084 42.057640075683594 -3.700000047683716
endloop
endfacet
facet normal 0.49718987957826405 0.7100913916566426 -0.49857039537068776
outer loop
vertex -2.7950778007507324 41.110572814941406 -5.699999809265137
vertex -2.8843626976013184 41.17308807373047 -5.699999809265137
vertex -2.1421353816986084 42.057640075683594 -3.700000047683716
endloop
endfacet
facet normal 0.6054891271696478 0.6203081840622202 -0.49859871005124823
outer loop
vertex -3.2489428520202637 41.530426025390625 -5.699999809265137
vertex -2.445385456085205 42.3536491394043 -3.700000047683716
vertex -2.945693016052246 41.23442077636719 -5.699999809265137
endloop
endfacet
facet normal 0.6054932146245953 0.6203048652210773 -0.4985978752728846
outer loop
vertex -2.1421353816986084 42.057640075683594 -3.700000047683716
vertex -2.945693016052246 41.23442077636719 -5.699999809265137
vertex -2.445385456085205 42.3536491394043 -3.700000047683716
endloop
endfacet
facet normal 0.6435897753139191 0.5813174067476052 -0.49785768420665993
outer loop
vertex -3.2489428520202637 41.530426025390625 -5.699999809265137
vertex -3.379927158355713 41.67544174194336 -5.699999809265137
vertex -2.445385456085205 42.3536491394043 -3.700000047683716
endloop
endfacet
facet normal 0.700905958817741 0.5086558496250977 -0.5000000635359492
outer loop
vertex -2.445385456085205 42.3536491394043 -3.700000047683716
vertex -3.6288259029388428 42.01841354370117 -5.699999809265137
vertex -2.694284200668335 42.69662094116211 -3.700000047683716
endloop
endfacet
facet normal 0.700905958817741 0.5086558496250977 -0.5000000635359492
outer loop
vertex -2.445385456085205 42.3536491394043 -3.700000047683716
vertex -3.379927158355713 41.67544174194336 -5.699999809265137
vertex -3.6288259029388428 42.01841354370117 -5.699999809265137
endloop
endfacet
facet normal 0.7517836722580306 0.43234353768912587 -0.4978959485120174
outer loop
vertex -3.6288259029388428 42.01841354370117 -5.699999809265137
vertex -3.726250171661377 42.18782043457031 -5.699999809265137
vertex -2.694284200668335 42.69662094116211 -3.700000047683716
endloop
endfacet
facet normal 0.7736846720933578 0.39085572921530726 -0.4986419828969114
outer loop
vertex -2.694284200668335 42.69662094116211 -3.700000047683716
vertex -3.726250171661377 42.18782043457031 -5.699999809265137
vertex -3.9173431396484375 42.56608200073242 -5.699999809265137
endloop
endfacet
facet normal 0.7767476298250793 0.3829664879928454 -0.49999978863550276
outer loop
vertex -3.9173431396484375 42.56608200073242 -5.699999809265137
vertex -2.8816797733306885 43.07670211791992 -3.700000047683716
vertex -2.7660298347473145 42.84213638305664 -3.700000047683716
endloop
endfacet
facet normal 0.7767459084360859 0.3829705424623687 -0.49999935733346584
outer loop
vertex -2.694284200668335 42.69662094116211 -3.700000047683716
vertex -3.9173431396484375 42.56608200073242 -5.699999809265137
vertex -2.7660298347473145 42.84213638305664 -3.700000047683716
endloop
endfacet
facet normal 0.8137870963261192 0.29970576908833163 -0.4979226986473655
outer loop
vertex -3.9173431396484375 42.56608200073242 -5.699999809265137
vertex -3.9848835468292236 42.749473571777344 -5.699999809265137
vertex -2.8816797733306885 43.07670211791992 -3.700000047683716
endloop
endfacet
facet normal 0.8309873013058037 0.24648649172692524 -0.4987028318193611
outer loop
vertex -2.8816797733306885 43.07670211791992 -3.700000047683716
vertex -4.105391502380371 43.15574645996094 -5.699999809265137
vertex -3.002187967300415 43.482975006103516 -3.700000047683716
endloop
endfacet
facet normal 0.8309873932044275 0.24648603132628863 -0.49870290624411456
outer loop
vertex -3.9848835468292236 42.749473571777344 -5.699999809265137
vertex -4.105391502380371 43.15574645996094 -5.699999809265137
vertex -2.8816797733306885 43.07670211791992 -3.700000047683716
endloop
endfacet
facet normal 0.8438306642886614 0.19958247209552082 -0.49811308639544605
outer loop
vertex -4.105391502380371 43.15574645996094 -5.699999809265137
vertex -4.141684532165527 43.3091926574707 -5.699999809265137
vertex -3.002187967300415 43.482975006103516 -3.700000047683716
endloop
endfacet
facet normal 0.8561264612181936 0.13056593344867942 -0.5000000194246876
outer loop
vertex -3.002187967300415 43.482975006103516 -3.700000047683716
vertex -4.350988864898682 44.668155670166016 -5.699999809265137
vertex -3.2239480018615723 44.93706512451172 -3.700000047683716
endloop
endfacet
facet normal 0.856308965165232 0.13188672163479329 -0.49934041378009464
outer loop
vertex -4.141684532165527 43.3091926574707 -5.699999809265137
vertex -4.350988864898682 44.668155670166016 -5.699999809265137
vertex -3.002187967300415 43.482975006103516 -3.700000047683716
endloop
endfacet
facet normal 0.8228499028260154 0.2700333129144504 -0.5000000473356611
outer loop
vertex -4.350988864898682 44.668155670166016 -5.699999809265137
vertex -4.7889018058776855 46.00257110595703 -5.699999809265137
vertex -3.2239480018615723 44.93706512451172 -3.700000047683716
endloop
endfacet
facet normal 0.8228499152662898 0.2700339039595775 -0.4999997076585239
outer loop
vertex -3.344895839691162 45.30561828613281 -3.700000047683716
vertex -4.7889018058776855 46.00257110595703 -5.699999809265137
vertex -3.726030111312866 46.46701431274414 -3.700000047683716
endloop
endfacet
facet normal 0.8228499004957204 0.27003408649514754 -0.4999996333847797
outer loop
vertex -3.2239480018615723 44.93706512451172 -3.700000047683716
vertex -4.7889018058776855 46.00257110595703 -5.699999809265137
vertex -3.344895839691162 45.30561828613281 -3.700000047683716
endloop
endfacet
facet normal 0.7571513035992897 0.42038357625559536 -0.49999955227225196
outer loop
vertex -4.7889018058776855 46.00257110595703 -5.699999809265137
vertex -5.463859558105469 47.21823501586914 -5.699999809265137
vertex -3.726030111312866 46.46701431274414 -3.700000047683716
endloop
endfacet
facet normal 0.7571513548806049 0.4203833135173099 -0.4999996955185786
outer loop
vertex -3.726030111312866 46.46701431274414 -3.700000047683716
vertex -5.463859558105469 47.21823501586914 -5.699999809265137
vertex -4.507661819458008 47.87480926513672 -3.700000047683716
endloop
endfacet
facet normal 0.6642732779508905 0.5556440442048565 -0.5000007083395486
outer loop
vertex -6.355987071990967 48.28477478027344 -5.699999809265137
vertex -5.540786266326904 49.10991668701172 -3.700000047683716
vertex -5.463859558105469 47.21823501586914 -5.699999809265137
endloop
endfacet
facet normal 0.6642750039407189 0.5556429617864806 -0.4999996181565597
outer loop
vertex -4.507661819458008 47.87480926513672 -3.700000047683716
vertex -5.463859558105469 47.21823501586914 -5.699999809265137
vertex -5.540786266326904 49.10991668701172 -3.700000047683716
endloop
endfacet
facet normal 0.5475532548192972 0.6709580152753879 -0.5000007748739057
outer loop
vertex -6.355987071990967 48.28477478027344 -5.699999809265137
vertex -7.433261871337891 49.16391372680664 -5.699999809265137
vertex -5.540786266326904 49.10991668701172 -3.700000047683716
endloop
endfacet
facet normal 0.547552944622133 0.6709584968411904 -0.5000004683520224
outer loop
vertex -5.540786266326904 49.10991668701172 -3.700000047683716
vertex -7.433261871337891 49.16391372680664 -5.699999809265137
vertex -6.7883195877075195 50.12799835205078 -3.700000047683716
endloop
endfacet
facet normal 0.4111777834081054 0.7621891901824289 -0.5000004688004305
outer loop
vertex -6.7883195877075195 50.12799835205078 -3.700000047683716
vertex -7.433261871337891 49.16391372680664 -5.699999809265137
vertex -7.8033976554870605 50.675601959228516 -3.700000047683716
endloop
endfacet
facet normal 0.4111787539774599 0.7621889189226528 -0.5000000841490544
outer loop
vertex -7.433261871337891 49.16391372680664 -5.699999809265137
vertex -8.657014846801758 49.824092864990234 -5.699999809265137
vertex -7.8033976554870605 50.675601959228516 -3.700000047683716
endloop
endfacet
facet normal 0.4111770076309148 0.7621900375506135 -0.4999998150542466
outer loop
vertex -7.8033976554870605 50.675601959228516 -3.700000047683716
vertex -8.657014846801758 49.824092864990234 -5.699999809265137
vertex -8.20548152923584 50.892513275146484 -3.700000047683716
endloop
endfacet
facet normal 0.26005213594314247 0.8260556346707202 -0.5000049749954126
outer loop
vertex -8.20548152923584 50.892513275146484 -3.700000047683716
vertex -9.978938102722168 50.240234375 -5.699999809265137
vertex -8.33230209350586 50.932437896728516 -3.700000047683716
endloop
endfacet
facet normal 0.2600438332722668 0.8260612166172282 -0.5000000711779253
outer loop
vertex -9.978938102722168 50.240234375 -5.699999809265137
vertex -9.741402626037598 51.37602233886719 -3.700000047683716
vertex -8.33230209350586 50.932437896728516 -3.700000047683716
endloop
endfacet
facet normal 0.2600441457039363 0.8260613168917516 -0.49999974302010936
outer loop
vertex -8.657014846801758 49.824092864990234 -5.699999809265137
vertex -9.978938102722168 50.240234375 -5.699999809265137
vertex -8.20548152923584 50.892513275146484 -3.700000047683716
endloop
endfacet
facet normal 0.09279165054467327 0.8610400923961213 -0.49999966887556446
outer loop
vertex -9.978938102722168 50.240234375 -5.699999809265137
vertex -27.911563873291016 53.334163665771484 -3.700000047683716
vertex -20.059123992919922 52.48793029785156 -3.700000047683716
endloop
endfacet
facet normal 0.09279152422406403 0.8610398769217354 -0.5000000633827736
outer loop
vertex -9.978938102722168 50.240234375 -5.699999809265137
vertex -20.059123992919922 52.48793029785156 -3.700000047683716
vertex -9.741402626037598 51.37602233886719 -3.700000047683716
endloop
endfacet
facet normal 0.09307276937630835 0.8617944250396843 -0.49864599524226055
outer loop
vertex -9.978938102722168 50.240234375 -5.699999809265137
vertex -28.034841537475586 52.190250396728516 -5.699999809265137
vertex -27.911563873291016 53.334163665771484 -3.700000047683716
endloop
endfacet
facet normal 0.062489656744920866 0.8646842204110394 -0.49841372550528235
outer loop
vertex -28.034841537475586 52.190250396728516 -5.699999809265137
vertex -28.100189208984375 52.19497299194336 -5.699999809265137
vertex -27.911563873291016 53.334163665771484 -3.700000047683716
endloop
endfacet
facet normal 0.14147490171524196 0.8543914308703519 -0.5000001350399572
outer loop
vertex -28.100189208984375 52.19497299194336 -5.699999809265137
vertex -28.2043514251709 53.38264465332031 -3.700000047683716
vertex -28.124664306640625 53.369449615478516 -3.700000047683716
endloop
endfacet
facet normal 0.1414732916511679 0.8543916207036966 -0.5000002662206234
outer loop
vertex -27.911563873291016 53.334163665771484 -3.700000047683716
vertex -28.100189208984375 52.19497299194336 -5.699999809265137
vertex -28.124664306640625 53.369449615478516 -3.700000047683716
endloop
endfacet
facet normal 0.14147463306824676 0.8543914578058128 -0.5000001650266359
outer loop
vertex -28.100189208984375 52.19497299194336 -5.699999809265137
vertex -28.392974853515625 52.24345397949219 -5.699999809265137
vertex -28.2043514251709 53.38264465332031 -3.700000047683716
endloop
endfacet
facet normal 0.20594279966900655 0.8418226017659937 -0.4989211064090441
outer loop
vertex -28.562955856323242 52.285037994384766 -5.699999809265137
vertex -28.2043514251709 53.38264465332031 -3.700000047683716
vertex -28.392974853515625 52.24345397949219 -5.699999809265137
endloop
endfacet
facet normal 0.2689535438892758 0.8232031088192338 -0.5000006328593478
outer loop
vertex -28.562955856323242 52.285037994384766 -5.699999809265137
vertex -35.35218811035156 55.71795654296875 -3.700000047683716
vertex -28.2043514251709 53.38264465332031 -3.700000047683716
endloop
endfacet
facet normal 0.26895399129412445 0.8232034888836707 -0.49999976645665756
outer loop
vertex -28.562955856323242 52.285037994384766 -5.699999809265137
vertex -44.88819885253906 58.833526611328125 -3.700000047683716
vertex -35.35218811035156 55.71795654296875 -3.700000047683716
endloop
endfacet
facet normal 0.26895396748675415 0.823203451993359 -0.49999983999932573
outer loop
vertex -28.562955856323242 52.285037994384766 -5.699999809265137
vertex -45.24680709838867 57.735923767089844 -5.699999809265137
vertex -44.88819885253906 58.833526611328125 -3.700000047683716
endloop
endfacet
facet normal 0.3309718553914513 0.8009631924441951 -0.49891441679745385
outer loop
vertex -44.88819885253906 58.833526611328125 -3.700000047683716
vertex -45.24680709838867 57.735923767089844 -5.699999809265137
vertex -45.40900802612305 57.802947998046875 -5.699999809265137
endloop
endfacet
facet normal 0.39060204224047795 0.7729358573471756 -0.5000002050245124
outer loop
vertex -44.88819885253906 58.833526611328125 -3.700000047683716
vertex -45.40900802612305 57.802947998046875 -5.699999809265137
vertex -45.134971618652344 58.95823287963867 -3.700000047683716
endloop
endfacet
facet normal 0.3906148994268374 0.7729302977173518 -0.4999987552147782
outer loop
vertex -45.40900802612305 57.802947998046875 -5.699999809265137
vertex -45.26641845703125 59.024662017822266 -3.700000047683716
vertex -45.134971618652344 58.95823287963867 -3.700000047683716
endloop
endfacet
facet normal 0.39789311471427197 0.7700240955673598 -0.4987423799003296
outer loop
vertex -45.40900802612305 57.802947998046875 -5.699999809265137
vertex -45.78550338745117 57.997493743896484 -5.699999809265137
vertex -45.26641845703125 59.024662017822266 -3.700000047683716
endloop
endfacet
facet normal 0.45455835498619973 0.7388660535246082 -0.49744713976583577
outer loop
vertex -45.78550338745117 57.997493743896484 -5.699999809265137
vertex -45.945858001708984 58.09614562988281 -5.699999809265137
vertex -45.26641845703125 59.024662017822266 -3.700000047683716
endloop
endfacet
facet normal 0.5063009040735185 0.7025130464778654 -0.5001347958927936
outer loop
vertex -45.945858001708984 58.09614562988281 -5.699999809265137
vertex -46.410614013671875 58.431095123291016 -5.699999809265137
vertex -45.778018951416016 59.39902877807617 -3.700000047683716
endloop
endfacet
facet normal 0.5118774448322942 0.6995192459474767 -0.4986524902384777
outer loop
vertex -45.26641845703125 59.024662017822266 -3.700000047683716
vertex -45.945858001708984 58.09614562988281 -5.699999809265137
vertex -45.778018951416016 59.39902877807617 -3.700000047683716
endloop
endfacet
facet normal 0.43482561291598565 0.7489496473193467 -0.5000011121312269
outer loop
vertex -46.410614013671875 58.431095123291016 -5.699999809265137
vertex -62.97172927856445 69.38136291503906 -3.700000047683716
vertex -45.778018951416016 59.39902877807617 -3.700000047683716
endloop
endfacet
facet normal 0.4348263672105861 0.7489504489800051 -0.49999925535053896
outer loop
vertex -46.410614013671875 58.431095123291016 -5.699999809265137
vertex -63.515953063964844 68.36212921142578 -5.699999809265137
vertex -62.97172927856445 69.38136291503906 -3.700000047683716
endloop
endfacet
facet normal 0.38047156170729807 0.7779731716589502 -0.49999913491017506
outer loop
vertex -62.97172927856445 69.38136291503906 -3.700000047683716
vertex -63.515953063964844 68.36212921142578 -5.699999809265137
vertex -63.25264358520508 69.51874542236328 -3.700000047683716
endloop
endfacet
facet normal 0.38047526166485907 0.7779716242374978 -0.49999872714070637
outer loop
vertex -63.515953063964844 68.36212921142578 -5.699999809265137
vertex -64.02974700927734 69.89879608154297 -3.700000047683716
vertex -63.25264358520508 69.51874542236328 -3.700000047683716
endloop
endfacet
facet normal 0.38047423150659987 0.7779718476423485 -0.4999991634347129
outer loop
vertex -63.515953063964844 68.36212921142578 -5.699999809265137
vertex -64.45211791992188 68.8199691772461 -5.699999809265137
vertex -64.02974700927734 69.89879608154297 -3.700000047683716
endloop
endfacet
facet normal 0.248859126056581 0.8294999724202039 -0.49999893113209337
outer loop
vertex -65.1382827758789 70.23136901855469 -3.700000047683716
vertex -64.02974700927734 69.89879608154297 -3.700000047683716
vertex -64.45211791992188 68.8199691772461 -5.699999809265137
endloop
endfacet
facet normal 0.24886273263828385 0.8294986744996427 -0.4999992893066368
outer loop
vertex -65.1382827758789 70.23136901855469 -3.700000047683716
vertex -65.79862976074219 69.22393798828125 -5.699999809265137
vertex -65.57206726074219 70.36151123046875 -3.700000047683716
endloop
endfacet
facet normal 0.2488593865805568 0.8294999553835289 -0.49999882972810294
outer loop
vertex -64.45211791992188 68.8199691772461 -5.699999809265137
vertex -65.79862976074219 69.22393798828125 -5.699999809265137
vertex -65.1382827758789 70.23136901855469 -3.700000047683716
endloop
endfacet
facet normal 0.08794228994045353 0.861548850553256 -0.4999997317503205
outer loop
vertex -67.17396545410156 70.5250244140625 -3.700000047683716
vertex -65.57206726074219 70.36151123046875 -3.700000047683716
vertex -65.79862976074219 69.22393798828125 -5.699999809265137
endloop
endfacet
facet normal 0.0879415454550436 0.8615486900337145 -0.5000001392841495
outer loop
vertex -65.79862976074219 69.22393798828125 -5.699999809265137
vertex -67.18191528320312 69.3651351928711 -5.699999809265137
vertex -67.17396545410156 70.5250244140625 -3.700000047683716
endloop
endfacet
facet normal -0.07612879159942529 0.8626725922045604 -0.5000004057485109
outer loop
vertex -67.18191528320312 69.3651351928711 -5.699999809265137
vertex -68.56700134277344 69.24290466308594 -5.699999809265137
vertex -67.58438110351562 70.48880767822266 -3.700000047683716
endloop
endfacet
facet normal -0.07612936787166737 0.8626726754080112 -0.5000001744518141
outer loop
vertex -67.58438110351562 70.48880767822266 -3.700000047683716
vertex -68.56700134277344 69.24290466308594 -5.699999809265137
vertex -68.77796173095703 70.38347625732422 -3.700000047683716
endloop
endfacet
facet normal -0.07612575790761056 0.8626730610663582 -0.5000000586933879
outer loop
vertex -67.17396545410156 70.5250244140625 -3.700000047683716
vertex -67.18191528320312 69.3651351928711 -5.699999809265137
vertex -67.58438110351562 70.48880767822266 -3.700000047683716
endloop
endfacet
facet normal -0.23747335024102909 0.8328303058798467 -0.5000000895333746
outer loop
vertex -68.56700134277344 69.24290466308594 -5.699999809265137
vertex -69.6492919921875 70.13502502441406 -3.700000047683716
vertex -68.77796173095703 70.38347625732422 -3.700000047683716
endloop
endfacet
facet normal -0.23747179656381953 0.8328310534578168 -0.49999958223292046
outer loop
vertex -68.56700134277344 69.24290466308594 -5.699999809265137
vertex -69.9041748046875 68.86162567138672 -5.699999809265137
vertex -69.6492919921875 70.13502502441406 -3.700000047683716
endloop
endfacet
facet normal -0.23747570609751628 0.8328304633730866 -0.4999987082895873
outer loop
vertex -69.6492919921875 70.13502502441406 -3.700000047683716
vertex -69.9041748046875 68.86162567138672 -5.699999809265137
vertex -70.32646942138672 69.94193267822266 -3.700000047683716
endloop
endfacet
facet normal -0.39028628695249656 0.773096343922052 -0.49999865722938686
outer loop
vertex -69.9041748046875 68.86162567138672 -5.699999809265137
vertex -71.76390838623047 69.21626281738281 -3.700000047683716
vertex -70.32646942138672 69.94193267822266 -3.700000047683716
endloop
endfacet
facet normal -0.39028891075759886 0.773093740009832 -0.5000006352968537
outer loop
vertex -69.9041748046875 68.86162567138672 -5.699999809265137
vertex -71.14543914794922 68.2349853515625 -5.699999809265137
vertex -71.76390838623047 69.21626281738281 -3.700000047683716
endloop
endfacet
facet normal -0.5290953041547158 0.6856072953010532 -0.5000007957507698
outer loop
vertex -71.76390838623047 69.21626281738281 -3.700000047683716
vertex -72.24623107910156 67.38548278808594 -5.699999809265137
vertex -73.03868103027344 68.23249816894531 -3.700000047683716
endloop
endfacet
facet normal -0.5290962393149008 0.685606961157759 -0.5000002643547823
outer loop
vertex -71.14543914794922 68.2349853515625 -5.699999809265137
vertex -72.24623107910156 67.38548278808594 -5.699999809265137
vertex -71.76390838623047 69.21626281738281 -3.700000047683716
endloop
endfacet
facet normal -0.6489085825904608 0.5735140828365817 -0.49999924822798836
outer loop
vertex -72.24623107910156 67.38548278808594 -5.699999809265137
vertex -73.16394805908203 66.34712219238281 -5.699999809265137
vertex -74.10502624511719 67.02596282958984 -3.700000047683716
endloop
endfacet
facet normal -0.6489097392147417 0.5735114196048261 -0.5000008019344698
outer loop
vertex -74.10502624511719 67.02596282958984 -3.700000047683716
vertex -73.03868103027344 68.23249816894531 -3.700000047683716
vertex -72.24623107910156 67.38548278808594 -5.699999809265137
endloop
endfacet
facet normal -0.7489504396273976 0.43482623908117596 -0.4999993807880642
outer loop
vertex -73.16394805908203 66.34712219238281 -5.699999809265137
vertex -84.08736419677734 49.832252502441406 -3.700000047683716
vertex -74.10502624511719 67.02596282958984 -3.700000047683716
endloop
endfacet
facet normal -0.7489504931672218 0.4348262895180162 -0.4999992567280172
outer loop
vertex -84.08736419677734 49.832252502441406 -3.700000047683716
vertex -73.16394805908203 66.34712219238281 -5.699999809265137
vertex -83.06813049316406 49.288028717041016 -5.699999809265137
endloop
endfacet
facet normal -0.7779706041949441 0.38047669524448874 -0.49999922338378294
outer loop
vertex -84.31585693359375 49.365047454833984 -3.700000047683716
vertex -84.08736419677734 49.832252502441406 -3.700000047683716
vertex -83.06813049316406 49.288028717041016 -5.699999809265137
endloop
endfacet
facet normal -0.7779721299277788 0.3804743695608655 -0.49999861916099075
outer loop
vertex -83.06813049316406 49.288028717041016 -5.699999809265137
vertex -83.52597045898438 48.351863861083984 -5.699999809265137
vertex -84.60479736328125 48.77423095703125 -3.700000047683716
endloop
endfacet
facet normal -0.7779731032732273 0.3804698812255201 -0.5000005200633927
outer loop
vertex -84.60479736328125 48.77423095703125 -3.700000047683716
vertex -84.31585693359375 49.365047454833984 -3.700000047683716
vertex -83.06813049316406 49.288028717041016 -5.699999809265137
endloop
endfacet
facet normal -0.8295002999383795 0.2488587799432753 -0.49999856004520915
outer loop
vertex -84.60479736328125 48.77423095703125 -3.700000047683716
vertex -83.52597045898438 48.351863861083984 -5.699999809265137
vertex -84.86698150634766 47.90031433105469 -3.700000047683716
endloop
endfacet
facet normal -0.8294994047478527 0.24885851636203676 -0.5000001763570128
outer loop
vertex -83.52597045898438 48.351863861083984 -5.699999809265137
vertex -83.92993927001953 47.005348205566406 -5.699999809265137
vertex -85.06751251220703 47.23191833496094 -3.700000047683716
endloop
endfacet
facet normal -0.8294995713808276 0.24886502070785402 -0.49999666253596387
outer loop
vertex -83.52597045898438 48.351863861083984 -5.699999809265137
vertex -85.06751251220703 47.23191833496094 -3.700000047683716
vertex -84.86698150634766 47.90031433105469 -3.700000047683716
endloop
endfacet
facet normal -0.8615487383292134 0.08794185964266284 -0.5000000008059305
outer loop
vertex -85.06751251220703 47.23191833496094 -3.700000047683716
vertex -84.07113647460938 45.622066497802734 -5.699999809265137
vertex -85.23102569580078 45.63001251220703 -3.700000047683716
endloop
endfacet
facet normal -0.8615487665274373 0.08794179578082384 -0.4999999634498939
outer loop
vertex -83.92993927001953 47.005348205566406 -5.699999809265137
vertex -84.07113647460938 45.622066497802734 -5.699999809265137
vertex -85.06751251220703 47.23191833496094 -3.700000047683716
endloop
endfacet
facet normal -0.8626727386570402 -0.07612880452350611 -0.5000001510997609
outer loop
vertex -84.07113647460938 45.622066497802734 -5.699999809265137
vertex -83.94890594482422 44.23698043823242 -5.699999809265137
vertex -85.0894775390625 44.02602005004883 -3.700000047683716
endloop
endfacet
facet normal -0.8626724632882161 -0.07613407188772447 -0.4999998241820055
outer loop
vertex -85.19345092773438 45.204254150390625 -3.700000047683716
vertex -85.23102569580078 45.63001251220703 -3.700000047683716
vertex -84.07113647460938 45.622066497802734 -5.699999809265137
endloop
endfacet
facet normal -0.8626736242173071 -0.07612672218678888 -0.4999989402477487
outer loop
vertex -85.0894775390625 44.02602005004883 -3.700000047683716
vertex -85.19345092773438 45.204254150390625 -3.700000047683716
vertex -84.07113647460938 45.622066497802734 -5.699999809265137
endloop
endfacet
facet normal -0.8328303006418152 -0.2374733704192078 -0.5000000886745977
outer loop
vertex -85.0894775390625 44.02602005004883 -3.700000047683716
vertex -83.94890594482422 44.23698043823242 -5.699999809265137
vertex -84.85779571533203 43.2135009765625 -3.700000047683716
endloop
endfacet
facet normal -0.8328305229670163 -0.23747551450233206 -0.4999987000246488
outer loop
vertex -83.567626953125 42.89980697631836 -5.699999809265137
vertex -84.64793395996094 42.47751235961914 -3.700000047683716
vertex -84.85779571533203 43.2135009765625 -3.700000047683716
endloop
endfacet
facet normal -0.8328310354892224 -0.23747179144029015 -0.4999996145959405
outer loop
vertex -83.94890594482422 44.23698043823242 -5.699999809265137
vertex -83.567626953125 42.89980697631836 -5.699999809265137
vertex -84.85779571533203 43.2135009765625 -3.700000047683716
endloop
endfacet
facet normal -0.773096343922052 -0.39028628695249656 -0.49999865722938686
outer loop
vertex -83.567626953125 42.89980697631836 -5.699999809265137
vertex -83.9222640991211 41.04007339477539 -3.700000047683716
vertex -84.64793395996094 42.47751235961914 -3.700000047683716
endloop
endfacet
facet normal -0.7730929469704608 -0.3902897098514012 -0.5000012377271054
outer loop
vertex -83.567626953125 42.89980697631836 -5.699999809265137
vertex -82.94098663330078 41.658546447753906 -5.699999809265137
vertex -83.9222640991211 41.04007339477539 -3.700000047683716
endloop
endfacet
facet normal -0.6856072953010532 -0.5290953041547158 -0.5000007957507698
outer loop
vertex -83.9222640991211 41.04007339477539 -3.700000047683716
vertex -82.09148406982422 40.5577507019043 -5.699999809265137
vertex -82.9384994506836 39.76530075073242 -3.700000047683716
endloop
endfacet
facet normal -0.6856074746941349 -0.5290948020895885 -0.5000010810441416
outer loop
vertex -83.9222640991211 41.04007339477539 -3.700000047683716
vertex -82.94098663330078 41.658546447753906 -5.699999809265137
vertex -82.09148406982422 40.5577507019043 -5.699999809265137
endloop
endfacet
facet normal -0.5735121624222684 -0.6489090505559713 -0.5000008436595696
outer loop
vertex -82.09148406982422 40.5577507019043 -5.699999809265137
vertex -81.05302429199219 39.639949798583984 -5.699999809265137
vertex -82.9384994506836 39.76530075073242 -3.700000047683716
endloop
endfacet
facet normal -0.5735140940961045 -0.6489071878619992 -0.5000010454130638
outer loop
vertex -82.205810546875 39.11774444580078 -3.700000047683716
vertex -81.05302429199219 39.639949798583984 -5.699999809265137
vertex -81.73196411132812 38.698951721191406 -3.700000047683716
endloop
endfacet
facet normal -0.573511697186535 -0.6489098376972293 -0.5000003557298492
outer loop
vertex -82.9384994506836 39.76530075073242 -3.700000047683716
vertex -81.05302429199219 39.639949798583984 -5.699999809265137
vertex -82.205810546875 39.11774444580078 -3.700000047683716
endloop
endfacet
facet normal -0.4349860676414756 -0.748856530128465 -0.5000010182407242
outer loop
vertex -81.05302429199219 39.639949798583984 -5.699999809265137
vertex -65.94298553466797 29.52765464782715 -3.700000047683716
vertex -81.73196411132812 38.698951721191406 -3.700000047683716
endloop
endfacet
facet normal -0.4350220795138933 -0.7488932613263428 -0.4999146661935434
outer loop
vertex -81.05302429199219 39.639949798583984 -5.699999809265137
vertex -65.3631362915039 30.525903701782227 -5.699999809265137
vertex -65.94298553466797 29.52765464782715 -3.700000047683716
endloop
endfacet
facet normal -0.4971979883928086 -0.7100852986645767 -0.4985709868800867
outer loop
vertex -65.94298553466797 29.52765464782715 -3.700000047683716
vertex -65.3631362915039 30.525903701782227 -5.699999809265137
vertex -65.29849243164062 30.480640411376953 -5.699999809265137
endloop
endfacet
facet normal -0.4855992850581953 -0.7180328294461197 -0.49862028657944657
outer loop
vertex -65.94298553466797 29.52765464782715 -3.700000047683716
vertex -65.29849243164062 30.480640411376953 -5.699999809265137
vertex -65.6490249633789 29.3288516998291 -3.700000047683716
endloop
endfacet
facet normal -0.4855992850581953 -0.7180328294461197 -0.49862028657944657
outer loop
vertex -65.00453186035156 30.281837463378906 -5.699999809265137
vertex -65.6490249633789 29.3288516998291 -3.700000047683716
vertex -65.29849243164062 30.480640411376953 -5.699999809265137
endloop
endfacet
facet normal -0.5739259564097053 -0.6486433820252817 -0.49987074280658744
outer loop
vertex -64.90679931640625 30.213403701782227 -5.699999809265137
vertex -64.86149597167969 30.17331886291504 -5.699999809265137
vertex -65.6490249633789 29.3288516998291 -3.700000047683716
endloop
endfacet
facet normal -0.4972075160236332 -0.7100786844965291 -0.4985709055222608
outer loop
vertex -64.90679931640625 30.213403701782227 -5.699999809265137
vertex -65.6490249633789 29.3288516998291 -3.700000047683716
vertex -65.00453186035156 30.281837463378906 -5.699999809265137
endloop
endfacet
facet normal -0.5906516444139169 -0.6333494475744135 -0.499999112207533
outer loop
vertex -65.6490249633789 29.3288516998291 -3.700000047683716
vertex -64.86149597167969 30.17331886291504 -5.699999809265137
vertex -64.55158233642578 29.88429832458496 -5.699999809265137
endloop
endfacet
facet normal -0.5906516444139169 -0.6333494475744135 -0.499999112207533
outer loop
vertex -65.6490249633789 29.3288516998291 -3.700000047683716
vertex -64.55158233642578 29.88429832458496 -5.699999809265137
vertex -65.339111328125 29.039831161499023 -3.700000047683716
endloop
endfacet
facet normal -0.6532882300184706 -0.5702532270889809 -0.4980218323667518
outer loop
vertex -64.55158233642578 29.88429832458496 -5.699999809265137
vertex -64.42304229736328 29.737041473388672 -5.699999809265137
vertex -65.339111328125 29.039831161499023 -3.700000047683716
endloop
endfacet
facet normal -0.6896508335976329 -0.52489545107863 -0.49886520539625884
outer loop
vertex -64.42304229736328 29.737041473388672 -5.699999809265137
vertex -64.16638946533203 29.399829864501953 -5.699999809265137
vertex -65.339111328125 29.039831161499023 -3.700000047683716
endloop
endfacet
facet normal -0.6896587067501365 -0.5248828710072646 -0.4988675575008867
outer loop
vertex -65.339111328125 29.039831161499023 -3.700000047683716
vertex -64.16638946533203 29.399829864501953 -5.699999809265137
vertex -65.08246612548828 28.702617645263672 -3.700000047683716
endloop
endfacet
facet normal -0.7236899669085894 -0.47774961159496004 -0.4980242367763938
outer loop
vertex -64.05870056152344 29.236703872680664 -5.699999809265137
vertex -65.08246612548828 28.702617645263672 -3.700000047683716
vertex -64.16638946533203 29.399829864501953 -5.699999809265137
endloop
endfacet
facet normal -0.768360221108223 -0.40084763969279136 -0.49894262232369047
outer loop
vertex -65.08246612548828 28.702617645263672 -3.700000047683716
vertex -63.86558151245117 28.85948371887207 -5.699999809265137
vertex -64.88645935058594 28.326904296875 -3.700000047683716
endloop
endfacet
facet normal -0.7708807239492091 -0.39465482120753914 -0.4999904814505857
outer loop
vertex -64.05870056152344 29.236703872680664 -5.699999809265137
vertex -63.86558151245117 28.85948371887207 -5.699999809265137
vertex -65.08246612548828 28.702617645263672 -3.700000047683716
endloop
endfacet
facet normal -0.7943734253048393 -0.34770388742374164 -0.4980691396180602
outer loop
vertex -64.88645935058594 28.326904296875 -3.700000047683716
vertex -63.86558151245117 28.85948371887207 -5.699999809265137
vertex -63.78719711303711 28.680404663085938 -5.699999809265137
endloop
endfacet
facet normal -0.8263000555765853 -0.25930017546748535 -0.4999916370867251
outer loop
vertex -64.88645935058594 28.326904296875 -3.700000047683716
vertex -63.78719711303711 28.680404663085938 -5.699999809265137
vertex -63.66031265258789 28.27606773376465 -5.699999809265137
endloop
endfacet
facet normal -0.824977998351522 -0.2652985675829641 -0.4990270255951509
outer loop
vertex -63.66031265258789 28.27606773376465 -5.699999809265137
vertex -64.75672149658203 27.923480987548828 -3.700000047683716
vertex -64.837646484375 28.175127029418945 -3.700000047683716
endloop
endfacet
facet normal -0.8249728682942017 -0.2653183241644387 -0.49902500282151346
outer loop
vertex -63.66031265258789 28.27606773376465 -5.699999809265137
vertex -64.837646484375 28.175127029418945 -3.700000047683716
vertex -64.88645935058594 28.326904296875 -3.700000047683716
endloop
endfacet
facet normal -0.8419402571168748 -0.20739936842214668 -0.4981185656287719
outer loop
vertex -64.75672149658203 27.923480987548828 -3.700000047683716
vertex -63.66031265258789 28.27606773376465 -5.699999809265137
vertex -63.61355209350586 28.08624267578125 -5.699999809265137
endloop
endfacet
facet normal -0.8573799789495581 -0.12206689165155488 -0.499999245658414
outer loop
vertex -63.61355209350586 28.08624267578125 -5.699999809265137
vertex -64.69699096679688 27.503942489624023 -3.700000047683716
vertex -64.75672149658203 27.923480987548828 -3.700000047683716
endloop
endfacet
facet normal -0.8586466824670661 -0.11666821188014033 -0.49911361735079124
outer loop
vertex -63.556495666503906 27.666322708129883 -5.699999809265137
vertex -64.69699096679688 27.503942489624023 -3.700000047683716
vertex -63.61355209350586 28.08624267578125 -5.699999809265137
endloop
endfacet
facet normal -0.8635499976967621 -0.07555098560476207 -0.4985714091803412
outer loop
vertex -63.542293548583984 27.503992080688477 -5.699999809265137
vertex -64.69699096679688 27.503942489624023 -3.700000047683716
vertex -63.556495666503906 27.666322708129883 -5.699999809265137
endloop
endfacet
facet normal -0.8660259620327424 -0.0000366045756812295 -0.49999903174443056
outer loop
vertex -63.542293548583984 27.503992080688477 -5.699999809265137
vertex -64.6929931640625 -67.07988739013672 -3.700000047683716
vertex -64.69699096679688 27.503942489624023 -3.700000047683716
endloop
endfacet
facet normal -0.8660249835046503 -0.000036652318556222634 -0.5000007266018499
outer loop
vertex -63.538291931152344 -67.04666137695312 -5.699999809265137
vertex -64.6929931640625 -67.07988739013672 -3.700000047683716
vertex -63.542293548583984 27.503992080688477 -5.699999809265137
endloop
endfacet
facet normal -0.8645905655264364 -0.04983295324693598 -0.4999998307733373
outer loop
vertex -63.538291931152344 -67.04666137695312 -5.699999809265137
vertex -64.68959045410156 -67.13892364501953 -3.700000047683716
vertex -64.6929931640625 -67.07988739013672 -3.700000047683716
endloop
endfacet
facet normal -0.8645957604693595 -0.049750782565573984 -0.49999903061158346
outer loop
vertex -64.63591766357422 -68.0716781616211 -3.700000047683716
vertex -64.68959045410156 -67.13892364501953 -3.700000047683716
vertex -63.538291931152344 -67.04666137695312 -5.699999809265137
endloop
endfacet
facet normal -0.8645951313482988 -0.04975312425211656 -0.4999998854759582
outer loop
vertex -63.48682403564453 -67.94105529785156 -5.699999809265137
vertex -64.63591766357422 -68.0716781616211 -3.700000047683716
vertex -63.538291931152344 -67.04666137695312 -5.699999809265137
endloop
endfacet
facet normal -0.8537024947758916 -0.14557857550646663 -0.4999989287657794
outer loop
vertex -63.3527717590332 -68.72716522216797 -5.699999809265137
vertex -64.48046112060547 -68.98329162597656 -3.700000047683716
vertex -63.48682403564453 -67.94105529785156 -5.699999809265137
endloop
endfacet
facet normal -0.8537016393929344 -0.1455808967023227 -0.49999971341308186
outer loop
vertex -64.63591766357422 -68.0716781616211 -3.700000047683716
vertex -63.48682403564453 -67.94105529785156 -5.699999809265137
vertex -64.48046112060547 -68.98329162597656 -3.700000047683716
endloop
endfacet
facet normal -0.8328320863753194 -0.23746924536191077 -0.4999990734101187
outer loop
vertex -64.22688293457031 -69.87261962890625 -3.700000047683716
vertex -64.48046112060547 -68.98329162597656 -3.700000047683716
vertex -63.3527717590332 -68.72716522216797 -5.699999809265137
endloop
endfacet
facet normal -0.8328302105446111 -0.23747301023572323 -0.5000004098136349
outer loop
vertex -63.3527717590332 -68.72716522216797 -5.699999809265137
vertex -63.13369369506836 -69.4954833984375 -5.699999809265137
vertex -64.22688293457031 -69.87261962890625 -3.700000047683716
endloop
endfacet
facet normal -0.8020973991644808 -0.32655682604014735 -0.5000004016199993
outer loop
vertex -63.13369369506836 -69.4954833984375 -5.699999809265137
vertex -62.83243179321289 -70.2354507446289 -5.699999809265137
vertex -64.09363555908203 -70.19990539550781 -3.700000047683716
endloop
endfacet
facet normal -0.8020974334420282 -0.3265567549784378 -0.500000393043509
outer loop
vertex -63.13369369506836 -69.4954833984375 -5.699999809265137
vertex -64.09363555908203 -70.19990539550781 -3.700000047683716
vertex -64.22688293457031 -69.87261962890625 -3.700000047683716
endloop
endfacet
facet normal -0.8020953149583364 -0.32656415709275793 -0.4999989570230957
outer loop
vertex -63.87816619873047 -70.72913360595703 -3.700000047683716
vertex -64.09363555908203 -70.19990539550781 -3.700000047683716
vertex -62.83243179321289 -70.2354507446289 -5.699999809265137
endloop
endfacet
facet normal -0.761865656699961 -0.41177640582033453 -0.5000009127499913
outer loop
vertex -63.87816619873047 -70.72913360595703 -3.700000047683716
vertex -62.45254898071289 -70.93829345703125 -5.699999809265137
vertex -63.438453674316406 -71.54268646240234 -3.700000047683716
endloop
endfacet
facet normal -0.7618634657582816 -0.41178322120465416 -0.49999863827524454
outer loop
vertex -62.83243179321289 -70.2354507446289 -5.699999809265137
vertex -62.45254898071289 -70.93829345703125 -5.699999809265137
vertex -63.87816619873047 -70.72913360595703 -3.700000047683716
endloop
endfacet
facet normal -0.7126132185419551 -0.4921203717661052 -0.4999999404520624
outer loop
vertex -61.99855041503906 -71.59571075439453 -5.699999809265137
vertex -62.91294860839844 -72.30364227294922 -3.700000047683716
vertex -63.438453674316406 -71.54268646240234 -3.700000047683716
endloop
endfacet
facet normal -0.7126148098423252 -0.49211680745839365 -0.5000011806089513
outer loop
vertex -61.99855041503906 -71.59571075439453 -5.699999809265137
vertex -63.438453674316406 -71.54268646240234 -3.700000047683716
vertex -62.45254898071289 -70.93829345703125 -5.699999809265137
endloop
endfacet
facet normal -0.6549231326231357 -0.5666355075773267 -0.49999989190767224
outer loop
vertex -62.91294860839844 -72.30364227294922 -3.700000047683716
vertex -61.99855041503906 -71.59571075439453 -5.699999809265137
vertex -62.30787658691406 -73.00299072265625 -3.700000047683716
endloop
endfacet
facet normal -0.6549228158806865 -0.5666357601056805 -0.5000000206083698
outer loop
vertex -61.99855041503906 -71.59571075439453 -5.699999809265137
vertex -61.47581100463867 -72.19989776611328 -5.699999809265137
vertex -62.30787658691406 -73.00299072265625 -3.700000047683716
endloop
endfacet
facet normal -0.5894786743746582 -0.6344406665133884 -0.49999993313153884
outer loop
vertex -62.30787658691406 -73.00299072265625 -3.700000047683716
vertex -61.47581100463867 -72.19989776611328 -5.699999809265137
vertex -61.7934455871582 -73.48096466064453 -3.700000047683716
endloop
endfacet
facet normal -0.5894799448058038 -0.6344397764222811 -0.49999956476480295
outer loop
vertex -61.47581100463867 -72.19989776611328 -5.699999809265137
vertex -61.630393981933594 -73.63246154785156 -3.700000047683716
vertex -61.7934455871582 -73.48096466064453 -3.700000047683716
endloop
endfacet
facet normal -0.5894798144344233 -0.6344398589240029 -0.49999961378269997
outer loop
vertex -61.47581100463867 -72.19989776611328 -5.699999809265137
vertex -60.89051818847656 -72.74371337890625 -5.699999809265137
vertex -61.630393981933594 -73.63246154785156 -3.700000047683716
endloop
endfacet
facet normal -0.5170539784327632 -0.6947337645965365 -0.5000001797163435
outer loop
vertex -61.36368179321289 -73.83096313476562 -3.700000047683716
vertex -60.89051818847656 -72.74371337890625 -5.699999809265137
vertex -60.88853073120117 -74.1845932006836 -3.700000047683716
endloop
endfacet
facet normal -0.5170500930368007 -0.6947356670670014 -0.5000015541931888
outer loop
vertex -60.89051818847656 -72.74371337890625 -5.699999809265137
vertex -60.24959945678711 -73.22071075439453 -5.699999809265137
vertex -60.88853073120117 -74.1845932006836 -3.700000047683716
endloop
endfacet
facet normal -0.5170568900542776 -0.6947318506788555 -0.4999998280997016
outer loop
vertex -61.630393981933594 -73.63246154785156 -3.700000047683716
vertex -60.89051818847656 -72.74371337890625 -5.699999809265137
vertex -61.36368179321289 -73.83096313476562 -3.700000047683716
endloop
endfacet
facet normal -0.4385156445762903 -0.746795189716566 -0.5000009740770901
outer loop
vertex -60.5192756652832 -74.40140533447266 -3.700000047683716
vertex -59.560646057128906 -73.62525177001953 -5.699999809265137
vertex -60.091068267822266 -74.65284729003906 -3.700000047683716
endloop
endfacet
facet normal -0.43849687386441566 -0.7468087197608507 -0.49999722769260835
outer loop
vertex -60.88853073120117 -74.1845932006836 -3.700000047683716
vertex -59.560646057128906 -73.62525177001953 -5.699999809265137
vertex -60.5192756652832 -74.40140533447266 -3.700000047683716
endloop
endfacet
facet normal -0.4385072977621811 -0.7467996615903998 -0.5000016152551652
outer loop
vertex -60.24959945678711 -73.22071075439453 -5.699999809265137
vertex -59.560646057128906 -73.62525177001953 -5.699999809265137
vertex -60.88853073120117 -74.1845932006836 -3.700000047683716
endloop
endfacet
facet normal -0.3547680799237506 -0.7900243023683158 -0.5000012111332046
outer loop
vertex -59.560646057128906 -73.62525177001953 -5.699999809265137
vertex -58.83182144165039 -73.9525375366211 -5.699999809265137
vertex -60.091068267822266 -74.65284729003906 -3.700000047683716
endloop
endfacet
facet normal -0.35476148785251904 -0.7900288758606901 -0.49999866204117116
outer loop
vertex -60.091068267822266 -74.65284729003906 -3.700000047683716
vertex -58.83182144165039 -73.9525375366211 -5.699999809265137
vertex -59.85245895385742 -74.75999450683594 -3.700000047683716
endloop
endfacet
facet normal -0.354764870197108 -0.7900267960300664 -0.4999995484282932
outer loop
vertex -59.85245895385742 -74.75999450683594 -3.700000047683716
vertex -58.83182144165039 -73.9525375366211 -5.699999809265137
vertex -59.2474479675293 -75.03167724609375 -3.700000047683716
endloop
endfacet
facet normal -0.26682376703255717 -0.8238961188549154 -0.5000002626822936
outer loop
vertex -58.83182144165039 -73.9525375366211 -5.699999809265137
vertex -58.071746826171875 -74.19869232177734 -5.699999809265137
vertex -58.36766052246094 -75.31660461425781 -3.700000047683716
endloop
endfacet
facet normal -0.2668196078562608 -0.8238966572000646 -0.500001595115446
outer loop
vertex -58.846248626708984 -75.16161346435547 -3.700000047683716
vertex -58.83182144165039 -73.9525375366211 -5.699999809265137
vertex -58.36766052246094 -75.31660461425781 -3.700000047683716
endloop
endfacet
facet normal -0.2668338656253023 -0.8238932333845427 -0.4999996281384835
outer loop
vertex -59.2474479675293 -75.03167724609375 -3.700000047683716
vertex -58.83182144165039 -73.9525375366211 -5.699999809265137
vertex -58.846248626708984 -75.16161346435547 -3.700000047683716
endloop
endfacet
facet normal -0.17572966729421519 -0.8480087827165955 -0.500000188468147
outer loop
vertex -58.36766052246094 -75.31660461425781 -3.700000047683716
vertex -58.071746826171875 -74.19869232177734 -5.699999809265137
vertex -57.89445495605469 -75.41466522216797 -3.700000047683716
endloop
endfacet
facet normal -0.1757298158235409 -0.8480086269728404 -0.5000004004101022
outer loop
vertex -58.071746826171875 -74.19869232177734 -5.699999809265137
vertex -57.2894287109375 -74.36080932617188 -5.699999809265137
vertex -57.462120056152344 -75.50425720214844 -3.700000047683716
endloop
endfacet
facet normal -0.17573128916182212 -0.8480085977120816 -0.49999993221590816
outer loop
vertex -57.89445495605469 -75.41466522216797 -3.700000047683716
vertex -58.071746826171875 -74.19869232177734 -5.699999809265137
vertex -57.462120056152344 -75.50425720214844 -3.700000047683716
endloop
endfacet
facet normal -0.08254105739335654 -0.8620822929729338 -0.5000010939857186
outer loop
vertex -57.2894287109375 -74.36080932617188 -5.699999809265137
vertex -56.48637771606445 -74.43769836425781 -5.699999809265137
vertex -56.54155731201172 -75.59239959716797 -3.700000047683716
endloop
endfacet
facet normal -0.08254300295791027 -0.8620824666235137 -0.5000004734027846
outer loop
vertex -57.462120056152344 -75.50425720214844 -3.700000047683716
vertex -57.2894287109375 -74.36080932617188 -5.699999809265137
vertex -56.54155731201172 -75.59239959716797 -3.700000047683716
endloop
endfacet
facet normal -0.00003116227058804256 -0.866025540957264 -0.49999976143853425
outer loop
vertex -11.188854217529297 -75.5940170288086 -3.700000047683716
vertex 1.065205454826355 -74.43975830078125 -5.699999809265137
vertex 1.1087262630462646 -75.5944595336914 -3.700000047683716
endloop
endfacet
facet normal -0.000030997558086770124 -0.8660259779987324 -0.499999004469499
outer loop
vertex -11.188854217529297 -75.5940170288086 -3.700000047683716
vertex -56.48637771606445 -74.43769836425781 -5.699999809265137
vertex 1.065205454826355 -74.43975830078125 -5.699999809265137
endloop
endfacet
facet normal -0.00003088539258410615 -0.8660248783572886 -0.5000009091115095
outer loop
vertex -56.54155731201172 -75.59239959716797 -3.700000047683716
vertex -56.48637771606445 -74.43769836425781 -5.699999809265137
vertex -11.188854217529297 -75.5940170288086 -3.700000047683716
endloop
endfacet
facet normal 0.06521641301493158 -0.8635660028175026 -0.5000005782509326
outer loop
vertex 1.2809380292892456 -75.58145141601562 -3.700000047683716
vertex 1.636838674545288 -74.3965835571289 -5.699999809265137
vertex 1.7776777744293213 -75.54393768310547 -3.700000047683716
endloop
endfacet
facet normal 0.06522999007248143 -0.8635662808700321 -0.49999832693664553
outer loop
vertex 1.1087262630462646 -75.5944595336914 -3.700000047683716
vertex 1.636838674545288 -74.3965835571289 -5.699999809265137
vertex 1.2809380292892456 -75.58145141601562 -3.700000047683716
endloop
endfacet
facet normal 0.0652240576754185 -0.8635659401328927 -0.49999968934265054
outer loop
vertex 1.1087262630462646 -75.5944595336914 -3.700000047683716
vertex 1.065205454826355 -74.43975830078125 -5.699999809265137
vertex 1.636838674545288 -74.3965835571289 -5.699999809265137
endloop
endfacet
facet normal 1 0 0
outer loop
vertex 65.7792739868164 -68.85101318359375 -0.44999998807907104
vertex 65.7792739868164 -68.85101318359375 -1.9500000476837158
vertex 65.7792739868164 -68.35169219970703 -0.44999998807907104
endloop
endfacet
facet normal -1 0 0
outer loop
vertex 73.7792739868164 -68.35127258300781 -1.9500000476837158
vertex 73.7792739868164 -68.85101318359375 -1.9500000476837158
vertex 73.7792739868164 -68.85101318359375 -0.44999998807907104
endloop
endfacet
facet normal 0 0 1
outer loop
vertex 73.7792739868164 -68.35127258300781 -1.9500000476837158
vertex 65.7792739868164 -68.85101318359375 -1.9500000476837158
vertex 73.7792739868164 -68.85101318359375 -1.9500000476837158
endloop
endfacet
facet normal 0 0 1
outer loop
vertex 73.7792739868164 -68.35127258300781 -1.9500000476837158
vertex 65.7792739868164 -68.35169219970703 -1.9500000476837158
vertex 65.7792739868164 -68.85101318359375 -1.9500000476837158
endloop
endfacet
facet normal 1 0 0
outer loop
vertex 65.7792739868164 -68.35169219970703 -1.9500000476837158
vertex 65.7792739868164 -68.35169219970703 -0.44999998807907104
vertex 65.7792739868164 -68.85101318359375 -1.9500000476837158
endloop
endfacet
facet normal 0 1 0
outer loop
vertex 65.7792739868164 -68.85101318359375 -1.9500000476837158
vertex 65.7792739868164 -68.85101318359375 -0.44999998807907104
vertex 73.7792739868164 -68.85101318359375 -1.9500000476837158
endloop
endfacet
facet normal 0 1 0
outer loop
vertex 73.7792739868164 -68.85101318359375 -0.44999998807907104
vertex 73.7792739868164 -68.85101318359375 -1.9500000476837158
vertex 65.7792739868164 -68.85101318359375 -0.44999998807907104
endloop
endfacet
facet normal -1 0 0
outer loop
vertex 73.7792739868164 -68.35127258300781 -1.9500000476837158
vertex 73.7792739868164 -68.85101318359375 -0.44999998807907104
vertex 73.7792739868164 -68.35127258300781 -0.44999998807907104
endloop
endfacet
facet normal 0 1 0
outer loop
vertex -43.172576904296875 -73.60101318359375 -0.44999998807907104
vertex -43.172576904296875 -73.60101318359375 -1.9500000476837158
vertex -51.172576904296875 -73.60101318359375 -0.44999998807907104
endloop
endfacet
facet normal 1 0 0
outer loop
vertex -51.172576904296875 -73.0966796875 -1.9500000476837158
vertex -51.172576904296875 -73.0966796875 -0.44999998807907104
vertex -51.172576904296875 -73.60101318359375 -1.9500000476837158
endloop
endfacet
facet normal 0 1 0
outer loop
vertex -51.172576904296875 -73.60101318359375 -1.9500000476837158
vertex -51.172576904296875 -73.60101318359375 -0.44999998807907104
vertex -43.172576904296875 -73.60101318359375 -1.9500000476837158
endloop
endfacet
facet normal 0 0 1
outer loop
vertex -43.172576904296875 -73.09684753417969 -1.9500000476837158
vertex -51.172576904296875 -73.60101318359375 -1.9500000476837158
vertex -43.172576904296875 -73.60101318359375 -1.9500000476837158
endloop
endfacet
facet normal -1 0 0
outer loop
vertex -43.172576904296875 -73.09684753417969 -1.9500000476837158
vertex -43.172576904296875 -73.60101318359375 -1.9500000476837158
vertex -43.172576904296875 -73.60101318359375 -0.44999998807907104
endloop
endfacet
facet normal 1 0 0
outer loop
vertex -51.172576904296875 -73.60101318359375 -0.44999998807907104
vertex -51.172576904296875 -73.60101318359375 -1.9500000476837158
vertex -51.172576904296875 -73.0966796875 -0.44999998807907104
endloop
endfacet
facet normal -1 0 0
outer loop
vertex -43.172576904296875 -73.09684753417969 -1.9500000476837158
vertex -43.172576904296875 -73.60101318359375 -0.44999998807907104
vertex -43.172576904296875 -73.09684753417969 -0.44999998807907104
endloop
endfacet
facet normal 0 0 1
outer loop
vertex -51.172576904296875 -73.60101318359375 -1.9500000476837158
vertex -43.172576904296875 -73.09684753417969 -1.9500000476837158
vertex -51.172576904296875 -73.0966796875 -1.9500000476837158
endloop
endfacet
facet normal 0 0 -1
outer loop
vertex -44.892520904541016 56.97105407714844 -1.0499999523162842
vertex -46.50979232788086 56.80990219116211 -1.0499999523162842
vertex -47.76938247680664 59.13523483276367 -1.0499999523162842
endloop
endfacet
facet normal 0 0 1
outer loop
vertex -44.892520904541016 56.97105407714844 -2.8499999046325684
vertex -46.13934326171875 56.61658477783203 -2.8499999046325684
vertex -45.3524169921875 56.35971450805664 -2.8499999046325684
endloop
endfacet
facet normal 0 0 1
outer loop
vertex -46.50979232788086 56.80990219116211 -2.8499999046325684
vertex -46.13934326171875 56.61658477783203 -2.8499999046325684
vertex -44.892520904541016 56.97105407714844 -2.8499999046325684
endloop
endfacet
facet normal -0.7991261225888464 0.6011634055696637 0
outer loop
vertex -44.892520904541016 56.97105407714844 -2.8499999046325684
vertex -45.3524169921875 56.35971450805664 -2.8499999046325684
vertex -44.892520904541016 56.97105407714844 -1.0499999523162842
endloop
endfacet
facet normal 0 0 1
outer loop
vertex -47.451576232910156 57.51932144165039 -2.8499999046325684
vertex -44.892520904541016 56.97105407714844 -2.8499999046325684
vertex -47.76938247680664 59.13523483276367 -2.8499999046325684
endloop
endfacet
facet normal 0 0 1
outer loop
vertex -48.52016830444336 58.137210845947266 -2.8499999046325684
vertex -47.451576232910156 57.51932144165039 -2.8499999046325684
vertex -47.76938247680664 59.13523483276367 -2.8499999046325684
endloop
endfacet
facet normal 0 0 -1
outer loop
vertex -46.50979232788086 56.80990219116211 -1.0499999523162842
vertex -44.892520904541016 56.97105407714844 -1.0499999523162842
vertex -46.13934326171875 56.61658477783203 -1.0499999523162842
endloop
endfacet
facet normal 0 0 -1
outer loop
vertex -44.892520904541016 56.97105407714844 -1.0499999523162842
vertex -45.3524169921875 56.35971450805664 -1.0499999523162842
vertex -46.13934326171875 56.61658477783203 -1.0499999523162842
endloop
endfacet
facet normal 0 0 -1
outer loop
vertex -46.50979232788086 56.80990219116211 -1.0499999523162842
vertex -47.451576232910156 57.51932144165039 -1.0499999523162842
vertex -47.76938247680664 59.13523483276367 -1.0499999523162842
endloop
endfacet
facet normal 0 0 -1
outer loop
vertex -47.76938247680664 59.13523483276367 -1.0499999523162842
vertex -47.451576232910156 57.51932144165039 -1.0499999523162842
vertex -48.52016830444336 58.137210845947266 -1.0499999523162842
endloop
endfacet
facet normal -0.6011610693851189 -0.7991278800390713 0
outer loop
vertex -47.76938247680664 59.13523483276367 -1.0499999523162842
vertex -47.76938247680664 59.13523483276367 -2.8499999046325684
vertex -44.892520904541016 56.97105407714844 -1.0499999523162842
endloop
endfacet
facet normal 0 0 1
outer loop
vertex -47.451576232910156 57.51932144165039 -2.8499999046325684
vertex -46.50979232788086 56.80990219116211 -2.8499999046325684
vertex -44.892520904541016 56.97105407714844 -2.8499999046325684
endloop
endfacet
facet normal 0.7991275336477223 -0.6011615298454389 0
outer loop
vertex -48.52016830444336 58.137210845947266 -1.0499999523162842
vertex -48.52016830444336 58.137210845947266 -2.8499999046325684
vertex -47.76938247680664 59.13523483276367 -2.8499999046325684
endloop
endfacet
facet normal 0.7991275336477223 -0.6011615298454389 0
outer loop
vertex -48.52016830444336 58.137210845947266 -1.0499999523162842
vertex -47.76938247680664 59.13523483276367 -2.8499999046325684
vertex -47.76938247680664 59.13523483276367 -1.0499999523162842
endloop
endfacet
facet normal -0.6011610693851189 -0.7991278800390713 0
outer loop
vertex -47.76938247680664 59.13523483276367 -2.8499999046325684
vertex -44.892520904541016 56.97105407714844 -2.8499999046325684
vertex -44.892520904541016 56.97105407714844 -1.0499999523162842
endloop
endfacet
facet normal -0.7991261225888464 0.6011634055696637 0
outer loop
vertex -44.892520904541016 56.97105407714844 -1.0499999523162842
vertex -45.3524169921875 56.35971450805664 -2.8499999046325684
vertex -45.3524169921875 56.35971450805664 -1.0499999523162842
endloop
endfacet
facet normal -0.9999999535008515 0.000304956217669701 0
outer loop
vertex 71.57970428466797 47.11393356323242 -1.0499999523162842
vertex 71.5793685913086 46.01314163208008 -2.8499999046325684
vertex 71.5793685913086 46.01314163208008 -1.0499999523162842
endloop
endfacet
facet normal 0 0 -1
outer loop
vertex 71.5793685913086 46.01314163208008 -1.0499999523162842
vertex 67.9793701171875 46.01433181762695 -1.0499999523162842
vertex 67.97970581054688 47.11503982543945 -1.0499999523162842
endloop
endfacet
facet normal 0 0 1
outer loop
vertex 67.9793701171875 46.01433181762695 -2.8499999046325684
vertex 71.57970428466797 47.11393356323242 -2.8499999046325684
vertex 67.97970581054688 47.11503982543945 -2.8499999046325684
endloop
endfacet
facet normal 0 0 1
outer loop
vertex 71.57970428466797 47.11393356323242 -2.8499999046325684
vertex 67.9793701171875 46.01433181762695 -2.8499999046325684
vertex 71.5793685913086 46.01314163208008 -2.8499999046325684
endloop
endfacet
facet normal 0.9999999534937607 -0.0003049794690149542 0
outer loop
vertex 67.9793701171875 46.01433181762695 -1.0499999523162842
vertex 67.9793701171875 46.01433181762695 -2.8499999046325684
vertex 67.97970581054688 47.11503982543945 -2.8499999046325684
endloop
endfacet
facet normal 0.9999999534937607 -0.0003049794690149542 0
outer loop
vertex 67.9793701171875 46.01433181762695 -1.0499999523162842
vertex 67.97970581054688 47.11503982543945 -2.8499999046325684
vertex 67.97970581054688 47.11503982543945 -1.0499999523162842
endloop
endfacet
facet normal -0.00030729517324836744 -0.9999999527848372 0
outer loop
vertex 67.97970581054688 47.11503982543945 -1.0499999523162842
vertex 67.97970581054688 47.11503982543945 -2.8499999046325684
vertex 71.57970428466797 47.11393356323242 -1.0499999523162842
endloop
endfacet
facet normal -0.00030729517324836744 -0.9999999527848372 0
outer loop
vertex 71.57970428466797 47.11393356323242 -1.0499999523162842
vertex 67.97970581054688 47.11503982543945 -2.8499999046325684
vertex 71.57970428466797 47.11393356323242 -2.8499999046325684
endloop
endfacet
facet normal -0.9999999535008515 0.000304956217669701 0
outer loop
vertex 71.57970428466797 47.11393356323242 -2.8499999046325684
vertex 71.5793685913086 46.01314163208008 -2.8499999046325684
vertex 71.57970428466797 47.11393356323242 -1.0499999523162842
endloop
endfacet
facet normal 0 0 -1
outer loop
vertex 71.57970428466797 47.11393356323242 -1.0499999523162842
vertex 71.5793685913086 46.01314163208008 -1.0499999523162842
vertex 67.97970581054688 47.11503982543945 -1.0499999523162842
endloop
endfacet
facet normal 0 0 -1
outer loop
vertex 9.295565605163574 -70.91474151611328 -3.450000047683716
vertex 8.418451309204102 -68.35470581054688 -3.450000047683716
vertex 9.715104103088379 -70.85501098632812 -3.450000047683716
endloop
endfacet
facet normal 0 0 -1
outer loop
vertex 7.3384599685668945 -72.53841400146484 -3.450000047683716
vertex 5.003290176391602 -71.38814544677734 -3.450000047683716
vertex 5.444263458251953 -70.90682220458984 -3.450000047683716
endloop
endfacet
facet normal 0 0 -1
outer loop
vertex 8.004069328308105 -68.40850830078125 -3.450000047683716
vertex 9.295565605163574 -70.91474151611328 -3.450000047683716
vertex 8.892143249511719 -71.04447174072266 -3.450000047683716
endloop
endfacet
facet normal 0 0 -1
outer loop
vertex 16.90700912475586 -70.8545913696289 -3.450000047683716
vertex 8.418451309204102 -68.35470581054688 -3.450000047683716
vertex 16.90700912475586 -68.35426330566406 -3.450000047683716
endloop
endfacet
facet normal -0.19509040787318935 0 -0.9807852633251953
outer loop
vertex 17.481033325195312 -70.85456085205078 -3.564180612564087
vertex 16.90700912475586 -70.8545913696289 -3.450000047683716
vertex 16.90700912475586 -68.35426330566406 -3.450000047683716
endloop
endfacet
facet normal -0.19509040787318935 0 -0.9807852633251953
outer loop
vertex 17.481033325195312 -68.35423278808594 -3.564180612564087
vertex 17.481033325195312 -70.85456085205078 -3.564180612564087
vertex 16.90700912475586 -68.35426330566406 -3.450000047683716
endloop
endfacet
facet normal 0 0 -1
outer loop
vertex 9.295565605163574 -70.91474151611328 -3.450000047683716
vertex 8.004069328308105 -68.40850830078125 -3.450000047683716
vertex 8.418451309204102 -68.35470581054688 -3.450000047683716
endloop
endfacet
facet normal 0 0 -1
outer loop
vertex 8.004069328308105 -68.40850830078125 -3.450000047683716
vertex 8.892143249511719 -71.04447174072266 -3.450000047683716
vertex 7.602950572967529 -68.52560424804688 -3.450000047683716
endloop
endfacet
facet normal -0.5555704184514964 0 -0.831469488400885
outer loop
vertex 17.481033325195312 -68.35423278808594 -3.564180612564087
vertex 17.684301376342773 -70.85454559326172 -3.700000047683716
vertex 17.481033325195312 -70.85456085205078 -3.564180612564087
endloop
endfacet
facet normal -0.5555702292009884 2.2254567811641006e-8 -0.831469614854061
outer loop
vertex 17.684301376342773 -70.85454559326172 -3.700000047683716
vertex 17.481033325195312 -68.35423278808594 -3.564180612564087
vertex 17.967668533325195 -70.7452163696289 -3.8893399238586426
endloop
endfacet
facet normal -0.8314695010489662 0 -0.5555703995223135
outer loop
vertex 17.967668533325195 -68.35420989990234 -3.8893399238586426
vertex 18.292827606201172 -70.46424102783203 -4.375974655151367
vertex 17.967668533325195 -70.7452163696289 -3.8893399238586426
endloop
endfacet
facet normal -0.8314695010489662 0 -0.5555703995223135
outer loop
vertex 18.292827606201172 -68.35418701171875 -4.375974655151367
vertex 18.292827606201172 -70.46424102783203 -4.375974655151367
vertex 17.967668533325195 -68.35420989990234 -3.8893399238586426
endloop
endfacet
facet normal -0.9807850135586839 0 -0.1950916635294606
outer loop
vertex 18.292827606201172 -68.35418701171875 -4.375974655151367
vertex 18.40700912475586 -70.13282012939453 -4.949999809265137
vertex 18.292827606201172 -70.46424102783203 -4.375974655151367
endloop
endfacet
facet normal 0 0 -1
outer loop
vertex 6.878390312194824 -68.93701171875 -3.450000047683716
vertex 8.892143249511719 -71.04447174072266 -3.450000047683716
vertex 8.516427993774414 -71.240478515625 -3.450000047683716
endloop
endfacet
facet normal 0 0 -1
outer loop
vertex 7.224704265594482 -68.70318603515625 -3.450000047683716
vertex 7.602950572967529 -68.52560424804688 -3.450000047683716
vertex 8.892143249511719 -71.04447174072266 -3.450000047683716
endloop
endfacet
facet normal -0.980785013558684 0 -0.1950916635294606
outer loop
vertex 18.40700912475586 -68.35418701171875 -4.949999809265137
vertex 18.40700912475586 -70.13282012939453 -4.949999809265137
vertex 18.292827606201172 -68.35418701171875 -4.375974655151367
endloop
endfacet
facet normal -0.5555703047945764 0 -0.8314695643440364
outer loop
vertex 17.967668533325195 -68.35420989990234 -3.8893399238586426
vertex 17.967668533325195 -70.7452163696289 -3.8893399238586426
vertex 17.481033325195312 -68.35423278808594 -3.564180612564087
endloop
endfacet
facet normal 0.19509022799634773 3.04324249085267e-8 -0.9807852991049225
outer loop
vertex 4.4351325035095215 -74.78618621826172 -3.5438621044158936
vertex 4.33298397064209 -71.94464111328125 -3.564180612564087
vertex 4.907009124755859 -74.53114318847656 -3.450000047683716
endloop
endfacet
facet normal -1 0 0
outer loop
vertex 18.40700912475586 -68.35418701171875 -4.949999809265137
vertex 18.40700912475586 -69.6998062133789 -5.699999809265137
vertex 18.40700912475586 -70.13282012939453 -4.949999809265137
endloop
endfacet
facet normal 0 0 -1
outer loop
vertex 4.907009124755859 -74.53114318847656 -3.450000047683716
vertex 4.907009124755859 -71.4726333618164 -3.450000047683716
vertex 5.248682498931885 -74.34647369384766 -3.450000047683716
endloop
endfacet
facet normal -1 0 0
outer loop
vertex 18.40700912475586 -69.6998062133789 -5.699999809265137
vertex 18.40700912475586 -68.35418701171875 -4.949999809265137
vertex 18.40700912475586 -68.35418701171875 -5.699999809265137
endloop
endfacet
facet normal 0.1950899814624123 -2.6445911220540574e-8 -0.9807853481435145
outer loop
vertex 4.907009124755859 -74.53114318847656 -3.450000047683716
vertex 4.33298397064209 -71.94464111328125 -3.564180612564087
vertex 4.512628555297852 -71.81871032714844 -3.528447151184082
endloop
endfacet
facet normal 0.19509015642691183 0 -0.9807853133409589
outer loop
vertex 4.907009124755859 -71.4726333618164 -3.450000047683716
vertex 4.907009124755859 -74.53114318847656 -3.450000047683716
vertex 4.512628555297852 -71.81871032714844 -3.528447151184082
endloop
endfacet
facet normal 0.5555701214951423 0 -0.8314696868207961
outer loop
vertex 4.33298397064209 -71.94464111328125 -3.564180612564087
vertex 4.33298397064209 -74.82777404785156 -3.564180612564087
vertex 3.9780895709991455 -72.19341278076172 -3.8013134002685547
endloop
endfacet
facet normal 0 0 -1
outer loop
vertex 6.878390312194824 -68.93701171875 -3.450000047683716
vertex 7.224704265594482 -68.70318603515625 -3.450000047683716
vertex 8.892143249511719 -71.04447174072266 -3.450000047683716
endloop
endfacet
facet normal 0 0 -1
outer loop
vertex 6.5723042488098145 -69.22147369384766 -3.450000047683716
vertex 6.878390312194824 -68.93701171875 -3.450000047683716
vertex 8.516427993774414 -71.240478515625 -3.450000047683716
endloop
endfacet
facet normal 0 0 -1
outer loop
vertex 6.313778400421143 -69.54975891113281 -3.450000047683716
vertex 8.516427993774414 -71.240478515625 -3.450000047683716
vertex 8.179216384887695 -71.49713134765625 -3.450000047683716
endloop
endfacet
facet normal 0 0 -1
outer loop
vertex 6.313778400421143 -69.54975891113281 -3.450000047683716
vertex 6.5723042488098145 -69.22147369384766 -3.450000047683716
vertex 8.516427993774414 -71.240478515625 -3.450000047683716
endloop
endfacet
facet normal 0 0 -1
outer loop
vertex 5.830327987670898 -70.38043212890625 -3.450000047683716
vertex 6.313778400421143 -69.54975891113281 -3.450000047683716
vertex 8.179216384887695 -71.49713134765625 -3.450000047683716
endloop
endfacet
facet normal 0.5555707519065903 1.2284434714859835e-7 -0.831469265593101
outer loop
vertex 4.33298397064209 -74.82777404785156 -3.564180612564087
vertex 3.846348762512207 -72.26581573486328 -3.8893399238586426
vertex 3.9780895709991455 -72.19341278076172 -3.8013134002685547
endloop
endfacet
facet normal 0.8314695010489663 0 -0.5555703995223136
outer loop
vertex 3.846348762512207 -74.90786743164062 -3.8893399238586426
vertex 3.5211896896362305 -72.44451141357422 -4.375974655151367
vertex 3.846348762512207 -72.26581573486328 -3.8893399238586426
endloop
endfacet
facet normal 0.19508941365406945 0 -0.9807854610872406
outer loop
vertex 4.33298397064209 -74.82777404785156 -3.564180612564087
vertex 4.33298397064209 -71.94464111328125 -3.564180612564087
vertex 4.4351325035095215 -74.78618621826172 -3.5438621044158936
endloop
endfacet
facet normal 0.5555704102930373 2.8985773771016938e-8 -0.831469493852195
outer loop
vertex 4.33298397064209 -74.82777404785156 -3.564180612564087
vertex 4.129715919494629 -74.91053009033203 -3.700000047683716
vertex 3.846348762512207 -72.26581573486328 -3.8893399238586426
endloop
endfacet
facet normal 0 0 -1
outer loop
vertex 7.890195846557617 -71.80704498291016 -3.450000047683716
vertex 5.830327987670898 -70.38043212890625 -3.450000047683716
vertex 8.179216384887695 -71.49713134765625 -3.450000047683716
endloop
endfacet
facet normal 0 0 -1
outer loop
vertex 5.003290176391602 -71.38814544677734 -3.450000047683716
vertex 6.009639263153076 -73.82096862792969 -3.450000047683716
vertex 4.907009124755859 -71.4726333618164 -3.450000047683716
endloop
endfacet
facet normal 0 0 -1
outer loop
vertex 5.444263458251953 -70.90682220458984 -3.450000047683716
vertex 7.890195846557617 -71.80704498291016 -3.450000047683716
vertex 7.3384599685668945 -72.53841400146484 -3.450000047683716
endloop
endfacet
facet normal 0 0 -1
outer loop
vertex 5.444263458251953 -70.90682220458984 -3.450000047683716
vertex 5.830327987670898 -70.38043212890625 -3.450000047683716
vertex 7.890195846557617 -71.80704498291016 -3.450000047683716
endloop
endfacet
facet normal 0.555570223264923 0 -0.8314696188204134
outer loop
vertex 3.846348762512207 -74.90786743164062 -3.8893399238586426
vertex 3.846348762512207 -72.26581573486328 -3.8893399238586426
vertex 4.129715919494629 -74.91053009033203 -3.700000047683716
endloop
endfacet
facet normal 0.9807852473969465 0 -0.19509048794984968
outer loop
vertex 3.5211896896362305 -74.73690032958984 -4.375974655151367
vertex 3.4070088863372803 -72.50726318359375 -4.949999809265137
vertex 3.5211896896362305 -72.44451141357422 -4.375974655151367
endloop
endfacet
facet normal 0.8314695010489662 0 -0.5555703995223135
outer loop
vertex 3.5211896896362305 -72.44451141357422 -4.375974655151367
vertex 3.846348762512207 -74.90786743164062 -3.8893399238586426
vertex 3.5211896896362305 -74.73690032958984 -4.375974655151367
endloop
endfacet
facet normal 0.9807852473969465 0 -0.19509048794984968
outer loop
vertex 3.5211896896362305 -74.73690032958984 -4.375974655151367
vertex 3.4070088863372803 -74.4255599975586 -4.949999809265137
vertex 3.4070088863372803 -72.50726318359375 -4.949999809265137
endloop
endfacet
facet normal 0.9999988572114832 0.0006942682890507195 -0.0013429695716626854
outer loop
vertex 3.4070088863372803 -72.50726318359375 -4.949999809265137
vertex 3.4070088863372803 -73.95803833007812 -5.699999809265137
vertex 3.4060020446777344 -72.50782012939453 -5.699999809265137
endloop
endfacet
facet normal 1 0 0
outer loop
vertex 3.4070088863372803 -74.4255599975586 -4.949999809265137
vertex 3.4070088863372803 -73.95803833007812 -5.699999809265137
vertex 3.4070088863372803 -72.50726318359375 -4.949999809265137
endloop
endfacet
facet normal 0 0 -1
outer loop
vertex 5.248682498931885 -74.34647369384766 -3.450000047683716
vertex 4.907009124755859 -71.4726333618164 -3.450000047683716
vertex 6.009639263153076 -73.82096862792969 -3.450000047683716
endloop
endfacet
facet normal 0 0 -1
outer loop
vertex 6.009639263153076 -73.82096862792969 -3.450000047683716
vertex 5.003290176391602 -71.38814544677734 -3.450000047683716
vertex 6.708992004394531 -73.21589660644531 -3.450000047683716
endloop
endfacet
facet normal 0 0 -1
outer loop
vertex 6.708992004394531 -73.21589660644531 -3.450000047683716
vertex 5.003290176391602 -71.38814544677734 -3.450000047683716
vertex 7.3384599685668945 -72.53841400146484 -3.450000047683716
endloop
endfacet
facet normal 0 0 -1
outer loop
vertex 8.418451309204102 -68.35470581054688 -3.450000047683716
vertex 16.90700912475586 -70.8545913696289 -3.450000047683716
vertex 9.715104103088379 -70.85501098632812 -3.450000047683716
endloop
endfacet
facet normal -0.9999999874212603 0.00015861109483875386 0
outer loop
vertex 83.4903793334961 -64.69538116455078 -1
vertex 83.4903793334961 -64.69538116455078 6.300000190734863
vertex 83.49339294433594 -45.69538116455078 -1
endloop
endfacet
facet normal 0 0 -1
outer loop
vertex 83.49339294433594 -45.69538116455078 6.300000190734863
vertex 80.4903793334961 -64.69490814208984 6.300000190734863
vertex 80.49339294433594 -45.69490432739258 6.300000190734863
endloop
endfacet
facet normal 0.00015602384651022163 0.9999999878160238 0.000004950915643540747
outer loop
vertex 83.4903793334961 -64.69538116455078 6.300000190734863
vertex 82.78862762451172 -64.69526672363281 5.300000190734863
vertex 80.4903793334961 -64.69490814208984 5.300000190734863
endloop
endfacet
facet normal -0.00015771497987408244 -0.9999999875629926 0
outer loop
vertex 82.79196166992188 -45.69527053833008 0
vertex 83.49339294433594 -45.69538116455078 -1
vertex 83.49339294433594 -45.69538116455078 6.300000190734863
endloop
endfacet
facet normal -0.00015771497987408244 -0.9999999875629926 0
outer loop
vertex 82.79196166992188 -45.69527053833008 -1
vertex 83.49339294433594 -45.69538116455078 -1
vertex 82.79196166992188 -45.69527053833008 0
endloop
endfacet
facet normal 0.00016307892803369724 0.9999999867026316 0
outer loop
vertex 83.4903793334961 -64.69538116455078 -1
vertex 82.78862762451172 -64.69526672363281 8.270318735674898e-15
vertex 82.78862762451172 -64.69526672363281 5.300000190734863
endloop
endfacet
facet normal 0.00015767415168585385 0.9999999875694309 0
outer loop
vertex 83.4903793334961 -64.69538116455078 6.300000190734863
vertex 80.4903793334961 -64.69490814208984 5.300000190734863
vertex 80.4903793334961 -64.69490814208984 6.300000190734863
endloop
endfacet
facet normal 0.9999999874212652 -0.00015861106299385 0
outer loop
vertex 80.4903793334961 -64.69490814208984 6.300000190734863
vertex 80.4903793334961 -64.69490814208984 5.300000190734863
vertex 80.49339294433594 -45.69490432739258 5.300000190734863
endloop
endfacet
facet normal 0 0 -1
outer loop
vertex 83.4903793334961 -64.69538116455078 6.300000190734863
vertex 80.4903793334961 -64.69490814208984 6.300000190734863
vertex 83.49339294433594 -45.69538116455078 6.300000190734863
endloop
endfacet
facet normal -0.0001589457173932007 -0.9999999873677567 8.632778081024997e-7
outer loop
vertex 83.49339294433594 -45.69538116455078 6.300000190734863
vertex 80.49339294433594 -45.69490432739258 6.300000190734863
vertex 82.79196166992188 -45.69527053833008 5.300000190734863
endloop
endfacet
facet normal -0.00015932128927701803 -0.9999999873083634 0
outer loop
vertex 80.49339294433594 -45.69490432739258 6.300000190734863
vertex 80.49339294433594 -45.69490432739258 5.300000190734863
vertex 82.79196166992188 -45.69527053833008 5.300000190734863
endloop
endfacet
facet normal 0 0 1
outer loop
vertex 82.79196166992188 -45.69527053833008 -1
vertex 82.78862762451172 -64.69526672363281 -1
vertex 83.4903793334961 -64.69538116455078 -1
endloop
endfacet
facet normal 0.00016307892803369724 0.9999999867026316 0
outer loop
vertex 82.78862762451172 -64.69526672363281 -1
vertex 82.78862762451172 -64.69526672363281 8.270318735674898e-15
vertex 83.4903793334961 -64.69538116455078 -1
endloop
endfacet
facet normal -0.9999999874212603 0.00015861109483875386 0
outer loop
vertex 83.49339294433594 -45.69538116455078 6.300000190734863
vertex 83.49339294433594 -45.69538116455078 -1
vertex 83.4903793334961 -64.69538116455078 6.300000190734863
endloop
endfacet
facet normal -0.00015771497987408244 -0.9999999875629925 0
outer loop
vertex 82.79196166992188 -45.69527053833008 5.300000190734863
vertex 82.79196166992188 -45.69527053833008 0
vertex 83.49339294433594 -45.69538116455078 6.300000190734863
endloop
endfacet
facet normal 0.00016307892803369724 0.9999999867026316 0
outer loop
vertex 83.4903793334961 -64.69538116455078 6.300000190734863
vertex 83.4903793334961 -64.69538116455078 -1
vertex 82.78862762451172 -64.69526672363281 5.300000190734863
endloop
endfacet
facet normal 0.9999999874212652 -0.00015861106299385 0
outer loop
vertex 80.49339294433594 -45.69490432739258 5.300000190734863
vertex 80.49339294433594 -45.69490432739258 6.300000190734863
vertex 80.4903793334961 -64.69490814208984 6.300000190734863
endloop
endfacet
facet normal 0 0 1
outer loop
vertex 82.79196166992188 -45.69527053833008 -1
vertex 83.4903793334961 -64.69538116455078 -1
vertex 83.49339294433594 -45.69538116455078 -1
endloop
endfacet
facet normal 0.0001606893826212475 0.9999999870894611 0
outer loop
vertex 82.80367279052734 21.014036178588867 -1
vertex 82.80367279052734 21.014036178588867 0
vertex 83.50399017333984 21.01392364501953 -1
endloop
endfacet
facet normal 0 0 -1
outer loop
vertex 83.50701141357422 40.01392364501953 6.300000190734863
vertex 83.50399017333984 21.01392364501953 6.300000190734863
vertex 80.50399017333984 21.014400482177734 6.300000190734863
endloop
endfacet
facet normal 0 0 -1
outer loop
vertex 83.50701141357422 40.01392364501953 6.300000190734863
vertex 80.50399017333984 21.014400482177734 6.300000190734863
vertex 80.50701141357422 40.014400482177734 6.300000190734863
endloop
endfacet
facet normal -0.0002422471079014624 -0.999999970614394 0.000009356804002111847
outer loop
vertex 82.8070068359375 40.01408386230469 5.300000190734863
vertex 82.8070068359375 40.014034271240234 0
vertex 83.50701141357422 40.01392364501953 6.300000190734863
endloop
endfacet
facet normal 0.9999999873574897 -0.0001590126419041547 0
outer loop
vertex 80.50701141357422 40.014400482177734 5.300000190734863
vertex 80.50701141357422 40.014400482177734 6.300000190734863
vertex 80.50399017333984 21.014400482177734 6.300000190734863
endloop
endfacet
facet normal -0.00013766108704750326 -0.9999999905247126 0
outer loop
vertex 80.50701141357422 40.014400482177734 6.300000190734863
vertex 80.50701141357422 40.014400482177734 5.300000190734863
vertex 82.8070068359375 40.01408386230469 5.300000190734863
endloop
endfacet
facet normal -0.00015894571720279936 -0.9999999861698553 -0.00004895455330271085
outer loop
vertex 83.50701141357422 40.01392364501953 6.300000190734863
vertex 80.50701141357422 40.014400482177734 6.300000190734863
vertex 82.8070068359375 40.01408386230469 5.300000190734863
endloop
endfacet
facet normal 0.9999999873574897 -0.0001590126419041547 0
outer loop
vertex 80.50399017333984 21.014400482177734 6.300000190734863
vertex 80.50399017333984 21.014400482177734 5.300000190734863
vertex 80.50701141357422 40.014400482177734 5.300000190734863
endloop
endfacet
facet normal 0.0001606893826212475 0.9999999870894611 0
outer loop
vertex 83.50399017333984 21.01392364501953 -1
vertex 82.80367279052734 21.014036178588867 0
vertex 82.80367279052734 21.014036178588867 5.300000190734863
endloop
endfacet
facet normal 0.00015894571739325989 0.9999999873681293 0
outer loop
vertex 83.50399017333984 21.01392364501953 6.300000190734863
vertex 80.50399017333984 21.014400482177734 5.300000190734863
vertex 80.50399017333984 21.014400482177734 6.300000190734863
endloop
endfacet
facet normal 0.00015841472278514958 0.999999987451119 0.000001592983863903453
outer loop
vertex 83.50399017333984 21.01392364501953 6.300000190734863
vertex 82.80367279052734 21.014036178588867 5.300000190734863
vertex 80.50399017333984 21.014400482177734 5.300000190734863
endloop
endfacet
facet normal -0.99999998735749 0.00015901264190415474 0
outer loop
vertex 83.50701141357422 40.01392364501953 6.300000190734863
vertex 83.50701141357422 40.01392364501953 -1
vertex 83.50399017333984 21.01392364501953 6.300000190734863
endloop
endfacet
facet normal 0.0001606893826212475 0.9999999870894611 0
outer loop
vertex 83.50399017333984 21.01392364501953 6.300000190734863
vertex 83.50399017333984 21.01392364501953 -1
vertex 82.80367279052734 21.014036178588867 5.300000190734863
endloop
endfacet
facet normal -0.99999998735749 0.00015901264190415474 0
outer loop
vertex 83.50701141357422 40.01392364501953 -1
vertex 83.50399017333984 21.01392364501953 -1
vertex 83.50399017333984 21.01392364501953 6.300000190734863
endloop
endfacet
facet normal -0.00015803642269760052 -0.9999999875122445 0
outer loop
vertex 82.8070068359375 40.014034271240234 0
vertex 83.50701141357422 40.01392364501953 -1
vertex 83.50701141357422 40.01392364501953 6.300000190734863
endloop
endfacet
facet normal 0 0 1
outer loop
vertex 82.8070068359375 40.014034271240234 -1
vertex 83.50399017333984 21.01392364501953 -1
vertex 83.50701141357422 40.01392364501953 -1
endloop
endfacet
facet normal -0.00015803642269760052 -0.9999999875122445 0
outer loop
vertex 83.50701141357422 40.01392364501953 -1
vertex 82.8070068359375 40.014034271240234 0
vertex 82.8070068359375 40.014034271240234 -1
endloop
endfacet
facet normal 0 0 1
outer loop
vertex 82.8070068359375 40.014034271240234 -1
vertex 82.80367279052734 21.014036178588867 -1
vertex 83.50399017333984 21.01392364501953 -1
endloop
endfacet
facet normal 0.5005288298485263 0.8657198683688628 -0.0000013652214956532382
outer loop
vertex -79.75678253173828 47.73261642456055 6.300000190734863
vertex -81.7479248046875 48.88382339477539 5.300000190734863
vertex -82.35394287109375 49.23420333862305 6.300000190734863
endloop
endfacet
facet normal -0.5003905294681674 -0.8654806625930119 -0.023506184210294424
outer loop
vertex -72.8438949584961 65.68287658691406 6.300000190734863
vertex -72.22532653808594 65.35240173339844 5.300000190734863
vertex -70.24673461914062 64.18128967285156 6.300000190734863
endloop
endfacet
facet normal -0.5093559002174884 -0.8605559638475767 0
outer loop
vertex -72.22532653808594 65.35240173339844 5.300000190734863
vertex -70.24673461914062 64.18128967285156 5.300000190734863
vertex -70.24673461914062 64.18128967285156 6.300000190734863
endloop
endfacet
facet normal -0.8657198090030405 0.5005289325301178 0
outer loop
vertex -70.24673461914062 64.18128967285156 5.300000190734863
vertex -79.75678253173828 47.73261642456055 5.300000190734863
vertex -70.24673461914062 64.18128967285156 6.300000190734863
endloop
endfacet
facet normal 0.5005305182343665 0.8657188922023341 0
outer loop
vertex -81.7479248046875 48.88382339477539 0
vertex -82.35394287109375 49.23420333862305 -1
vertex -82.35394287109375 49.23420333862305 6.300000190734863
endloop
endfacet
facet normal 0 0 1
outer loop
vertex -72.8438949584961 65.68287658691406 -1
vertex -81.7479248046875 48.88382339477539 -1
vertex -72.23709106445312 65.33204650878906 -1
endloop
endfacet
facet normal 0.5005305182343665 0.8657188922023341 0
outer loop
vertex -81.7479248046875 48.88382339477539 5.300000190734863
vertex -81.7479248046875 48.88382339477539 0
vertex -82.35394287109375 49.23420333862305 6.300000190734863
endloop
endfacet
facet normal 0 0 -1
outer loop
vertex -70.24673461914062 64.18128967285156 6.300000190734863
vertex -82.35394287109375 49.23420333862305 6.300000190734863
vertex -72.8438949584961 65.68287658691406 6.300000190734863
endloop
endfacet
facet normal 0 0 1
outer loop
vertex -82.35394287109375 49.23420333862305 -1
vertex -81.7479248046875 48.88382339477539 -1
vertex -72.8438949584961 65.68287658691406 -1
endloop
endfacet
facet normal 0.8657198090030405 -0.5005289325301178 0
outer loop
vertex -82.35394287109375 49.23420333862305 6.300000190734863
vertex -82.35394287109375 49.23420333862305 -1
vertex -72.8438949584961 65.68287658691406 6.300000190734863
endloop
endfacet
facet normal 0 0 -1
outer loop
vertex -79.75678253173828 47.73261642456055 6.300000190734863
vertex -82.35394287109375 49.23420333862305 6.300000190734863
vertex -70.24673461914062 64.18128967285156 6.300000190734863
endloop
endfacet
facet normal 0.5005305182343665 0.8657188922023341 0
outer loop
vertex -82.35394287109375 49.23420333862305 -1
vertex -81.7479248046875 48.88382339477539 0
vertex -81.7479248046875 48.88382339477539 -1
endloop
endfacet
facet normal -0.8657198090030405 0.5005289325301178 0
outer loop
vertex -79.75678253173828 47.73261642456055 6.300000190734863
vertex -70.24673461914062 64.18128967285156 6.300000190734863
vertex -79.75678253173828 47.73261642456055 5.300000190734863
endloop
endfacet
facet normal 0.5005283159759709 0.8657201654728036 0
outer loop
vertex -79.75678253173828 47.73261642456055 5.300000190734863
vertex -81.7479248046875 48.88382339477539 5.300000190734863
vertex -79.75678253173828 47.73261642456055 6.300000190734863
endloop
endfacet
facet normal -0.47122276847975086 -0.8820142303082639 0
outer loop
vertex -72.8438949584961 65.68287658691406 -1
vertex -72.22532653808594 65.35240173339844 0
vertex -72.22532653808594 65.35240173339844 5.300000190734863
endloop
endfacet
facet normal -0.47122276847975086 -0.882014230308264 0
outer loop
vertex -72.8438949584961 65.68287658691406 6.300000190734863
vertex -72.8438949584961 65.68287658691406 -1
vertex -72.22532653808594 65.35240173339844 5.300000190734863
endloop
endfacet
facet normal 0.8657198090030405 -0.5005289325301178 0
outer loop
vertex -82.35394287109375 49.23420333862305 -1
vertex -72.8438949584961 65.68287658691406 -1
vertex -72.8438949584961 65.68287658691406 6.300000190734863
endloop
endfacet
facet normal -0.5003877483557435 -0.8654823322345611 0.023503912127428934
outer loop
vertex -72.8438949584961 65.68287658691406 -1
vertex -72.23709106445312 65.33204650878906 -1
vertex -72.22532653808594 65.35240173339844 0
endloop
endfacet
facet normal -0.9999999991280137 -0.00004176089634516402 0
outer loop
vertex -59.89299011230469 -67.08344268798828 5.300000190734863
vertex -59.89299011230469 -67.08344268798828 6.300000190734863
vertex -59.89378356933594 -48.08344268798828 6.300000190734863
endloop
endfacet
facet normal -0.000040690104132344815 0.9999999991565062 -0.000005594920362283206
outer loop
vertex -62.89299011230469 -67.08356475830078 6.300000190734863
vertex -59.89299011230469 -67.08344268798828 6.300000190734863
vertex -62.192989349365234 -67.08354187011719 5.300000190734863
endloop
endfacet
facet normal 0.00004359292918545863 -0.9999999990498283 0
outer loop
vertex -62.89378356933594 -48.08356857299805 -1
vertex -62.1937255859375 -48.08353805541992 3.1296596851625516e-14
vertex -62.1937255859375 -48.08353805541992 5.300000190734863
endloop
endfacet
facet normal 0.9999999991280134 0.000041760904729648695 0
outer loop
vertex -62.89299011230469 -67.08356475830078 -1
vertex -62.89378356933594 -48.08356857299805 -1
vertex -62.89378356933594 -48.08356857299805 6.300000190734863
endloop
endfacet
facet normal 0.00004146514602118375 -0.9999999991403209 0
outer loop
vertex -59.89378356933594 -48.08344268798828 6.300000190734863
vertex -62.1937255859375 -48.08353805541992 5.300000190734863
vertex -59.89378356933594 -48.08344268798828 5.300000190734863
endloop
endfacet
facet normal 0.000041961669884904966 -0.9999999991189571 -0.000001141976098455187
outer loop
vertex -62.89378356933594 -48.08356857299805 6.300000190734863
vertex -62.1937255859375 -48.08353805541992 5.300000190734863
vertex -59.89378356933594 -48.08344268798828 6.300000190734863
endloop
endfacet
facet normal 0.00004359292918545863 -0.9999999990498282 0
outer loop
vertex -62.89378356933594 -48.08356857299805 -1
vertex -62.1937255859375 -48.08353805541992 -1
vertex -62.1937255859375 -48.08353805541992 3.1296596851625516e-14
endloop
endfacet
facet normal 0 0 1
outer loop
vertex -62.89378356933594 -48.08356857299805 -1
vertex -62.192989349365234 -67.08352661132812 -1
vertex -62.1937255859375 -48.08353805541992 -1
endloop
endfacet
facet normal 0 0 -1
outer loop
vertex -59.89378356933594 -48.08344268798828 6.300000190734863
vertex -62.89299011230469 -67.08356475830078 6.300000190734863
vertex -62.89378356933594 -48.08356857299805 6.300000190734863
endloop
endfacet
facet normal -0.00003269736947914532 0.9999999994654409 0
outer loop
vertex -62.192989349365234 -67.08354187011719 0
vertex -62.89299011230469 -67.08356475830078 -1
vertex -62.89299011230469 -67.08356475830078 6.300000190734863
endloop
endfacet
facet normal 0 0 1
outer loop
vertex -62.89299011230469 -67.08356475830078 -1
vertex -62.192989349365234 -67.08352661132812 -1
vertex -62.89378356933594 -48.08356857299805 -1
endloop
endfacet
facet normal -0.00005449561574044276 0.9999999983986987 0.000015258789038066081
outer loop
vertex -62.192989349365234 -67.08354187011719 0
vertex -62.192989349365234 -67.08352661132812 -1
vertex -62.89299011230469 -67.08356475830078 -1
endloop
endfacet
facet normal -0.9999999991280137 -0.00004176089634516402 0
outer loop
vertex -59.89378356933594 -48.08344268798828 5.300000190734863
vertex -59.89299011230469 -67.08344268798828 5.300000190734863
vertex -59.89378356933594 -48.08344268798828 6.300000190734863
endloop
endfacet
facet normal -0.00003269736947914532 0.9999999994654409 0
outer loop
vertex -62.192989349365234 -67.08354187011719 5.300000190734863
vertex -62.192989349365234 -67.08354187011719 0
vertex -62.89299011230469 -67.08356475830078 6.300000190734863
endloop
endfacet
facet normal 0.00004359292918545863 -0.9999999990498283 0
outer loop
vertex -62.89378356933594 -48.08356857299805 6.300000190734863
vertex -62.89378356933594 -48.08356857299805 -1
vertex -62.1937255859375 -48.08353805541992 5.300000190734863
endloop
endfacet
facet normal 0 0 -1
outer loop
vertex -59.89299011230469 -67.08344268798828 6.300000190734863
vertex -62.89299011230469 -67.08356475830078 6.300000190734863
vertex -59.89378356933594 -48.08344268798828 6.300000190734863
endloop
endfacet
facet normal 0.9999999991280134 0.000041760904729648695 0
outer loop
vertex -62.89299011230469 -67.08356475830078 6.300000190734863
vertex -62.89299011230469 -67.08356475830078 -1
vertex -62.89378356933594 -48.08356857299805 6.300000190734863
endloop
endfacet
facet normal -0.00004312267900609796 0.9999999990702173 0
outer loop
vertex -59.89299011230469 -67.08344268798828 5.300000190734863
vertex -62.192989349365234 -67.08354187011719 5.300000190734863
vertex -59.89299011230469 -67.08344268798828 6.300000190734863
endloop
endfacet
facet normal 0.00015894571739325989 0.9999999873681293 0
outer loop
vertex 83.49378204345703 -43.2680549621582 6.300000190734863
vertex 80.49378204345703 -43.267578125 5.300000190734863
vertex 80.49378204345703 -43.267578125 6.300000190734863
endloop
endfacet
facet normal 0 0 1
outer loop
vertex 82.79572296142578 -24.2679443359375 -1
vertex 82.79238891601562 -43.2679443359375 -1
vertex 83.49378204345703 -43.2680549621582 -1
endloop
endfacet
facet normal 0.0001577235575869794 0.9999999875616397 0
outer loop
vertex 83.49378204345703 -43.2680549621582 -1
vertex 82.79238891601562 -43.2679443359375 4.327653110815146e-15
vertex 82.79238891601562 -43.2679443359375 5.300000190734863
endloop
endfacet
facet normal 0 0 1
outer loop
vertex 82.79572296142578 -24.2679443359375 -1
vertex 83.49378204345703 -43.2680549621582 -1
vertex 83.4968032836914 -24.268054962158203 -1
endloop
endfacet
facet normal -0.0001577939300426892 -0.9999999875505377 0
outer loop
vertex 82.79572296142578 -24.2679443359375 -1
vertex 83.4968032836914 -24.268054962158203 -1
vertex 82.79572296142578 -24.2679443359375 0
endloop
endfacet
facet normal -0.99999998735749 0.00015901264190415474 0
outer loop
vertex 83.4968032836914 -24.268054962158203 6.300000190734863
vertex 83.4968032836914 -24.268054962158203 -1
vertex 83.49378204345703 -43.2680549621582 6.300000190734863
endloop
endfacet
facet normal -0.99999998735749 0.00015901264190415474 0
outer loop
vertex 83.4968032836914 -24.268054962158203 -1
vertex 83.49378204345703 -43.2680549621582 -1
vertex 83.49378204345703 -43.2680549621582 6.300000190734863
endloop
endfacet
facet normal -0.00015779393004268922 -0.9999999875505378 0
outer loop
vertex 82.79572296142578 -24.2679443359375 0
vertex 83.4968032836914 -24.268054962158203 -1
vertex 83.4968032836914 -24.268054962158203 6.300000190734863
endloop
endfacet
facet normal 0.00015772355758697938 0.9999999875616397 0
outer loop
vertex 83.49378204345703 -43.2680549621582 6.300000190734863
vertex 83.49378204345703 -43.2680549621582 -1
vertex 82.79238891601562 -43.2679443359375 5.300000190734863
endloop
endfacet
facet normal -0.00015779393004268922 -0.9999999875505379 0
outer loop
vertex 82.79572296142578 -24.2679443359375 5.300000190734863
vertex 82.79572296142578 -24.2679443359375 0
vertex 83.4968032836914 -24.268054962158203 6.300000190734863
endloop
endfacet
facet normal 0.9999999873574897 -0.0001590126419041547 0
outer loop
vertex 80.49378204345703 -43.267578125 6.300000190734863
vertex 80.49378204345703 -43.267578125 5.300000190734863
vertex 80.4968032836914 -24.267578125 5.300000190734863
endloop
endfacet
facet normal 0.9999999873574897 -0.0001590126419041547 0
outer loop
vertex 80.4968032836914 -24.267578125 5.300000190734863
vertex 80.4968032836914 -24.267578125 6.300000190734863
vertex 80.49378204345703 -43.267578125 6.300000190734863
endloop
endfacet
facet normal 0 0 -1
outer loop
vertex 83.49378204345703 -43.2680549621582 6.300000190734863
vertex 80.49378204345703 -43.267578125 6.300000190734863
vertex 83.4968032836914 -24.268054962158203 6.300000190734863
endloop
endfacet
facet normal 0 0 -1
outer loop
vertex 83.4968032836914 -24.268054962158203 6.300000190734863
vertex 80.49378204345703 -43.267578125 6.300000190734863
vertex 80.4968032836914 -24.267578125 6.300000190734863
endloop
endfacet
facet normal -0.0001592969673540356 -0.9999999873122379 0
outer loop
vertex 80.4968032836914 -24.267578125 6.300000190734863
vertex 80.4968032836914 -24.267578125 5.300000190734863
vertex 82.79572296142578 -24.2679443359375 5.300000190734863
endloop
endfacet
facet normal -0.0001589457173932081 -0.9999999873678034 8.074954670984539e-7
outer loop
vertex 83.4968032836914 -24.268054962158203 6.300000190734863
vertex 80.4968032836914 -24.267578125 6.300000190734863
vertex 82.79572296142578 -24.2679443359375 5.300000190734863
endloop
endfacet
facet normal 0.00015772355758697935 0.9999999875616397 0
outer loop
vertex 82.79238891601562 -43.2679443359375 -1
vertex 82.79238891601562 -43.2679443359375 4.327653110815146e-15
vertex 83.49378204345703 -43.2680549621582 -1
endloop
endfacet
facet normal 0.0001593186452298723 0.9999999873081588 -0.0000011187835384334524
outer loop
vertex 83.49378204345703 -43.2680549621582 6.300000190734863
vertex 82.79238891601562 -43.2679443359375 5.300000190734863
vertex 80.49378204345703 -43.267578125 5.300000190734863
endloop
endfacet
facet normal 0.00015894571739325989 0.9999999873681293 0
outer loop
vertex 83.49718475341797 -21.840728759765625 6.300000190734863
vertex 80.49718475341797 -21.840251922607422 5.300000190734863
vertex 80.49718475341797 -21.840251922607422 6.300000190734863
endloop
endfacet
facet normal -0.00015889541962839883 -0.9999999873761227 0
outer loop
vertex 83.50020599365234 -2.840728759765625 -1
vertex 82.79948425292969 -2.8406174182891846 0
vertex 82.79948425292969 -2.8406174182891846 -1
endloop
endfacet
facet normal -0.00015889541962839883 -0.9999999873761227 0
outer loop
vertex 82.79948425292969 -2.8406174182891846 0
vertex 83.50020599365234 -2.840728759765625 6.300000190734863
vertex 82.79948425292969 -2.8406174182891846 5.300000190734863
endloop
endfacet
facet normal 0.00015846414031270637 0.9999999874435144 0.0000014447312776069582
outer loop
vertex 83.49718475341797 -21.840728759765625 6.300000190734863
vertex 82.79615020751953 -21.84061622619629 5.300000190734863
vertex 80.49718475341797 -21.840251922607422 5.300000190734863
endloop
endfacet
facet normal -0.99999998735749 0.00015901264190415474 0
outer loop
vertex 83.50020599365234 -2.840728759765625 6.300000190734863
vertex 83.50020599365234 -2.840728759765625 -1
vertex 83.49718475341797 -21.840728759765625 6.300000190734863
endloop
endfacet
facet normal 0.00016052499629931626 0.9999999871158627 0
outer loop
vertex 83.49718475341797 -21.840728759765625 6.300000190734863
vertex 83.49718475341797 -21.840728759765625 -1
vertex 82.79615020751953 -21.84061622619629 5.300000190734863
endloop
endfacet
facet normal 0.0001605249962993163 0.9999999871158628 0
outer loop
vertex 82.79615020751953 -21.84061622619629 -1
vertex 82.79615020751953 -21.84061622619629 3.8963317050350803e-16
vertex 83.49718475341797 -21.840728759765625 -1
endloop
endfacet
facet normal 0.0001605249962993163 0.9999999871158627 0
outer loop
vertex 83.49718475341797 -21.840728759765625 -1
vertex 82.79615020751953 -21.84061622619629 3.8963317050350803e-16
vertex 82.79615020751953 -21.84061622619629 5.300000190734863
endloop
endfacet
facet normal -0.00015889541962839883 -0.9999999873761227 0
outer loop
vertex 82.79948425292969 -2.8406174182891846 0
vertex 83.50020599365234 -2.840728759765625 -1
vertex 83.50020599365234 -2.840728759765625 6.300000190734863
endloop
endfacet
facet normal -0.99999998735749 0.00015901264190415474 0
outer loop
vertex 83.50020599365234 -2.840728759765625 -1
vertex 83.49718475341797 -21.840728759765625 -1
vertex 83.49718475341797 -21.840728759765625 6.300000190734863
endloop
endfacet
facet normal 0.9999999873574894 -0.00015901264389950036 0
outer loop
vertex 80.49718475341797 -21.840251922607422 6.300000190734863
vertex 80.49718475341797 -21.840251922607422 5.300000190734863
vertex 80.50020599365234 -2.840252161026001 5.300000190734863
endloop
endfacet
facet normal 0 0 -1
outer loop
vertex 83.50020599365234 -2.840728759765625 6.300000190734863
vertex 80.49718475341797 -21.840251922607422 6.300000190734863
vertex 80.50020599365234 -2.840252161026001 6.300000190734863
endloop
endfacet
facet normal 0 0 -1
outer loop
vertex 83.49718475341797 -21.840728759765625 6.300000190734863
vertex 80.49718475341797 -21.840251922607422 6.300000190734863
vertex 83.50020599365234 -2.840728759765625 6.300000190734863
endloop
endfacet
facet normal 0 0 1
outer loop
vertex 82.79615020751953 -21.84061622619629 -1
vertex 83.49718475341797 -21.840728759765625 -1
vertex 82.79948425292969 -2.8406174182891846 -1
endloop
endfacet
facet normal 0 0 1
outer loop
vertex 82.79948425292969 -2.8406174182891846 -1
vertex 83.49718475341797 -21.840728759765625 -1
vertex 83.50020599365234 -2.840728759765625 -1
endloop
endfacet
facet normal -0.00015886624453656953 -0.9999999873807579 -2.0443621648468866e-8
outer loop
vertex 80.50020599365234 -2.840252161026001 6.300000190734863
vertex 82.79948425292969 -2.8406174182891846 5.300000190734863
vertex 83.50020599365234 -2.840728759765625 6.300000190734863
endloop
endfacet
facet normal -0.000158857353215543 -0.9999999873821706 0
outer loop
vertex 80.50020599365234 -2.840252161026001 6.300000190734863
vertex 80.50020599365234 -2.840252161026001 5.300000190734863
vertex 82.79948425292969 -2.8406174182891846 5.300000190734863
endloop
endfacet
facet normal 0.9999999873574894 -0.00015901264389950036 0
outer loop
vertex 80.50020599365234 -2.840252161026001 5.300000190734863
vertex 80.50020599365234 -2.840252161026001 6.300000190734863
vertex 80.49718475341797 -21.840251922607422 6.300000190734863
endloop
endfacet
facet normal 0.9999999873574897 -0.00015901264215357293 0
outer loop
vertex 80.50360870361328 18.587074279785156 5.300000190734863
vertex 80.50360870361328 18.587074279785156 6.300000190734863
vertex 80.5005874633789 -0.41292569041252136 6.300000190734863
endloop
endfacet
facet normal 0.00015882073319659372 0.9999999873879871 0
outer loop
vertex 83.5005874633789 -0.41340216994285583 6.300000190734863
vertex 83.5005874633789 -0.41340216994285583 -1
vertex 82.79991149902344 -0.4132908880710602 5.300000190734863
endloop
endfacet
facet normal -0.9999999873574893 0.00015901264514659144 0
outer loop
vertex 83.50360870361328 18.586597442626953 6.300000190734863
vertex 83.50360870361328 18.586597442626953 -1
vertex 83.5005874633789 -0.41340216994285583 6.300000190734863
endloop
endfacet
facet normal 0.00015882826790445566 0.9999999873867905 -5.279388830486638e-9
outer loop
vertex 83.5005874633789 -0.41340216994285583 6.300000190734863
vertex 82.79991149902344 -0.4132908880710602 5.300000190734863
vertex 80.5005874633789 -0.41292569041252136 5.300000190734863
endloop
endfacet
facet normal 0.00015882650810822323 0.9999999873870701 0
outer loop
vertex 83.5005874633789 -0.41340216994285583 6.300000190734863
vertex 80.5005874633789 -0.41292569041252136 5.300000190734863
vertex 80.5005874633789 -0.41292569041252136 6.300000190734863
endloop
endfacet
facet normal -0.0001589457173932217 -0.999999987367889 6.935054659162503e-7
outer loop
vertex 83.50360870361328 18.586597442626953 6.300000190734863
vertex 80.50360870361328 18.587074279785156 6.300000190734863
vertex 82.8032455444336 18.586708068847656 5.300000190734863
endloop
endfacet
facet normal -0.000159247289117993 -0.9999999873201503 0
outer loop
vertex 80.50360870361328 18.587074279785156 6.300000190734863
vertex 80.50360870361328 18.587074279785156 5.300000190734863
vertex 82.8032455444336 18.586708068847656 5.300000190734863
endloop
endfacet
facet normal 0.00015882073319659372 0.9999999873879872 0
outer loop
vertex 82.79991149902344 -0.4132908880710602 -1
vertex 82.79991149902344 -0.4132908880710602 0
vertex 83.5005874633789 -0.41340216994285583 -1
endloop
endfacet
facet normal 0.9999999873574897 -0.00015901264215357293 0
outer loop
vertex 80.5005874633789 -0.41292569041252136 6.300000190734863
vertex 80.5005874633789 -0.41292569041252136 5.300000190734863
vertex 80.50360870361328 18.587074279785156 5.300000190734863
endloop
endfacet
facet normal 0 0 1
outer loop
vertex 82.8032455444336 18.586708068847656 -1
vertex 82.79991149902344 -0.4132908880710602 -1
vertex 83.5005874633789 -0.41340216994285583 -1
endloop
endfacet
facet normal 0 0 1
outer loop
vertex 82.8032455444336 18.586708068847656 -1
vertex 83.5005874633789 -0.41340216994285583 -1
vertex 83.50360870361328 18.586597442626953 -1
endloop
endfacet
facet normal 0.00015882073319659372 0.9999999873879872 0
outer loop
vertex 83.5005874633789 -0.41340216994285583 -1
vertex 82.79991149902344 -0.4132908880710602 0
vertex 82.79991149902344 -0.4132908880710602 5.300000190734863
endloop
endfacet
facet normal -0.9999999873574893 0.00015901264514659144 0
outer loop
vertex 83.50360870361328 18.586597442626953 -1
vertex 83.5005874633789 -0.41340216994285583 -1
vertex 83.5005874633789 -0.41340216994285583 6.300000190734863
endloop
endfacet
facet normal -0.00015795550904282134 -0.9999999875250285 0
outer loop
vertex 83.50360870361328 18.586597442626953 -1
vertex 82.8032455444336 18.586708068847656 0
vertex 82.8032455444336 18.586708068847656 -1
endloop
endfacet
facet normal -0.00015795550904282134 -0.9999999875250285 0
outer loop
vertex 82.8032455444336 18.586708068847656 0
vertex 83.50360870361328 18.586597442626953 -1
vertex 83.50360870361328 18.586597442626953 6.300000190734863
endloop
endfacet
facet normal -0.00015795550904282134 -0.9999999875250285 0
outer loop
vertex 82.8032455444336 18.586708068847656 5.300000190734863
vertex 82.8032455444336 18.586708068847656 0
vertex 83.50360870361328 18.586597442626953 6.300000190734863
endloop
endfacet
facet normal 0 0 -1
outer loop
vertex 83.50360870361328 18.586597442626953 6.300000190734863
vertex 80.5005874633789 -0.41292569041252136 6.300000190734863
vertex 80.50360870361328 18.587074279785156 6.300000190734863
endloop
endfacet
facet normal 0 0 -1
outer loop
vertex 83.50360870361328 18.586597442626953 6.300000190734863
vertex 83.5005874633789 -0.41340216994285583 6.300000190734863
vertex 80.5005874633789 -0.41292569041252136 6.300000190734863
endloop
endfacet
facet normal 0.9999999991280139 0.00004176089424904338 0
outer loop
vertex -62.89619827270508 9.84529972076416 -1
vertex -62.89699172973633 28.845300674438477 -1
vertex -62.89699172973633 28.845300674438477 6.300000190734863
endloop
endfacet
facet normal 0.00004143332793905604 -0.9999999991415877 3.2232279077956e-7
outer loop
vertex -62.89699172973633 28.845300674438477 6.300000190734863
vertex -62.198699951171875 28.84532928466797 5.300000190734863
vertex -59.89699172973633 28.84542465209961 5.300000190734863
endloop
endfacet
facet normal -0.02205323497283071 -0.9996377472375955 0.015428192537635277
outer loop
vertex -62.89699172973633 28.845300674438477 -1
vertex -62.19668960571289 28.829851150512695 -1
vertex -62.198699951171875 28.84532928466797 0
endloop
endfacet
facet normal 0 0 1
outer loop
vertex -62.89699172973633 28.845300674438477 -1
vertex -62.19595718383789 9.845329284667969 -1
vertex -62.19668960571289 28.829851150512695 -1
endloop
endfacet
facet normal 0 0 1
outer loop
vertex -62.89619827270508 9.84529972076416 -1
vertex -62.19595718383789 9.845329284667969 -1
vertex -62.89699172973633 28.845300674438477 -1
endloop
endfacet
facet normal 0.00004097174039051497 -0.9999999991606582 0
outer loop
vertex -62.89699172973633 28.845300674438477 -1
vertex -62.198699951171875 28.84532928466797 0
vertex -62.198699951171875 28.84532928466797 5.300000190734863
endloop
endfacet
facet normal -0.00004221960729278525 0.9999999991087525 0
outer loop
vertex -62.19595718383789 9.845329284667969 0
vertex -62.89619827270508 9.84529972076416 -1
vertex -62.89619827270508 9.84529972076416 6.300000190734863
endloop
endfacet
facet normal -0.00004221960729278525 0.9999999991087524 0
outer loop
vertex -62.19595718383789 9.845329284667969 5.300000190734863
vertex -62.19595718383789 9.845329284667969 0
vertex -62.89619827270508 9.84529972076416 6.300000190734863
endloop
endfacet
facet normal -0.000041961669884931644 0.9999999991195928 1.8061837165547166e-7
outer loop
vertex -62.89619827270508 9.84529972076416 6.300000190734863
vertex -59.89619827270508 9.845425605773926 6.300000190734863
vertex -62.19595718383789 9.845329284667969 5.300000190734863
endloop
endfacet
facet normal -0.000041883131925816705 0.9999999991229016 0
outer loop
vertex -59.89619827270508 9.845425605773926 5.300000190734863
vertex -62.19595718383789 9.845329284667969 5.300000190734863
vertex -59.89619827270508 9.845425605773926 6.300000190734863
endloop
endfacet
facet normal 0.9999999991280139 0.00004176089424904338 0
outer loop
vertex -62.89619827270508 9.84529972076416 6.300000190734863
vertex -62.89619827270508 9.84529972076416 -1
vertex -62.89699172973633 28.845300674438477 6.300000190734863
endloop
endfacet
facet normal 0.000040971740390514974 -0.9999999991606583 0
outer loop
vertex -62.89699172973633 28.845300674438477 6.300000190734863
vertex -62.89699172973633 28.845300674438477 -1
vertex -62.198699951171875 28.84532928466797 5.300000190734863
endloop
endfacet
facet normal -0.00004221960729278524 0.9999999991087524 0
outer loop
vertex -62.19595718383789 9.845329284667969 0
vertex -62.19595718383789 9.845329284667969 -1
vertex -62.89619827270508 9.84529972076416 -1
endloop
endfacet
facet normal -0.9999999991280137 -0.00004176089844128488 0
outer loop
vertex -59.89619827270508 9.845425605773926 5.300000190734863
vertex -59.89619827270508 9.845425605773926 6.300000190734863
vertex -59.89699172973633 28.84542465209961 6.300000190734863
endloop
endfacet
facet normal -0.9999999991280137 -0.00004176089844128488 0
outer loop
vertex -59.89699172973633 28.84542465209961 5.300000190734863
vertex -59.89619827270508 9.845425605773926 5.300000190734863
vertex -59.89699172973633 28.84542465209961 6.300000190734863
endloop
endfacet
facet normal 0 0 -1
outer loop
vertex -59.89619827270508 9.845425605773926 6.300000190734863
vertex -62.89619827270508 9.84529972076416 6.300000190734863
vertex -59.89699172973633 28.84542465209961 6.300000190734863
endloop
endfacet
facet normal 0 0 -1
outer loop
vertex -59.89699172973633 28.84542465209961 6.300000190734863
vertex -62.89619827270508 9.84529972076416 6.300000190734863
vertex -62.89699172973633 28.845300674438477 6.300000190734863
endloop
endfacet
facet normal 0.00004132588700898206 -0.9999999991460856 0
outer loop
vertex -59.89699172973633 28.84542465209961 6.300000190734863
vertex -62.89699172973633 28.845300674438477 6.300000190734863
vertex -59.89699172973633 28.84542465209961 5.300000190734863
endloop
endfacet
facet normal -0.00004222443783250383 0.9999999991085484 0
outer loop
vertex -62.194969177246094 -15.797626495361328 0
vertex -62.194969177246094 -15.797626495361328 -1
vertex -62.8951301574707 -15.797656059265137 -1
endloop
endfacet
facet normal 0 0 -1
outer loop
vertex -59.89591979980469 3.2024691104888916 6.300000190734863
vertex -62.8951301574707 -15.797656059265137 6.300000190734863
vertex -62.89591979980469 3.2023441791534424 6.300000190734863
endloop
endfacet
facet normal 0.000041540003668711025 -0.999999999137214 0
outer loop
vertex -62.89591979980469 3.2023441791534424 -1
vertex -62.195701599121094 3.2023732662200928 -1
vertex -62.195701599121094 3.2023732662200928 9.651412732436613e-15
endloop
endfacet
facet normal 0 0 -1
outer loop
vertex -59.8951301574707 -15.797531127929688 6.300000190734863
vertex -62.8951301574707 -15.797656059265137 6.300000190734863
vertex -59.89591979980469 3.2024691104888916 6.300000190734863
endloop
endfacet
facet normal -0.9999999991363782 -0.000041560122283879856 0
outer loop
vertex -59.8951301574707 -15.797531127929688 5.300000190734863
vertex -59.89591979980469 3.2024691104888916 6.300000190734863
vertex -59.89591979980469 3.2024691104888916 5.300000190734863
endloop
endfacet
facet normal 0.00004154000366871102 -0.999999999137214 0
outer loop
vertex -62.89591979980469 3.2023441791534424 -1
vertex -62.195701599121094 3.2023732662200928 9.651412732436613e-15
vertex -62.195701599121094 3.2023732662200928 5.300000190734863
endloop
endfacet
facet normal -0.9999999991363782 -0.000041560122283879856 0
outer loop
vertex -59.8951301574707 -15.797531127929688 5.300000190734863
vertex -59.8951301574707 -15.797531127929688 6.300000190734863
vertex -59.89591979980469 3.2024691104888916 6.300000190734863
endloop
endfacet
facet normal -0.00004146700301134387 0.9999999991402437 0
outer loop
vertex -59.8951301574707 -15.797531127929688 5.300000190734863
vertex -62.194969177246094 -15.797626495361328 5.300000190734863
vertex -59.8951301574707 -15.797531127929688 6.300000190734863
endloop
endfacet
facet normal -0.00004164377844696007 0.9999999991328153 4.065550452763619e-7
outer loop
vertex -62.194969177246094 -15.797626495361328 5.300000190734863
vertex -62.8951301574707 -15.797656059265137 6.300000190734863
vertex -59.8951301574707 -15.797531127929688 6.300000190734863
endloop
endfacet
facet normal 0.00004167537491777881 -0.9999999991315814 0
outer loop
vertex -59.89591979980469 3.2024691104888916 6.300000190734863
vertex -62.195701599121094 3.2023732662200928 5.300000190734863
vertex -59.89591979980469 3.2024691104888916 5.300000190734863
endloop
endfacet
facet normal 0.0000416437784469634 -0.9999999991328953 7.266498862984171e-8
outer loop
vertex -59.89591979980469 3.2024691104888916 6.300000190734863
vertex -62.89591979980469 3.2023441791534424 6.300000190734863
vertex -62.195701599121094 3.2023732662200928 5.300000190734863
endloop
endfacet
facet normal 0.9999999991363783 0.00004156012228387986 0
outer loop
vertex -62.8951301574707 -15.797656059265137 6.300000190734863
vertex -62.8951301574707 -15.797656059265137 -1
vertex -62.89591979980469 3.2023441791534424 6.300000190734863
endloop
endfacet
facet normal 0.00004154000366871102 -0.999999999137214 0
outer loop
vertex -62.89591979980469 3.2023441791534424 6.300000190734863
vertex -62.89591979980469 3.2023441791534424 -1
vertex -62.195701599121094 3.2023732662200928 5.300000190734863
endloop
endfacet
facet normal -0.00004222443783250383 0.9999999991085483 0
outer loop
vertex -62.194969177246094 -15.797626495361328 5.300000190734863
vertex -62.194969177246094 -15.797626495361328 0
vertex -62.8951301574707 -15.797656059265137 6.300000190734863
endloop
endfacet
facet normal 0.9999999991363783 0.00004156012228387986 0
outer loop
vertex -62.8951301574707 -15.797656059265137 -1
vertex -62.89591979980469 3.2023441791534424 -1
vertex -62.89591979980469 3.2023441791534424 6.300000190734863
endloop
endfacet
facet normal -0.00004222443783250383 0.9999999991085484 0
outer loop
vertex -62.194969177246094 -15.797626495361328 0
vertex -62.8951301574707 -15.797656059265137 -1
vertex -62.8951301574707 -15.797656059265137 6.300000190734863
endloop
endfacet
facet normal 0 0 1
outer loop
vertex -62.89591979980469 3.2023441791534424 -1
vertex -62.194969177246094 -15.797626495361328 -1
vertex -62.195701599121094 3.2023732662200928 -1
endloop
endfacet
facet normal 0 0 1
outer loop
vertex -62.8951301574707 -15.797656059265137 -1
vertex -62.194969177246094 -15.797626495361328 -1
vertex -62.89591979980469 3.2023441791534424 -1
endloop
endfacet
facet normal 0.00004196166988490513 -0.9999999991189609 -0.0000011386146060404003
outer loop
vertex -62.89485168457031 -22.44061279296875 6.300000190734863
vertex -62.1947135925293 -22.440582275390625 5.300000190734863
vertex -59.89485168457031 -22.440486907958984 6.300000190734863
endloop
endfacet
facet normal 0.00004358794135460624 -0.9999999990500457 0
outer loop
vertex -62.89485168457031 -22.44061279296875 -1
vertex -62.1947135925293 -22.440582275390625 0
vertex -62.1947135925293 -22.440582275390625 5.300000190734863
endloop
endfacet
facet normal 0.9999999991280137 0.00004176089634516402 0
outer loop
vertex -62.89405822753906 -41.44061279296875 -1
vertex -62.89485168457031 -22.44061279296875 -1
vertex -62.89485168457031 -22.44061279296875 6.300000190734863
endloop
endfacet
facet normal 0.00004358794135460624 -0.9999999990500457 0
outer loop
vertex -62.89485168457031 -22.44061279296875 -1
vertex -62.1947135925293 -22.440582275390625 -1
vertex -62.1947135925293 -22.440582275390625 0
endloop
endfacet
facet normal 0 0 1
outer loop
vertex -62.89485168457031 -22.44061279296875 -1
vertex -62.1939811706543 -41.440582275390625 -1
vertex -62.1947135925293 -22.440582275390625 -1
endloop
endfacet
facet normal 0 0 1
outer loop
vertex -62.89405822753906 -41.44061279296875 -1
vertex -62.1939811706543 -41.440582275390625 -1
vertex -62.89485168457031 -22.44061279296875 -1
endloop
endfacet
facet normal -0.000043591741503147 0.99999999904988 0
outer loop
vertex -62.1939811706543 -41.440582275390625 0
vertex -62.89405822753906 -41.44061279296875 -1
vertex -62.89405822753906 -41.44061279296875 6.300000190734863
endloop
endfacet
facet normal -0.000043591741503147 0.99999999904988 0
outer loop
vertex -62.1939811706543 -41.440582275390625 5.300000190734863
vertex -62.1939811706543 -41.440582275390625 0
vertex -62.89405822753906 -41.44061279296875 6.300000190734863
endloop
endfacet
facet normal -0.000043591741503147 0.9999999990498801 0
outer loop
vertex -62.1939811706543 -41.440582275390625 0
vertex -62.1939811706543 -41.440582275390625 -1
vertex -62.89405822753906 -41.44061279296875 -1
endloop
endfacet
facet normal 0.9999999991280137 0.00004176089634516402 0
outer loop
vertex -62.89405822753906 -41.44061279296875 6.300000190734863
vertex -62.89405822753906 -41.44061279296875 -1
vertex -62.89485168457031 -22.44061279296875 6.300000190734863
endloop
endfacet
facet normal 0.00004358794135460624 -0.9999999990500457 0
outer loop
vertex -62.89485168457031 -22.44061279296875 6.300000190734863
vertex -62.89485168457031 -22.44061279296875 -1
vertex -62.1947135925293 -22.440582275390625 5.300000190734863
endloop
endfacet
facet normal -0.00004196166988490501 0.999999999118958 0.000001141175743118333
outer loop
vertex -62.1939811706543 -41.440582275390625 5.300000190734863
vertex -62.89405822753906 -41.44061279296875 6.300000190734863
vertex -59.89405822753906 -41.440486907958984 6.300000190734863
endloop
endfacet
facet normal -0.9999999991280137 -0.00004176089634516402 0
outer loop
vertex -59.89405822753906 -41.440486907958984 5.300000190734863
vertex -59.89405822753906 -41.440486907958984 6.300000190734863
vertex -59.89485168457031 -22.440486907958984 6.300000190734863
endloop
endfacet
facet normal 0 0 -1
outer loop
vertex -59.89405822753906 -41.440486907958984 6.300000190734863
vertex -62.89405822753906 -41.44061279296875 6.300000190734863
vertex -59.89485168457031 -22.440486907958984 6.300000190734863
endloop
endfacet
facet normal -0.9999999991280137 -0.00004176089634516402 0
outer loop
vertex -59.89485168457031 -22.440486907958984 5.300000190734863
vertex -59.89405822753906 -41.440486907958984 5.300000190734863
vertex -59.89485168457031 -22.440486907958984 6.300000190734863
endloop
endfacet
facet normal 0 0 -1
outer loop
vertex -59.89485168457031 -22.440486907958984 6.300000190734863
vertex -62.89405822753906 -41.44061279296875 6.300000190734863
vertex -62.89485168457031 -22.44061279296875 6.300000190734863
endloop
endfacet
facet normal 0.00004146659033248994 -0.9999999991402609 0
outer loop
vertex -59.89485168457031 -22.440486907958984 6.300000190734863
vertex -62.1947135925293 -22.440582275390625 5.300000190734863
vertex -59.89485168457031 -22.440486907958984 5.300000190734863
endloop
endfacet
facet normal -0.00004146548989570213 0.9999999991403066 0
outer loop
vertex -59.89405822753906 -41.440486907958984 5.300000190734863
vertex -62.1939811706543 -41.440582275390625 5.300000190734863
vertex -59.89405822753906 -41.440486907958984 6.300000190734863
endloop
endfacet
facet normal -0.3793356942020208 -0.9252591156558637 0
outer loop
vertex -29.619129180908203 51.224063873291016 0
vertex -29.0925235748291 51.0081672668457 0
vertex -29.0925235748291 51.0081672668457 5.300000190734863
endloop
endfacet
facet normal 0 0 -1
outer loop
vertex -56.84321975708008 26.0305118560791 5.300000190734863
vertex -59.89699172973633 28.84542465209961 5.300000190734863
vertex -56.492942810058594 26.405370712280273 5.300000190734863
endloop
endfacet
facet normal 0 0 -1
outer loop
vertex 18.196340560913086 33.602989196777344 5.300000190734863
vertex 18.886905670166016 33.97308349609375 5.300000190734863
vertex 18.457223892211914 33.66231918334961 5.300000190734863
endloop
endfacet
facet normal 0 0 -1
outer loop
vertex 18.457223892211914 33.66231918334961 5.300000190734863
vertex 18.886905670166016 33.97308349609375 5.300000190734863
vertex 18.693038940429688 33.788700103759766 5.300000190734863
endloop
endfacet
facet normal 0 0 -1
outer loop
vertex 18.886905670166016 33.97308349609375 5.300000190734863
vertex 18.196340560913086 33.602989196777344 5.300000190734863
vertex 19.024948120117188 34.202266693115234 5.300000190734863
endloop
endfacet
facet normal -0.7531925833023828 0.6578000702784115 0
outer loop
vertex 82.04122924804688 -66.70365142822266 5.300000190734863
vertex 82.04122924804688 -66.70365142822266 0
vertex 81.57657623291016 -67.23568725585938 5.300000190734863
endloop
endfacet
facet normal -0.6275370752016264 0.7785866806254703 0
outer loop
vertex 81.57657623291016 -67.23568725585938 5.300000190734863
vertex 81.57657623291016 -67.23568725585938 0
vertex 81.03419494628906 -67.67284393310547 5.300000190734863
endloop
endfacet
facet normal -0.4785512886385305 0.8780596017027557 0
outer loop
vertex 81.03419494628906 -67.67284393310547 5.300000190734863
vertex 81.03419494628906 -67.67284393310547 0
vertex 80.39134979248047 -68.02320098876953 5.300000190734863
endloop
endfacet
facet normal -0.312956451767833 0.9497674764366738 0
outer loop
vertex 80.39134979248047 -68.02320098876953 5.300000190734863
vertex 80.39134979248047 -68.02320098876953 0
vertex 79.72046661376953 -68.2442626953125 5.300000190734863
endloop
endfacet
facet normal -0.1592728051293327 0.9872346091716161 0
outer loop
vertex 79.72046661376953 -68.2442626953125 5.300000190734863
vertex 79.72046661376953 -68.2442626953125 0
vertex 79.16315460205078 -68.33417510986328 5.300000190734863
endloop
endfacet
facet normal -0.04380257375486169 0.9990402066646016 0
outer loop
vertex 79.16315460205078 -68.33417510986328 0
vertex 78.77928924560547 -68.35100555419922 5.300000190734863
vertex 79.16315460205078 -68.33417510986328 5.300000190734863
endloop
endfacet
facet normal 0 0 -1
outer loop
vertex -4.830204010009766 39.925601959228516 5.300000190734863
vertex -4.516117095947266 39.64999771118164 5.300000190734863
vertex 0.8527509570121765 33.59899139404297 5.300000190734863
endloop
endfacet
facet normal -0.04385893418210037 0.9990377339598755 -0.000004089892722745548
outer loop
vertex 78.77928924560547 -68.35100555419922 5.300000190734863
vertex 79.16315460205078 -68.33417510986328 0
vertex 78.7792739868164 -68.35101318359375 3.5999999046325684
endloop
endfacet
facet normal 0 0 -1
outer loop
vertex 0.8527509570121765 33.59899139404297 5.300000190734863
vertex -3.375800371170044 39.153865814208984 5.300000190734863
vertex -3.0375256538391113 39.114723205566406 5.300000190734863
endloop
endfacet
facet normal -0.10551095561613075 -0.9944181405449978 0
outer loop
vertex -28.687803268432617 50.9073371887207 0
vertex -10.505873680114746 48.97817611694336 0
vertex -10.505873680114746 48.97817611694336 5.300000190734863
endloop
endfacet
facet normal -0.9264980093485691 -0.376299666055046 0
outer loop
vertex -5.470338821411133 40.99176025390625 0
vertex -5.313098430633545 40.6046142578125 0
vertex -5.313098430633545 40.6046142578125 5.300000190734863
endloop
endfacet
facet normal -0.9999999845093404 0.0001760151094280391 0
outer loop
vertex 82.79238891601562 -43.2679443359375 4.327653110815146e-15
vertex 82.79196166992188 -45.69527053833008 0
vertex 82.79238891601562 -43.2679443359375 5.300000190734863
endloop
endfacet
facet normal 0 0 -1
outer loop
vertex 76.8070068359375 -55.67601013183594 5.300000190734863
vertex 39.457237243652344 -59.9825325012207 5.300000190734863
vertex 40.41767883300781 -55.68000793457031 5.300000190734863
endloop
endfacet
facet normal 0 0 -1
outer loop
vertex -55.362648010253906 36.99906921386719 5.300000190734863
vertex -58.17122268676758 38.32035827636719 5.300000190734863
vertex -58.07547378540039 38.45783996582031 5.300000190734863
endloop
endfacet
facet normal 0 0 -1
outer loop
vertex 39.10696029663086 -60.357391357421875 5.300000190734863
vertex 39.457237243652344 -59.9825325012207 5.300000190734863
vertex 76.8070068359375 -55.67601013183594 5.300000190734863
endloop
endfacet
facet normal 0 0 -1
outer loop
vertex 78.77928924560547 -68.35100555419922 5.300000190734863
vertex 38.807010650634766 -60.42601013183594 5.300000190734863
vertex 39.10696029663086 -60.357391357421875 5.300000190734863
endloop
endfacet
facet normal 0 0 -1
outer loop
vertex 78.77928924560547 -68.35100555419922 5.300000190734863
vertex 21.417678833007812 -60.43000793457031 5.300000190734863
vertex 38.807010650634766 -60.42601013183594 5.300000190734863
endloop
endfacet
facet normal 0 0 -1
outer loop
vertex 18.90700912475586 -63.601009368896484 5.300000190734863
vertex 78.77928924560547 -68.35100555419922 5.300000190734863
vertex 59.779293060302734 -68.35200500488281 5.300000190734863
endloop
endfacet
facet normal -0.973466487942928 -0.228829624070095 0
outer loop
vertex -5.565957546234131 41.39853286743164 0
vertex -5.470338821411133 40.99176025390625 0
vertex -5.470338821411133 40.99176025390625 5.300000190734863
endloop
endfacet
facet normal -0.9971171333973565 -0.07587767975787192 0
outer loop
vertex -5.597663879394531 41.815189361572266 0
vertex -5.565957546234131 41.39853286743164 0
vertex -5.565957546234131 41.39853286743164 5.300000190734863
endloop
endfacet
facet normal -0.00005265468744087144 0.9999999986115204 -0.0000021078871697651974
outer loop
vertex 73.7792739868164 -68.35127258300781 1.350000023841858
vertex 8.418451309204102 -68.35470581054688 5.300000190734863
vertex 59.779293060302734 -68.35200500488281 3.5999999046325684
endloop
endfacet
facet normal 0 0 -1
outer loop
vertex -55.362648010253906 36.99906921386719 5.300000190734863
vertex -58.07547378540039 38.45783996582031 5.300000190734863
vertex -57.8786506652832 38.639060974121094 5.300000190734863
endloop
endfacet
facet normal 0 0 -1
outer loop
vertex -55.362648010253906 36.99906921386719 5.300000190734863
vertex -57.8786506652832 38.639060974121094 5.300000190734863
vertex -57.64082336425781 38.76161193847656 5.300000190734863
endloop
endfacet
facet normal 0 0 -1
outer loop
vertex -55.362648010253906 36.99906921386719 5.300000190734863
vertex -57.64082336425781 38.76161193847656 5.300000190734863
vertex -57.37901306152344 38.816715240478516 5.300000190734863
endloop
endfacet
facet normal 0 0 -1
outer loop
vertex -55.362648010253906 36.99906921386719 5.300000190734863
vertex -57.37901306152344 38.816715240478516 5.300000190734863
vertex -57.11196517944336 38.80043411254883 5.300000190734863
endloop
endfacet
facet normal 0 0 -1
outer loop
vertex -55.81237030029297 38.072914123535156 5.300000190734863
vertex -57.11196517944336 38.80043411254883 5.300000190734863
vertex -56.858787536621094 38.71392822265625 5.300000190734863
endloop
endfacet
facet normal 0 0 -1
outer loop
vertex -55.362648010253906 36.99906921386719 5.300000190734863
vertex -57.11196517944336 38.80043411254883 5.300000190734863
vertex -55.33845901489258 37.26552200317383 5.300000190734863
endloop
endfacet
facet normal 0 0 -1
outer loop
vertex -57.11196517944336 38.80043411254883 5.300000190734863
vertex -55.81237030029297 38.072914123535156 5.300000190734863
vertex -55.33845901489258 37.26552200317383 5.300000190734863
endloop
endfacet
facet normal 0 0 -1
outer loop
vertex -55.33845901489258 37.26552200317383 5.300000190734863
vertex -55.81237030029297 38.072914123535156 5.300000190734863
vertex -55.67654037475586 37.972312927246094 5.300000190734863
endloop
endfacet
facet normal 0 0 -1
outer loop
vertex -55.67654037475586 37.972312927246094 5.300000190734863
vertex -55.5012321472168 37.77020263671875 5.300000190734863
vertex -55.33845901489258 37.26552200317383 5.300000190734863
endloop
endfacet
facet normal 0 0 -1
outer loop
vertex -55.33845901489258 37.26552200317383 5.300000190734863
vertex -55.5012321472168 37.77020263671875 5.300000190734863
vertex -55.38578414916992 37.52885055541992 5.300000190734863
endloop
endfacet
facet normal 0.0002862023591533174 -0.9999999590441039 0
outer loop
vertex 1.0451356172561646 38.898990631103516 5.300000190734863
vertex 1.0451356172561646 38.898990631103516 0
vertex 13.973946571350098 38.90269088745117 5.300000190734863
endloop
endfacet
facet normal 0.12873891195893875 -0.9916785227822718 0
outer loop
vertex 13.973946571350098 38.90269088745117 5.300000190734863
vertex 13.973946571350098 38.90269088745117 0
vertex 14.38832950592041 38.956485748291016 5.300000190734863
endloop
endfacet
facet normal 0.280227416739161 -0.9599336408875858 0
outer loop
vertex 14.38832950592041 38.956485748291016 5.300000190734863
vertex 14.38832950592041 38.956485748291016 0
vertex 14.789447784423828 39.07358169555664 5.300000190734863
endloop
endfacet
facet normal 0.4249883565126626 -0.9051988161882814 0
outer loop
vertex 14.789447784423828 39.07358169555664 5.300000190734863
vertex 14.789447784423828 39.07358169555664 0
vertex 15.167694091796875 39.25116729736328 5.300000190734863
endloop
endfacet
facet normal 0.5595782135560988 -0.8287775473028725 0
outer loop
vertex 15.167694091796875 39.25116729736328 5.300000190734863
vertex 15.167694091796875 39.25116729736328 0
vertex 15.514007568359375 39.48499298095703 5.300000190734863
endloop
endfacet
facet normal 0.6402698796367932 -0.7681500382281357 0
outer loop
vertex 15.514007568359375 39.48499298095703 5.300000190734863
vertex 15.514007568359375 39.48499298095703 0
vertex 16.314775466918945 40.15245056152344 5.300000190734863
endloop
endfacet
facet normal 0.5128144134392119 -0.8584994917697955 0
outer loop
vertex 16.314775466918945 40.15245056152344 5.300000190734863
vertex 16.314775466918945 40.15245056152344 0
vertex 17.16213607788086 40.65861129760742 5.300000190734863
endloop
endfacet
facet normal 0.3721451308366356 -0.9281745534082386 0
outer loop
vertex 17.16213607788086 40.65861129760742 5.300000190734863
vertex 17.16213607788086 40.65861129760742 0
vertex 18.0051326751709 40.996604919433594 5.300000190734863
endloop
endfacet
facet normal 0.22039598159656307 -0.9754104834868689 0
outer loop
vertex 18.0051326751709 40.996604919433594 5.300000190734863
vertex 18.0051326751709 40.996604919433594 0
vertex 18.9678897857666 41.214141845703125 5.300000190734863
endloop
endfacet
facet normal 0.07031649060129559 -0.9975247320991686 0
outer loop
vertex 18.9678897857666 41.214141845703125 5.300000190734863
vertex 18.9678897857666 41.214141845703125 0
vertex 19.816917419433594 41.273990631103516 5.300000190734863
endloop
endfacet
facet normal -0.9846691071164856 0.17443265029925736 0
outer loop
vertex 82.78862762451172 -64.69526672363281 8.270318735674898e-15
vertex 82.65985870361328 -65.42216491699219 0
vertex 82.65985870361328 -65.42216491699219 5.300000190734863
endloop
endfacet
facet normal -0.9972404708900257 0.07423909495030162 0
outer loop
vertex -5.517193794250488 42.8961296081543 0
vertex -5.597663879394531 41.815189361572266 0
vertex -5.597663879394531 41.815189361572266 5.300000190734863
endloop
endfacet
facet normal 0 0 -1
outer loop
vertex 18.196340560913086 33.602989196777344 5.300000190734863
vertex 0.8527509570121765 33.59899139404297 5.300000190734863
vertex 1.0451356172561646 38.898990631103516 5.300000190734863
endloop
endfacet
facet normal 0 0 -1
outer loop
vertex 1.0451356172561646 38.898990631103516 5.300000190734863
vertex 13.973946571350098 38.90269088745117 5.300000190734863
vertex 18.196340560913086 33.602989196777344 5.300000190734863
endloop
endfacet
facet normal 0 0 -1
outer loop
vertex 13.973946571350098 38.90269088745117 5.300000190734863
vertex 14.38832950592041 38.956485748291016 5.300000190734863
vertex 18.196340560913086 33.602989196777344 5.300000190734863
endloop
endfacet
facet normal 0 0 -1
outer loop
vertex 14.38832950592041 38.956485748291016 5.300000190734863
vertex 14.789447784423828 39.07358169555664 5.300000190734863
vertex 18.196340560913086 33.602989196777344 5.300000190734863
endloop
endfacet
facet normal -0.5356704894253856 -0.8444270997302064 0
outer loop
vertex -4.516117095947266 39.64999771118164 0
vertex -4.163265228271484 39.42616271972656 0
vertex -4.163265228271484 39.42616271972656 5.300000190734863
endloop
endfacet
facet normal -0.46264057151305776 -0.886545938792836 0
outer loop
vertex -46.50979232788086 56.80990219116211 5.300000190734863
vertex -46.50979232788086 56.80990219116211 0
vertex -46.13934326171875 56.61658477783203 5.300000190734863
endloop
endfacet
facet normal -0.5005671273525437 -0.8656977249675676 0
outer loop
vertex -47.451576232910156 57.51932144165039 0
vertex -47.451576232910156 57.51932144165039 5.300000190734863
vertex -47.77516555786133 57.70642852783203 3.5999999046325684
endloop
endfacet
facet normal -0.6016712163103481 -0.79874385597864 0
outer loop
vertex -47.451576232910156 57.51932144165039 5.300000190734863
vertex -47.451576232910156 57.51932144165039 0
vertex -46.50979232788086 56.80990219116211 5.300000190734863
endloop
endfacet
facet normal -0.9366618182078394 0.3502351186154588 0
outer loop
vertex 82.65985870361328 -65.42216491699219 0
vertex 82.41587829589844 -66.07466125488281 0
vertex 82.41587829589844 -66.07466125488281 5.300000190734863
endloop
endfacet
facet normal -0.5005671273525437 -0.8656977249675676 0
outer loop
vertex -47.77516555786133 57.70642852783203 5.300000190734863
vertex -47.77516555786133 57.70642852783203 3.5999999046325684
vertex -47.451576232910156 57.51932144165039 5.300000190734863
endloop
endfacet
facet normal -0.76764010456961 -0.6408811667199767 0
outer loop
vertex -5.098002910614014 40.246368408203125 0
vertex -4.830204010009766 39.925601959228516 0
vertex -4.830204010009766 39.925601959228516 5.300000190734863
endloop
endfacet
facet normal -0.8573366166128712 -0.5147561809388933 0
outer loop
vertex -5.313098430633545 40.6046142578125 0
vertex -5.098002910614014 40.246368408203125 0
vertex -5.098002910614014 40.246368408203125 5.300000190734863
endloop
endfacet
facet normal 0 0 -1
outer loop
vertex 14.789447784423828 39.07358169555664 5.300000190734863
vertex 15.167694091796875 39.25116729736328 5.300000190734863
vertex 18.196340560913086 33.602989196777344 5.300000190734863
endloop
endfacet
facet normal 0 0 -1
outer loop
vertex 15.167694091796875 39.25116729736328 5.300000190734863
vertex 15.514007568359375 39.48499298095703 5.300000190734863
vertex 18.196340560913086 33.602989196777344 5.300000190734863
endloop
endfacet
facet normal 0 0 -1
outer loop
vertex 15.514007568359375 39.48499298095703 5.300000190734863
vertex 16.314775466918945 40.15245056152344 5.300000190734863
vertex 18.196340560913086 33.602989196777344 5.300000190734863
endloop
endfacet
facet normal 0 0 -1
outer loop
vertex 16.314775466918945 40.15245056152344 5.300000190734863
vertex 17.16213607788086 40.65861129760742 5.300000190734863
vertex 18.196340560913086 33.602989196777344 5.300000190734863
endloop
endfacet
facet normal 0 0 -1
outer loop
vertex 17.16213607788086 40.65861129760742 5.300000190734863
vertex 18.0051326751709 40.996604919433594 5.300000190734863
vertex 18.196340560913086 33.602989196777344 5.300000190734863
endloop
endfacet
facet normal 0 0 -1
outer loop
vertex 19.024948120117188 34.202266693115234 5.300000190734863
vertex 18.196340560913086 33.602989196777344 5.300000190734863
vertex 19.09728240966797 34.4598503112793 5.300000190734863
endloop
endfacet
facet normal 0 0 -1
outer loop
vertex 19.09728240966797 34.4598503112793 5.300000190734863
vertex 18.196340560913086 33.602989196777344 5.300000190734863
vertex 19.15677833557129 35.53050994873047 5.300000190734863
endloop
endfacet
facet normal 0 0 -1
outer loop
vertex 19.15677833557129 35.53050994873047 5.300000190734863
vertex 18.196340560913086 33.602989196777344 5.300000190734863
vertex 18.9678897857666 41.214141845703125 5.300000190734863
endloop
endfacet
facet normal 0 0 -1
outer loop
vertex 19.15677833557129 35.53050994873047 5.300000190734863
vertex 18.9678897857666 41.214141845703125 5.300000190734863
vertex 19.507057189941406 35.90536880493164 5.300000190734863
endloop
endfacet
facet normal 0 0 -1
outer loop
vertex 19.507057189941406 35.90536880493164 5.300000190734863
vertex 19.816917419433594 41.273990631103516 5.300000190734863
vertex 19.807008743286133 35.97399139404297 5.300000190734863
endloop
endfacet
facet normal 0 0 -1
outer loop
vertex 18.9678897857666 41.214141845703125 5.300000190734863
vertex 18.196340560913086 33.602989196777344 5.300000190734863
vertex 18.0051326751709 40.996604919433594 5.300000190734863
endloop
endfacet
facet normal 0 0 -1
outer loop
vertex -64.22354125976562 67.21735382080078 5.300000190734863
vertex -50.242088317871094 52.97564697265625 5.300000190734863
vertex -66.927978515625 62.656654357910156 5.300000190734863
endloop
endfacet
facet normal 0 0 -1
outer loop
vertex -47.77516555786133 57.70642852783203 5.300000190734863
vertex -50.242088317871094 52.97564697265625 5.300000190734863
vertex -64.22354125976562 67.21735382080078 5.300000190734863
endloop
endfacet
facet normal 0 0 -1
outer loop
vertex 19.816917419433594 41.273990631103516 5.300000190734863
vertex 19.507057189941406 35.90536880493164 5.300000190734863
vertex 18.9678897857666 41.214141845703125 5.300000190734863
endloop
endfacet
facet normal 0 0 -1
outer loop
vertex -49.99542999267578 52.507041931152344 5.300000190734863
vertex -46.50979232788086 56.80990219116211 5.300000190734863
vertex -49.817134857177734 52.307559967041016 5.300000190734863
endloop
endfacet
facet normal 0 0 -1
outer loop
vertex -49.59233093261719 52.16249465942383 5.300000190734863
vertex -49.817134857177734 52.307559967041016 5.300000190734863
vertex -46.50979232788086 56.80990219116211 5.300000190734863
endloop
endfacet
facet normal 0 0 -1
outer loop
vertex -46.50979232788086 56.80990219116211 5.300000190734863
vertex -49.99542999267578 52.507041931152344 5.300000190734863
vertex -50.242088317871094 52.97564697265625 5.300000190734863
endloop
endfacet
facet normal 0 0 -1
outer loop
vertex -50.242088317871094 52.97564697265625 5.300000190734863
vertex -47.77516555786133 57.70642852783203 5.300000190734863
vertex -47.451576232910156 57.51932144165039 5.300000190734863
endloop
endfacet
facet normal 0 0 -1
outer loop
vertex -47.451576232910156 57.51932144165039 5.300000190734863
vertex -46.50979232788086 56.80990219116211 5.300000190734863
vertex -50.242088317871094 52.97564697265625 5.300000190734863
endloop
endfacet
facet normal -0.659558734931607 -0.7516530284482449 0
outer loop
vertex -4.830204010009766 39.925601959228516 0
vertex -4.516117095947266 39.64999771118164 0
vertex -4.516117095947266 39.64999771118164 5.300000190734863
endloop
endfacet
facet normal -0.3793356942020208 -0.9252591156558637 0
outer loop
vertex -29.619129180908203 51.224063873291016 5.300000190734863
vertex -29.619129180908203 51.224063873291016 0
vertex -29.0925235748291 51.0081672668457 5.300000190734863
endloop
endfacet
facet normal 0.0003251851917070649 -0.9999999471272942 0
outer loop
vertex 19.816917419433594 41.273990631103516 5.300000190734863
vertex 19.816917419433594 41.273990631103516 0
vertex 31.195837020874023 41.27769088745117 5.300000190734863
endloop
endfacet
facet normal 0.12873891195893875 -0.9916785227822718 0
outer loop
vertex 31.195837020874023 41.27769088745117 5.300000190734863
vertex 31.195837020874023 41.27769088745117 0
vertex 31.610219955444336 41.331485748291016 5.300000190734863
endloop
endfacet
facet normal 0.28022803067302854 -0.9599334616655032 0
outer loop
vertex 31.610219955444336 41.331485748291016 5.300000190734863
vertex 31.610219955444336 41.331485748291016 0
vertex 32.01133728027344 41.44858169555664 5.300000190734863
endloop
endfacet
facet normal 0.4249883565126626 -0.9051988161882814 0
outer loop
vertex 32.01133728027344 41.44858169555664 5.300000190734863
vertex 32.01133728027344 41.44858169555664 0
vertex 32.389583587646484 41.62616729736328 5.300000190734863
endloop
endfacet
facet normal 0.5595739798091143 -0.8287804058498179 0
outer loop
vertex 32.389583587646484 41.62616729736328 5.300000190734863
vertex 32.389583587646484 41.62616729736328 0
vertex 32.73590087890625 41.85999298095703 5.300000190734863
endloop
endfacet
facet normal 0.6807612796739902 -0.7325053447563582 0
outer loop
vertex 32.73590087890625 41.85999298095703 5.300000190734863
vertex 32.73590087890625 41.85999298095703 0
vertex 33.04198455810547 42.14445495605469 5.300000190734863
endloop
endfacet
facet normal 0.7856348725389973 -0.6186904290924771 0
outer loop
vertex 33.04198455810547 42.14445495605469 5.300000190734863
vertex 33.04198455810547 42.14445495605469 0
vertex 33.30051040649414 42.472740173339844 5.300000190734863
endloop
endfacet
facet normal 0.8543212286425628 -0.5197453590852562 0
outer loop
vertex 33.30051040649414 42.472740173339844 5.300000190734863
vertex 33.30051040649414 42.472740173339844 0
vertex 33.970767974853516 43.574462890625 5.300000190734863
endloop
endfacet
facet normal 0.7543749994615356 -0.6564437220260456 0
outer loop
vertex 33.970767974853516 43.574462890625 5.300000190734863
vertex 33.970767974853516 43.574462890625 0
vertex 34.61869430541992 44.31904983520508 5.300000190734863
endloop
endfacet
facet normal 0.6423487131703294 -0.7664125068710859 0
outer loop
vertex 34.61869430541992 44.31904983520508 5.300000190734863
vertex 34.61869430541992 44.31904983520508 0
vertex 35.31477355957031 44.90245056152344 5.300000190734863
endloop
endfacet
facet normal 0.5128135626900572 -0.8584999999540656 0
outer loop
vertex 35.31477355957031 44.90245056152344 5.300000190734863
vertex 35.31477355957031 44.90245056152344 0
vertex 36.16213607788086 45.40861129760742 5.300000190734863
endloop
endfacet
facet normal 0.37214440544066507 -0.9281748442503781 0
outer loop
vertex 36.16213607788086 45.40861129760742 5.300000190734863
vertex 36.16213607788086 45.40861129760742 0
vertex 37.00513458251953 45.746604919433594 5.300000190734863
endloop
endfacet
facet normal 0.22039681244814002 -0.9754102957538943 0
outer loop
vertex 37.00513458251953 45.746604919433594 5.300000190734863
vertex 37.00513458251953 45.746604919433594 0
vertex 37.96788787841797 45.964141845703125 5.300000190734863
endloop
endfacet
facet normal 0.0703163334160347 -0.9975247431792984 0
outer loop
vertex 37.96788787841797 45.964141845703125 5.300000190734863
vertex 37.96788787841797 45.964141845703125 0
vertex 38.816917419433594 46.023990631103516 5.300000190734863
endloop
endfacet
facet normal 0 0 -1
outer loop
vertex 19.816917419433594 41.273990631103516 5.300000190734863
vertex 37.19633865356445 35.977989196777344 5.300000190734863
vertex 19.807008743286133 35.97399139404297 5.300000190734863
endloop
endfacet
facet normal 0 0 -1
outer loop
vertex 37.19633865356445 35.977989196777344 5.300000190734863
vertex 19.816917419433594 41.273990631103516 5.300000190734863
vertex 31.195837020874023 41.27769088745117 5.300000190734863
endloop
endfacet
facet normal 0.9051988161882814 0.4249883565126626 0
outer loop
vertex -62.36758041381836 29.64535140991211 0
vertex -62.545166015625 30.023597717285156 0
vertex -62.545166015625 30.023597717285156 5.300000190734863
endloop
endfacet
facet normal 0.9599359173755466 0.280219618393088 0
outer loop
vertex -62.25048828125 29.244234085083008 0
vertex -62.36758041381836 29.64535140991211 0
vertex -62.36758041381836 29.64535140991211 5.300000190734863
endloop
endfacet
facet normal 0.732507460135516 0.6807590034996346 0
outer loop
vertex -62.77899169921875 30.36991310119629 0
vertex -63.063453674316406 30.67599868774414 0
vertex -63.063453674316406 30.67599868774414 5.300000190734863
endloop
endfacet
facet normal 0.6187972699884581 0.785550723158493 0
outer loop
vertex -63.063453674316406 30.67599868774414 0
vertex -63.3908576965332 30.933902740478516 0
vertex -63.3908576965332 30.933902740478516 5.300000190734863
endloop
endfacet
facet normal 0.8287789765844558 0.5595760966764238 0
outer loop
vertex -62.545166015625 30.023597717285156 0
vertex -62.77899169921875 30.36991310119629 0
vertex -62.77899169921875 30.36991310119629 5.300000190734863
endloop
endfacet
facet normal 0.9916776251315197 0.12874582639258214 0
outer loop
vertex -62.198699951171875 28.84532928466797 5.300000190734863
vertex -62.198699951171875 28.84532928466797 0
vertex -62.25048828125 29.244234085083008 0
endloop
endfacet
facet normal -0.8054806510705651 -0.5926220724466299 0
outer loop
vertex 81.35820770263672 43.932456970214844 0
vertex 81.89644622802734 43.20089340209961 0
vertex 81.89644622802734 43.20089340209961 5.300000190734863
endloop
endfacet
facet normal -0.5812362071652315 -0.8137348901701194 0
outer loop
vertex 80.65605926513672 44.62614822387695 0
vertex 80.65605926513672 44.62614822387695 5.300000190734863
vertex 79.91699981689453 45.15404510498047 0
endloop
endfacet
facet normal -0.7028096271637406 -0.7113779782689115 0
outer loop
vertex 80.65605926513672 44.62614822387695 0
vertex 81.35820770263672 43.932456970214844 0
vertex 81.35820770263672 43.932456970214844 5.300000190734863
endloop
endfacet
facet normal -0.29934382334547077 -0.9541453114829606 0
outer loop
vertex 79.033935546875 45.594974517822266 0
vertex 79.033935546875 45.594974517822266 5.300000190734863
vertex 78.16735076904297 45.86684799194336 0
endloop
endfacet
facet normal -0.14633155066633896 -0.989235602513165 0
outer loop
vertex 77.19095611572266 46.01128005981445 0
vertex 78.16735076904297 45.86684799194336 0
vertex 78.16735076904297 45.86684799194336 5.300000190734863
endloop
endfacet
facet normal -0.44672501329094655 -0.8946713153444696 0
outer loop
vertex 79.033935546875 45.594974517822266 0
vertex 79.91699981689453 45.15404510498047 0
vertex 79.91699981689453 45.15404510498047 5.300000190734863
endloop
endfacet
facet normal -0.9874081518146937 -0.15819336816027005 0
outer loop
vertex 82.63207244873047 41.4605598449707 0
vertex 82.78845977783203 40.48442459106445 0
vertex 82.78845977783203 40.48442459106445 5.300000190734863
endloop
endfacet
facet normal 0.9999999992598546 0.00003847454595483268 0
outer loop
vertex -62.195701599121094 3.2023732662200928 5.300000190734863
vertex -62.195701599121094 3.2023732662200928 9.651412732436613e-15
vertex -62.19595718383789 9.845329284667969 0
endloop
endfacet
facet normal -0.9992235789601356 -0.03939846760931132 3.686437502366981e-7
outer loop
vertex 82.78845977783203 40.48442459106445 0
vertex 82.8070068359375 40.014034271240234 0
vertex 82.8070068359375 40.01408386230469 5.300000190734863
endloop
endfacet
facet normal -0.8891954471908633 -0.4575275474712321 0
outer loop
vertex 81.89644622802734 43.20089340209961 0
vertex 82.34803771972656 42.32323455810547 0
vertex 82.34803771972656 42.32323455810547 5.300000190734863
endloop
endfacet
facet normal -0.2417457649378633 -0.9703396236033068 0
outer loop
vertex -29.0925235748291 51.0081672668457 5.300000190734863
vertex -29.0925235748291 51.0081672668457 0
vertex -28.687803268432617 50.9073371887207 5.300000190734863
endloop
endfacet
facet normal 0 0 -1
outer loop
vertex 37.19633865356445 35.977989196777344 5.300000190734863
vertex 31.195837020874023 41.27769088745117 5.300000190734863
vertex 31.610219955444336 41.331485748291016 5.300000190734863
endloop
endfacet
facet normal 0 0 -1
outer loop
vertex 37.19633865356445 35.977989196777344 5.300000190734863
vertex 31.610219955444336 41.331485748291016 5.300000190734863
vertex 32.01133728027344 41.44858169555664 5.300000190734863
endloop
endfacet
facet normal 0 0 -1
outer loop
vertex 37.19633865356445 35.977989196777344 5.300000190734863
vertex 32.01133728027344 41.44858169555664 5.300000190734863
vertex 32.389583587646484 41.62616729736328 5.300000190734863
endloop
endfacet
facet normal 0 0 -1
outer loop
vertex 32.389583587646484 41.62616729736328 5.300000190734863
vertex 32.73590087890625 41.85999298095703 5.300000190734863
vertex 37.19633865356445 35.977989196777344 5.300000190734863
endloop
endfacet
facet normal 0 0 -1
outer loop
vertex 32.73590087890625 41.85999298095703 5.300000190734863
vertex 33.04198455810547 42.14445495605469 5.300000190734863
vertex 37.19633865356445 35.977989196777344 5.300000190734863
endloop
endfacet
facet normal 0 0 -1
outer loop
vertex 33.04198455810547 42.14445495605469 5.300000190734863
vertex 33.30051040649414 42.472740173339844 5.300000190734863
vertex 37.19633865356445 35.977989196777344 5.300000190734863
endloop
endfacet
facet normal 0 0 -1
outer loop
vertex 33.30051040649414 42.472740173339844 5.300000190734863
vertex 33.970767974853516 43.574462890625 5.300000190734863
vertex 37.19633865356445 35.977989196777344 5.300000190734863
endloop
endfacet
facet normal 0 0 -1
outer loop
vertex 33.970767974853516 43.574462890625 5.300000190734863
vertex 34.61869430541992 44.31904983520508 5.300000190734863
vertex 37.19633865356445 35.977989196777344 5.300000190734863
endloop
endfacet
facet normal 0 0 -1
outer loop
vertex 34.61869430541992 44.31904983520508 5.300000190734863
vertex 35.31477355957031 44.90245056152344 5.300000190734863
vertex 37.19633865356445 35.977989196777344 5.300000190734863
endloop
endfacet
facet normal 0 0 -1
outer loop
vertex 35.31477355957031 44.90245056152344 5.300000190734863
vertex 36.16213607788086 45.40861129760742 5.300000190734863
vertex 37.19633865356445 35.977989196777344 5.300000190734863
endloop
endfacet
facet normal 0 0 -1
outer loop
vertex 36.16213607788086 45.40861129760742 5.300000190734863
vertex 37.00513458251953 45.746604919433594 5.300000190734863
vertex 37.19633865356445 35.977989196777344 5.300000190734863
endloop
endfacet
facet normal 0 0 -1
outer loop
vertex 37.45722579956055 36.03731918334961 5.300000190734863
vertex 38.15678024291992 40.28050994873047 5.300000190734863
vertex 37.69303894042969 36.163700103759766 5.300000190734863
endloop
endfacet
facet normal 0 0 -1
outer loop
vertex 37.69303894042969 36.163700103759766 5.300000190734863
vertex 38.15678024291992 40.28050994873047 5.300000190734863
vertex 37.886905670166016 36.34808349609375 5.300000190734863
endloop
endfacet
facet normal 0 0 -1
outer loop
vertex 37.886905670166016 36.34808349609375 5.300000190734863
vertex 38.15678024291992 40.28050994873047 5.300000190734863
vertex 38.02494812011719 36.577266693115234 5.300000190734863
endloop
endfacet
facet normal 0 0 -1
outer loop
vertex 38.02494812011719 36.577266693115234 5.300000190734863
vertex 38.15678024291992 40.28050994873047 5.300000190734863
vertex 38.09728240966797 36.8348503112793 5.300000190734863
endloop
endfacet
facet normal 0 0 -1
outer loop
vertex 37.19633865356445 35.977989196777344 5.300000190734863
vertex 38.816917419433594 46.023990631103516 5.300000190734863
vertex 37.45722579956055 36.03731918334961 5.300000190734863
endloop
endfacet
facet normal 0 0 -1
outer loop
vertex 38.15678024291992 40.28050994873047 5.300000190734863
vertex 37.45722579956055 36.03731918334961 5.300000190734863
vertex 38.816917419433594 46.023990631103516 5.300000190734863
endloop
endfacet
facet normal 0 0 -1
outer loop
vertex 37.00513458251953 45.746604919433594 5.300000190734863
vertex 37.96788787841797 45.964141845703125 5.300000190734863
vertex 37.19633865356445 35.977989196777344 5.300000190734863
endloop
endfacet
facet normal 0 0 -1
outer loop
vertex 38.816917419433594 46.023990631103516 5.300000190734863
vertex 37.19633865356445 35.977989196777344 5.300000190734863
vertex 37.96788787841797 45.964141845703125 5.300000190734863
endloop
endfacet
facet normal 0 0 -1
outer loop
vertex 38.15678024291992 40.28050994873047 5.300000190734863
vertex 38.816917419433594 46.023990631103516 5.300000190734863
vertex 38.507057189941406 40.65536880493164 5.300000190734863
endloop
endfacet
facet normal 0 0 -1
outer loop
vertex 38.507057189941406 40.65536880493164 5.300000190734863
vertex 38.816917419433594 46.023990631103516 5.300000190734863
vertex 38.807010650634766 40.72399139404297 5.300000190734863
endloop
endfacet
facet normal -0.10551095561613075 -0.9944181405449978 0
outer loop
vertex -28.687803268432617 50.9073371887207 5.300000190734863
vertex -28.687803268432617 50.9073371887207 0
vertex -10.505873680114746 48.97817611694336 5.300000190734863
endloop
endfacet
facet normal 0 0 -1
outer loop
vertex -31.40704917907715 46.20214080810547 5.300000190734863
vertex -49.59233093261719 52.16249465942383 5.300000190734863
vertex -46.50979232788086 56.80990219116211 5.300000190734863
endloop
endfacet
facet normal 0 0 -1
outer loop
vertex -46.13934326171875 56.61658477783203 5.300000190734863
vertex -29.619129180908203 51.224063873291016 5.300000190734863
vertex -31.40704917907715 46.20214080810547 5.300000190734863
endloop
endfacet
facet normal 0 0 -1
outer loop
vertex -31.40704917907715 46.20214080810547 5.300000190734863
vertex -28.687803268432617 50.9073371887207 5.300000190734863
vertex -31.123605728149414 45.93585205078125 5.300000190734863
endloop
endfacet
facet normal 0 0 -1
outer loop
vertex -31.123605728149414 45.93585205078125 5.300000190734863
vertex -28.687803268432617 50.9073371887207 5.300000190734863
vertex -30.888137817382812 45.80882263183594 5.300000190734863
endloop
endfacet
facet normal 0 0 -1
outer loop
vertex -30.888137817382812 45.80882263183594 5.300000190734863
vertex -28.687803268432617 50.9073371887207 5.300000190734863
vertex -30.627418518066406 45.74877166748047 5.300000190734863
endloop
endfacet
facet normal 0 0 -1
outer loop
vertex -30.627418518066406 45.74877166748047 5.300000190734863
vertex -28.687803268432617 50.9073371887207 5.300000190734863
vertex -30.321369171142578 45.74454116821289 5.300000190734863
endloop
endfacet
facet normal 0 0 -1
outer loop
vertex -29.619129180908203 51.224063873291016 5.300000190734863
vertex -29.0925235748291 51.0081672668457 5.300000190734863
vertex -31.40704917907715 46.20214080810547 5.300000190734863
endloop
endfacet
facet normal 0 0 -1
outer loop
vertex -28.687803268432617 50.9073371887207 5.300000190734863
vertex -31.40704917907715 46.20214080810547 5.300000190734863
vertex -29.0925235748291 51.0081672668457 5.300000190734863
endloop
endfacet
facet normal 0 0 -1
outer loop
vertex -28.687803268432617 50.9073371887207 5.300000190734863
vertex -11.19741439819336 43.68714904785156 5.300000190734863
vertex -30.321369171142578 45.74454116821289 5.300000190734863
endloop
endfacet
facet normal -0.3103063758880912 -0.9506366041149471 0
outer loop
vertex -46.13934326171875 56.61658477783203 5.300000190734863
vertex -46.13934326171875 56.61658477783203 0
vertex -29.619129180908203 51.224063873291016 5.300000190734863
endloop
endfacet
facet normal 0 0 -1
outer loop
vertex -31.40704917907715 46.20214080810547 5.300000190734863
vertex -46.50979232788086 56.80990219116211 5.300000190734863
vertex -46.13934326171875 56.61658477783203 5.300000190734863
endloop
endfacet
facet normal -0.9264980093485691 -0.376299666055046 0
outer loop
vertex -5.470338821411133 40.99176025390625 5.300000190734863
vertex -5.470338821411133 40.99176025390625 0
vertex -5.313098430633545 40.6046142578125 5.300000190734863
endloop
endfacet
facet normal -0.973466487942928 -0.228829624070095 0
outer loop
vertex -5.565957546234131 41.39853286743164 5.300000190734863
vertex -5.565957546234131 41.39853286743164 0
vertex -5.470338821411133 40.99176025390625 5.300000190734863
endloop
endfacet
facet normal -0.9971171333973565 -0.07587767975787192 0
outer loop
vertex -5.597663879394531 41.815189361572266 5.300000190734863
vertex -5.597663879394531 41.815189361572266 0
vertex -5.565957546234131 41.39853286743164 5.300000190734863
endloop
endfacet
facet normal -0.9972404708900257 0.07423909495030162 0
outer loop
vertex -5.517193794250488 42.8961296081543 5.300000190734863
vertex -5.517193794250488 42.8961296081543 0
vertex -5.597663879394531 41.815189361572266 5.300000190734863
endloop
endfacet
facet normal -0.5356704894253856 -0.8444270997302064 0
outer loop
vertex -4.516117095947266 39.64999771118164 5.300000190734863
vertex -4.516117095947266 39.64999771118164 0
vertex -4.163265228271484 39.42616271972656 5.300000190734863
endloop
endfacet
facet normal -0.3989603112114759 -0.9169681946927289 0
outer loop
vertex -4.163265228271484 39.42616271972656 5.300000190734863
vertex -4.163265228271484 39.42616271972656 0
vertex -3.780100107192993 39.25945281982422 5.300000190734863
endloop
endfacet
facet normal -0.76764010456961 -0.6408811667199767 0
outer loop
vertex -5.098002910614014 40.246368408203125 5.300000190734863
vertex -5.098002910614014 40.246368408203125 0
vertex -4.830204010009766 39.925601959228516 5.300000190734863
endloop
endfacet
facet normal -0.659558734931607 -0.7516530284482449 0
outer loop
vertex -4.830204010009766 39.925601959228516 5.300000190734863
vertex -4.830204010009766 39.925601959228516 0
vertex -4.516117095947266 39.64999771118164 5.300000190734863
endloop
endfacet
facet normal -0.8573366166128712 -0.5147561809388933 0
outer loop
vertex -5.313098430633545 40.6046142578125 5.300000190734863
vertex -5.313098430633545 40.6046142578125 0
vertex -5.098002910614014 40.246368408203125 5.300000190734863
endloop
endfacet
facet normal -0.2526851864500742 -0.9675485499698149 0
outer loop
vertex -3.780100107192993 39.25945281982422 5.300000190734863
vertex -3.780100107192993 39.25945281982422 0
vertex -3.375800371170044 39.153865814208984 5.300000190734863
endloop
endfacet
facet normal -0.11494552060419512 -0.993371797109738 0
outer loop
vertex -3.375800371170044 39.153865814208984 5.300000190734863
vertex -3.375800371170044 39.153865814208984 0
vertex -3.0375256538391113 39.114723205566406 5.300000190734863
endloop
endfacet
facet normal -0.05276754704661848 -0.9986068225175927 0
outer loop
vertex -3.0375256538391113 39.114723205566406 5.300000190734863
vertex -3.0375256538391113 39.114723205566406 0
vertex 1.0451356172561646 38.898990631103516 5.300000190734863
endloop
endfacet
facet normal -0.998538757400032 -0.05404026249011072 0
outer loop
vertex -5.570617198944092 43.883270263671875 5.300000190734863
vertex -5.570617198944092 43.883270263671875 0
vertex -5.517193794250488 42.8961296081543 5.300000190734863
endloop
endfacet
facet normal -0.9321756489498108 -0.36200629760405967 0
outer loop
vertex -6.120165824890137 45.691001892089844 5.300000190734863
vertex -6.120165824890137 45.691001892089844 0
vertex -5.7628560066223145 44.77091979980469 5.300000190734863
endloop
endfacet
facet normal -0.9773425631647616 -0.21166368187890341 0
outer loop
vertex -5.7628560066223145 44.77091979980469 5.300000190734863
vertex -5.7628560066223145 44.77091979980469 0
vertex -5.570617198944092 43.883270263671875 5.300000190734863
endloop
endfacet
facet normal -0.6631645540346239 -0.7484736296437292 0
outer loop
vertex -7.8844475746154785 47.840492248535156 5.300000190734863
vertex -7.8844475746154785 47.840492248535156 0
vertex -7.204660892486572 47.23818588256836 5.300000190734863
endloop
endfacet
facet normal -0.7733667182035882 -0.6339589254636389 0
outer loop
vertex -7.204660892486572 47.23818588256836 5.300000190734863
vertex -7.204660892486572 47.23818588256836 0
vertex -6.578927516937256 46.474853515625 5.300000190734863
endloop
endfacet
facet normal -0.8630520448577357 -0.5051150045948753 0
outer loop
vertex -6.578927516937256 46.474853515625 5.300000190734863
vertex -6.578927516937256 46.474853515625 0
vertex -6.120165824890137 45.691001892089844 5.300000190734863
endloop
endfacet
facet normal -0.24900768841378507 -0.9685015080581049 0
outer loop
vertex -10.505873680114746 48.97817611694336 5.300000190734863
vertex -10.505873680114746 48.97817611694336 0
vertex -9.54993724822998 48.732398986816406 5.300000190734863
endloop
endfacet
facet normal -0.3975056239841558 -0.9175997378492253 0
outer loop
vertex -9.54993724822998 48.732398986816406 5.300000190734863
vertex -9.54993724822998 48.732398986816406 0
vertex -8.716545104980469 48.37137222290039 5.300000190734863
endloop
endfacet
facet normal -0.5378582777499703 -0.8430352739096009 0
outer loop
vertex -8.716545104980469 48.37137222290039 5.300000190734863
vertex -8.716545104980469 48.37137222290039 0
vertex -7.8844475746154785 47.840492248535156 5.300000190734863
endloop
endfacet
facet normal 0 0 -1
outer loop
vertex -11.333321571350098 34.50713348388672 5.300000190734863
vertex -11.496429443359375 34.71921157836914 5.300000190734863
vertex -11.597468376159668 34.96694564819336 5.300000190734863
endloop
endfacet
facet normal 0 0 -1
outer loop
vertex -11.597468376159668 34.96694564819336 5.300000190734863
vertex -11.629206657409668 35.232601165771484 5.300000190734863
vertex -10.871211051940918 34.247032165527344 5.300000190734863
endloop
endfacet
facet normal 0 0 -1
outer loop
vertex -11.333321571350098 34.50713348388672 5.300000190734863
vertex -10.871211051940918 34.247032165527344 5.300000190734863
vertex -11.119821548461914 34.34589385986328 5.300000190734863
endloop
endfacet
facet normal 0 0 -1
outer loop
vertex -10.871211051940918 34.247032165527344 5.300000190734863
vertex -11.333321571350098 34.50713348388672 5.300000190734863
vertex -11.597468376159668 34.96694564819336 5.300000190734863
endloop
endfacet
facet normal 0 0 -1
outer loop
vertex -10.871211051940918 34.247032165527344 5.300000190734863
vertex -11.629206657409668 35.232601165771484 5.300000190734863
vertex -10.683098793029785 34.218780517578125 5.300000190734863
endloop
endfacet
facet normal 0 0 -1
outer loop
vertex -11.19741439819336 43.68714904785156 5.300000190734863
vertex -28.687803268432617 50.9073371887207 5.300000190734863
vertex -10.505873680114746 48.97817611694336 5.300000190734863
endloop
endfacet
facet normal 0 0 -1
outer loop
vertex -11.629206657409668 35.232601165771484 5.300000190734863
vertex -5.470338821411133 40.99176025390625 5.300000190734863
vertex -10.683098793029785 34.218780517578125 5.300000190734863
endloop
endfacet
facet normal 0 0 -1
outer loop
vertex -5.313098430633545 40.6046142578125 5.300000190734863
vertex -5.098002910614014 40.246368408203125 5.300000190734863
vertex -10.683098793029785 34.218780517578125 5.300000190734863
endloop
endfacet
facet normal 0 0 -1
outer loop
vertex -10.683098793029785 34.218780517578125 5.300000190734863
vertex -5.098002910614014 40.246368408203125 5.300000190734863
vertex -4.830204010009766 39.925601959228516 5.300000190734863
endloop
endfacet
facet normal 0 0 -1
outer loop
vertex -11.629206657409668 35.232601165771484 5.300000190734863
vertex -10.819439888000488 42.97536849975586 5.300000190734863
vertex -5.570617198944092 43.883270263671875 5.300000190734863
endloop
endfacet
facet normal 0 0 -1
outer loop
vertex -5.565957546234131 41.39853286743164 5.300000190734863
vertex -5.470338821411133 40.99176025390625 5.300000190734863
vertex -11.629206657409668 35.232601165771484 5.300000190734863
endloop
endfacet
facet normal 0 0 -1
outer loop
vertex -5.597663879394531 41.815189361572266 5.300000190734863
vertex -5.565957546234131 41.39853286743164 5.300000190734863
vertex -11.629206657409668 35.232601165771484 5.300000190734863
endloop
endfacet
facet normal 0 0 -1
outer loop
vertex -5.470338821411133 40.99176025390625 5.300000190734863
vertex -5.313098430633545 40.6046142578125 5.300000190734863
vertex -10.683098793029785 34.218780517578125 5.300000190734863
endloop
endfacet
facet normal 0 0 -1
outer loop
vertex -5.517193794250488 42.8961296081543 5.300000190734863
vertex -5.597663879394531 41.815189361572266 5.300000190734863
vertex -11.629206657409668 35.232601165771484 5.300000190734863
endloop
endfacet
facet normal 0 0 -1
outer loop
vertex -5.570617198944092 43.883270263671875 5.300000190734863
vertex -5.517193794250488 42.8961296081543 5.300000190734863
vertex -11.629206657409668 35.232601165771484 5.300000190734863
endloop
endfacet
facet normal 0 0 -1
outer loop
vertex -10.683098793029785 34.218780517578125 5.300000190734863
vertex -4.830204010009766 39.925601959228516 5.300000190734863
vertex 0.8527509570121765 33.59899139404297 5.300000190734863
endloop
endfacet
facet normal -0.2417457649378633 -0.9703396236033068 0
outer loop
vertex -28.687803268432617 50.9073371887207 0
vertex -28.687803268432617 50.9073371887207 5.300000190734863
vertex -29.0925235748291 51.0081672668457 0
endloop
endfacet
facet normal -0.949840731632363 -0.3127340476061044 0
outer loop
vertex 82.34803771972656 42.32323455810547 0
vertex 82.63207244873047 41.4605598449707 0
vertex 82.63207244873047 41.4605598449707 5.300000190734863
endloop
endfacet
facet normal -0.3103063758880912 -0.9506366041149471 0
outer loop
vertex -46.13934326171875 56.61658477783203 0
vertex -29.619129180908203 51.224063873291016 0
vertex -29.619129180908203 51.224063873291016 5.300000190734863
endloop
endfacet
facet normal 0 0 -1
outer loop
vertex 0.8527509570121765 33.59899139404297 5.300000190734863
vertex -4.516117095947266 39.64999771118164 5.300000190734863
vertex -4.163265228271484 39.42616271972656 5.300000190734863
endloop
endfacet
facet normal 0 0 -1
outer loop
vertex 0.8527509570121765 33.59899139404297 5.300000190734863
vertex -4.163265228271484 39.42616271972656 5.300000190734863
vertex -3.780100107192993 39.25945281982422 5.300000190734863
endloop
endfacet
facet normal 0 0 -1
outer loop
vertex 0.8527509570121765 33.59899139404297 5.300000190734863
vertex -3.0375256538391113 39.114723205566406 5.300000190734863
vertex 1.0451356172561646 38.898990631103516 5.300000190734863
endloop
endfacet
facet normal 0 0 -1
outer loop
vertex -10.854439735412598 43.295406341552734 5.300000190734863
vertex -11.19741439819336 43.68714904785156 5.300000190734863
vertex -6.120165824890137 45.691001892089844 5.300000190734863
endloop
endfacet
facet normal 0 0 -1
outer loop
vertex -5.570617198944092 43.883270263671875 5.300000190734863
vertex -10.819439888000488 42.97536849975586 5.300000190734863
vertex -10.854439735412598 43.295406341552734 5.300000190734863
endloop
endfacet
facet normal 0 0 -1
outer loop
vertex -6.578927516937256 46.474853515625 5.300000190734863
vertex -6.120165824890137 45.691001892089844 5.300000190734863
vertex -11.19741439819336 43.68714904785156 5.300000190734863
endloop
endfacet
facet normal 0 0 -1
outer loop
vertex -10.505873680114746 48.97817611694336 5.300000190734863
vertex -9.54993724822998 48.732398986816406 5.300000190734863
vertex -11.19741439819336 43.68714904785156 5.300000190734863
endloop
endfacet
facet normal 0 0 -1
outer loop
vertex -9.54993724822998 48.732398986816406 5.300000190734863
vertex -8.716545104980469 48.37137222290039 5.300000190734863
vertex -11.19741439819336 43.68714904785156 5.300000190734863
endloop
endfacet
facet normal 0 0 -1
outer loop
vertex -7.8844475746154785 47.840492248535156 5.300000190734863
vertex -7.204660892486572 47.23818588256836 5.300000190734863
vertex -11.19741439819336 43.68714904785156 5.300000190734863
endloop
endfacet
facet normal 0 0 -1
outer loop
vertex -6.578927516937256 46.474853515625 5.300000190734863
vertex -11.19741439819336 43.68714904785156 5.300000190734863
vertex -7.204660892486572 47.23818588256836 5.300000190734863
endloop
endfacet
facet normal 0 0 -1
outer loop
vertex -7.8844475746154785 47.840492248535156 5.300000190734863
vertex -11.19741439819336 43.68714904785156 5.300000190734863
vertex -8.716545104980469 48.37137222290039 5.300000190734863
endloop
endfacet
facet normal 0 0 -1
outer loop
vertex -5.7628560066223145 44.77091979980469 5.300000190734863
vertex -5.570617198944092 43.883270263671875 5.300000190734863
vertex -10.854439735412598 43.295406341552734 5.300000190734863
endloop
endfacet
facet normal 0 0 -1
outer loop
vertex -6.120165824890137 45.691001892089844 5.300000190734863
vertex -5.7628560066223145 44.77091979980469 5.300000190734863
vertex -10.854439735412598 43.295406341552734 5.300000190734863
endloop
endfacet
facet normal -0.0003312763233106901 -0.999999945127996 -5.291620859936989e-8
outer loop
vertex 77.16735076904297 46.011287689208984 3.5999999046325684
vertex 58.16735076904297 46.017581939697266 3.5999999046325684
vertex 77.19095611572266 46.01128005981445 0
endloop
endfacet
facet normal -0.8591426821739162 0.5117361152654845 0
outer loop
vertex 82.41587829589844 -66.07466125488281 0
vertex 82.04122924804688 -66.70365142822266 0
vertex 82.04122924804688 -66.70365142822266 5.300000190734863
endloop
endfacet
facet normal -0.8591426821739162 0.5117361152654845 0
outer loop
vertex 82.41587829589844 -66.07466125488281 5.300000190734863
vertex 82.41587829589844 -66.07466125488281 0
vertex 82.04122924804688 -66.70365142822266 5.300000190734863
endloop
endfacet
facet normal -0.9366618182078394 0.3502351186154588 0
outer loop
vertex 82.65985870361328 -65.42216491699219 5.300000190734863
vertex 82.65985870361328 -65.42216491699219 0
vertex 82.41587829589844 -66.07466125488281 5.300000190734863
endloop
endfacet
facet normal -0.9846691071164856 0.17443265029925736 0
outer loop
vertex 82.78862762451172 -64.69526672363281 8.270318735674898e-15
vertex 82.65985870361328 -65.42216491699219 5.300000190734863
vertex 82.78862762451172 -64.69526672363281 5.300000190734863
endloop
endfacet
facet normal -0.7531925833023828 0.6578000702784115 0
outer loop
vertex 82.04122924804688 -66.70365142822266 0
vertex 81.57657623291016 -67.23568725585938 0
vertex 81.57657623291016 -67.23568725585938 5.300000190734863
endloop
endfacet
facet normal -0.3989603112114759 -0.9169681946927289 0
outer loop
vertex -4.163265228271484 39.42616271972656 0
vertex -3.780100107192993 39.25945281982422 0
vertex -3.780100107192993 39.25945281982422 5.300000190734863
endloop
endfacet
facet normal 0 0 -1
outer loop
vertex 78.77928924560547 -68.35100555419922 5.300000190734863
vertex 39.10696029663086 -60.357391357421875 5.300000190734863
vertex 76.8070068359375 -55.67601013183594 5.300000190734863
endloop
endfacet
facet normal 0 0 -1
outer loop
vertex -55.362648010253906 36.99906921386719 5.300000190734863
vertex -59.82833480834961 35.53608703613281 5.300000190734863
vertex -58.17122268676758 38.32035827636719 5.300000190734863
endloop
endfacet
facet normal 0 0 -1
outer loop
vertex -55.362648010253906 36.99906921386719 5.300000190734863
vertex -60.218360900878906 35.374271392822266 5.300000190734863
vertex -59.82833480834961 35.53608703613281 5.300000190734863
endloop
endfacet
facet normal 0 0 -1
outer loop
vertex -55.362648010253906 36.99906921386719 5.300000190734863
vertex -63.3908576965332 30.933902740478516 5.300000190734863
vertex -60.218360900878906 35.374271392822266 5.300000190734863
endloop
endfacet
facet normal 0 0 -1
outer loop
vertex -66.45280456542969 67.97447204589844 5.300000190734863
vertex -70.24673461914062 64.18128967285156 5.300000190734863
vertex -67.43867492675781 68.02222442626953 5.300000190734863
endloop
endfacet
facet normal 0 0 -1
outer loop
vertex -68.34134674072266 67.92189025878906 5.300000190734863
vertex -67.43867492675781 68.02222442626953 5.300000190734863
vertex -70.24673461914062 64.18128967285156 5.300000190734863
endloop
endfacet
facet normal 0 0 -1
outer loop
vertex -67.29161834716797 62.72370910644531 5.300000190734863
vertex -64.22354125976562 67.21735382080078 5.300000190734863
vertex -66.927978515625 62.656654357910156 5.300000190734863
endloop
endfacet
facet normal 0 0 -1
outer loop
vertex -67.68164825439453 62.561893463134766 5.300000190734863
vertex -64.22354125976562 67.21735382080078 5.300000190734863
vertex -67.29161834716797 62.72370910644531 5.300000190734863
endloop
endfacet
facet normal 0 0 -1
outer loop
vertex -68.34134674072266 67.92189025878906 5.300000190734863
vertex -72.22532653808594 65.35240173339844 5.300000190734863
vertex -69.29318237304688 67.66067504882812 5.300000190734863
endloop
endfacet
facet normal 0 0 -1
outer loop
vertex 81.03419494628906 -67.67284393310547 5.300000190734863
vertex 80.39134979248047 -68.02320098876953 5.300000190734863
vertex 80.4903793334961 -64.69490814208984 5.300000190734863
endloop
endfacet
facet normal 0 0 -1
outer loop
vertex 81.57657623291016 -67.23568725585938 5.300000190734863
vertex 81.03419494628906 -67.67284393310547 5.300000190734863
vertex 80.4903793334961 -64.69490814208984 5.300000190734863
endloop
endfacet
facet normal 0 0 -1
outer loop
vertex -70.11988830566406 67.28458404541016 5.300000190734863
vertex -69.29318237304688 67.66067504882812 5.300000190734863
vertex -72.22532653808594 65.35240173339844 5.300000190734863
endloop
endfacet
facet normal 0 0 -1
outer loop
vertex -70.94328308105469 66.74030303955078 5.300000190734863
vertex -70.11988830566406 67.28458404541016 5.300000190734863
vertex -72.22532653808594 65.35240173339844 5.300000190734863
endloop
endfacet
facet normal 0 0 -1
outer loop
vertex -0.19991694390773773 -60.705142974853516 5.300000190734863
vertex -0.6659446954727173 -60.452125549316406 5.300000190734863
vertex -0.4158538579940796 -60.54718017578125 5.300000190734863
endloop
endfacet
facet normal 0 0 -1
outer loop
vertex 0.07121855020523071 -61.16086959838867 5.300000190734863
vertex -0.8929910063743591 -60.42601013183594 5.300000190734863
vertex -0.6659446954727173 -60.452125549316406 5.300000190734863
endloop
endfacet
facet normal 0 0 -1
outer loop
vertex 0.07121855020523071 -61.16086959838867 5.300000190734863
vertex -0.19991694390773773 -60.705142974853516 5.300000190734863
vertex -0.0335908867418766 -60.91470718383789 5.300000190734863
endloop
endfacet
facet normal 0 0 -1
outer loop
vertex -0.6659446954727173 -60.452125549316406 5.300000190734863
vertex -0.19991694390773773 -60.705142974853516 5.300000190734863
vertex 0.07121855020523071 -61.16086959838867 5.300000190734863
endloop
endfacet
facet normal 0 0 -1
outer loop
vertex 0.07121855020523071 -61.16086959838867 5.300000190734863
vertex -18.449512481689453 -60.37623977661133 5.300000190734863
vertex -0.8929910063743591 -60.42601013183594 5.300000190734863
endloop
endfacet
facet normal 0 0 -1
outer loop
vertex 0.10700899362564087 -61.42601013183594 5.300000190734863
vertex -18.449512481689453 -60.37623977661133 5.300000190734863
vertex 0.07121855020523071 -61.16086959838867 5.300000190734863
endloop
endfacet
facet normal 0 0 -1
outer loop
vertex 0.10700899362564087 -62.101009368896484 5.300000190734863
vertex -18.449512481689453 -60.37623977661133 5.300000190734863
vertex 0.10700899362564087 -61.42601013183594 5.300000190734863
endloop
endfacet
facet normal 0 0 -1
outer loop
vertex -18.956321716308594 -58.7007942199707 5.300000190734863
vertex -18.896989822387695 -58.96167755126953 5.300000190734863
vertex -18.892990112304688 -59.726009368896484 5.300000190734863
endloop
endfacet
facet normal 0 0 -1
outer loop
vertex 0.17562900483608246 -62.400962829589844 5.300000190734863
vertex -56.39704513549805 -73.09656524658203 5.300000190734863
vertex 0.10700899362564087 -62.101009368896484 5.300000190734863
endloop
endfacet
facet normal 0 0 -1
outer loop
vertex -37.3807258605957 -73.09696960449219 5.300000190734863
vertex 0.17562900483608246 -62.400962829589844 5.300000190734863
vertex 0.9794496297836304 -73.09779357910156 5.300000190734863
endloop
endfacet
facet normal 0.000021479948896260014 0.999999999769306 0
outer loop
vertex 0.9794496297836304 -73.09779357910156 5.300000190734863
vertex 0.9794496297836304 -73.09779357910156 0
vertex -37.3807258605957 -73.09696960449219 3.5999999046325684
endloop
endfacet
facet normal 0 0 -1
outer loop
vertex -19.08270263671875 -58.46498107910156 5.300000190734863
vertex -37.44951248168945 -58.00123977661133 5.300000190734863
vertex -19.2670841217041 -58.271114349365234 5.300000190734863
endloop
endfacet
facet normal 0 0 -1
outer loop
vertex -18.956321716308594 -58.7007942199707 5.300000190734863
vertex -37.44951248168945 -58.00123977661133 5.300000190734863
vertex -19.08270263671875 -58.46498107910156 5.300000190734863
endloop
endfacet
facet normal 0 0 -1
outer loop
vertex -18.892990112304688 -59.726009368896484 5.300000190734863
vertex -37.44951248168945 -58.00123977661133 5.300000190734863
vertex -18.956321716308594 -58.7007942199707 5.300000190734863
endloop
endfacet
facet normal 0 0 -1
outer loop
vertex -18.824371337890625 -60.025962829589844 5.300000190734863
vertex -37.44951248168945 -58.00123977661133 5.300000190734863
vertex -18.892990112304688 -59.726009368896484 5.300000190734863
endloop
endfacet
facet normal 0 0 -1
outer loop
vertex -37.44951248168945 -58.00123977661133 5.300000190734863
vertex -19.496267318725586 -58.13307189941406 5.300000190734863
vertex -19.2670841217041 -58.271114349365234 5.300000190734863
endloop
endfacet
facet normal 0 0 -1
outer loop
vertex -37.44951248168945 -58.00123977661133 5.300000190734863
vertex -19.75385093688965 -58.06073760986328 5.300000190734863
vertex -19.496267318725586 -58.13307189941406 5.300000190734863
endloop
endfacet
facet normal 0 0 -1
outer loop
vertex -18.449512481689453 -60.37623977661133 5.300000190734863
vertex 0.10700899362564087 -62.101009368896484 5.300000190734863
vertex -56.39704513549805 -73.09656524658203 5.300000190734863
endloop
endfacet
facet normal 0 0 -1
outer loop
vertex -18.824371337890625 -60.025962829589844 5.300000190734863
vertex -18.449512481689453 -60.37623977661133 5.300000190734863
vertex -56.39704513549805 -73.09656524658203 5.300000190734863
endloop
endfacet
facet normal 0 0 -1
outer loop
vertex -56.39704513549805 -73.09656524658203 5.300000190734863
vertex 0.17562900483608246 -62.400962829589844 5.300000190734863
vertex -37.3807258605957 -73.09696960449219 5.300000190734863
endloop
endfacet
facet normal 0 0 -1
outer loop
vertex -37.44951248168945 -58.00123977661133 5.300000190734863
vertex -18.824371337890625 -60.025962829589844 5.300000190734863
vertex -56.39704513549805 -73.09656524658203 5.300000190734863
endloop
endfacet
facet normal 0.00002147994889626001 0.9999999997693059 0
outer loop
vertex -37.3807258605957 -73.09696960449219 5.300000190734863
vertex 0.9794496297836304 -73.09779357910156 5.300000190734863
vertex -37.3807258605957 -73.09696960449219 3.5999999046325684
endloop
endfacet
facet normal -0.2526851864500742 -0.9675485499698149 0
outer loop
vertex -3.780100107192993 39.25945281982422 0
vertex -3.375800371170044 39.153865814208984 0
vertex -3.375800371170044 39.153865814208984 5.300000190734863
endloop
endfacet
facet normal -0.11494552060419512 -0.993371797109738 0
outer loop
vertex -3.375800371170044 39.153865814208984 0
vertex -3.0375256538391113 39.114723205566406 0
vertex -3.0375256538391113 39.114723205566406 5.300000190734863
endloop
endfacet
facet normal 0 0 -1
outer loop
vertex -71.61203002929688 66.12577056884766 5.300000190734863
vertex -70.94328308105469 66.74030303955078 5.300000190734863
vertex -72.22532653808594 65.35240173339844 5.300000190734863
endloop
endfacet
facet normal 0 0 -1
outer loop
vertex -72.22532653808594 65.35240173339844 5.300000190734863
vertex -68.34134674072266 67.92189025878906 5.300000190734863
vertex -70.24673461914062 64.18128967285156 5.300000190734863
endloop
endfacet
facet normal 0 0 -1
outer loop
vertex 78.77928924560547 -68.35100555419922 5.300000190734863
vertex 76.8070068359375 -55.67601013183594 5.300000190734863
vertex 77.10696411132812 -55.607391357421875 5.300000190734863
endloop
endfacet
facet normal 0 0 -1
outer loop
vertex 78.77928924560547 -68.35100555419922 5.300000190734863
vertex 77.10696411132812 -55.607391357421875 5.300000190734863
vertex 77.45723724365234 -55.2325325012207 5.300000190734863
endloop
endfacet
facet normal 0 0 -1
outer loop
vertex 82.04122924804688 -66.70365142822266 5.300000190734863
vertex 81.57657623291016 -67.23568725585938 5.300000190734863
vertex 80.4903793334961 -64.69490814208984 5.300000190734863
endloop
endfacet
facet normal 0 0 -1
outer loop
vertex -56.84321975708008 26.0305118560791 5.300000190734863
vertex -59.89485168457031 -22.440486907958984 5.300000190734863
vertex -59.8951301574707 -15.797531127929688 5.300000190734863
endloop
endfacet
facet normal -0.0003312283779251721 -0.9999999451438591 2.0044329596156612e-7
outer loop
vertex 58.16735076904297 46.017581939697266 3.5999999046325684
vertex 38.816917419433594 46.023990631103516 0
vertex 77.19095611572266 46.01128005981445 0
endloop
endfacet
facet normal 0 0 -1
outer loop
vertex -56.84321975708008 26.0305118560791 5.300000190734863
vertex -56.89299011230469 -50.226009368896484 5.300000190734863
vertex -59.89485168457031 -22.440486907958984 5.300000190734863
endloop
endfacet
facet normal 0 0 -1
outer loop
vertex 82.41587829589844 -66.07466125488281 5.300000190734863
vertex 82.04122924804688 -66.70365142822266 5.300000190734863
vertex 80.4903793334961 -64.69490814208984 5.300000190734863
endloop
endfacet
facet normal 0 0 -1
outer loop
vertex 82.65985870361328 -65.42216491699219 5.300000190734863
vertex 82.41587829589844 -66.07466125488281 5.300000190734863
vertex 80.4903793334961 -64.69490814208984 5.300000190734863
endloop
endfacet
facet normal 0 0 -1
outer loop
vertex -59.89485168457031 -22.440486907958984 5.300000190734863
vertex -62.194969177246094 -15.797626495361328 5.300000190734863
vertex -59.8951301574707 -15.797531127929688 5.300000190734863
endloop
endfacet
facet normal 0 0 -1
outer loop
vertex -59.89485168457031 -22.440486907958984 5.300000190734863
vertex -62.1947135925293 -22.440582275390625 5.300000190734863
vertex -62.194969177246094 -15.797626495361328 5.300000190734863
endloop
endfacet
facet normal 0 0 -1
outer loop
vertex 82.78862762451172 -64.69526672363281 5.300000190734863
vertex 82.65985870361328 -65.42216491699219 5.300000190734863
vertex 80.4903793334961 -64.69490814208984 5.300000190734863
endloop
endfacet
facet normal 0 0 -1
outer loop
vertex -64.22354125976562 67.21735382080078 5.300000190734863
vertex -79.75678253173828 47.73261642456055 5.300000190734863
vertex -64.64014434814453 67.43646240234375 5.300000190734863
endloop
endfacet
facet normal 0.9999999992598546 0.00003847454733570091 0
outer loop
vertex -62.1947135925293 -22.440582275390625 5.300000190734863
vertex -62.194969177246094 -15.797626495361328 0
vertex -62.194969177246094 -15.797626495361328 5.300000190734863
endloop
endfacet
facet normal 0 0 -1
outer loop
vertex 80.39134979248047 -68.02320098876953 5.300000190734863
vertex 79.72046661376953 -68.2442626953125 5.300000190734863
vertex 80.49339294433594 -45.69490432739258 5.300000190734863
endloop
endfacet
facet normal 0 0 -1
outer loop
vertex 80.4903793334961 -64.69490814208984 5.300000190734863
vertex 80.39134979248047 -68.02320098876953 5.300000190734863
vertex 80.49339294433594 -45.69490432739258 5.300000190734863
endloop
endfacet
facet normal -0.9999999845093405 0.0001760151094280391 0
outer loop
vertex 82.79238891601562 -43.2679443359375 5.300000190734863
vertex 82.79196166992188 -45.69527053833008 0
vertex 82.79196166992188 -45.69527053833008 5.300000190734863
endloop
endfacet
facet normal 0 0 -1
outer loop
vertex -65.56369018554688 67.78910827636719 5.300000190734863
vertex -64.64014434814453 67.43646240234375 5.300000190734863
vertex -79.75678253173828 47.73261642456055 5.300000190734863
endloop
endfacet
facet normal 0 0 -1
outer loop
vertex 78.77928924560547 -68.35100555419922 5.300000190734863
vertex 80.4968032836914 -24.267578125 5.300000190734863
vertex 79.16315460205078 -68.33417510986328 5.300000190734863
endloop
endfacet
facet normal 0 0 -1
outer loop
vertex 79.72046661376953 -68.2442626953125 5.300000190734863
vertex 79.16315460205078 -68.33417510986328 5.300000190734863
vertex 80.4968032836914 -24.267578125 5.300000190734863
endloop
endfacet
facet normal 0 0 -1
outer loop
vertex -56.89299011230469 -50.226009368896484 5.300000190734863
vertex -59.89405822753906 -41.440486907958984 5.300000190734863
vertex -59.89485168457031 -22.440486907958984 5.300000190734863
endloop
endfacet
facet normal 0 0 -1
outer loop
vertex 78.77928924560547 -68.35100555419922 5.300000190734863
vertex 77.45723724365234 -55.2325325012207 5.300000190734863
vertex 80.49718475341797 -21.840251922607422 5.300000190734863
endloop
endfacet
facet normal 0 0 -1
outer loop
vertex 80.49339294433594 -45.69490432739258 5.300000190734863
vertex 79.72046661376953 -68.2442626953125 5.300000190734863
vertex 80.49378204345703 -43.267578125 5.300000190734863
endloop
endfacet
facet normal 0 0 -1
outer loop
vertex -67.68164825439453 62.561893463134766 5.300000190734863
vertex -79.75678253173828 47.73261642456055 5.300000190734863
vertex -64.22354125976562 67.21735382080078 5.300000190734863
endloop
endfacet
facet normal 0 0 -1
outer loop
vertex -66.45280456542969 67.97447204589844 5.300000190734863
vertex -65.56369018554688 67.78910827636719 5.300000190734863
vertex -79.75678253173828 47.73261642456055 5.300000190734863
endloop
endfacet
facet normal 0 0 -1
outer loop
vertex 80.49378204345703 -43.267578125 5.300000190734863
vertex 79.72046661376953 -68.2442626953125 5.300000190734863
vertex 80.4968032836914 -24.267578125 5.300000190734863
endloop
endfacet
facet normal 0 0 -1
outer loop
vertex 80.49339294433594 -45.69490432739258 5.300000190734863
vertex 80.49378204345703 -43.267578125 5.300000190734863
vertex 82.79196166992188 -45.69527053833008 5.300000190734863
endloop
endfacet
facet normal 0 0 -1
outer loop
vertex 82.79238891601562 -43.2679443359375 5.300000190734863
vertex 82.79196166992188 -45.69527053833008 5.300000190734863
vertex 80.49378204345703 -43.267578125 5.300000190734863
endloop
endfacet
facet normal 0 0 -1
outer loop
vertex -79.75678253173828 47.73261642456055 5.300000190734863
vertex -70.24673461914062 64.18128967285156 5.300000190734863
vertex -66.45280456542969 67.97447204589844 5.300000190734863
endloop
endfacet
facet normal -0.05276754704661848 -0.9986068225175927 0
outer loop
vertex -3.0375256538391113 39.114723205566406 0
vertex 1.0451356172561646 38.898990631103516 0
vertex 1.0451356172561646 38.898990631103516 5.300000190734863
endloop
endfacet
facet normal -0.46548655235147945 -0.885054952858823 0
outer loop
vertex -64.64014434814453 67.43646240234375 5.300000190734863
vertex -64.64014434814453 67.43646240234375 0
vertex -64.22354125976562 67.21735382080078 5.300000190734863
endloop
endfacet
facet normal -0.35671858817465324 -0.9342118864854387 0
outer loop
vertex -65.56369018554688 67.78910827636719 5.300000190734863
vertex -65.56369018554688 67.78910827636719 0
vertex -64.64014434814453 67.43646240234375 5.300000190734863
endloop
endfacet
facet normal 0.7363249191491806 0.6766281204915686 0
outer loop
vertex -80.83177185058594 41.191951751708984 0
vertex -81.44630432128906 41.86070251464844 0
vertex -81.44630432128906 41.86070251464844 5.300000190734863
endloop
endfacet
facet normal -0.20409312918451264 -0.9789514771528125 0
outer loop
vertex -66.45280456542969 67.97447204589844 5.300000190734863
vertex -66.45280456542969 67.97447204589844 0
vertex -65.56369018554688 67.78910827636719 5.300000190734863
endloop
endfacet
facet normal -0.048380055006820216 -0.9988289995177038 0
outer loop
vertex -67.43867492675781 68.02222442626953 5.300000190734863
vertex -67.43867492675781 68.02222442626953 0
vertex -66.45280456542969 67.97447204589844 5.300000190734863
endloop
endfacet
facet normal 0.8342177282262895 0.5514352019167515 0
outer loop
vertex -81.99058532714844 42.68409729003906 0
vertex -81.99058532714844 42.68409729003906 5.300000190734863
vertex -81.44630432128906 41.86070251464844 0
endloop
endfacet
facet normal 0.6213519233497096 0.7835316122209853 0
outer loop
vertex -80.05840301513672 40.57865905761719 0
vertex -80.83177185058594 41.191951751708984 0
vertex -80.83177185058594 41.191951751708984 5.300000190734863
endloop
endfacet
facet normal 0.9938792263779436 0.1104720931927172 0
outer loop
vertex -82.72822570800781 45.36530685424805 0
vertex -82.72822570800781 45.36530685424805 5.300000190734863
vertex -82.62789154052734 44.4626350402832 0
endloop
endfacet
facet normal 0.9988289995177038 -0.048380055006820216 0
outer loop
vertex -82.72822570800781 45.36530685424805 0
vertex -82.68047332763672 46.35117721557617 0
vertex -82.68047332763672 46.35117721557617 5.300000190734863
endloop
endfacet
facet normal 0.9102355374315246 0.41409089146797656 0
outer loop
vertex -82.3666763305664 43.51080322265625 0
vertex -82.3666763305664 43.51080322265625 5.300000190734863
vertex -81.99058532714844 42.68409729003906 0
endloop
endfacet
facet normal 0.1104720931927172 -0.9938792263779436 0
outer loop
vertex -68.34134674072266 67.92189025878906 5.300000190734863
vertex -68.34134674072266 67.92189025878906 0
vertex -67.43867492675781 68.02222442626953 5.300000190734863
endloop
endfacet
facet normal 0.9643447553820826 0.2646491881096017 0
outer loop
vertex -82.3666763305664 43.51080322265625 0
vertex -82.62789154052734 44.4626350402832 0
vertex -82.62789154052734 44.4626350402832 5.300000190734863
endloop
endfacet
facet normal 0.9789496238030094 -0.20410201874539716 0
outer loop
vertex -82.68047332763672 46.35117721557617 0
vertex -82.49510192871094 47.24028778076172 0
vertex -82.49510192871094 47.24028778076172 5.300000190734863
endloop
endfacet
facet normal 0.9342149493324248 -0.3567105667678137 0
outer loop
vertex -82.49510192871094 47.24028778076172 0
vertex -82.14246368408203 48.16383743286133 0
vertex -82.14246368408203 48.16383743286133 5.300000190734863
endloop
endfacet
facet normal 0.26464820175400317 -0.9643450260712566 0
outer loop
vertex -69.29318237304688 67.66067504882812 5.300000190734863
vertex -69.29318237304688 67.66067504882812 0
vertex -68.34134674072266 67.92189025878906 5.300000190734863
endloop
endfacet
facet normal -0.4655451116082959 -0.8850241516608953 0.000005876372247138823
outer loop
vertex -64.223388671875 67.2172622680664 3.5999999046325684
vertex -64.22354125976562 67.21735382080078 5.300000190734863
vertex -64.64014434814453 67.43646240234375 0
endloop
endfacet
facet normal 0.41409089146797656 -0.9102355374315246 0
outer loop
vertex -70.11988830566406 67.28458404541016 5.300000190734863
vertex -70.11988830566406 67.28458404541016 0
vertex -69.29318237304688 67.66067504882812 5.300000190734863
endloop
endfacet
facet normal 0.8850531968496501 -0.465489891132143 0
outer loop
vertex -82.14246368408203 48.16383743286133 0
vertex -81.92335510253906 48.58043670654297 0
vertex -81.92335510253906 48.58043670654297 5.300000190734863
endloop
endfacet
facet normal 0.5514352019167515 -0.8342177282262895 0
outer loop
vertex -70.94328308105469 66.74030303955078 5.300000190734863
vertex -70.94328308105469 66.74030303955078 0
vertex -70.11988830566406 67.28458404541016 5.300000190734863
endloop
endfacet
facet normal 0.6766302130885926 -0.7363229962018609 0
outer loop
vertex -71.61203002929688 66.12577056884766 5.300000190734863
vertex -71.61203002929688 66.12577056884766 0
vertex -70.94328308105469 66.74030303955078 5.300000190734863
endloop
endfacet
facet normal -0.07546211497468115 0.9971486695591325 0
outer loop
vertex 1.5339268445968628 -73.05583190917969 0
vertex 0.9794496297836304 -73.09779357910156 0
vertex 0.9794496297836304 -73.09779357910156 5.300000190734863
endloop
endfacet
facet normal -0.1749952869300204 0.9845692710786174 0
outer loop
vertex 2.176642417907715 -72.94159698486328 0
vertex 1.5339268445968628 -73.05583190917969 0
vertex 1.5339268445968628 -73.05583190917969 5.300000190734863
endloop
endfacet
facet normal -0.280941354311853 0.9597249373843643 0
outer loop
vertex 2.803140163421631 -72.7582015991211 0
vertex 2.176642417907715 -72.94159698486328 0
vertex 2.176642417907715 -72.94159698486328 5.300000190734863
endloop
endfacet
facet normal -0.38355657627874734 0.9235173808831784 0
outer loop
vertex 3.4060020446777344 -72.50782012939453 0
vertex 2.803140163421631 -72.7582015991211 0
vertex 2.803140163421631 -72.7582015991211 5.300000190734863
endloop
endfacet
facet normal -0.4816355279824082 0.8763716210518839 0
outer loop
vertex 3.9780895709991455 -72.19341278076172 0
vertex 3.4060020446777344 -72.50782012939453 0
vertex 3.4060020446777344 -72.50782012939453 5.300000190734863
endloop
endfacet
facet normal -0.5740021482011001 0.8188537927252473 0
outer loop
vertex 4.512628555297852 -71.81871032714844 0
vertex 3.9780895709991455 -72.19341278076172 0
vertex 3.9780895709991455 -72.19341278076172 5.300000190734863
endloop
endfacet
facet normal -0.6595762807111805 0.7516376320563026 0
outer loop
vertex 5.003290176391602 -71.38814544677734 0
vertex 4.512628555297852 -71.81871032714844 0
vertex 4.512628555297852 -71.81871032714844 5.300000190734863
endloop
endfacet
facet normal -0.7373370105577293 0.675525079372921 0
outer loop
vertex 5.444263458251953 -70.90682220458984 0
vertex 5.003290176391602 -71.38814544677734 0
vertex 5.003290176391602 -71.38814544677734 5.300000190734863
endloop
endfacet
facet normal -0.8063720182371861 0.591408630478189 0
outer loop
vertex 5.830327987670898 -70.38043212890625 0
vertex 5.444263458251953 -70.90682220458984 0
vertex 5.444263458251953 -70.90682220458984 5.300000190734863
endloop
endfacet
facet normal -0.8642806573389884 0.5030098859363363 0
outer loop
vertex 6.313778400421143 -69.54975891113281 0
vertex 5.830327987670898 -70.38043212890625 0
vertex 5.830327987670898 -70.38043212890625 5.300000190734863
endloop
endfacet
facet normal -0.7856348725389973 0.6186904290924771 0
outer loop
vertex 6.5723042488098145 -69.22147369384766 0
vertex 6.313778400421143 -69.54975891113281 0
vertex 6.313778400421143 -69.54975891113281 5.300000190734863
endloop
endfacet
facet normal -0.6807584344573968 0.73250798897699 0
outer loop
vertex 6.878390312194824 -68.93701171875 0
vertex 6.5723042488098145 -69.22147369384766 0
vertex 6.5723042488098145 -69.22147369384766 5.300000190734863
endloop
endfacet
facet normal -0.5595776843350208 0.828777904624789 0
outer loop
vertex 7.224704265594482 -68.70318603515625 0
vertex 6.878390312194824 -68.93701171875 0
vertex 6.878390312194824 -68.93701171875 5.300000190734863
endloop
endfacet
facet normal -0.4249808761984567 0.905202328137523 0
outer loop
vertex 7.602950572967529 -68.52560424804688 0
vertex 7.224704265594482 -68.70318603515625 0
vertex 7.224704265594482 -68.70318603515625 5.300000190734863
endloop
endfacet
facet normal -0.28022710977319304 0.9599337304981853 0
outer loop
vertex 8.004069328308105 -68.40850830078125 0
vertex 7.602950572967529 -68.52560424804688 0
vertex 7.602950572967529 -68.52560424804688 5.300000190734863
endloop
endfacet
facet normal -0.12875715895081186 0.9916761538016912 0
outer loop
vertex 8.418451309204102 -68.35470581054688 0
vertex 8.004069328308105 -68.40850830078125 0
vertex 8.004069328308105 -68.40850830078125 5.300000190734863
endloop
endfacet
facet normal -0.000052537789644722726 0.9999999986198903 0
outer loop
vertex 8.418451309204102 -68.35470581054688 0
vertex 8.418451309204102 -68.35470581054688 5.300000190734863
vertex 65.7792739868164 -68.35169219970703 0
endloop
endfacet
facet normal 0 0 -1
outer loop
vertex 39.457237243652344 -59.9825325012207 5.300000190734863
vertex 40.156795501708984 -55.739341735839844 5.300000190734863
vertex 40.41767883300781 -55.68000793457031 5.300000190734863
endloop
endfacet
facet normal 0 0 -1
outer loop
vertex 40.156795501708984 -55.739341735839844 5.300000190734863
vertex 39.72711181640625 -56.05010223388672 5.300000190734863
vertex 39.92097854614258 -55.86572265625 5.300000190734863
endloop
endfacet
facet normal 0 0 -1
outer loop
vertex 39.457237243652344 -59.9825325012207 5.300000190734863
vertex 39.72711181640625 -56.05010223388672 5.300000190734863
vertex 40.156795501708984 -55.739341735839844 5.300000190734863
endloop
endfacet
facet normal 0 0 -1
outer loop
vertex 39.457237243652344 -59.9825325012207 5.300000190734863
vertex 39.58906936645508 -56.2792854309082 5.300000190734863
vertex 39.72711181640625 -56.05010223388672 5.300000190734863
endloop
endfacet
facet normal 0 0 -1
outer loop
vertex 39.457237243652344 -59.9825325012207 5.300000190734863
vertex 39.5167350769043 -56.536869049072266 5.300000190734863
vertex 39.58906936645508 -56.2792854309082 5.300000190734863
endloop
endfacet
facet normal 0 0 -1
outer loop
vertex 78.77928924560547 -68.35100555419922 5.300000190734863
vertex 21.15679359436035 -60.489341735839844 5.300000190734863
vertex 21.417678833007812 -60.43000793457031 5.300000190734863
endloop
endfacet
facet normal 0 0 -1
outer loop
vertex 78.77928924560547 -68.35100555419922 5.300000190734863
vertex 20.920978546142578 -60.61572265625 5.300000190734863
vertex 21.15679359436035 -60.489341735839844 5.300000190734863
endloop
endfacet
facet normal 0 0 -1
outer loop
vertex 78.77928924560547 -68.35100555419922 5.300000190734863
vertex 20.72711181640625 -60.80010223388672 5.300000190734863
vertex 20.920978546142578 -60.61572265625 5.300000190734863
endloop
endfacet
facet normal 0 0 -1
outer loop
vertex 78.77928924560547 -68.35100555419922 5.300000190734863
vertex 20.58907127380371 -61.0292854309082 5.300000190734863
vertex 20.72711181640625 -60.80010223388672 5.300000190734863
endloop
endfacet
facet normal 0 0 -1
outer loop
vertex 78.77928924560547 -68.35100555419922 5.300000190734863
vertex 20.51673698425293 -61.286869049072266 5.300000190734863
vertex 20.58907127380371 -61.0292854309082 5.300000190734863
endloop
endfacet
facet normal 0 0 -1
outer loop
vertex 78.77928924560547 -68.35100555419922 5.300000190734863
vertex 20.457239151000977 -62.3575325012207 5.300000190734863
vertex 20.51673698425293 -61.286869049072266 5.300000190734863
endloop
endfacet
facet normal 0 0 -1
outer loop
vertex 78.77928924560547 -68.35100555419922 5.300000190734863
vertex 20.10696029663086 -62.732391357421875 5.300000190734863
vertex 20.457239151000977 -62.3575325012207 5.300000190734863
endloop
endfacet
facet normal 0 0 -1
outer loop
vertex 78.77928924560547 -68.35100555419922 5.300000190734863
vertex 19.599918365478516 -63.138023376464844 5.300000190734863
vertex 20.10696029663086 -62.732391357421875 5.300000190734863
endloop
endfacet
facet normal 0 0 -1
outer loop
vertex 78.77928924560547 -68.35100555419922 5.300000190734863
vertex 19.530611038208008 -63.2676887512207 5.300000190734863
vertex 19.599918365478516 -63.138023376464844 5.300000190734863
endloop
endfacet
facet normal 0 0 -1
outer loop
vertex 78.77928924560547 -68.35100555419922 5.300000190734863
vertex 19.437339782714844 -63.38134002685547 5.300000190734863
vertex 19.530611038208008 -63.2676887512207 5.300000190734863
endloop
endfacet
facet normal 0 0 -1
outer loop
vertex 78.77928924560547 -68.35100555419922 5.300000190734863
vertex 19.323686599731445 -63.474613189697266 5.300000190734863
vertex 19.437339782714844 -63.38134002685547 5.300000190734863
endloop
endfacet
facet normal 0 0 -1
outer loop
vertex 78.77928924560547 -68.35100555419922 5.300000190734863
vertex 19.194021224975586 -63.54391860961914 5.300000190734863
vertex 19.323686599731445 -63.474613189697266 5.300000190734863
endloop
endfacet
facet normal 0 0 -1
outer loop
vertex 78.77928924560547 -68.35100555419922 5.300000190734863
vertex 19.053327560424805 -63.58659744262695 5.300000190734863
vertex 19.194021224975586 -63.54391860961914 5.300000190734863
endloop
endfacet
facet normal 0 0 -1
outer loop
vertex 78.77928924560547 -68.35100555419922 5.300000190734863
vertex 18.90700912475586 -63.601009368896484 5.300000190734863
vertex 19.053327560424805 -63.58659744262695 5.300000190734863
endloop
endfacet
facet normal 0 0 -1
outer loop
vertex 8.418451309204102 -68.35470581054688 5.300000190734863
vertex 18.90700912475586 -63.601009368896484 5.300000190734863
vertex 59.779293060302734 -68.35200500488281 5.300000190734863
endloop
endfacet
facet normal -0.000052584918164247774 0.9999999986174133 0
outer loop
vertex 8.418451309204102 -68.35470581054688 5.300000190734863
vertex 59.779293060302734 -68.35200500488281 5.300000190734863
vertex 59.779293060302734 -68.35200500488281 3.5999999046325684
endloop
endfacet
facet normal 0 0 -1
outer loop
vertex 20.10696029663086 -62.732391357421875 5.300000190734863
vertex 19.642597198486328 -62.9973258972168 5.300000190734863
vertex 19.807008743286133 -62.80101013183594 5.300000190734863
endloop
endfacet
facet normal 0 0 -1
outer loop
vertex 19.642597198486328 -62.9973258972168 5.300000190734863
vertex 19.65700912475586 -62.851009368896484 5.300000190734863
vertex 19.807008743286133 -62.80101013183594 5.300000190734863
endloop
endfacet
facet normal 0 0 -1
outer loop
vertex 19.65700912475586 -62.851009368896484 5.300000190734863
vertex 19.65204429626465 -62.80060958862305 5.300000190734863
vertex 19.807008743286133 -62.80101013183594 5.300000190734863
endloop
endfacet
facet normal 0 0 -1
outer loop
vertex 19.599918365478516 -63.138023376464844 5.300000190734863
vertex 19.642597198486328 -62.9973258972168 5.300000190734863
vertex 20.10696029663086 -62.732391357421875 5.300000190734863
endloop
endfacet
facet normal 0 0 -1
outer loop
vertex 8.418451309204102 -68.35470581054688 5.300000190734863
vertex 18.760690689086914 -63.58659744262695 5.300000190734863
vertex 18.90700912475586 -63.601009368896484 5.300000190734863
endloop
endfacet
facet normal 0 0 -1
outer loop
vertex 8.418451309204102 -68.35470581054688 5.300000190734863
vertex 18.619997024536133 -63.54391860961914 5.300000190734863
vertex 18.760690689086914 -63.58659744262695 5.300000190734863
endloop
endfacet
facet normal 0 0 -1
outer loop
vertex 8.418451309204102 -68.35470581054688 5.300000190734863
vertex 18.490331649780273 -63.474613189697266 5.300000190734863
vertex 18.619997024536133 -63.54391860961914 5.300000190734863
endloop
endfacet
facet normal 0 0 -1
outer loop
vertex 8.418451309204102 -68.35470581054688 5.300000190734863
vertex 18.376678466796875 -63.38134002685547 5.300000190734863
vertex 18.490331649780273 -63.474613189697266 5.300000190734863
endloop
endfacet
facet normal 0 0 -1
outer loop
vertex 8.418451309204102 -68.35470581054688 5.300000190734863
vertex 18.28340721130371 -63.2676887512207 5.300000190734863
vertex 18.376678466796875 -63.38134002685547 5.300000190734863
endloop
endfacet
facet normal 0 0 -1
outer loop
vertex 8.418451309204102 -68.35470581054688 5.300000190734863
vertex 18.214099884033203 -63.138023376464844 5.300000190734863
vertex 18.28340721130371 -63.2676887512207 5.300000190734863
endloop
endfacet
facet normal 0 0 -1
outer loop
vertex 18.171419143676758 -62.9973258972168 5.300000190734863
vertex 0.5504881143569946 -62.75123977661133 5.300000190734863
vertex 18.15700912475586 -62.851009368896484 5.300000190734863
endloop
endfacet
facet normal 0 0 -1
outer loop
vertex 0.5504881143569946 -62.75123977661133 5.300000190734863
vertex 18.162351608276367 -62.79676055908203 5.300000190734863
vertex 18.15700912475586 -62.851009368896484 5.300000190734863
endloop
endfacet
facet normal 0 0 -1
outer loop
vertex 18.214099884033203 -63.138023376464844 5.300000190734863
vertex 0.5504881143569946 -62.75123977661133 5.300000190734863
vertex 18.171419143676758 -62.9973258972168 5.300000190734863
endloop
endfacet
facet normal 0 0 -1
outer loop
vertex 8.418451309204102 -68.35470581054688 5.300000190734863
vertex 0.5504881143569946 -62.75123977661133 5.300000190734863
vertex 18.214099884033203 -63.138023376464844 5.300000190734863
endloop
endfacet
facet normal 0 0 -1
outer loop
vertex 0.5504881143569946 -62.75123977661133 5.300000190734863
vertex 0.9794496297836304 -73.09779357910156 5.300000190734863
vertex 0.17562900483608246 -62.400962829589844 5.300000190734863
endloop
endfacet
facet normal 0.783529730635777 -0.6213542960419818 0
outer loop
vertex -72.22532653808594 65.35240173339844 5.300000190734863
vertex -72.22532653808594 65.35240173339844 0
vertex -71.61203002929688 66.12577056884766 5.300000190734863
endloop
endfacet
facet normal 0.8656917162923999 -0.5005775188147376 0
outer loop
vertex -81.92335510253906 48.58043670654297 0
vertex -81.7479248046875 48.88382339477539 0
vertex -81.7479248046875 48.88382339477539 5.300000190734863
endloop
endfacet
facet normal 0 0 -1
outer loop
vertex 8.418451309204102 -68.35470581054688 5.300000190734863
vertex 8.004069328308105 -68.40850830078125 5.300000190734863
vertex 0.5504881143569946 -62.75123977661133 5.300000190734863
endloop
endfacet
facet normal 0 0 -1
outer loop
vertex 8.004069328308105 -68.40850830078125 5.300000190734863
vertex 7.602950572967529 -68.52560424804688 5.300000190734863
vertex 0.5504881143569946 -62.75123977661133 5.300000190734863
endloop
endfacet
facet normal 0.5008466470453017 0.8655360397715852 0
outer loop
vertex -63.3908576965332 30.933902740478516 0
vertex -80.05840301513672 40.57865905761719 0
vertex -80.05840301513672 40.57865905761719 5.300000190734863
endloop
endfacet
facet normal -0.000052537789644722726 0.9999999986198903 0
outer loop
vertex 65.7792739868164 -68.35169219970703 0
vertex 8.418451309204102 -68.35470581054688 5.300000190734863
vertex 65.7792739868164 -68.35169219970703 1.350000023841858
endloop
endfacet
facet normal -0.00005245208733014947 0.9999999986236148 0.000001244545588054618
outer loop
vertex 65.7792739868164 -68.35169219970703 1.350000023841858
vertex 8.418451309204102 -68.35470581054688 5.300000190734863
vertex 73.7792739868164 -68.35127258300781 1.350000023841858
endloop
endfacet
facet normal 0.783529730635777 -0.6213542960419818 0
outer loop
vertex -72.22532653808594 65.35240173339844 0
vertex -71.61203002929688 66.12577056884766 0
vertex -71.61203002929688 66.12577056884766 5.300000190734863
endloop
endfacet
facet normal -0.9999999845093649 0.00017601497111869124 0
outer loop
vertex 82.79615020751953 -21.84061622619629 3.8963317050350803e-16
vertex 82.79572296142578 -24.2679443359375 0
vertex 82.79615020751953 -21.84061622619629 5.300000190734863
endloop
endfacet
facet normal -0.998538757400032 -0.05404026249011072 0
outer loop
vertex -5.570617198944092 43.883270263671875 0
vertex -5.517193794250488 42.8961296081543 0
vertex -5.517193794250488 42.8961296081543 5.300000190734863
endloop
endfacet
facet normal 0.6766302130885926 -0.7363229962018609 0
outer loop
vertex -71.61203002929688 66.12577056884766 0
vertex -70.94328308105469 66.74030303955078 0
vertex -70.94328308105469 66.74030303955078 5.300000190734863
endloop
endfacet
facet normal 0.5514352019167515 -0.8342177282262895 0
outer loop
vertex -70.94328308105469 66.74030303955078 0
vertex -70.11988830566406 67.28458404541016 0
vertex -70.11988830566406 67.28458404541016 5.300000190734863
endloop
endfacet
facet normal -0.9773425631647616 -0.21166368187890341 0
outer loop
vertex -5.7628560066223145 44.77091979980469 0
vertex -5.570617198944092 43.883270263671875 0
vertex -5.570617198944092 43.883270263671875 5.300000190734863
endloop
endfacet
facet normal -0.9321756489498108 -0.36200629760405967 0
outer loop
vertex -6.120165824890137 45.691001892089844 0
vertex -5.7628560066223145 44.77091979980469 0
vertex -5.7628560066223145 44.77091979980469 5.300000190734863
endloop
endfacet
facet normal -0.6631645540346239 -0.7484736296437292 0
outer loop
vertex -7.8844475746154785 47.840492248535156 0
vertex -7.204660892486572 47.23818588256836 0
vertex -7.204660892486572 47.23818588256836 5.300000190734863
endloop
endfacet
facet normal -0.7733667182035882 -0.6339589254636389 0
outer loop
vertex -7.204660892486572 47.23818588256836 0
vertex -6.578927516937256 46.474853515625 0
vertex -6.578927516937256 46.474853515625 5.300000190734863
endloop
endfacet
facet normal -0.07546211497468115 0.9971486695591325 0
outer loop
vertex 1.5339268445968628 -73.05583190917969 5.300000190734863
vertex 1.5339268445968628 -73.05583190917969 0
vertex 0.9794496297836304 -73.09779357910156 5.300000190734863
endloop
endfacet
facet normal -0.1749952869300204 0.9845692710786174 0
outer loop
vertex 2.176642417907715 -72.94159698486328 5.300000190734863
vertex 2.176642417907715 -72.94159698486328 0
vertex 1.5339268445968628 -73.05583190917969 5.300000190734863
endloop
endfacet
facet normal -0.280941354311853 0.9597249373843643 0
outer loop
vertex 2.803140163421631 -72.7582015991211 5.300000190734863
vertex 2.803140163421631 -72.7582015991211 0
vertex 2.176642417907715 -72.94159698486328 5.300000190734863
endloop
endfacet
facet normal -0.000051879882742682075 0.9999999986542389 0
outer loop
vertex 78.7792739868164 -68.35101318359375 0
vertex 73.7792739868164 -68.35127258300781 0
vertex 73.7792739868164 -68.35127258300781 1.350000023841858
endloop
endfacet
facet normal 0 0 -1
outer loop
vertex 7.602950572967529 -68.52560424804688 5.300000190734863
vertex 7.224704265594482 -68.70318603515625 5.300000190734863
vertex 0.5504881143569946 -62.75123977661133 5.300000190734863
endloop
endfacet
facet normal 0 0 -1
outer loop
vertex 7.224704265594482 -68.70318603515625 5.300000190734863
vertex 6.878390312194824 -68.93701171875 5.300000190734863
vertex 0.5504881143569946 -62.75123977661133 5.300000190734863
endloop
endfacet
facet normal 0 0 -1
outer loop
vertex 6.878390312194824 -68.93701171875 5.300000190734863
vertex 6.5723042488098145 -69.22147369384766 5.300000190734863
vertex 0.5504881143569946 -62.75123977661133 5.300000190734863
endloop
endfacet
facet normal 0 0 -1
outer loop
vertex 6.5723042488098145 -69.22147369384766 5.300000190734863
vertex 6.313778400421143 -69.54975891113281 5.300000190734863
vertex 0.5504881143569946 -62.75123977661133 5.300000190734863
endloop
endfacet
facet normal 0 0 -1
outer loop
vertex 6.313778400421143 -69.54975891113281 5.300000190734863
vertex 5.830327987670898 -70.38043212890625 5.300000190734863
vertex 0.5504881143569946 -62.75123977661133 5.300000190734863
endloop
endfacet
facet normal 0 0 -1
outer loop
vertex 5.830327987670898 -70.38043212890625 5.300000190734863
vertex 5.444263458251953 -70.90682220458984 5.300000190734863
vertex 0.5504881143569946 -62.75123977661133 5.300000190734863
endloop
endfacet
facet normal 0 0 -1
outer loop
vertex 5.444263458251953 -70.90682220458984 5.300000190734863
vertex 5.003290176391602 -71.38814544677734 5.300000190734863
vertex 0.5504881143569946 -62.75123977661133 5.300000190734863
endloop
endfacet
facet normal 0 0 -1
outer loop
vertex 5.003290176391602 -71.38814544677734 5.300000190734863
vertex 4.512628555297852 -71.81871032714844 5.300000190734863
vertex 0.5504881143569946 -62.75123977661133 5.300000190734863
endloop
endfacet
facet normal 0 0 -1
outer loop
vertex 4.512628555297852 -71.81871032714844 5.300000190734863
vertex 3.9780895709991455 -72.19341278076172 5.300000190734863
vertex 0.5504881143569946 -62.75123977661133 5.300000190734863
endloop
endfacet
facet normal 0 0 -1
outer loop
vertex 3.9780895709991455 -72.19341278076172 5.300000190734863
vertex 3.4060020446777344 -72.50782012939453 5.300000190734863
vertex 0.5504881143569946 -62.75123977661133 5.300000190734863
endloop
endfacet
facet normal 0 0 -1
outer loop
vertex -38.753849029541016 -50.93573760986328 5.300000190734863
vertex -59.89299011230469 -67.08344268798828 5.300000190734863
vertex -56.44951248168945 -50.87623977661133 5.300000190734863
endloop
endfacet
facet normal 0.41409089146797656 -0.9102355374315246 0
outer loop
vertex -70.11988830566406 67.28458404541016 0
vertex -69.29318237304688 67.66067504882812 0
vertex -69.29318237304688 67.66067504882812 5.300000190734863
endloop
endfacet
facet normal -0.9999999845093649 0.00017601497111869124 0
outer loop
vertex 82.80367279052734 21.014036178588867 0
vertex 82.8032455444336 18.586708068847656 0
vertex 82.80367279052734 21.014036178588867 5.300000190734863
endloop
endfacet
facet normal -0.4654865523496831 -0.8850549528554074 -0.000002778219481571983
outer loop
vertex -64.64014434814453 67.43646240234375 0
vertex -64.22354125976562 67.21735382080078 0
vertex -64.223388671875 67.2172622680664 3.5999999046325684
endloop
endfacet
facet normal 0.26464820175400317 -0.9643450260712566 0
outer loop
vertex -69.29318237304688 67.66067504882812 0
vertex -68.34134674072266 67.92189025878906 0
vertex -68.34134674072266 67.92189025878906 5.300000190734863
endloop
endfacet
facet normal 0 0 -1
outer loop
vertex -59.89405822753906 -41.440486907958984 5.300000190734863
vertex -59.89378356933594 -48.08344268798828 5.300000190734863
vertex -62.1939811706543 -41.440582275390625 5.300000190734863
endloop
endfacet
facet normal 0 0 -1
outer loop
vertex -56.89299011230469 -50.226009368896484 5.300000190734863
vertex -59.89378356933594 -48.08344268798828 5.300000190734863
vertex -59.89405822753906 -41.440486907958984 5.300000190734863
endloop
endfacet
facet normal 0 0 -1
outer loop
vertex -62.1937255859375 -48.08353805541992 5.300000190734863
vertex -62.1939811706543 -41.440582275390625 5.300000190734863
vertex -59.89378356933594 -48.08344268798828 5.300000190734863
endloop
endfacet
facet normal -0.9999999845093447 0.00017601508565610448 0
outer loop
vertex 82.79991149902344 -0.4132908880710602 0
vertex 82.79948425292969 -2.8406174182891846 0
vertex 82.79991149902344 -0.4132908880710602 5.300000190734863
endloop
endfacet
facet normal 0 0 -1
outer loop
vertex -56.824371337890625 -50.525962829589844 5.300000190734863
vertex -56.44951248168945 -50.87623977661133 5.300000190734863
vertex -59.89299011230469 -67.08344268798828 5.300000190734863
endloop
endfacet
facet normal 0 0 -1
outer loop
vertex -59.89299011230469 -67.08344268798828 5.300000190734863
vertex -56.89299011230469 -50.226009368896484 5.300000190734863
vertex -56.824371337890625 -50.525962829589844 5.300000190734863
endloop
endfacet
facet normal 0.1104720931927172 -0.9938792263779436 0
outer loop
vertex -67.43867492675781 68.02222442626953 0
vertex -67.43867492675781 68.02222442626953 5.300000190734863
vertex -68.34134674072266 67.92189025878906 0
endloop
endfacet
facet normal 0 0 -1
outer loop
vertex -59.89299011230469 -67.08344268798828 5.300000190734863
vertex -59.89378356933594 -48.08344268798828 5.300000190734863
vertex -56.89299011230469 -50.226009368896484 5.300000190734863
endloop
endfacet
facet normal -0.048380055006820216 -0.9988289995177038 0
outer loop
vertex -67.43867492675781 68.02222442626953 0
vertex -66.45280456542969 67.97447204589844 0
vertex -66.45280456542969 67.97447204589844 5.300000190734863
endloop
endfacet
facet normal 0.9999999992598546 0.00003847454733570091 0
outer loop
vertex -62.1937255859375 -48.08353805541992 5.300000190734863
vertex -62.1937255859375 -48.08353805541992 3.1296596851625516e-14
vertex -62.1939811706543 -41.440582275390625 5.300000190734863
endloop
endfacet
facet normal -0.20409312918451264 -0.9789514771528125 0
outer loop
vertex -66.45280456542969 67.97447204589844 0
vertex -65.56369018554688 67.78910827636719 0
vertex -65.56369018554688 67.78910827636719 5.300000190734863
endloop
endfacet
facet normal 0 0 -1
outer loop
vertex -38.26708221435547 -51.146114349365234 5.300000190734863
vertex -56.39704513549805 -73.09656524658203 5.300000190734863
vertex -38.49626922607422 -51.00807189941406 5.300000190734863
endloop
endfacet
facet normal 0 0 -1
outer loop
vertex -56.39704513549805 -73.09656524658203 5.300000190734863
vertex -38.753849029541016 -50.93573760986328 5.300000190734863
vertex -38.49626922607422 -51.00807189941406 5.300000190734863
endloop
endfacet
facet normal 0 0 -1
outer loop
vertex -38.08270263671875 -51.33998107910156 5.300000190734863
vertex -56.39704513549805 -73.09656524658203 5.300000190734863
vertex -38.26708221435547 -51.146114349365234 5.300000190734863
endloop
endfacet
facet normal 0 0 -1
outer loop
vertex -37.956321716308594 -51.5757942199707 5.300000190734863
vertex -56.39704513549805 -73.09656524658203 5.300000190734863
vertex -38.08270263671875 -51.33998107910156 5.300000190734863
endloop
endfacet
facet normal 0 0 -1
outer loop
vertex -37.89698791503906 -51.83667755126953 5.300000190734863
vertex -56.39704513549805 -73.09656524658203 5.300000190734863
vertex -37.956321716308594 -51.5757942199707 5.300000190734863
endloop
endfacet
facet normal 0 0 -1
outer loop
vertex -37.89299011230469 -57.351009368896484 5.300000190734863
vertex -56.39704513549805 -73.09656524658203 5.300000190734863
vertex -37.89698791503906 -51.83667755126953 5.300000190734863
endloop
endfacet
facet normal 0 0 -1
outer loop
vertex -56.39704513549805 -73.09656524658203 5.300000190734863
vertex -37.824371337890625 -57.650962829589844 5.300000190734863
vertex -37.44951248168945 -58.00123977661133 5.300000190734863
endloop
endfacet
facet normal 0 0 -1
outer loop
vertex -56.39704513549805 -73.09656524658203 5.300000190734863
vertex -37.89299011230469 -57.351009368896484 5.300000190734863
vertex -37.824371337890625 -57.650962829589844 5.300000190734863
endloop
endfacet
facet normal 0 0 -1
outer loop
vertex -56.39704513549805 -73.09656524658203 5.300000190734863
vertex -57.047279357910156 -73.03890228271484 5.300000190734863
vertex -38.753849029541016 -50.93573760986328 5.300000190734863
endloop
endfacet
facet normal 0 0 -1
outer loop
vertex -57.047279357910156 -73.03890228271484 5.300000190734863
vertex -57.687400817871094 -72.91091918945312 5.300000190734863
vertex -38.753849029541016 -50.93573760986328 5.300000190734863
endloop
endfacet
facet normal 0 0 -1
outer loop
vertex -57.687400817871094 -72.91091918945312 5.300000190734863
vertex -58.30982971191406 -72.71414947509766 5.300000190734863
vertex -38.753849029541016 -50.93573760986328 5.300000190734863
endloop
endfacet
facet normal 0 0 -1
outer loop
vertex -38.753849029541016 -50.93573760986328 5.300000190734863
vertex -58.907188415527344 -72.45091247558594 5.300000190734863
vertex -59.472412109375 -72.12432861328125 5.300000190734863
endloop
endfacet
facet normal 0 0 -1
outer loop
vertex -38.753849029541016 -50.93573760986328 5.300000190734863
vertex -59.998802185058594 -71.73826599121094 5.300000190734863
vertex -60.48012924194336 -71.29729461669922 5.300000190734863
endloop
endfacet
facet normal 0 0 -1
outer loop
vertex -59.472412109375 -72.12432861328125 5.300000190734863
vertex -59.998802185058594 -71.73826599121094 5.300000190734863
vertex -38.753849029541016 -50.93573760986328 5.300000190734863
endloop
endfacet
facet normal 0 0 -1
outer loop
vertex -58.30982971191406 -72.71414947509766 5.300000190734863
vertex -58.907188415527344 -72.45091247558594 5.300000190734863
vertex -38.753849029541016 -50.93573760986328 5.300000190734863
endloop
endfacet
facet normal -0.38355657627874734 0.9235173808831784 0
outer loop
vertex 3.4060020446777344 -72.50782012939453 5.300000190734863
vertex 3.4060020446777344 -72.50782012939453 0
vertex 2.803140163421631 -72.7582015991211 5.300000190734863
endloop
endfacet
facet normal -0.8630520448577357 -0.5051150045948753 0
outer loop
vertex -6.578927516937256 46.474853515625 0
vertex -6.120165824890137 45.691001892089844 0
vertex -6.120165824890137 45.691001892089844 5.300000190734863
endloop
endfacet
facet normal -0.35671858817465324 -0.9342118864854387 0
outer loop
vertex -65.56369018554688 67.78910827636719 0
vertex -64.64014434814453 67.43646240234375 0
vertex -64.64014434814453 67.43646240234375 5.300000190734863
endloop
endfacet
facet normal 0 0 -1
outer loop
vertex -38.753849029541016 -50.93573760986328 5.300000190734863
vertex -61.285396575927734 -70.27208709716797 5.300000190734863
vertex -59.89299011230469 -67.08344268798828 5.300000190734863
endloop
endfacet
facet normal 0 0 -1
outer loop
vertex -60.91069412231445 -70.80663299560547 5.300000190734863
vertex -61.285396575927734 -70.27208709716797 5.300000190734863
vertex -38.753849029541016 -50.93573760986328 5.300000190734863
endloop
endfacet
facet normal 0 0 -1
outer loop
vertex -60.48012924194336 -71.29729461669922 5.300000190734863
vertex -60.91069412231445 -70.80663299560547 5.300000190734863
vertex -38.753849029541016 -50.93573760986328 5.300000190734863
endloop
endfacet
facet normal 0 0 -1
outer loop
vertex -60.582000732421875 35.44132614135742 5.300000190734863
vertex -63.3908576965332 30.933902740478516 5.300000190734863
vertex -77.26789093017578 45.12233352661133 5.300000190734863
endloop
endfacet
facet normal 0 0 -1
outer loop
vertex -63.3908576965332 30.933902740478516 5.300000190734863
vertex -80.05840301513672 40.57865905761719 5.300000190734863
vertex -77.26789093017578 45.12233352661133 5.300000190734863
endloop
endfacet
facet normal 0.0703163334160347 -0.9975247431792984 0
outer loop
vertex 38.816917419433594 46.023990631103516 0
vertex 38.816917419433594 46.023990631103516 5.300000190734863
vertex 37.96788787841797 45.964141845703125 0
endloop
endfacet
facet normal 0 0 -1
outer loop
vertex -59.89299011230469 -67.08344268798828 5.300000190734863
vertex -61.59980010986328 -69.70000457763672 5.300000190734863
vertex -62.192989349365234 -67.08354187011719 5.300000190734863
endloop
endfacet
facet normal 0 0 -1
outer loop
vertex -61.285396575927734 -70.27208709716797 5.300000190734863
vertex -61.59980010986328 -69.70000457763672 5.300000190734863
vertex -59.89299011230469 -67.08344268798828 5.300000190734863
endloop
endfacet
facet normal 0 0 -1
outer loop
vertex -61.59980010986328 -69.70000457763672 5.300000190734863
vertex -61.850181579589844 -69.09713745117188 5.300000190734863
vertex -62.192989349365234 -67.08354187011719 5.300000190734863
endloop
endfacet
facet normal 0 0 -1
outer loop
vertex -62.192989349365234 -67.08354187011719 5.300000190734863
vertex -62.03357696533203 -68.47064208984375 5.300000190734863
vertex -62.1478157043457 -67.82792663574219 5.300000190734863
endloop
endfacet
facet normal 0 0 -1
outer loop
vertex -61.850181579589844 -69.09713745117188 5.300000190734863
vertex -62.03357696533203 -68.47064208984375 5.300000190734863
vertex -62.192989349365234 -67.08354187011719 5.300000190734863
endloop
endfacet
facet normal -0.24900768841378507 -0.9685015080581049 0
outer loop
vertex -10.505873680114746 48.97817611694336 0
vertex -9.54993724822998 48.732398986816406 0
vertex -9.54993724822998 48.732398986816406 5.300000190734863
endloop
endfacet
facet normal -0.3975056239841558 -0.9175997378492253 0
outer loop
vertex -9.54993724822998 48.732398986816406 0
vertex -8.716545104980469 48.37137222290039 0
vertex -8.716545104980469 48.37137222290039 5.300000190734863
endloop
endfacet
facet normal -0.5378582777499703 -0.8430352739096009 0
outer loop
vertex -8.716545104980469 48.37137222290039 0
vertex -7.8844475746154785 47.840492248535156 0
vertex -7.8844475746154785 47.840492248535156 5.300000190734863
endloop
endfacet
facet normal 0.9999999992598546 0.000038474545954832685 0
outer loop
vertex -62.195701599121094 3.2023732662200928 5.300000190734863
vertex -62.19595718383789 9.845329284667969 0
vertex -62.19595718383789 9.845329284667969 5.300000190734863
endloop
endfacet
facet normal 0.22039681244814002 -0.9754102957538943 0
outer loop
vertex 37.00513458251953 45.746604919433594 0
vertex 37.96788787841797 45.964141845703125 0
vertex 37.96788787841797 45.964141845703125 5.300000190734863
endloop
endfacet
facet normal 0.08833360881362277 0.9960905854939183 0.0008479648251417189
outer loop
vertex -57.047279357910156 -73.03890228271484 5.300000190734863
vertex -56.39704513549805 -73.09656524658203 5.300000190734863
vertex -56.3807258605957 -73.09656524658203 3.5999999046325684
endloop
endfacet
facet normal 0 0 -1
outer loop
vertex -62.195701599121094 3.2023732662200928 5.300000190734863
vertex -62.19595718383789 9.845329284667969 5.300000190734863
vertex -59.89591979980469 3.2024691104888916 5.300000190734863
endloop
endfacet
facet normal 0 0 -1
outer loop
vertex -56.84321975708008 26.0305118560791 5.300000190734863
vertex -59.8951301574707 -15.797531127929688 5.300000190734863
vertex -59.89591979980469 3.2024691104888916 5.300000190734863
endloop
endfacet
facet normal 0.19605545039761135 0.9805928106861632 0
outer loop
vertex -57.047279357910156 -73.03890228271484 5.300000190734863
vertex -57.047279357910156 -73.03890228271484 0
vertex -57.687400817871094 -72.91091918945312 5.300000190734863
endloop
endfacet
facet normal 0.3014283650262612 0.9534888257119719 0
outer loop
vertex -57.687400817871094 -72.91091918945312 5.300000190734863
vertex -57.687400817871094 -72.91091918945312 0
vertex -58.30982971191406 -72.71414947509766 5.300000190734863
endloop
endfacet
facet normal 0.40325085473179567 0.9150894754930123 0
outer loop
vertex -58.30982971191406 -72.71414947509766 5.300000190734863
vertex -58.30982971191406 -72.71414947509766 0
vertex -58.907188415527344 -72.45091247558594 5.300000190734863
endloop
endfacet
facet normal 0.0852093531129664 0.9963629945663517 -0.0003862652484829176
outer loop
vertex -56.3807258605957 -73.09656524658203 3.5999999046325684
vertex -56.39704513549805 -73.09656524658203 0
vertex -57.047279357910156 -73.03890228271484 5.300000190734863
endloop
endfacet
facet normal 0.8188572824121191 0.5739971698890501 0
outer loop
vertex -60.91069412231445 -70.80663299560547 5.300000190734863
vertex -60.91069412231445 -70.80663299560547 0
vertex -61.285396575927734 -70.27208709716797 5.300000190734863
endloop
endfacet
facet normal 0.37214440544066507 -0.9281748442503781 0
outer loop
vertex 36.16213607788086 45.40861129760742 0
vertex 37.00513458251953 45.746604919433594 0
vertex 37.00513458251953 45.746604919433594 5.300000190734863
endloop
endfacet
facet normal 0.9981636824529382 0.06057444206916045 0
outer loop
vertex -62.1478157043457 -67.82792663574219 5.300000190734863
vertex -62.192989349365234 -67.08354187011719 0
vertex -62.192989349365234 -67.08354187011719 5.300000190734863
endloop
endfacet
facet normal 0.9845682586313906 0.17500098312738452 0
outer loop
vertex -62.03357696533203 -68.47064208984375 5.300000190734863
vertex -62.03357696533203 -68.47064208984375 0
vertex -62.1478157043457 -67.82792663574219 5.300000190734863
endloop
endfacet
facet normal 0.9597246491133412 0.28094233907382843 0
outer loop
vertex -61.850181579589844 -69.09713745117188 5.300000190734863
vertex -61.850181579589844 -69.09713745117188 0
vertex -62.03357696533203 -68.47064208984375 5.300000190734863
endloop
endfacet
facet normal 0.9235185629555257 0.3835537301038287 0
outer loop
vertex -61.59980010986328 -69.70000457763672 5.300000190734863
vertex -61.59980010986328 -69.70000457763672 0
vertex -61.850181579589844 -69.09713745117188 5.300000190734863
endloop
endfacet
facet normal 0.8763723084337957 0.4816342772378441 0
outer loop
vertex -61.285396575927734 -70.27208709716797 5.300000190734863
vertex -61.285396575927734 -70.27208709716797 0
vertex -61.59980010986328 -69.70000457763672 5.300000190734863
endloop
endfacet
facet normal 0.5914067305820404 0.8063734116538452 0
outer loop
vertex -59.472412109375 -72.12432861328125 5.300000190734863
vertex -59.472412109375 -72.12432861328125 0
vertex -59.998802185058594 -71.73826599121094 5.300000190734863
endloop
endfacet
facet normal 0.5002892808655127 0.865858322966909 0
outer loop
vertex -58.907188415527344 -72.45091247558594 5.300000190734863
vertex -58.907188415527344 -72.45091247558594 0
vertex -59.472412109375 -72.12432861328125 5.300000190734863
endloop
endfacet
facet normal 0.6755205801601395 0.7373411325703378 0
outer loop
vertex -59.998802185058594 -71.73826599121094 5.300000190734863
vertex -59.998802185058594 -71.73826599121094 0
vertex -60.48012924194336 -71.29729461669922 5.300000190734863
endloop
endfacet
facet normal 0.7516376320563026 0.6595762807111805 0
outer loop
vertex -60.48012924194336 -71.29729461669922 5.300000190734863
vertex -60.48012924194336 -71.29729461669922 0
vertex -60.91069412231445 -70.80663299560547 5.300000190734863
endloop
endfacet
facet normal 0.00002140139361370219 0.9999999997706399 -8.370540293170203e-7
outer loop
vertex -37.3807258605957 -73.09696960449219 3.5999999046325684
vertex 0.9794496297836304 -73.09779357910156 0
vertex -43.172576904296875 -73.09684753417969 1.350000023841858
endloop
endfacet
facet normal 0.00002142698752293024 0.9999999997704422 0
outer loop
vertex 0.9794496297836304 -73.09779357910156 0
vertex -43.172576904296875 -73.09684753417969 0
vertex -43.172576904296875 -73.09684753417969 1.350000023841858
endloop
endfacet
facet normal 0.5128135626900572 -0.8584999999540656 0
outer loop
vertex 35.31477355957031 44.90245056152344 0
vertex 36.16213607788086 45.40861129760742 0
vertex 36.16213607788086 45.40861129760742 5.300000190734863
endloop
endfacet
facet normal 0 0 -1
outer loop
vertex 3.4060020446777344 -72.50782012939453 5.300000190734863
vertex 2.803140163421631 -72.7582015991211 5.300000190734863
vertex 0.5504881143569946 -62.75123977661133 5.300000190734863
endloop
endfacet
facet normal 0 0 -1
outer loop
vertex 2.803140163421631 -72.7582015991211 5.300000190734863
vertex 2.176642417907715 -72.94159698486328 5.300000190734863
vertex 0.5504881143569946 -62.75123977661133 5.300000190734863
endloop
endfacet
facet normal 0 0 -1
outer loop
vertex 2.176642417907715 -72.94159698486328 5.300000190734863
vertex 1.5339268445968628 -73.05583190917969 5.300000190734863
vertex 0.5504881143569946 -62.75123977661133 5.300000190734863
endloop
endfacet
facet normal 0 0 -1
outer loop
vertex 1.5339268445968628 -73.05583190917969 5.300000190734863
vertex 0.9794496297836304 -73.09779357910156 5.300000190734863
vertex 0.5504881143569946 -62.75123977661133 5.300000190734863
endloop
endfacet
facet normal 0.6423487131703294 -0.7664125068710859 0
outer loop
vertex 34.61869430541992 44.31904983520508 0
vertex 35.31477355957031 44.90245056152344 0
vertex 35.31477355957031 44.90245056152344 5.300000190734863
endloop
endfacet
facet normal 0.7543749994615356 -0.6564437220260456 0
outer loop
vertex 33.970767974853516 43.574462890625 0
vertex 34.61869430541992 44.31904983520508 0
vertex 34.61869430541992 44.31904983520508 5.300000190734863
endloop
endfacet
facet normal 0 0 -1
outer loop
vertex -59.89591979980469 3.2024691104888916 5.300000190734863
vertex -62.19595718383789 9.845329284667969 5.300000190734863
vertex -59.89619827270508 9.845425605773926 5.300000190734863
endloop
endfacet
facet normal -0.4816355279824082 0.8763716210518839 0
outer loop
vertex 3.9780895709991455 -72.19341278076172 5.300000190734863
vertex 3.9780895709991455 -72.19341278076172 0
vertex 3.4060020446777344 -72.50782012939453 5.300000190734863
endloop
endfacet
facet normal -0.5740021482011001 0.8188537927252473 0
outer loop
vertex 4.512628555297852 -71.81871032714844 5.300000190734863
vertex 4.512628555297852 -71.81871032714844 0
vertex 3.9780895709991455 -72.19341278076172 5.300000190734863
endloop
endfacet
facet normal 0.8543212286425628 -0.5197453590852562 0
outer loop
vertex 33.30051040649414 42.472740173339844 0
vertex 33.970767974853516 43.574462890625 0
vertex 33.970767974853516 43.574462890625 5.300000190734863
endloop
endfacet
facet normal 0 0 -1
outer loop
vertex -56.84321975708008 26.0305118560791 5.300000190734863
vertex -59.89591979980469 3.2024691104888916 5.300000190734863
vertex -59.89619827270508 9.845425605773926 5.300000190734863
endloop
endfacet
facet normal 0.9599359173755466 0.280219618393088 0
outer loop
vertex -62.25048828125 29.244234085083008 0
vertex -62.36758041381836 29.64535140991211 5.300000190734863
vertex -62.25048828125 29.244234085083008 5.300000190734863
endloop
endfacet
facet normal -0.00005220117280890869 0.9999999986372639 7.1397796473299e-7
outer loop
vertex 73.7792739868164 -68.35127258300781 1.350000023841858
vertex 59.779293060302734 -68.35200500488281 3.5999999046325684
vertex 78.7792739868164 -68.35101318359375 3.5999999046325684
endloop
endfacet
facet normal -0.04382065319753098 0.9990394138137603 0
outer loop
vertex 79.16315460205078 -68.33417510986328 0
vertex 78.7792739868164 -68.35101318359375 0
vertex 78.7792739868164 -68.35101318359375 3.5999999046325684
endloop
endfacet
facet normal -0.000051879882742682075 0.9999999986542389 0
outer loop
vertex 78.7792739868164 -68.35101318359375 0
vertex 73.7792739868164 -68.35127258300781 1.350000023841858
vertex 78.7792739868164 -68.35101318359375 3.5999999046325684
endloop
endfacet
facet normal -0.1592728051293327 0.9872346091716161 0
outer loop
vertex 79.72046661376953 -68.2442626953125 0
vertex 79.16315460205078 -68.33417510986328 0
vertex 79.16315460205078 -68.33417510986328 5.300000190734863
endloop
endfacet
facet normal -0.312956451767833 0.9497674764366738 0
outer loop
vertex 80.39134979248047 -68.02320098876953 0
vertex 79.72046661376953 -68.2442626953125 0
vertex 79.72046661376953 -68.2442626953125 5.300000190734863
endloop
endfacet
facet normal -0.4785512886385305 0.8780596017027557 0
outer loop
vertex 81.03419494628906 -67.67284393310547 0
vertex 80.39134979248047 -68.02320098876953 0
vertex 80.39134979248047 -68.02320098876953 5.300000190734863
endloop
endfacet
facet normal -0.6275370752016264 0.7785866806254703 0
outer loop
vertex 81.57657623291016 -67.23568725585938 0
vertex 81.03419494628906 -67.67284393310547 0
vertex 81.03419494628906 -67.67284393310547 5.300000190734863
endloop
endfacet
facet normal -0.12875715895081186 0.9916761538016912 0
outer loop
vertex 8.418451309204102 -68.35470581054688 5.300000190734863
vertex 8.418451309204102 -68.35470581054688 0
vertex 8.004069328308105 -68.40850830078125 5.300000190734863
endloop
endfacet
facet normal -0.28022710977319304 0.9599337304981853 0
outer loop
vertex 8.004069328308105 -68.40850830078125 5.300000190734863
vertex 8.004069328308105 -68.40850830078125 0
vertex 7.602950572967529 -68.52560424804688 5.300000190734863
endloop
endfacet
facet normal -0.4249808761984567 0.905202328137523 0
outer loop
vertex 7.602950572967529 -68.52560424804688 5.300000190734863
vertex 7.602950572967529 -68.52560424804688 0
vertex 7.224704265594482 -68.70318603515625 5.300000190734863
endloop
endfacet
facet normal 0.7856348725389973 -0.6186904290924771 0
outer loop
vertex 33.04198455810547 42.14445495605469 0
vertex 33.30051040649414 42.472740173339844 0
vertex 33.30051040649414 42.472740173339844 5.300000190734863
endloop
endfacet
facet normal 0.6807612796739902 -0.7325053447563582 0
outer loop
vertex 32.73590087890625 41.85999298095703 0
vertex 33.04198455810547 42.14445495605469 0
vertex 33.04198455810547 42.14445495605469 5.300000190734863
endloop
endfacet
facet normal 0.5595739798091143 -0.8287804058498179 0
outer loop
vertex 32.389583587646484 41.62616729736328 0
vertex 32.73590087890625 41.85999298095703 0
vertex 32.73590087890625 41.85999298095703 5.300000190734863
endloop
endfacet
facet normal 0.4249883565126626 -0.9051988161882814 0
outer loop
vertex 32.01133728027344 41.44858169555664 0
vertex 32.389583587646484 41.62616729736328 0
vertex 32.389583587646484 41.62616729736328 5.300000190734863
endloop
endfacet
facet normal 0.9999999992598546 0.00003847454733570091 0
outer loop
vertex -62.1947135925293 -22.440582275390625 5.300000190734863
vertex -62.1947135925293 -22.440582275390625 0
vertex -62.194969177246094 -15.797626495361328 0
endloop
endfacet
facet normal 0.28022803067302854 -0.9599334616655032 0
outer loop
vertex 31.610219955444336 41.331485748291016 0
vertex 32.01133728027344 41.44858169555664 0
vertex 32.01133728027344 41.44858169555664 5.300000190734863
endloop
endfacet
facet normal -0.5595776843350208 0.828777904624789 0
outer loop
vertex 7.224704265594482 -68.70318603515625 5.300000190734863
vertex 7.224704265594482 -68.70318603515625 0
vertex 6.878390312194824 -68.93701171875 5.300000190734863
endloop
endfacet
facet normal 0.12873891195893875 -0.9916785227822718 0
outer loop
vertex 31.195837020874023 41.27769088745117 0
vertex 31.610219955444336 41.331485748291016 0
vertex 31.610219955444336 41.331485748291016 5.300000190734863
endloop
endfacet
facet normal 0.0003251851917070649 -0.9999999471272942 0
outer loop
vertex 19.816917419433594 41.273990631103516 0
vertex 31.195837020874023 41.27769088745117 0
vertex 31.195837020874023 41.27769088745117 5.300000190734863
endloop
endfacet
facet normal -0.5005702647485235 -0.8656959108422282 -7.988519565199071e-7
outer loop
vertex -64.223388671875 67.2172622680664 3.5999999046325684
vertex -64.22354125976562 67.21735382080078 0
vertex -47.451576232910156 57.51932144165039 0
endloop
endfacet
facet normal -0.46264057151305776 -0.886545938792836 0
outer loop
vertex -46.50979232788086 56.80990219116211 0
vertex -46.13934326171875 56.61658477783203 0
vertex -46.13934326171875 56.61658477783203 5.300000190734863
endloop
endfacet
facet normal -0.6016712163103481 -0.79874385597864 0
outer loop
vertex -47.451576232910156 57.51932144165039 0
vertex -46.50979232788086 56.80990219116211 0
vertex -46.50979232788086 56.80990219116211 5.300000190734863
endloop
endfacet
facet normal -0.5005701954381439 -0.8656959509197688 -3.67982416033569e-7
outer loop
vertex -47.77516555786133 57.70642852783203 3.5999999046325684
vertex -64.223388671875 67.2172622680664 3.5999999046325684
vertex -47.451576232910156 57.51932144165039 0
endloop
endfacet
facet normal -0.6807584344573968 0.73250798897699 0
outer loop
vertex 6.878390312194824 -68.93701171875 5.300000190734863
vertex 6.878390312194824 -68.93701171875 0
vertex 6.5723042488098145 -69.22147369384766 5.300000190734863
endloop
endfacet
facet normal -0.9999999845093447 0.00017601508565610448 0
outer loop
vertex 82.79991149902344 -0.4132908880710602 5.300000190734863
vertex 82.79948425292969 -2.8406174182891846 0
vertex 82.79948425292969 -2.8406174182891846 5.300000190734863
endloop
endfacet
facet normal 0 0 -1
outer loop
vertex -79.75678253173828 47.73261642456055 5.300000190734863
vertex -67.68164825439453 62.561893463134766 5.300000190734863
vertex -77.36265563964844 45.875999450683594 5.300000190734863
endloop
endfacet
facet normal 0 0 -1
outer loop
vertex -77.4297103881836 45.512359619140625 5.300000190734863
vertex -82.62789154052734 44.4626350402832 5.300000190734863
vertex -77.36265563964844 45.875999450683594 5.300000190734863
endloop
endfacet
facet normal 0 0 -1
outer loop
vertex 80.50399017333984 21.014400482177734 5.300000190734863
vertex 77.45723724365234 -55.2325325012207 5.300000190734863
vertex 80.50701141357422 40.014400482177734 5.300000190734863
endloop
endfacet
facet normal 0 0 -1
outer loop
vertex 82.79948425292969 -2.8406174182891846 5.300000190734863
vertex 80.50020599365234 -2.840252161026001 5.300000190734863
vertex 80.5005874633789 -0.41292569041252136 5.300000190734863
endloop
endfacet
facet normal 0 0 -1
outer loop
vertex 82.79991149902344 -0.4132908880710602 5.300000190734863
vertex 82.79948425292969 -2.8406174182891846 5.300000190734863
vertex 80.5005874633789 -0.41292569041252136 5.300000190734863
endloop
endfacet
facet normal 0 0 -1
outer loop
vertex -77.26789093017578 45.12233352661133 5.300000190734863
vertex -82.3666763305664 43.51080322265625 5.300000190734863
vertex -77.4297103881836 45.512359619140625 5.300000190734863
endloop
endfacet
facet normal 0 0 -1
outer loop
vertex -81.7479248046875 48.88382339477539 5.300000190734863
vertex -82.49510192871094 47.24028778076172 5.300000190734863
vertex -81.92335510253906 48.58043670654297 5.300000190734863
endloop
endfacet
facet normal 0 0 -1
outer loop
vertex -82.49510192871094 47.24028778076172 5.300000190734863
vertex -82.14246368408203 48.16383743286133 5.300000190734863
vertex -81.92335510253906 48.58043670654297 5.300000190734863
endloop
endfacet
facet normal 0 0 -1
outer loop
vertex -77.36265563964844 45.875999450683594 5.300000190734863
vertex -82.68047332763672 46.35117721557617 5.300000190734863
vertex -79.75678253173828 47.73261642456055 5.300000190734863
endloop
endfacet
facet normal 0 0 -1
outer loop
vertex -77.36265563964844 45.875999450683594 5.300000190734863
vertex -82.72822570800781 45.36530685424805 5.300000190734863
vertex -82.68047332763672 46.35117721557617 5.300000190734863
endloop
endfacet
facet normal 0 0 -1
outer loop
vertex 80.50701141357422 40.014400482177734 5.300000190734863
vertex 77.45723724365234 -55.2325325012207 5.300000190734863
vertex 77.50701141357422 40.023990631103516 5.300000190734863
endloop
endfacet
facet normal 0 0 -1
outer loop
vertex -82.68047332763672 46.35117721557617 5.300000190734863
vertex -81.7479248046875 48.88382339477539 5.300000190734863
vertex -79.75678253173828 47.73261642456055 5.300000190734863
endloop
endfacet
facet normal -0.7856348725389973 0.6186904290924771 0
outer loop
vertex 6.5723042488098145 -69.22147369384766 5.300000190734863
vertex 6.5723042488098145 -69.22147369384766 0
vertex 6.313778400421143 -69.54975891113281 5.300000190734863
endloop
endfacet
facet normal 0 0 -1
outer loop
vertex -82.68047332763672 46.35117721557617 5.300000190734863
vertex -82.49510192871094 47.24028778076172 5.300000190734863
vertex -81.7479248046875 48.88382339477539 5.300000190734863
endloop
endfacet
facet normal -0.9999999845093649 0.00017601497111869124 0
outer loop
vertex 82.80367279052734 21.014036178588867 5.300000190734863
vertex 82.8032455444336 18.586708068847656 0
vertex 82.8032455444336 18.586708068847656 5.300000190734863
endloop
endfacet
facet normal 0 0 -1
outer loop
vertex -82.62789154052734 44.4626350402832 5.300000190734863
vertex -82.72822570800781 45.36530685424805 5.300000190734863
vertex -77.36265563964844 45.875999450683594 5.300000190734863
endloop
endfacet
facet normal 0 0 -1
outer loop
vertex -82.3666763305664 43.51080322265625 5.300000190734863
vertex -82.62789154052734 44.4626350402832 5.300000190734863
vertex -77.4297103881836 45.512359619140625 5.300000190734863
endloop
endfacet
facet normal 0 0 -1
outer loop
vertex -77.26789093017578 45.12233352661133 5.300000190734863
vertex -81.99058532714844 42.68409729003906 5.300000190734863
vertex -82.3666763305664 43.51080322265625 5.300000190734863
endloop
endfacet
facet normal 0 0 -1
outer loop
vertex 80.50360870361328 18.587074279785156 5.300000190734863
vertex 80.50399017333984 21.014400482177734 5.300000190734863
vertex 82.8032455444336 18.586708068847656 5.300000190734863
endloop
endfacet
facet normal 0 0 -1
outer loop
vertex 82.80367279052734 21.014036178588867 5.300000190734863
vertex 82.8032455444336 18.586708068847656 5.300000190734863
vertex 80.50399017333984 21.014400482177734 5.300000190734863
endloop
endfacet
facet normal 0 0 -1
outer loop
vertex -77.26789093017578 45.12233352661133 5.300000190734863
vertex -81.44630432128906 41.86070251464844 5.300000190734863
vertex -81.99058532714844 42.68409729003906 5.300000190734863
endloop
endfacet
facet normal 0 0 -1
outer loop
vertex -80.83177185058594 41.191951751708984 5.300000190734863
vertex -81.44630432128906 41.86070251464844 5.300000190734863
vertex -77.26789093017578 45.12233352661133 5.300000190734863
endloop
endfacet
facet normal 0 0 -1
outer loop
vertex -80.83177185058594 41.191951751708984 5.300000190734863
vertex -77.26789093017578 45.12233352661133 5.300000190734863
vertex -80.05840301513672 40.57865905761719 5.300000190734863
endloop
endfacet
facet normal 0.5008466470453017 0.8655360397715852 0
outer loop
vertex -63.3908576965332 30.933902740478516 5.300000190734863
vertex -63.3908576965332 30.933902740478516 0
vertex -80.05840301513672 40.57865905761719 5.300000190734863
endloop
endfacet
facet normal 0.8656917162923999 -0.5005775188147376 0
outer loop
vertex -81.92335510253906 48.58043670654297 5.300000190734863
vertex -81.92335510253906 48.58043670654297 0
vertex -81.7479248046875 48.88382339477539 5.300000190734863
endloop
endfacet
facet normal 0.8850531968496501 -0.465489891132143 0
outer loop
vertex -82.14246368408203 48.16383743286133 5.300000190734863
vertex -82.14246368408203 48.16383743286133 0
vertex -81.92335510253906 48.58043670654297 5.300000190734863
endloop
endfacet
facet normal 0.9342149493324248 -0.3567105667678137 0
outer loop
vertex -82.49510192871094 47.24028778076172 5.300000190734863
vertex -82.49510192871094 47.24028778076172 0
vertex -82.14246368408203 48.16383743286133 5.300000190734863
endloop
endfacet
facet normal 0.9643447553820826 0.2646491881096017 0
outer loop
vertex -82.3666763305664 43.51080322265625 5.300000190734863
vertex -82.3666763305664 43.51080322265625 0
vertex -82.62789154052734 44.4626350402832 5.300000190734863
endloop
endfacet
facet normal -0.8642806573389884 0.5030098859363363 0
outer loop
vertex 6.313778400421143 -69.54975891113281 5.300000190734863
vertex 6.313778400421143 -69.54975891113281 0
vertex 5.830327987670898 -70.38043212890625 5.300000190734863
endloop
endfacet
facet normal -0.8063720182371861 0.591408630478189 0
outer loop
vertex 5.830327987670898 -70.38043212890625 5.300000190734863
vertex 5.830327987670898 -70.38043212890625 0
vertex 5.444263458251953 -70.90682220458984 5.300000190734863
endloop
endfacet
facet normal 0.9789496238030094 -0.20410201874539716 0
outer loop
vertex -82.68047332763672 46.35117721557617 5.300000190734863
vertex -82.68047332763672 46.35117721557617 0
vertex -82.49510192871094 47.24028778076172 5.300000190734863
endloop
endfacet
facet normal -0.0003311910869894072 -0.9999999451562304 0
outer loop
vertex 38.816917419433594 46.023990631103516 5.300000190734863
vertex 38.816917419433594 46.023990631103516 0
vertex 58.16735076904297 46.017581939697266 3.5999999046325684
endloop
endfacet
facet normal -0.00033119108698940726 -0.9999999451562305 0
outer loop
vertex 58.16735076904297 46.017581939697266 5.300000190734863
vertex 38.816917419433594 46.023990631103516 5.300000190734863
vertex 58.16735076904297 46.017581939697266 3.5999999046325684
endloop
endfacet
facet normal 0.9916776251315197 0.12874582639258214 0
outer loop
vertex -62.198699951171875 28.84532928466797 5.300000190734863
vertex -62.25048828125 29.244234085083008 0
vertex -62.25048828125 29.244234085083008 5.300000190734863
endloop
endfacet
facet normal 0.8287789765844558 0.5595760966764238 0
outer loop
vertex -62.545166015625 30.023597717285156 5.300000190734863
vertex -62.545166015625 30.023597717285156 0
vertex -62.77899169921875 30.36991310119629 5.300000190734863
endloop
endfacet
facet normal 0 0 -1
outer loop
vertex 38.816917419433594 46.023990631103516 5.300000190734863
vertex 77.06352996826172 40.67422103881836 5.300000190734863
vertex 38.807010650634766 40.72399139404297 5.300000190734863
endloop
endfacet
facet normal 0.9999999992598546 0.00003847454733570091 0
outer loop
vertex -62.1937255859375 -48.08353805541992 3.1296596851625516e-14
vertex -62.1939811706543 -41.440582275390625 0
vertex -62.1939811706543 -41.440582275390625 5.300000190734863
endloop
endfacet
facet normal 0.9988289995177038 -0.048380055006820216 0
outer loop
vertex -82.72822570800781 45.36530685424805 5.300000190734863
vertex -82.72822570800781 45.36530685424805 0
vertex -82.68047332763672 46.35117721557617 5.300000190734863
endloop
endfacet
facet normal 0 0 -1
outer loop
vertex 58.16735076904297 46.017581939697266 5.300000190734863
vertex 77.06352996826172 40.67422103881836 5.300000190734863
vertex 38.816917419433594 46.023990631103516 5.300000190734863
endloop
endfacet
facet normal 0.732507460135516 0.6807590034996346 0
outer loop
vertex -62.77899169921875 30.36991310119629 5.300000190734863
vertex -62.77899169921875 30.36991310119629 0
vertex -63.063453674316406 30.67599868774414 5.300000190734863
endloop
endfacet
facet normal 0.6187972699884581 0.785550723158493 0
outer loop
vertex -63.063453674316406 30.67599868774414 5.300000190734863
vertex -63.063453674316406 30.67599868774414 0
vertex -63.3908576965332 30.933902740478516 5.300000190734863
endloop
endfacet
facet normal 0.9051988161882814 0.4249883565126626 0
outer loop
vertex -62.36758041381836 29.64535140991211 5.300000190734863
vertex -62.36758041381836 29.64535140991211 0
vertex -62.545166015625 30.023597717285156 5.300000190734863
endloop
endfacet
facet normal 0 0 -1
outer loop
vertex -56.84321975708008 26.0305118560791 5.300000190734863
vertex -59.89619827270508 9.845425605773926 5.300000190734863
vertex -59.89699172973633 28.84542465209961 5.300000190734863
endloop
endfacet
facet normal -0.949840731632363 -0.3127340476061044 0
outer loop
vertex 82.34803771972656 42.32323455810547 5.300000190734863
vertex 82.34803771972656 42.32323455810547 0
vertex 82.63207244873047 41.4605598449707 5.300000190734863
endloop
endfacet
facet normal -0.8891954471908633 -0.4575275474712321 0
outer loop
vertex 81.89644622802734 43.20089340209961 5.300000190734863
vertex 81.89644622802734 43.20089340209961 0
vertex 82.34803771972656 42.32323455810547 5.300000190734863
endloop
endfacet
facet normal -0.9992234154160717 -0.039402615195446286 0
outer loop
vertex 82.78845977783203 40.48442459106445 5.300000190734863
vertex 82.78845977783203 40.48442459106445 0
vertex 82.8070068359375 40.01408386230469 5.300000190734863
endloop
endfacet
facet normal 0.07031649060129559 -0.9975247320991686 0
outer loop
vertex 19.816917419433594 41.273990631103516 0
vertex 19.816917419433594 41.273990631103516 5.300000190734863
vertex 18.9678897857666 41.214141845703125 0
endloop
endfacet
facet normal -0.9874081518146937 -0.15819336816027005 0
outer loop
vertex 82.63207244873047 41.4605598449707 5.300000190734863
vertex 82.63207244873047 41.4605598449707 0
vertex 82.78845977783203 40.48442459106445 5.300000190734863
endloop
endfacet
facet normal -0.14141528250128896 -0.9899499290063069 -0.0009251678163625494
outer loop
vertex 77.16735076904297 46.011287689208984 3.5999999046325684
vertex 77.19095611572266 46.01128005981445 0
vertex 78.16735076904297 45.86684799194336 5.300000190734863
endloop
endfacet
facet normal -0.29934382334547077 -0.9541453114829606 0
outer loop
vertex 78.16735076904297 45.86684799194336 5.300000190734863
vertex 78.16735076904297 45.86684799194336 0
vertex 79.033935546875 45.594974517822266 5.300000190734863
endloop
endfacet
facet normal -0.44672501329094655 -0.8946713153444696 0
outer loop
vertex 79.033935546875 45.594974517822266 5.300000190734863
vertex 79.033935546875 45.594974517822266 0
vertex 79.91699981689453 45.15404510498047 5.300000190734863
endloop
endfacet
facet normal -0.5812362071652315 -0.8137348901701194 0
outer loop
vertex 79.91699981689453 45.15404510498047 5.300000190734863
vertex 79.91699981689453 45.15404510498047 0
vertex 80.65605926513672 44.62614822387695 5.300000190734863
endloop
endfacet
facet normal -0.7028096271637406 -0.7113779782689115 0
outer loop
vertex 80.65605926513672 44.62614822387695 5.300000190734863
vertex 80.65605926513672 44.62614822387695 0
vertex 81.35820770263672 43.932456970214844 5.300000190734863
endloop
endfacet
facet normal -0.8054806510705651 -0.5926220724466299 0
outer loop
vertex 81.35820770263672 43.932456970214844 5.300000190734863
vertex 81.35820770263672 43.932456970214844 0
vertex 81.89644622802734 43.20089340209961 5.300000190734863
endloop
endfacet
facet normal 0 0 -1
outer loop
vertex -63.3908576965332 30.933902740478516 5.300000190734863
vertex -60.582000732421875 35.44132614135742 5.300000190734863
vertex -60.218360900878906 35.374271392822266 5.300000190734863
endloop
endfacet
facet normal 0 0 -1
outer loop
vertex -62.25048828125 29.244234085083008 5.300000190734863
vertex -56.20293045043945 32.89583969116211 5.300000190734863
vertex -62.198699951171875 28.84532928466797 5.300000190734863
endloop
endfacet
facet normal -0.14633124991645563 -0.9892335693734171 0.0020274423830057074
outer loop
vertex 78.16735076904297 45.86684799194336 5.300000190734863
vertex 77.19095611572266 46.01128005981445 5.300000190734863
vertex 77.16735076904297 46.011287689208984 3.5999999046325684
endloop
endfacet
facet normal 0 0 -1
outer loop
vertex -62.77899169921875 30.36991310119629 5.300000190734863
vertex -63.063453674316406 30.67599868774414 5.300000190734863
vertex -56.20293045043945 32.89583969116211 5.300000190734863
endloop
endfacet
facet normal 0 0 -1
outer loop
vertex 77.19095611572266 46.01128005981445 5.300000190734863
vertex 77.06352996826172 40.67422103881836 5.300000190734863
vertex 58.16735076904297 46.017581939697266 5.300000190734863
endloop
endfacet
facet normal 0 0 -1
outer loop
vertex -63.063453674316406 30.67599868774414 5.300000190734863
vertex -63.3908576965332 30.933902740478516 5.300000190734863
vertex -56.20293045043945 32.89583969116211 5.300000190734863
endloop
endfacet
facet normal 0 0 -1
outer loop
vertex 77.43839263916016 40.32394027709961 5.300000190734863
vertex 80.65605926513672 44.62614822387695 5.300000190734863
vertex 77.50701141357422 40.023990631103516 5.300000190734863
endloop
endfacet
facet normal 0 0 -1
outer loop
vertex 77.06352996826172 40.67422103881836 5.300000190734863
vertex 79.91699981689453 45.15404510498047 5.300000190734863
vertex 77.43839263916016 40.32394027709961 5.300000190734863
endloop
endfacet
facet normal 0 0 -1
outer loop
vertex 80.50701141357422 40.014400482177734 5.300000190734863
vertex 77.50701141357422 40.023990631103516 5.300000190734863
vertex 81.89644622802734 43.20089340209961 5.300000190734863
endloop
endfacet
facet normal 0 0 -1
outer loop
vertex 80.65605926513672 44.62614822387695 5.300000190734863
vertex 81.35820770263672 43.932456970214844 5.300000190734863
vertex 77.50701141357422 40.023990631103516 5.300000190734863
endloop
endfacet
facet normal 0 0 -1
outer loop
vertex 81.35820770263672 43.932456970214844 5.300000190734863
vertex 81.89644622802734 43.20089340209961 5.300000190734863
vertex 77.50701141357422 40.023990631103516 5.300000190734863
endloop
endfacet
facet normal 0 0 -1
outer loop
vertex 80.50701141357422 40.014400482177734 5.300000190734863
vertex 81.89644622802734 43.20089340209961 5.300000190734863
vertex 82.8070068359375 40.01408386230469 5.300000190734863
endloop
endfacet
facet normal 0 0 -1
outer loop
vertex 82.34803771972656 42.32323455810547 5.300000190734863
vertex 82.63207244873047 41.4605598449707 5.300000190734863
vertex 82.8070068359375 40.01408386230469 5.300000190734863
endloop
endfacet
facet normal 0 0 -1
outer loop
vertex 81.89644622802734 43.20089340209961 5.300000190734863
vertex 82.34803771972656 42.32323455810547 5.300000190734863
vertex 82.8070068359375 40.01408386230469 5.300000190734863
endloop
endfacet
facet normal 0 0 -1
outer loop
vertex 82.8070068359375 40.01408386230469 5.300000190734863
vertex 82.63207244873047 41.4605598449707 5.300000190734863
vertex 82.78845977783203 40.48442459106445 5.300000190734863
endloop
endfacet
facet normal 0.22039598159656307 -0.9754104834868689 0
outer loop
vertex 18.9678897857666 41.214141845703125 0
vertex 18.9678897857666 41.214141845703125 5.300000190734863
vertex 18.0051326751709 40.996604919433594 0
endloop
endfacet
facet normal 0.3721451308366356 -0.9281745534082386 0
outer loop
vertex 17.16213607788086 40.65861129760742 0
vertex 18.0051326751709 40.996604919433594 0
vertex 18.0051326751709 40.996604919433594 5.300000190734863
endloop
endfacet
facet normal 0.5128144134392119 -0.8584994917697955 0
outer loop
vertex 16.314775466918945 40.15245056152344 0
vertex 17.16213607788086 40.65861129760742 0
vertex 17.16213607788086 40.65861129760742 5.300000190734863
endloop
endfacet
facet normal 0.6402698796367932 -0.7681500382281357 0
outer loop
vertex 15.514007568359375 39.48499298095703 0
vertex 16.314775466918945 40.15245056152344 0
vertex 16.314775466918945 40.15245056152344 5.300000190734863
endloop
endfacet
facet normal 0.000021281995266559036 0.999999999773398 -5.297040388757212e-7
outer loop
vertex -56.3807258605957 -73.09656524658203 3.5999999046325684
vertex -37.3807258605957 -73.09696960449219 3.5999999046325684
vertex -43.172576904296875 -73.09684753417969 1.350000023841858
endloop
endfacet
facet normal 0.000020980834956264287 0.9999999997772628 -0.000002297602016626416
outer loop
vertex -51.172576904296875 -73.0966796875 1.350000023841858
vertex -56.3807258605957 -73.09656524658203 3.5999999046325684
vertex -43.172576904296875 -73.09684753417969 1.350000023841858
endloop
endfacet
facet normal 0.5595782135560988 -0.8287775473028725 0
outer loop
vertex 15.167694091796875 39.25116729736328 0
vertex 15.514007568359375 39.48499298095703 0
vertex 15.514007568359375 39.48499298095703 5.300000190734863
endloop
endfacet
facet normal 0.4249883565126626 -0.9051988161882814 0
outer loop
vertex 14.789447784423828 39.07358169555664 0
vertex 15.167694091796875 39.25116729736328 0
vertex 15.167694091796875 39.25116729736328 5.300000190734863
endloop
endfacet
facet normal 0 0 -1
outer loop
vertex -56.20293045043945 32.89583969116211 5.300000190734863
vertex -62.25048828125 29.244234085083008 5.300000190734863
vertex -62.36758041381836 29.64535140991211 5.300000190734863
endloop
endfacet
facet normal 0 0 -1
outer loop
vertex -56.20293045043945 32.89583969116211 5.300000190734863
vertex -62.36758041381836 29.64535140991211 5.300000190734863
vertex -62.545166015625 30.023597717285156 5.300000190734863
endloop
endfacet
facet normal 0 0 -1
outer loop
vertex 77.19095611572266 46.01128005981445 5.300000190734863
vertex 78.16735076904297 45.86684799194336 5.300000190734863
vertex 77.06352996826172 40.67422103881836 5.300000190734863
endloop
endfacet
facet normal 0 0 -1
outer loop
vertex 78.16735076904297 45.86684799194336 5.300000190734863
vertex 79.033935546875 45.594974517822266 5.300000190734863
vertex 77.06352996826172 40.67422103881836 5.300000190734863
endloop
endfacet
facet normal 0 0 -1
outer loop
vertex 79.033935546875 45.594974517822266 5.300000190734863
vertex 79.91699981689453 45.15404510498047 5.300000190734863
vertex 77.06352996826172 40.67422103881836 5.300000190734863
endloop
endfacet
facet normal 0 0 -1
outer loop
vertex 80.65605926513672 44.62614822387695 5.300000190734863
vertex 77.43839263916016 40.32394027709961 5.300000190734863
vertex 79.91699981689453 45.15404510498047 5.300000190734863
endloop
endfacet
facet normal 0 0 -1
outer loop
vertex -62.545166015625 30.023597717285156 5.300000190734863
vertex -62.77899169921875 30.36991310119629 5.300000190734863
vertex -56.20293045043945 32.89583969116211 5.300000190734863
endloop
endfacet
facet normal 0 0 -1
outer loop
vertex -59.89699172973633 28.84542465209961 5.300000190734863
vertex -62.198699951171875 28.84532928466797 5.300000190734863
vertex -56.20293045043945 32.89583969116211 5.300000190734863
endloop
endfacet
facet normal 0 0 -1
outer loop
vertex 80.50360870361328 18.587074279785156 5.300000190734863
vertex 77.45723724365234 -55.2325325012207 5.300000190734863
vertex 80.50399017333984 21.014400482177734 5.300000190734863
endloop
endfacet
facet normal 0.00002193048583836245 0.9999999997595219 -9.941378794973082e-8
outer loop
vertex -56.3807258605957 -73.09656524658203 3.5999999046325684
vertex -51.172576904296875 -73.0966796875 1.350000023841858
vertex -56.39704513549805 -73.09656524658203 0
endloop
endfacet
facet normal 0.08833364057153083 0.9960909436107627 0
outer loop
vertex -56.39704513549805 -73.09656524658203 0
vertex -57.047279357910156 -73.03890228271484 0
vertex -57.047279357910156 -73.03890228271484 5.300000190734863
endloop
endfacet
facet normal 0.19605545039761135 0.9805928106861632 0
outer loop
vertex -57.047279357910156 -73.03890228271484 0
vertex -57.687400817871094 -72.91091918945312 0
vertex -57.687400817871094 -72.91091918945312 5.300000190734863
endloop
endfacet
facet normal 0.3014283650262612 0.9534888257119719 0
outer loop
vertex -57.687400817871094 -72.91091918945312 0
vertex -58.30982971191406 -72.71414947509766 0
vertex -58.30982971191406 -72.71414947509766 5.300000190734863
endloop
endfacet
facet normal 0.8188572824121191 0.5739971698890501 0
outer loop
vertex -60.91069412231445 -70.80663299560547 0
vertex -61.285396575927734 -70.27208709716797 0
vertex -61.285396575927734 -70.27208709716797 5.300000190734863
endloop
endfacet
facet normal 0.7516376320563026 0.6595762807111805 0
outer loop
vertex -60.48012924194336 -71.29729461669922 0
vertex -60.91069412231445 -70.80663299560547 0
vertex -60.91069412231445 -70.80663299560547 5.300000190734863
endloop
endfacet
facet normal 0.9981636824529382 0.06057444206916045 0
outer loop
vertex -62.1478157043457 -67.82792663574219 5.300000190734863
vertex -62.1478157043457 -67.82792663574219 0
vertex -62.192989349365234 -67.08354187011719 0
endloop
endfacet
facet normal 0.9845682586313906 0.17500098312738452 0
outer loop
vertex -62.03357696533203 -68.47064208984375 0
vertex -62.1478157043457 -67.82792663574219 0
vertex -62.1478157043457 -67.82792663574219 5.300000190734863
endloop
endfacet
facet normal 0.9597246491133412 0.28094233907382843 0
outer loop
vertex -61.850181579589844 -69.09713745117188 0
vertex -62.03357696533203 -68.47064208984375 0
vertex -62.03357696533203 -68.47064208984375 5.300000190734863
endloop
endfacet
facet normal 0.280227416739161 -0.9599336408875858 0
outer loop
vertex 14.38832950592041 38.956485748291016 0
vertex 14.789447784423828 39.07358169555664 0
vertex 14.789447784423828 39.07358169555664 5.300000190734863
endloop
endfacet
facet normal 0.9235185629555257 0.3835537301038287 0
outer loop
vertex -61.850181579589844 -69.09713745117188 0
vertex -61.850181579589844 -69.09713745117188 5.300000190734863
vertex -61.59980010986328 -69.70000457763672 0
endloop
endfacet
facet normal 0.8763723084337957 0.4816342772378441 0
outer loop
vertex -61.285396575927734 -70.27208709716797 0
vertex -61.59980010986328 -69.70000457763672 0
vertex -61.59980010986328 -69.70000457763672 5.300000190734863
endloop
endfacet
facet normal 0.5914067305820404 0.8063734116538452 0
outer loop
vertex -59.472412109375 -72.12432861328125 0
vertex -59.998802185058594 -71.73826599121094 0
vertex -59.998802185058594 -71.73826599121094 5.300000190734863
endloop
endfacet
facet normal 0.40325085473179567 0.9150894754930123 0
outer loop
vertex -58.30982971191406 -72.71414947509766 0
vertex -58.907188415527344 -72.45091247558594 0
vertex -58.907188415527344 -72.45091247558594 5.300000190734863
endloop
endfacet
facet normal 0.5002892808655127 0.865858322966909 0
outer loop
vertex -58.907188415527344 -72.45091247558594 0
vertex -59.472412109375 -72.12432861328125 0
vertex -59.472412109375 -72.12432861328125 5.300000190734863
endloop
endfacet
facet normal 0.6755205801601395 0.7373411325703378 0
outer loop
vertex -59.998802185058594 -71.73826599121094 0
vertex -60.48012924194336 -71.29729461669922 0
vertex -60.48012924194336 -71.29729461669922 5.300000190734863
endloop
endfacet
facet normal 0 0 -1
outer loop
vertex 80.5005874633789 -0.41292569041252136 5.300000190734863
vertex 77.45723724365234 -55.2325325012207 5.300000190734863
vertex 80.50360870361328 18.587074279785156 5.300000190734863
endloop
endfacet
facet normal -0.7373370105577293 0.675525079372921 0
outer loop
vertex 5.444263458251953 -70.90682220458984 5.300000190734863
vertex 5.444263458251953 -70.90682220458984 0
vertex 5.003290176391602 -71.38814544677734 5.300000190734863
endloop
endfacet
facet normal 0 0 -1
outer loop
vertex 80.50020599365234 -2.840252161026001 5.300000190734863
vertex 77.45723724365234 -55.2325325012207 5.300000190734863
vertex 80.5005874633789 -0.41292569041252136 5.300000190734863
endloop
endfacet
facet normal 0 0 -1
outer loop
vertex 82.79615020751953 -21.84061622619629 5.300000190734863
vertex 82.79572296142578 -24.2679443359375 5.300000190734863
vertex 80.49718475341797 -21.840251922607422 5.300000190734863
endloop
endfacet
facet normal 0 0 -1
outer loop
vertex 80.49718475341797 -21.840251922607422 5.300000190734863
vertex 82.79572296142578 -24.2679443359375 5.300000190734863
vertex 80.4968032836914 -24.267578125 5.300000190734863
endloop
endfacet
facet normal 0.00002190479736441675 0.9999999997600899 0
outer loop
vertex -51.172576904296875 -73.0966796875 0
vertex -56.39704513549805 -73.09656524658203 0
vertex -51.172576904296875 -73.0966796875 1.350000023841858
endloop
endfacet
facet normal 0 0 -1
outer loop
vertex 80.49718475341797 -21.840251922607422 5.300000190734863
vertex 77.45723724365234 -55.2325325012207 5.300000190734863
vertex 80.50020599365234 -2.840252161026001 5.300000190734863
endloop
endfacet
facet normal 0 0 -1
outer loop
vertex 80.4968032836914 -24.267578125 5.300000190734863
vertex 78.77928924560547 -68.35100555419922 5.300000190734863
vertex 80.49718475341797 -21.840251922607422 5.300000190734863
endloop
endfacet
facet normal -0.9999999845093649 0.00017601497111869124 0
outer loop
vertex 82.79615020751953 -21.84061622619629 5.300000190734863
vertex 82.79572296142578 -24.2679443359375 0
vertex 82.79572296142578 -24.2679443359375 5.300000190734863
endloop
endfacet
facet normal 0.12873891195893875 -0.9916785227822718 0
outer loop
vertex 13.973946571350098 38.90269088745117 0
vertex 14.38832950592041 38.956485748291016 0
vertex 14.38832950592041 38.956485748291016 5.300000190734863
endloop
endfacet
facet normal 0.0002862023591533174 -0.9999999590441039 0
outer loop
vertex 1.0451356172561646 38.898990631103516 0
vertex 13.973946571350098 38.90269088745117 0
vertex 13.973946571350098 38.90269088745117 5.300000190734863
endloop
endfacet
facet normal 0 0 -1
outer loop
vertex -56.20293045043945 32.89583969116211 5.300000190734863
vertex -63.3908576965332 30.933902740478516 5.300000190734863
vertex -56.46892547607422 33.35993957519531 5.300000190734863
endloop
endfacet
facet normal 0 0 -1
outer loop
vertex -56.46892547607422 33.35993957519531 5.300000190734863
vertex -63.3908576965332 30.933902740478516 5.300000190734863
vertex -56.441429138183594 33.66592788696289 5.300000190734863
endloop
endfacet
facet normal 0.9938792263779436 0.1104720931927172 0
outer loop
vertex -82.62789154052734 44.4626350402832 5.300000190734863
vertex -82.62789154052734 44.4626350402832 0
vertex -82.72822570800781 45.36530685424805 5.300000190734863
endloop
endfacet
facet normal 0.7363249191491806 0.6766281204915686 0
outer loop
vertex -80.83177185058594 41.191951751708984 5.300000190734863
vertex -80.83177185058594 41.191951751708984 0
vertex -81.44630432128906 41.86070251464844 5.300000190734863
endloop
endfacet
facet normal 0.8342177282262895 0.5514352019167515 0
outer loop
vertex -81.44630432128906 41.86070251464844 5.300000190734863
vertex -81.44630432128906 41.86070251464844 0
vertex -81.99058532714844 42.68409729003906 5.300000190734863
endloop
endfacet
facet normal -0.6595762807111805 0.7516376320563026 0
outer loop
vertex 5.003290176391602 -71.38814544677734 5.300000190734863
vertex 5.003290176391602 -71.38814544677734 0
vertex 4.512628555297852 -71.81871032714844 5.300000190734863
endloop
endfacet
facet normal 0.9102355374315246 0.41409089146797656 0
outer loop
vertex -81.99058532714844 42.68409729003906 5.300000190734863
vertex -81.99058532714844 42.68409729003906 0
vertex -82.3666763305664 43.51080322265625 5.300000190734863
endloop
endfacet
facet normal 0.6213519233497096 0.7835316122209853 0
outer loop
vertex -80.05840301513672 40.57865905761719 5.300000190734863
vertex -80.05840301513672 40.57865905761719 0
vertex -80.83177185058594 41.191951751708984 5.300000190734863
endloop
endfacet
facet normal 0 0 -1
outer loop
vertex -47.62395477294922 29.86899185180664 5.300000190734863
vertex -48.04084014892578 30.19672203063965 5.300000190734863
vertex -47.810279846191406 30.060993194580078 5.300000190734863
endloop
endfacet
facet normal 0 0 -1
outer loop
vertex -47.495208740234375 29.63446044921875 5.300000190734863
vertex -48.04084014892578 30.19672203063965 5.300000190734863
vertex -47.62395477294922 29.86899185180664 5.300000190734863
endloop
endfacet
facet normal 0 0 -1
outer loop
vertex -47.43325424194336 29.374187469482422 5.300000190734863
vertex -48.04084014892578 30.19672203063965 5.300000190734863
vertex -47.495208740234375 29.63446044921875 5.300000190734863
endloop
endfacet
facet normal 0 0 -1
outer loop
vertex -47.4199104309082 27.334850311279297 5.300000190734863
vertex -48.32085418701172 26.47798728942871 5.300000190734863
vertex -47.41023635864258 27.484052658081055 5.300000190734863
endloop
endfacet
facet normal 0 0 -1
outer loop
vertex -47.492244720458984 27.077266693115234 5.300000190734863
vertex -48.32085418701172 26.47798728942871 5.300000190734863
vertex -47.4199104309082 27.334850311279297 5.300000190734863
endloop
endfacet
facet normal 0 0 -1
outer loop
vertex -47.824153900146484 26.6637020111084 5.300000190734863
vertex -47.492244720458984 27.077266693115234 5.300000190734863
vertex -47.630287170410156 26.84808349609375 5.300000190734863
endloop
endfacet
facet normal 0 0 -1
outer loop
vertex -48.05997085571289 26.537321090698242 5.300000190734863
vertex -47.492244720458984 27.077266693115234 5.300000190734863
vertex -47.824153900146484 26.6637020111084 5.300000190734863
endloop
endfacet
facet normal 0 0 -1
outer loop
vertex -47.43325424194336 29.374187469482422 5.300000190734863
vertex -59.89699172973633 28.84542465209961 5.300000190734863
vertex -48.04084014892578 30.19672203063965 5.300000190734863
endloop
endfacet
facet normal 0 0 -1
outer loop
vertex -47.41023635864258 27.484052658081055 5.300000190734863
vertex -56.192989349365234 26.473989486694336 5.300000190734863
vertex -47.43325424194336 29.374187469482422 5.300000190734863
endloop
endfacet
facet normal 0 0 -1
outer loop
vertex -48.32085418701172 26.47798728942871 5.300000190734863
vertex -47.492244720458984 27.077266693115234 5.300000190734863
vertex -48.05997085571289 26.537321090698242 5.300000190734863
endloop
endfacet
facet normal 0 0 -1
outer loop
vertex -48.32085418701172 26.47798728942871 5.300000190734863
vertex -56.192989349365234 26.473989486694336 5.300000190734863
vertex -47.41023635864258 27.484052658081055 5.300000190734863
endloop
endfacet
facet normal 0 0 -1
outer loop
vertex -59.89699172973633 28.84542465209961 5.300000190734863
vertex -56.20293045043945 32.89583969116211 5.300000190734863
vertex -48.04084014892578 30.19672203063965 5.300000190734863
endloop
endfacet
facet normal 0 0 -1
outer loop
vertex -56.441429138183594 33.66592788696289 5.300000190734863
vertex -63.3908576965332 30.933902740478516 5.300000190734863
vertex -55.362648010253906 36.99906921386719 5.300000190734863
endloop
endfacet
facet normal 0 0 -1
outer loop
vertex -56.492942810058594 26.405370712280273 5.300000190734863
vertex -47.43325424194336 29.374187469482422 5.300000190734863
vertex -56.192989349365234 26.473989486694336 5.300000190734863
endloop
endfacet
facet normal 0 0 -1
outer loop
vertex -56.492942810058594 26.405370712280273 5.300000190734863
vertex -59.89699172973633 28.84542465209961 5.300000190734863
vertex -47.43325424194336 29.374187469482422 5.300000190734863
endloop
endfacet
facet normal 0 0 -1
outer loop
vertex -3.780100107192993 39.25945281982422 5.300000190734863
vertex -3.375800371170044 39.153865814208984 5.300000190734863
vertex 0.8527509570121765 33.59899139404297 5.300000190734863
endloop
endfacet
facet normal -1 0 0
outer loop
vertex 65.7792739868164 -68.05101013183594 1.350000023841858
vertex 65.7792739868164 -68.35169219970703 0
vertex 65.7792739868164 -68.35169219970703 1.350000023841858
endloop
endfacet
facet normal 0 0 -1
outer loop
vertex 65.7792739868164 -68.85101318359375 -0.44999998807907104
vertex 65.7792739868164 -68.35169219970703 -0.44999998807907104
vertex 73.7792739868164 -68.05101013183594 -0.44999998807907104
endloop
endfacet
facet normal 0 0 -1
outer loop
vertex 73.7792739868164 -68.05101013183594 -0.44999998807907104
vertex 65.7792739868164 -68.35169219970703 -0.44999998807907104
vertex 65.7792739868164 -68.05101013183594 -0.44999998807907104
endloop
endfacet
facet normal 0 0 -1
outer loop
vertex 73.7792739868164 -68.85101318359375 -0.44999998807907104
vertex 65.7792739868164 -68.85101318359375 -0.44999998807907104
vertex 73.7792739868164 -68.35127258300781 -0.44999998807907104
endloop
endfacet
facet normal 0 0 -1
outer loop
vertex 73.7792739868164 -68.35127258300781 -0.44999998807907104
vertex 65.7792739868164 -68.85101318359375 -0.44999998807907104
vertex 73.7792739868164 -68.05101013183594 -0.44999998807907104
endloop
endfacet
facet normal -1 0 0
outer loop
vertex 65.7792739868164 -68.05101013183594 -0.44999998807907104
vertex 65.7792739868164 -68.35169219970703 -0.44999998807907104
vertex 65.7792739868164 -68.35169219970703 0
endloop
endfacet
facet normal -1 0 0
outer loop
vertex 65.7792739868164 -68.05101013183594 -0.44999998807907104
vertex 65.7792739868164 -68.35169219970703 0
vertex 65.7792739868164 -68.05101013183594 1.350000023841858
endloop
endfacet
facet normal 0 1 0
outer loop
vertex 73.7792739868164 -68.05101013183594 -0.44999998807907104
vertex 65.7792739868164 -68.05101013183594 -0.44999998807907104
vertex 73.7792739868164 -68.05101013183594 1.350000023841858
endloop
endfacet
facet normal 1 0 0
outer loop
vertex 73.7792739868164 -68.35127258300781 -0.44999998807907104
vertex 73.7792739868164 -68.05101013183594 -0.44999998807907104
vertex 73.7792739868164 -68.35127258300781 0
endloop
endfacet
facet normal 0 0 1
outer loop
vertex 65.7792739868164 -68.05101013183594 1.350000023841858
vertex 65.7792739868164 -68.35169219970703 1.350000023841858
vertex 73.7792739868164 -68.35127258300781 1.350000023841858
endloop
endfacet
facet normal 1 0 0
outer loop
vertex 73.7792739868164 -68.35127258300781 1.350000023841858
vertex 73.7792739868164 -68.35127258300781 0
vertex 73.7792739868164 -68.05101013183594 1.350000023841858
endloop
endfacet
facet normal 0 0 1
outer loop
vertex 73.7792739868164 -68.05101013183594 1.350000023841858
vertex 65.7792739868164 -68.05101013183594 1.350000023841858
vertex 73.7792739868164 -68.35127258300781 1.350000023841858
endloop
endfacet
facet normal 1 0 0
outer loop
vertex 73.7792739868164 -68.35127258300781 0
vertex 73.7792739868164 -68.05101013183594 -0.44999998807907104
vertex 73.7792739868164 -68.05101013183594 1.350000023841858
endloop
endfacet
facet normal 0 1 0
outer loop
vertex 73.7792739868164 -68.05101013183594 1.350000023841858
vertex 65.7792739868164 -68.05101013183594 -0.44999998807907104
vertex 65.7792739868164 -68.05101013183594 1.350000023841858
endloop
endfacet
facet normal -1 0 0
outer loop
vertex -51.172576904296875 -72.80101013183594 -0.44999998807907104
vertex -51.172576904296875 -73.0966796875 0
vertex -51.172576904296875 -72.80101013183594 1.350000023841858
endloop
endfacet
facet normal 1 0 0
outer loop
vertex -43.172576904296875 -73.09684753417969 -0.44999998807907104
vertex -43.172576904296875 -72.80101013183594 -0.44999998807907104
vertex -43.172576904296875 -72.80101013183594 1.350000023841858
endloop
endfacet
facet normal 1 0 0
outer loop
vertex -43.172576904296875 -73.09684753417969 -0.44999998807907104
vertex -43.172576904296875 -72.80101013183594 1.350000023841858
vertex -43.172576904296875 -73.09684753417969 0
endloop
endfacet
facet normal -1 0 0
outer loop
vertex -51.172576904296875 -72.80101013183594 1.350000023841858
vertex -51.172576904296875 -73.0966796875 0
vertex -51.172576904296875 -73.0966796875 1.350000023841858
endloop
endfacet
facet normal 0 1 0
outer loop
vertex -43.172576904296875 -72.80101013183594 1.350000023841858
vertex -51.172576904296875 -72.80101013183594 -0.44999998807907104
vertex -51.172576904296875 -72.80101013183594 1.350000023841858
endloop
endfacet
facet normal 0 0 1
outer loop
vertex -51.172576904296875 -72.80101013183594 1.350000023841858
vertex -51.172576904296875 -73.0966796875 1.350000023841858
vertex -43.172576904296875 -73.09684753417969 1.350000023841858
endloop
endfacet
facet normal 1 0 0
outer loop
vertex -43.172576904296875 -73.09684753417969 0
vertex -43.172576904296875 -72.80101013183594 1.350000023841858
vertex -43.172576904296875 -73.09684753417969 1.350000023841858
endloop
endfacet
facet normal 0 0 1
outer loop
vertex -43.172576904296875 -72.80101013183594 1.350000023841858
vertex -51.172576904296875 -72.80101013183594 1.350000023841858
vertex -43.172576904296875 -73.09684753417969 1.350000023841858
endloop
endfacet
facet normal -1 0 0
outer loop
vertex -51.172576904296875 -72.80101013183594 -0.44999998807907104
vertex -51.172576904296875 -73.0966796875 -0.44999998807907104
vertex -51.172576904296875 -73.0966796875 0
endloop
endfacet
facet normal 0 0 -1
outer loop
vertex -51.172576904296875 -73.60101318359375 -0.44999998807907104
vertex -51.172576904296875 -73.0966796875 -0.44999998807907104
vertex -43.172576904296875 -72.80101013183594 -0.44999998807907104
endloop
endfacet
facet normal 0 0 -1
outer loop
vertex -43.172576904296875 -73.09684753417969 -0.44999998807907104
vertex -51.172576904296875 -73.60101318359375 -0.44999998807907104
vertex -43.172576904296875 -72.80101013183594 -0.44999998807907104
endloop
endfacet
facet normal 0 0 -1
outer loop
vertex -43.172576904296875 -73.60101318359375 -0.44999998807907104
vertex -51.172576904296875 -73.60101318359375 -0.44999998807907104
vertex -43.172576904296875 -73.09684753417969 -0.44999998807907104
endloop
endfacet
facet normal 0 0 -1
outer loop
vertex -43.172576904296875 -72.80101013183594 -0.44999998807907104
vertex -51.172576904296875 -73.0966796875 -0.44999998807907104
vertex -51.172576904296875 -72.80101013183594 -0.44999998807907104
endloop
endfacet
facet normal 0 1 0
outer loop
vertex -43.172576904296875 -72.80101013183594 -0.44999998807907104
vertex -51.172576904296875 -72.80101013183594 -0.44999998807907104
vertex -43.172576904296875 -72.80101013183594 1.350000023841858
endloop
endfacet
facet normal -0.9999999975141723 -0.00006993629421980275 0.000008976070604750316
outer loop
vertex 78.7792739868164 -68.35101318359375 3.5999999046325684
vertex 78.77935791015625 -69.55101013183594 3.5999999046325684
vertex 78.77928924560547 -68.35100555419922 5.300000190734863
endloop
endfacet
facet normal 0 0 -1
outer loop
vertex 78.77935791015625 -69.55101013183594 5.300000190734863
vertex 59.779293060302734 -68.35200500488281 5.300000190734863
vertex 78.77928924560547 -68.35100555419922 5.300000190734863
endloop
endfacet
facet normal -0.00005661814964016522 0.9999999983971927 0
outer loop
vertex 78.77935791015625 -69.55101013183594 3.5999999046325684
vertex 59.779361724853516 -69.55208587646484 5.300000190734863
vertex 78.77935791015625 -69.55101013183594 5.300000190734863
endloop
endfacet
facet normal -0.00005661814964016522 0.9999999983971927 0
outer loop
vertex 78.77935791015625 -69.55101013183594 3.5999999046325684
vertex 59.779361724853516 -69.55208587646484 3.5999999046325684
vertex 59.779361724853516 -69.55208587646484 5.300000190734863
endloop
endfacet
facet normal 0 0 1
outer loop
vertex 78.77935791015625 -69.55101013183594 3.5999999046325684
vertex 78.7792739868164 -68.35101318359375 3.5999999046325684
vertex 59.779361724853516 -69.55208587646484 3.5999999046325684
endloop
endfacet
facet normal 0 0 1
outer loop
vertex 59.779293060302734 -68.35200500488281 3.5999999046325684
vertex 59.779361724853516 -69.55208587646484 3.5999999046325684
vertex 78.7792739868164 -68.35101318359375 3.5999999046325684
endloop
endfacet
facet normal 0.9999999983631302 0.00005721660289305055 0
outer loop
vertex 59.779293060302734 -68.35200500488281 5.300000190734863
vertex 59.779361724853516 -69.55208587646484 5.300000190734863
vertex 59.779293060302734 -68.35200500488281 3.5999999046325684
endloop
endfacet
facet normal -0.9999999983629222 -0.00005722024061280525 0
outer loop
vertex 78.77935791015625 -69.55101013183594 5.300000190734863
vertex 78.77928924560547 -68.35100555419922 5.300000190734863
vertex 78.77935791015625 -69.55101013183594 3.5999999046325684
endloop
endfacet
facet normal 0.9999999983631302 0.00005721660289305055 0
outer loop
vertex 59.779361724853516 -69.55208587646484 3.5999999046325684
vertex 59.779293060302734 -68.35200500488281 3.5999999046325684
vertex 59.779361724853516 -69.55208587646484 5.300000190734863
endloop
endfacet
facet normal 0 0 -1
outer loop
vertex 59.779293060302734 -68.35200500488281 5.300000190734863
vertex 78.77935791015625 -69.55101013183594 5.300000190734863
vertex 59.779361724853516 -69.55208587646484 5.300000190734863
endloop
endfacet
facet normal 0.9999999524959108 -0.00030823396354609956 0
outer loop
vertex 58.16735076904297 46.017581939697266 3.5999999046325684
vertex 58.167720794677734 47.21805191040039 3.5999999046325684
vertex 58.16735076904297 46.017581939697266 5.300000190734863
endloop
endfacet
facet normal 0.9999999524959108 -0.00030823396354609956 0
outer loop
vertex 58.167720794677734 47.21805191040039 5.300000190734863
vertex 58.16735076904297 46.017581939697266 5.300000190734863
vertex 58.167720794677734 47.21805191040039 3.5999999046325684
endloop
endfacet
facet normal 0 0 1
outer loop
vertex 58.167720794677734 47.21805191040039 3.5999999046325684
vertex 58.16735076904297 46.017581939697266 3.5999999046325684
vertex 77.16771697998047 47.21221923828125 3.5999999046325684
endloop
endfacet
facet normal 0 0 1
outer loop
vertex 77.16735076904297 46.011287689208984 3.5999999046325684
vertex 77.16771697998047 47.21221923828125 3.5999999046325684
vertex 58.16735076904297 46.017581939697266 3.5999999046325684
endloop
endfacet
facet normal -0.0003069827902818993 -0.999999952880782 0
outer loop
vertex 58.167720794677734 47.21805191040039 3.5999999046325684
vertex 77.16771697998047 47.21221923828125 5.300000190734863
vertex 58.167720794677734 47.21805191040039 5.300000190734863
endloop
endfacet
facet normal -0.0003069827902818993 -0.999999952880782 0
outer loop
vertex 58.167720794677734 47.21805191040039 3.5999999046325684
vertex 77.16771697998047 47.21221923828125 3.5999999046325684
vertex 77.16771697998047 47.21221923828125 5.300000190734863
endloop
endfacet
facet normal -0.9999999535060881 0.00030493904565695137 0
outer loop
vertex 77.16735076904297 46.011287689208984 3.5999999046325684
vertex 77.16771697998047 47.21221923828125 5.300000190734863
vertex 77.16771697998047 47.21221923828125 3.5999999046325684
endloop
endfacet
facet normal -0.9997164915607228 -0.0193453154561444 0.013881472235368668
outer loop
vertex 77.16735076904297 46.011287689208984 3.5999999046325684
vertex 77.19095611572266 46.01128005981445 5.300000190734863
vertex 77.16771697998047 47.21221923828125 5.300000190734863
endloop
endfacet
facet normal 0 0 -1
outer loop
vertex 58.16735076904297 46.017581939697266 5.300000190734863
vertex 58.167720794677734 47.21805191040039 5.300000190734863
vertex 77.19095611572266 46.01128005981445 5.300000190734863
endloop
endfacet
facet normal 0 0 -1
outer loop
vertex 77.19095611572266 46.01128005981445 5.300000190734863
vertex 58.167720794677734 47.21805191040039 5.300000190734863
vertex 77.16771697998047 47.21221923828125 5.300000190734863
endloop
endfacet
facet normal 0.8656453700977651 -0.5006576607106927 0
outer loop
vertex -63.62275314331055 68.2561264038086 5.300000190734863
vertex -64.22354125976562 67.21735382080078 5.300000190734863
vertex -63.62275314331055 68.2561264038086 3.5999999046325684
endloop
endfacet
facet normal 0 0 1
outer loop
vertex -64.223388671875 67.2172622680664 3.5999999046325684
vertex -47.174076080322266 58.74607849121094 3.5999999046325684
vertex -63.62275314331055 68.2561264038086 3.5999999046325684
endloop
endfacet
facet normal 0.8657195881322133 -0.5005293036080276 0.00010466066015430155
outer loop
vertex -64.223388671875 67.2172622680664 3.5999999046325684
vertex -63.62275314331055 68.2561264038086 3.5999999046325684
vertex -64.22354125976562 67.21735382080078 5.300000190734863
endloop
endfacet
facet normal 0 0 -1
outer loop
vertex -47.77516555786133 57.70642852783203 5.300000190734863
vertex -63.62275314331055 68.2561264038086 5.300000190734863
vertex -47.174076080322266 58.74607849121094 5.300000190734863
endloop
endfacet
facet normal 0 0 -1
outer loop
vertex -64.22354125976562 67.21735382080078 5.300000190734863
vertex -63.62275314331055 68.2561264038086 5.300000190734863
vertex -47.77516555786133 57.70642852783203 5.300000190734863
endloop
endfacet
facet normal -0.5005288455313627 -0.8657198593026737 0
outer loop
vertex -63.62275314331055 68.2561264038086 3.5999999046325684
vertex -47.174076080322266 58.74607849121094 3.5999999046325684
vertex -47.174076080322266 58.74607849121094 5.300000190734863
endloop
endfacet
facet normal -0.8657197334328771 0.5005290632369993 0
outer loop
vertex -47.77516555786133 57.70642852783203 3.5999999046325684
vertex -47.77516555786133 57.70642852783203 5.300000190734863
vertex -47.174076080322266 58.74607849121094 5.300000190734863
endloop
endfacet
facet normal -0.8657197334328771 0.5005290632369993 0
outer loop
vertex -47.77516555786133 57.70642852783203 3.5999999046325684
vertex -47.174076080322266 58.74607849121094 5.300000190734863
vertex -47.174076080322266 58.74607849121094 3.5999999046325684
endloop
endfacet
facet normal 0 0 1
outer loop
vertex -64.223388671875 67.2172622680664 3.5999999046325684
vertex -47.77516555786133 57.70642852783203 3.5999999046325684
vertex -47.174076080322266 58.74607849121094 3.5999999046325684
endloop
endfacet
facet normal -0.5005288455313627 -0.8657198593026737 0
outer loop
vertex -63.62275314331055 68.2561264038086 3.5999999046325684
vertex -47.174076080322266 58.74607849121094 5.300000190734863
vertex -63.62275314331055 68.2561264038086 5.300000190734863
endloop
endfacet
facet normal 0.9999999998182365 -0.00001906638278594623 0
outer loop
vertex -56.3807258605957 -73.09656524658203 3.5999999046325684
vertex -56.3807487487793 -74.29701232910156 5.300000190734863
vertex -56.3807487487793 -74.29701232910156 3.5999999046325684
endloop
endfacet
facet normal -0.9999999998182273 0.000019066867500871878 0
outer loop
vertex -37.3807487487793 -74.2973861694336 5.300000190734863
vertex -37.3807258605957 -73.09696960449219 5.300000190734863
vertex -37.3807487487793 -74.2973861694336 3.5999999046325684
endloop
endfacet
facet normal -0.9999999998182273 0.000019066867500871878 0
outer loop
vertex -37.3807258605957 -73.09696960449219 3.5999999046325684
vertex -37.3807487487793 -74.2973861694336 3.5999999046325684
vertex -37.3807258605957 -73.09696960449219 5.300000190734863
endloop
endfacet
facet normal 0 0 -1
outer loop
vertex -37.3807258605957 -73.09696960449219 5.300000190734863
vertex -37.3807487487793 -74.2973861694336 5.300000190734863
vertex -56.39704513549805 -73.09656524658203 5.300000190734863
endloop
endfacet
facet normal 0 0 -1
outer loop
vertex -56.39704513549805 -73.09656524658203 5.300000190734863
vertex -37.3807487487793 -74.2973861694336 5.300000190734863
vertex -56.3807487487793 -74.29701232910156 5.300000190734863
endloop
endfacet
facet normal 0.000019675806945204535 0.9999999998064313 0
outer loop
vertex -37.3807487487793 -74.2973861694336 3.5999999046325684
vertex -56.3807487487793 -74.29701232910156 3.5999999046325684
vertex -56.3807487487793 -74.29701232910156 5.300000190734863
endloop
endfacet
facet normal 0 0 1
outer loop
vertex -56.3807258605957 -73.09656524658203 3.5999999046325684
vertex -37.3807487487793 -74.2973861694336 3.5999999046325684
vertex -37.3807258605957 -73.09696960449219 3.5999999046325684
endloop
endfacet
facet normal 0 0 1
outer loop
vertex -56.3807258605957 -73.09656524658203 3.5999999046325684
vertex -56.3807487487793 -74.29701232910156 3.5999999046325684
vertex -37.3807487487793 -74.2973861694336 3.5999999046325684
endloop
endfacet
facet normal 0.9998618088568062 0.013573388564734425 0.00959824528059347
outer loop
vertex -56.3807258605957 -73.09656524658203 3.5999999046325684
vertex -56.39704513549805 -73.09656524658203 5.300000190734863
vertex -56.3807487487793 -74.29701232910156 5.300000190734863
endloop
endfacet
facet normal 0.000019675806945204535 0.9999999998064313 0
outer loop
vertex -37.3807487487793 -74.2973861694336 3.5999999046325684
vertex -56.3807487487793 -74.29701232910156 5.300000190734863
vertex -37.3807487487793 -74.2973861694336 5.300000190734863
endloop
endfacet
endsolid auto-kdk-case
