solid auto-kdk-case
facet normal -0.15668723631624992 0.9876482259367738 -0.0003029513474899897
outer loop
vertex -77.23511505126953 45.701812744140625 -7.427008628845215
vertex -78.18135833740234 45.55171585083008 -7.3566508293151855
vertex -77.25170135498047 45.70115280151367 -1
endloop
endfacet
facet normal 0.28652641936454737 0.9580723412175782 0
outer loop
vertex -31.696060180664062 41.03684997558594 -7.814720630645752
vertex -32.0018196105957 41.128292083740234 -7.809789657592773
vertex -31.696060180664062 41.03684997558594 -1
endloop
endfacet
facet normal 0.13524453073057768 0.9908122510886193 4.110006165128071e-7
outer loop
vertex -31.5811710357666 41.02116775512695 -7.796065330505371
vertex -31.696060180664062 41.03684997558594 -7.814720630645752
vertex -31.236021041870117 40.97405242919922 -1
endloop
endfacet
facet normal 0.13525247536964763 0.9908111666237834 0
outer loop
vertex -31.236021041870117 40.97405242919922 -7.813392162322998
vertex -31.5811710357666 41.02116775512695 -7.796065330505371
vertex -31.236021041870117 40.97405242919922 -1
endloop
endfacet
facet normal 0.00011659767891360002 0.9999999932024906 0
outer loop
vertex -31.17058753967285 40.97404479980469 -7.806485176086426
vertex -31.236021041870117 40.97405242919922 -7.813392162322998
vertex -31.236021041870117 40.97405242919922 -1
endloop
endfacet
facet normal 0.8680899300065391 0.4964069635100237 0
outer loop
vertex -33.56586456298828 42.3172607421875 -7.630641937255859
vertex -33.621402740478516 42.41438293457031 -7.604402542114258
vertex -33.56586456298828 42.3172607421875 -1
endloop
endfacet
facet normal 0.8680882674086474 0.49640987096093236 5.6737253810889137e-8
outer loop
vertex -33.56586456298828 42.3172607421875 -1
vertex -33.621402740478516 42.41438293457031 -7.604402542114258
vertex -33.97964859008789 43.04085922241211 -7.504184246063232
endloop
endfacet
facet normal 0.6855489927351193 0.7280264957814814 0
outer loop
vertex -32.94297790527344 41.632301330566406 -7.7916178703308105
vertex -32.9927978515625 41.67921447753906 -7.781841278076172
vertex -32.94297790527344 41.632301330566406 -1
endloop
endfacet
facet normal 0.685544624372798 0.728030609242191 6.054505645590805e-8
outer loop
vertex -32.94297790527344 41.632301330566406 -1
vertex -32.9927978515625 41.67921447753906 -7.781841278076172
vertex -33.098236083984375 41.778499603271484 -7.7345290184021
endloop
endfacet
facet normal 0.5650093309240084 0.825084514440069 0
outer loop
vertex -32.55988693237305 41.369964599609375 -7.847311973571777
vertex -32.94297790527344 41.632301330566406 -7.7916178703308105
vertex -32.55988693237305 41.369964599609375 -1
endloop
endfacet
facet normal 0.8658713380316094 0.5002667548172177 0
outer loop
vertex 71.92829895019531 65.24291229248047 -6.055842399597168
vertex 71.92829895019531 65.24291229248047 -1
vertex 81.83340454101562 48.09896469116211 -1
endloop
endfacet
facet normal 0.837915265400769 0.5265192213060031 0.14378983831856432
outer loop
vertex 71.92829895019531 65.24291229248047 -6.055842399597168
vertex 81.83340454101562 48.09896469116211 -1
vertex 72.16842651367188 64.86265563964844 -6.062756061553955
endloop
endfacet
facet normal 0.43091909524437466 0.9023905658603283 2.15240744549076e-7
outer loop
vertex -32.277130126953125 41.23493957519531 -7.840712070465088
vertex -32.55988693237305 41.369964599609375 -7.847311973571777
vertex -32.140899658203125 41.169883728027344 -1
endloop
endfacet
facet normal 0.7896819623100471 0.6135164206457427 -4.3508003274353474e-7
outer loop
vertex -33.38784408569336 42.0881233215332 -7.654348373413086
vertex -33.56586456298828 42.3172607421875 -7.630641937255859
vertex -33.281002044677734 41.95060729980469 -1
endloop
endfacet
facet normal 0.7896717623415772 0.6135295492153151 0
outer loop
vertex -33.281002044677734 41.95060729980469 -7.704636096954346
vertex -33.38784408569336 42.0881233215332 -7.654348373413086
vertex -33.281002044677734 41.95060729980469 -1
endloop
endfacet
facet normal 0.6855603729156151 0.7280157794219936 -6.24459664724686e-7
outer loop
vertex -32.94297790527344 41.632301330566406 -1
vertex -33.098236083984375 41.778499603271484 -7.7345290184021
vertex -33.281002044677734 41.95060729980469 -7.704636096954346
endloop
endfacet
facet normal 0.4309278963575315 0.9023863630069289 0
outer loop
vertex -32.140899658203125 41.169883728027344 -7.837843894958496
vertex -32.277130126953125 41.23493957519531 -7.840712070465088
vertex -32.140899658203125 41.169883728027344 -1
endloop
endfacet
facet normal -0.7776982207276655 -0.6286377949427047 0.000015703412593471594
outer loop
vertex -81.53987884521484 -66.8438949584961 -14.680365562438965
vertex -81.47758483886719 -66.92095947265625 -14.663066864013672
vertex -81.88186645507812 -66.42081451416016 -14.603827476501465
endloop
endfacet
facet normal 0.28651107411065946 0.9580769303199993 7.506242538860724e-7
outer loop
vertex -32.0018196105957 41.128292083740234 -7.809789657592773
vertex -32.140899658203125 41.169883728027344 -7.837843894958496
vertex -31.696060180664062 41.03684997558594 -1
endloop
endfacet
facet normal 0.29404932942229195 0.9557902447013678 0
outer loop
vertex -36.700836181640625 45.31309127807617 -7.3658766746521
vertex -37.549739837646484 45.574256896972656 -7.432007789611816
vertex -36.700836181640625 45.31309127807617 -1
endloop
endfacet
facet normal 0.44621605211330395 0.8949252677382711 3.261375261772422e-8
outer loop
vertex -35.925819396972656 44.92666244506836 -7.4619951248168945
vertex -36.700836181640625 45.31309127807617 -7.3658766746521
vertex -35.85992431640625 44.89380645751953 -1
endloop
endfacet
facet normal -0.94941896055231 -0.31401215605281796 -0.00005652284450440042
outer loop
vertex -82.2458267211914 -65.7091293334961 -14.644089698791504
vertex -82.20738220214844 -65.82537078857422 -14.621539115905762
vertex -82.41251373291016 -65.20516204833984 -14.57410717010498
endloop
endfacet
facet normal 0.1457714811072918 0.9893182881639191 -4.4655994901772683e-7
outer loop
vertex -38.451988220214844 45.70719909667969 -7.283348560333252
vertex -37.52238082885742 45.570228576660156 -1
vertex -37.549739837646484 45.574256896972656 -7.432007789611816
endloop
endfacet
facet normal 0.8050822335402185 0.5931632129843297 0
outer loop
vertex -34.490272521972656 43.73391342163086 -7.4932074546813965
vertex -33.97964859008789 43.04085922241211 -1
vertex -33.97964859008789 43.04085922241211 -7.504184246063232
endloop
endfacet
facet normal 0.7756823671796553 0.6311234944485868 0.0000012534826828566883
outer loop
vertex 71.7361068725586 65.4791259765625 -1
vertex 71.92829895019531 65.24291229248047 -1
vertex 71.33404541015625 65.9732894897461 -5.9592719078063965
endloop
endfacet
facet normal 0.44621861356999 0.8949239905733202 0
outer loop
vertex -35.925819396972656 44.92666244506836 -7.4619951248168945
vertex -35.85992431640625 44.89380645751953 -1
vertex -35.85992431640625 44.89380645751953 -7.445667743682861
endloop
endfacet
facet normal 0.6657086365033402 0.7462117737511675 0
outer loop
vertex 71.26089477539062 66.0385513305664 -1
vertex 70.6916732788086 66.5463638305664 -5.99646520614624
vertex 70.6916732788086 66.5463638305664 -1
endloop
endfacet
facet normal 0.6657249615065511 0.7461972096007496 -0.000003340041350230021
outer loop
vertex 71.33404541015625 65.9732894897461 -1
vertex 70.6916732788086 66.5463638305664 -5.99646520614624
vertex 71.26089477539062 66.0385513305664 -1
endloop
endfacet
facet normal 0.7756885255348872 0.6311159254475462 0
outer loop
vertex 71.33404541015625 65.9732894897461 -1
vertex 71.7361068725586 65.4791259765625 -1
vertex 71.33404541015625 65.9732894897461 -5.9592719078063965
endloop
endfacet
facet normal 0.5408137481227984 0.8411423719212462 -2.6556584042974567e-7
outer loop
vertex 70.6916732788086 66.5463638305664 -1
vertex 69.90129852294922 67.05453491210938 -5.915041446685791
vertex 70.03903198242188 66.96598052978516 -1
endloop
endfacet
facet normal 0.5408070430685042 0.8411466829082197 0
outer loop
vertex 69.90129852294922 67.05453491210938 -5.915041446685791
vertex 69.90129852294922 67.05453491210938 -1
vertex 70.03903198242188 66.96598052978516 -1
endloop
endfacet
facet normal 0.40062820526037385 0.9162407113580207 0
outer loop
vertex 69.90129852294922 67.05453491210938 -1
vertex 69.11255645751953 67.3994140625 -5.968311309814453
vertex 69.11255645751953 67.3994140625 -1
endloop
endfacet
facet normal 0.25240206545077926 0.967622445665757 0
outer loop
vertex 69.11255645751953 67.3994140625 -1
vertex 68.20333862304688 67.63658142089844 -5.891639232635498
vertex 68.20333862304688 67.63658142089844 -1
endloop
endfacet
facet normal 0.0958140683941056 0.9953992486925886 0
outer loop
vertex 68.20333862304688 67.63658142089844 -1
vertex 67.34645080566406 67.71906280517578 -5.962935924530029
vertex 67.34645080566406 67.71906280517578 -1
endloop
endfacet
facet normal 0.580687675935691 0.8141264170977416 0
outer loop
vertex -35.85992431640625 44.89380645751953 -7.445667743682861
vertex -35.159088134765625 44.393924713134766 -1
vertex -35.159088134765625 44.393924713134766 -7.403348445892334
endloop
endfacet
facet normal -0.34891230934464046 -0.9371553768654319 0
outer loop
vertex -79.7989273071289 -67.92102813720703 -14.658108711242676
vertex -80.40161895751953 -67.69664001464844 -1
vertex -80.40161895751953 -67.69664001464844 -14.696418762207031
endloop
endfacet
facet normal -0.6569686080529207 -0.7539179318951155 0
outer loop
vertex -80.98509216308594 -67.3501205444336 -14.634315490722656
vertex -81.47758483886719 -66.92095947265625 -1
vertex -81.47758483886719 -66.92095947265625 -14.663066864013672
endloop
endfacet
facet normal -0.7776991301512499 -0.6286366700742084 0
outer loop
vertex -81.88186645507812 -66.42081451416016 -14.603827476501465
vertex -81.47758483886719 -66.92095947265625 -14.663066864013672
vertex -81.88186645507812 -66.42081451416016 -1
endloop
endfacet
facet normal -0.8774440450260794 -0.47967900501092564 0
outer loop
vertex -82.20738220214844 -65.82537078857422 -14.621539115905762
vertex -81.88186645507812 -66.42081451416016 -14.603827476501465
vertex -82.20738220214844 -65.82537078857422 -1
endloop
endfacet
facet normal -0.9494176733341837 -0.3140160530302637 0
outer loop
vertex -82.41251373291016 -65.20516204833984 -14.57410717010498
vertex -82.20738220214844 -65.82537078857422 -14.621539115905762
vertex -82.41251373291016 -65.20516204833984 -1
endloop
endfacet
facet normal -0.51063111112446 -0.8597999001813151 0
outer loop
vertex -80.98509216308594 -67.3501205444336 -14.634315490722656
vertex -80.45669555664062 -67.66393280029297 -14.707011222839355
vertex -80.98509216308594 -67.3501205444336 -1
endloop
endfacet
facet normal -0.5106022598864602 -0.8598170341395757 0.0000015044667294087477
outer loop
vertex -80.45669555664062 -67.66393280029297 -14.707011222839355
vertex -80.40161895751953 -67.69664001464844 -14.696418762207031
vertex -80.98509216308594 -67.3501205444336 -1
endloop
endfacet
facet normal -0.18119951748661434 -0.983446355864222 0
outer loop
vertex -79.7989273071289 -67.92102813720703 -14.658108711242676
vertex -79.18103790283203 -68.03487396240234 -14.716851234436035
vertex -79.7989273071289 -67.92102813720703 -1
endloop
endfacet
facet normal -0.986953533479401 -0.16100535007422903 0
outer loop
vertex -82.49606323242188 -64.69300842285156 -1
vertex -82.49606323242188 -64.69300842285156 -14.585020065307617
vertex -82.41251373291016 -65.20516204833984 -14.57410717010498
endloop
endfacet
facet normal -0.9999992717837468 -0.0002105693484071276 -0.001188314994226571
outer loop
vertex -82.49606323242188 -64.69300842285156 -14.585020065307617
vertex -82.51228332519531 -64.32829284667969 -1
vertex -82.49606323242188 -64.560791015625 -14.60844898223877
endloop
endfacet
facet normal -0.9975753122543916 -0.06959523245562894 0
outer loop
vertex -82.49606323242188 -64.560791015625 -14.60844898223877
vertex -82.51228332519531 -64.32829284667969 -1
vertex -82.51228332519531 -64.32829284667969 -14.576458930969238
endloop
endfacet
facet normal 0.7024063328414929 0.7117761892506421 0
outer loop
vertex -34.490272521972656 43.73391342163086 -7.4932074546813965
vertex -35.159088134765625 44.393924713134766 -7.403348445892334
vertex -34.490272521972656 43.73391342163086 -1
endloop
endfacet
facet normal -0.00036534352270583767 -0.9999998352924006 -0.0004426502934293755
outer loop
vertex -79.18103790283203 -68.03487396240234 -14.716851234436035
vertex -8.764769554138184 -68.06060028076172 -14.716429710388184
vertex -75.77218627929688 -68.04042053222656 -5
endloop
endfacet
facet normal 0.00015169916881863413 0.9999999884936808 2.3021077386179843e-8
outer loop
vertex -24.481637954711914 40.97303009033203 -7.747032165527344
vertex -31.17058753967285 40.97404479980469 -7.806485176086426
vertex -24.105464935302734 40.97297286987305 -1
endloop
endfacet
facet normal 0.0001521120744179368 0.9999999884309584 0
outer loop
vertex -24.105464935302734 40.97297286987305 -7.783042907714844
vertex -24.481637954711914 40.97303009033203 -7.747032165527344
vertex -24.105464935302734 40.97297286987305 -1
endloop
endfacet
facet normal -0.1287198052714138 0.9916810030086405 -0.000001632824790037967
outer loop
vertex -24.0379581451416 40.98173522949219 -7.780169486999512
vertex -24.105464935302734 40.97297286987305 -7.783042907714844
vertex -23.645023345947266 41.03274917602539 -1
endloop
endfacet
facet normal -0.1287449629379313 0.9916777372302397 -1.5027735442186767e-7
outer loop
vertex -23.645023345947266 41.03274917602539 -1
vertex -23.669315338134766 41.02959442138672 -7.8427324295043945
vertex -24.0379581451416 40.98173522949219 -7.780169486999512
endloop
endfacet
facet normal -0.27278683034406315 0.9620745008526311 0
outer loop
vertex -23.19931983947754 41.16285705566406 -7.872312545776367
vertex -23.669315338134766 41.02959442138672 -7.8427324295043945
vertex -23.19931983947754 41.16285705566406 -1
endloop
endfacet
facet normal -0.42499129191634755 0.9051974380185096 0
outer loop
vertex -22.779029846191406 41.36018371582031 -7.820738315582275
vertex -23.19931983947754 41.16285705566406 -7.872312545776367
vertex -22.779029846191406 41.36018371582031 -1
endloop
endfacet
facet normal -0.5595759479295473 0.8287790770155493 -5.056390877662727e-8
outer loop
vertex -22.708988189697266 41.407474517822266 -7.802795886993408
vertex -22.779029846191406 41.36018371582031 -7.820738315582275
vertex -22.394222259521484 41.619998931884766 -1
endloop
endfacet
facet normal -0.5595627523661784 0.8287879862567413 -9.394550562668578e-7
outer loop
vertex -22.65208625793457 41.445892333984375 -7.77837610244751
vertex -22.708988189697266 41.407474517822266 -7.802795886993408
vertex -22.394222259521484 41.619998931884766 -1
endloop
endfacet
facet normal -0.061042213301093926 0.9981351853307765 0
outer loop
vertex 67.34645080566406 67.71906280517578 -1
vertex 66.40856170654297 67.66170501708984 -5.89094352722168
vertex 66.40856170654297 67.66170501708984 -1
endloop
endfacet
facet normal -0.21849917517375525 0.9758371331571619 0
outer loop
vertex 66.40856170654297 67.66170501708984 -1
vertex 65.56851196289062 67.4736099243164 -5.9613938331604
vertex 65.56851196289062 67.4736099243164 -1
endloop
endfacet
facet normal -0.3684293804837714 0.929655738215144 0
outer loop
vertex 65.56851196289062 67.4736099243164 -1
vertex 64.6949691772461 67.1274185180664 -5.839725971221924
vertex 64.6949691772461 67.1274185180664 -1
endloop
endfacet
facet normal -0.5595797148269599 0.8287765336652445 0
outer loop
vertex -22.394222259521484 41.619998931884766 -7.732219219207764
vertex -22.65208625793457 41.445892333984375 -7.77837610244751
vertex -22.394222259521484 41.619998931884766 -1
endloop
endfacet
facet normal -0.6656489465377231 0.7462650199313762 -2.046062631513824e-7
outer loop
vertex -22.30574607849121 41.698917388916016 -7.696966648101807
vertex -22.394222259521484 41.619998931884766 -7.732219219207764
vertex -22.138999938964844 41.847652435302734 -1
endloop
endfacet
facet normal 0.7756871117152614 0.6311176631332744 -1.7384716426514659e-7
outer loop
vertex 71.92829895019531 65.24291229248047 -1
vertex 71.85801696777344 65.32929229736328 -6.068402290344238
vertex 71.33404541015625 65.9732894897461 -5.9592719078063965
endloop
endfacet
facet normal 0.6657104955746499 0.746210115236824 0
outer loop
vertex 71.33404541015625 65.9732894897461 -5.9592719078063965
vertex 70.6916732788086 66.5463638305664 -5.99646520614624
vertex 71.33404541015625 65.9732894897461 -1
endloop
endfacet
facet normal 0.5408125796841023 0.8411431231695509 0
outer loop
vertex 69.90129852294922 67.05453491210938 -5.915041446685791
vertex 70.6916732788086 66.5463638305664 -1
vertex 70.6916732788086 66.5463638305664 -5.99646520614624
endloop
endfacet
facet normal 0.40062820526037385 0.9162407113580208 0
outer loop
vertex 69.90129852294922 67.05453491210938 -5.915041446685791
vertex 69.11255645751953 67.3994140625 -5.968311309814453
vertex 69.90129852294922 67.05453491210938 -1
endloop
endfacet
facet normal 0.7756821180239732 0.6311238006745135 0
outer loop
vertex 71.92829895019531 65.24291229248047 -6.055842399597168
vertex 71.85801696777344 65.32929229736328 -6.068402290344238
vertex 71.92829895019531 65.24291229248047 -1
endloop
endfacet
facet normal 0.25231681837873676 0.9676446781557948 0
outer loop
vertex 69.11255645751953 67.3994140625 -5.968311309814453
vertex 69.0667953491211 67.41134643554688 -5.979510307312012
vertex 69.11255645751953 67.3994140625 -1
endloop
endfacet
facet normal 0.25240649930575837 0.9676212890937432 -8.802041497713023e-7
outer loop
vertex 69.0667953491211 67.41134643554688 -5.979510307312012
vertex 68.20333862304688 67.63658142089844 -5.891639232635498
vertex 69.11255645751953 67.3994140625 -1
endloop
endfacet
facet normal 0.09581406839410558 0.9953992486925884 0
outer loop
vertex 68.20333862304688 67.63658142089844 -5.891639232635498
vertex 67.34645080566406 67.71906280517578 -5.962935924530029
vertex 68.20333862304688 67.63658142089844 -1
endloop
endfacet
facet normal -0.06104221330109393 0.9981351853307766 0
outer loop
vertex 67.34645080566406 67.71906280517578 -5.962935924530029
vertex 66.40856170654297 67.66170501708984 -5.89094352722168
vertex 67.34645080566406 67.71906280517578 -1
endloop
endfacet
facet normal -0.2185062969019939 0.975835538507477 0
outer loop
vertex 66.40856170654297 67.66170501708984 -5.89094352722168
vertex 65.61382293701172 67.48374938964844 -5.975433826446533
vertex 66.40856170654297 67.66170501708984 -1
endloop
endfacet
facet normal -0.21838048412728894 0.9758637013983894 -0.000021103694340198006
outer loop
vertex 65.61382293701172 67.48374938964844 -5.975433826446533
vertex 65.56851196289062 67.4736099243164 -5.9613938331604
vertex 66.40856170654297 67.66170501708984 -1
endloop
endfacet
facet normal -0.3684293804837714 0.9296557382151439 0
outer loop
vertex 64.6949691772461 67.1274185180664 -5.839725971221924
vertex 65.56851196289062 67.4736099243164 -1
vertex 65.56851196289062 67.4736099243164 -5.9613938331604
endloop
endfacet
facet normal -0.6656535229367024 0.7462609378776012 0
outer loop
vertex -22.138999938964844 41.847652435302734 -7.677059650421143
vertex -22.30574607849121 41.698917388916016 -7.696966648101807
vertex -22.138999938964844 41.847652435302734 -1
endloop
endfacet
facet normal -0.7071067811865475 0.7071067811865475 0
outer loop
vertex -22.012187957763672 41.974464416503906 -7.649742603302002
vertex -22.138999938964844 41.847652435302734 -7.677059650421143
vertex -22.138999938964844 41.847652435302734 -1
endloop
endfacet
facet normal -0.7071062887834987 0.7071072735892534 0
outer loop
vertex -20.64267921447754 43.343971252441406 -7.5411553382873535
vertex -22.012187957763672 41.974464416503906 -7.649742603302002
vertex -20.64267921447754 43.343971252441406 -1
endloop
endfacet
facet normal -0.00032378175411451723 0.9999999475826864 0
outer loop
vertex -20.64267921447754 43.343971252441406 -7.5411553382873535
vertex -20.64267921447754 43.343971252441406 -1
vertex -20.583770751953125 43.343990325927734 -7.584658622741699
endloop
endfacet
facet normal -0.00030441715203020003 0.9999999536650828 1.7324194275719574e-7
outer loop
vertex -7.601534366607666 43.34794235229492 -7.646749019622803
vertex -20.583770751953125 43.343990325927734 -7.584658622741699
vertex -20.64267921447754 43.343971252441406 -1
endloop
endfacet
facet normal -0.00033837188307211496 0.9999999427522327 0
outer loop
vertex -7.511344909667969 43.34797286987305 -7.656253814697266
vertex -7.601534366607666 43.34794235229492 -7.646749019622803
vertex -7.511344909667969 43.34797286987305 -1
endloop
endfacet
facet normal -0.12873633172695909 0.9916788577423863 -4.922334523533301e-7
outer loop
vertex -7.182024002075195 43.390724182128906 -7.642235279083252
vertex -7.511344909667969 43.34797286987305 -7.656253814697266
vertex -7.050902843475342 43.40774917602539 -1
endloop
endfacet
facet normal -0.12876085354241384 0.9916756740966418 0
outer loop
vertex -7.050902843475342 43.40774917602539 -7.664488315582275
vertex -7.182024002075195 43.390724182128906 -7.642235279083252
vertex -7.050902843475342 43.40774917602539 -1
endloop
endfacet
facet normal -0.28021635019988106 0.959936871403874 0
outer loop
vertex -6.605198860168457 43.53785705566406 -7.694095134735107
vertex -6.758499622344971 43.493106842041016 -7.662065029144287
vertex -6.605198860168457 43.53785705566406 -1
endloop
endfacet
facet normal -0.2802220472761821 0.9599352083449824 1.422664557681198e-7
outer loop
vertex -6.758499622344971 43.493106842041016 -7.662065029144287
vertex -7.050902843475342 43.40774917602539 -7.664488315582275
vertex -6.605198860168457 43.53785705566406 -1
endloop
endfacet
facet normal -0.42499225628072856 0.9051969852476396 1.3347922540223229e-8
outer loop
vertex -6.4406843185424805 43.61509704589844 -7.698897361755371
vertex -6.605198860168457 43.53785705566406 -7.694095134735107
vertex -6.184909820556641 43.73518371582031 -1
endloop
endfacet
facet normal -0.4249919698325566 0.9051971197357199 0
outer loop
vertex -6.184909820556641 43.73518371582031 -7.71346378326416
vertex -6.4406843185424805 43.61509704589844 -7.698897361755371
vertex -6.184909820556641 43.73518371582031 -1
endloop
endfacet
facet normal -0.5742077595572154 0.8187096242650889 0
outer loop
vertex -5.717855453491211 44.0627555847168 -7.6494269371032715
vertex -6.184909820556641 43.73518371582031 -7.71346378326416
vertex -5.717855453491211 44.0627555847168 -1
endloop
endfacet
facet normal -0.6747304739988098 -0.7380642162419616 -0.000012668087894401263
outer loop
vertex -4.423076152801514 -71.51531219482422 -14.958550453186035
vertex -4.880788326263428 -71.09687805175781 -14.8729887008667
vertex -4.489089012145996 -71.45496368408203 -14.97342300415039
endloop
endfacet
facet normal -0.6494449200388964 0.7604086374020692 0
outer loop
vertex -5.3060688972473145 44.414451599121094 -7.531445503234863
vertex -5.717855453491211 44.0627555847168 -7.6494269371032715
vertex -5.3060688972473145 44.414451599121094 -1
endloop
endfacet
facet normal -0.5877858053939945 0.8090165925228809 0
outer loop
vertex -5.115350723266602 44.553016662597656 -7.5005974769592285
vertex -5.3060688972473145 44.414451599121094 -7.531445503234863
vertex -5.115350723266602 44.553016662597656 -1
endloop
endfacet
facet normal -0.5224990274740887 0.8526398807753667 0
outer loop
vertex -3.2419145107269287 45.7010612487793 -7.406029224395752
vertex -5.115350723266602 44.553016662597656 -7.5005974769592285
vertex -3.2419145107269287 45.7010612487793 -1
endloop
endfacet
facet normal 0.9296532494968525 0.36843566019040985 0
outer loop
vertex 81.83340454101562 48.09896469116211 -7.166042327880859
vertex 81.83340454101562 48.09896469116211 -1
vertex 81.98225402832031 47.72338104248047 -1
endloop
endfacet
facet normal -0.0002851019586153699 -0.9999999587132649 0.000035921326784596985
outer loop
vertex -8.764769554138184 -68.06060028076172 -14.716429710388184
vertex -8.39443302154541 -68.06070709228516 -14.750611305236816
vertex -15.7122802734375 -68.05850219726562 -11.449999809265137
endloop
endfacet
facet normal -0.0002853729128147233 -0.9999999586565144 0.00003534502256852697
outer loop
vertex -8.764769554138184 -68.06060028076172 -14.716429710388184
vertex -15.7122802734375 -68.05850219726562 -11.449999809265137
vertex -16.286304473876953 -68.05833435058594 -11.335819244384766
endloop
endfacet
facet normal -0.0003013037637368839 -0.9999999546080199 0
outer loop
vertex -15.7122802734375 -68.05850219726562 -11.449999809265137
vertex -8.39443302154541 -68.06070709228516 -14.750611305236816
vertex -8.39443302154541 -68.06070709228516 -11.449999809265137
endloop
endfacet
facet normal -0.818237308176395 -0.5748806028283151 0
outer loop
vertex -5.646838665008545 -70.1237564086914 -14.823554992675781
vertex -5.29032564163208 -70.63118743896484 -14.817170143127441
vertex -5.646838665008545 -70.1237564086914 -11.449999809265137
endloop
endfacet
facet normal -0.13296800207671017 -0.9911203309473413 -0.000002561418037384456
outer loop
vertex -8.06464672088623 -68.10494232177734 -14.803695678710938
vertex -7.9342474937438965 -68.1224365234375 -14.829371452331543
vertex -8.39443302154541 -68.06070709228516 -11.449999809265137
endloop
endfacet
facet normal -0.2842712714803024 -0.958743888747653 0
outer loop
vertex -7.9342474937438965 -68.1224365234375 -14.829371452331543
vertex -7.489098072052002 -68.25442504882812 -14.872110366821289
vertex -7.9342474937438965 -68.1224365234375 -11.449999809265137
endloop
endfacet
facet normal -0.1329424146538109 -0.9911237634049616 0
outer loop
vertex -8.39443302154541 -68.06070709228516 -14.750611305236816
vertex -8.06464672088623 -68.10494232177734 -14.803695678710938
vertex -8.39443302154541 -68.06070709228516 -11.449999809265137
endloop
endfacet
facet normal -0.6838566325219869 -0.7296164102839439 -2.448213609949772e-7
outer loop
vertex -6.518202304840088 -68.87218475341797 -14.856032371520996
vertex -6.347174644470215 -69.03248596191406 -14.88700008392334
vertex -6.685942649841309 -68.7149658203125 -11.449999809265137
endloop
endfacet
facet normal -0.683853986143425 -0.7296188906790642 0
outer loop
vertex -6.685942649841309 -68.7149658203125 -14.860322952270508
vertex -6.518202304840088 -68.87218475341797 -14.856032371520996
vertex -6.685942649841309 -68.7149658203125 -11.449999809265137
endloop
endfacet
facet normal -0.4288150475394107 -0.9033923040428078 0
outer loop
vertex -7.489098072052002 -68.25442504882812 -14.872110366821289
vertex -7.190622806549072 -68.39610290527344 -14.86156177520752
vertex -7.489098072052002 -68.25442504882812 -11.449999809265137
endloop
endfacet
facet normal -0.42885474174611754 -0.9033734612298207 -0.0000052463756296269804
outer loop
vertex -7.14314079284668 -68.41864013671875 -14.855645179748535
vertex -7.069647312164307 -68.45352935791016 -14.861586570739746
vertex -7.489098072052002 -68.25442504882812 -11.449999809265137
endloop
endfacet
facet normal -0.42879735575763367 -0.9034007016223002 0.0000018965829697756
outer loop
vertex -7.190622806549072 -68.39610290527344 -14.86156177520752
vertex -7.14314079284668 -68.41864013671875 -14.855645179748535
vertex -7.489098072052002 -68.25442504882812 -11.449999809265137
endloop
endfacet
facet normal -0.5630772750238372 -0.8264042487498053 0
outer loop
vertex -7.069647312164307 -68.45352935791016 -14.861586570739746
vertex -6.814516067504883 -68.62736511230469 -14.841386795043945
vertex -7.069647312164307 -68.45352935791016 -11.449999809265137
endloop
endfacet
facet normal -0.5630602351944951 -0.8264158587171453 0.000001876996145396188
outer loop
vertex -7.069647312164307 -68.45352935791016 -11.449999809265137
vertex -6.814516067504883 -68.62736511230469 -14.841386795043945
vertex -6.685942649841309 -68.7149658203125 -14.860322952270508
endloop
endfacet
facet normal -0.8681557753413928 -0.4962917989866296 0
outer loop
vertex -6.061458587646484 -69.39846801757812 -14.903800010681152
vertex -5.646838665008545 -70.1237564086914 -14.823554992675781
vertex -6.061458587646484 -69.39846801757812 -11.449999809265137
endloop
endfacet
facet normal -0.7882410593386766 -0.6153665837309017 0
outer loop
vertex -6.347174644470215 -69.03248596191406 -14.88700008392334
vertex -6.061458587646484 -69.39846801757812 -14.903800010681152
vertex -6.347174644470215 -69.03248596191406 -11.449999809265137
endloop
endfacet
facet normal -0.4022659706416247 -0.9155228499954283 0
outer loop
vertex -3.385313034057617 -72.19121551513672 -14.87590217590332
vertex -2.81754994392395 -72.44068145751953 -14.92445182800293
vertex -3.385313034057617 -72.19121551513672 -11.38496208190918
endloop
endfacet
facet normal -0.300416436007724 -0.9538081384515531 0
outer loop
vertex -2.81754994392395 -72.44068145751953 -14.92445182800293
vertex -2.267082929611206 -72.61405944824219 -15.024898529052734
vertex -2.81754994392395 -72.44068145751953 -11.12153148651123
endloop
endfacet
facet normal -0.6747291840591716 -0.7380653955977372 0
outer loop
vertex -4.880788326263428 -71.09687805175781 -14.8729887008667
vertex -4.423076152801514 -71.51531219482422 -14.958550453186035
vertex -4.880788326263428 -71.09687805175781 -11.449999809265137
endloop
endfacet
facet normal -0.5905423250868006 -0.8070066680524243 0
outer loop
vertex -4.423076152801514 -71.51531219482422 -14.958550453186035
vertex -3.9226090908050537 -71.88153839111328 -14.887312889099121
vertex -4.423076152801514 -71.51531219482422 -11.449999809265137
endloop
endfacet
facet normal -0.750929737604225 -0.6603821084657349 0
outer loop
vertex -5.29032564163208 -70.63118743896484 -14.817170143127441
vertex -4.880788326263428 -71.09687805175781 -14.8729887008667
vertex -5.29032564163208 -70.63118743896484 -11.449999809265137
endloop
endfacet
facet normal -0.49935778062245145 -0.8663958719488366 -0.0000013545428098705422
outer loop
vertex -3.9226090908050537 -71.88153839111328 -14.887312889099121
vertex -3.385313034057617 -72.19121551513672 -14.87590217590332
vertex -3.712280035018921 -72.00276947021484 -11.449999809265137
endloop
endfacet
facet normal -0.3003741123859154 -0.9538214678677194 0.0000065606910252608214
outer loop
vertex -2.267082929611206 -72.61405944824219 -15.024898529052734
vertex -2.2260427474975586 -72.62698364257812 -15.019676208496094
vertex -2.81754994392395 -72.44068145751953 -11.12153148651123
endloop
endfacet
facet normal -0.19499410899019584 -0.9808044134582183 0
outer loop
vertex -2.2260427474975586 -72.62698364257812 -15.019676208496094
vertex -1.6177953481674194 -72.74790954589844 -14.914066314697266
vertex -2.2260427474975586 -72.62698364257812 -10.019190788269043
endloop
endfacet
facet normal -0.8182373081763952 -0.5748806028283152 0
outer loop
vertex -5.646838665008545 -70.1237564086914 -11.449999809265137
vertex -5.29032564163208 -70.63118743896484 -14.817170143127441
vertex -5.29032564163208 -70.63118743896484 -11.449999809265137
endloop
endfacet
facet normal -0.8681557753413929 -0.4962917989866297 0
outer loop
vertex -6.061458587646484 -69.39846801757812 -11.449999809265137
vertex -5.646838665008545 -70.1237564086914 -14.823554992675781
vertex -5.646838665008545 -70.1237564086914 -11.449999809265137
endloop
endfacet
facet normal -0.13294952480474023 -0.9911228096730464 0
outer loop
vertex -8.39443302154541 -68.06070709228516 -11.449999809265137
vertex -7.9342474937438965 -68.1224365234375 -14.829371452331543
vertex -7.9342474937438965 -68.1224365234375 -11.449999809265137
endloop
endfacet
facet normal -0.2842712714803024 -0.958743888747653 0
outer loop
vertex -7.9342474937438965 -68.1224365234375 -11.449999809265137
vertex -7.489098072052002 -68.25442504882812 -14.872110366821289
vertex -7.489098072052002 -68.25442504882812 -11.449999809265137
endloop
endfacet
facet normal -0.4288199175323319 -0.9033899923773586 0
outer loop
vertex -7.489098072052002 -68.25442504882812 -11.449999809265137
vertex -7.069647312164307 -68.45352935791016 -14.861586570739746
vertex -7.069647312164307 -68.45352935791016 -11.449999809265137
endloop
endfacet
facet normal -0.5630716285865116 -0.8264080959676844 0
outer loop
vertex -7.069647312164307 -68.45352935791016 -11.449999809265137
vertex -6.685942649841309 -68.7149658203125 -14.860322952270508
vertex -6.685942649841309 -68.7149658203125 -11.449999809265137
endloop
endfacet
facet normal -0.7882410593386766 -0.6153665837309017 0
outer loop
vertex -6.347174644470215 -69.03248596191406 -11.449999809265137
vertex -6.061458587646484 -69.39846801757812 -14.903800010681152
vertex -6.061458587646484 -69.39846801757812 -11.449999809265137
endloop
endfacet
facet normal -0.6838553102622482 -0.729617649612538 0
outer loop
vertex -6.685942649841309 -68.7149658203125 -11.449999809265137
vertex -6.347174644470215 -69.03248596191406 -14.88700008392334
vertex -6.347174644470215 -69.03248596191406 -11.449999809265137
endloop
endfacet
facet normal -0.4993471269058379 -0.8664020122615627 0
outer loop
vertex -3.712280035018921 -72.00276947021484 -11.449999809265137
vertex -3.385313034057617 -72.19121551513672 -14.87590217590332
vertex -3.385313034057617 -72.19121551513672 -11.38496208190918
endloop
endfacet
facet normal -0.4022818872292498 -0.9155158563334633 -0.000003046069411306557
outer loop
vertex -3.385313034057617 -72.19121551513672 -11.38496208190918
vertex -2.81754994392395 -72.44068145751953 -14.92445182800293
vertex -3.1382548809051514 -72.29977416992188 -11.335819244384766
endloop
endfacet
facet normal -0.4022533176535283 -0.915528409409959 0
outer loop
vertex -3.1382548809051514 -72.29977416992188 -11.335819244384766
vertex -2.81754994392395 -72.44068145751953 -14.92445182800293
vertex -2.81754994392395 -72.44068145751953 -11.12153148651123
endloop
endfacet
facet normal -0.6747291840591717 -0.7380653955977373 0
outer loop
vertex -4.880788326263428 -71.09687805175781 -11.449999809265137
vertex -4.423076152801514 -71.51531219482422 -14.958550453186035
vertex -4.423076152801514 -71.51531219482422 -11.449999809265137
endloop
endfacet
facet normal -0.5905423250868006 -0.8070066680524243 0
outer loop
vertex -4.423076152801514 -71.51531219482422 -11.449999809265137
vertex -3.9226090908050537 -71.88153839111328 -14.887312889099121
vertex -3.9226090908050537 -71.88153839111328 -11.449999809265137
endloop
endfacet
facet normal -0.750929737604225 -0.660382108465735 0
outer loop
vertex -5.29032564163208 -70.63118743896484 -11.449999809265137
vertex -4.880788326263428 -71.09687805175781 -14.8729887008667
vertex -4.880788326263428 -71.09687805175781 -11.449999809265137
endloop
endfacet
facet normal -0.4993743970674117 -0.8663862946478083 0
outer loop
vertex -3.9226090908050537 -71.88153839111328 -11.449999809265137
vertex -3.9226090908050537 -71.88153839111328 -14.887312889099121
vertex -3.712280035018921 -72.00276947021484 -11.449999809265137
endloop
endfacet
facet normal -0.30041179359359593 -0.9538096006383048 2.7575343805143025e-7
outer loop
vertex -2.81754994392395 -72.44068145751953 -11.12153148651123
vertex -2.2260427474975586 -72.62698364257812 -15.019676208496094
vertex -2.6516196727752686 -72.4929428100586 -11.010660171508789
endloop
endfacet
facet normal -0.3004058720914028 -0.9538114656534955 9.667067442077233e-7
outer loop
vertex -2.6516196727752686 -72.4929428100586 -11.010660171508789
vertex -2.2260427474975586 -72.62698364257812 -15.019676208496094
vertex -2.326460599899292 -72.59535217285156 -10.524024963378906
endloop
endfacet
facet normal -0.45398188871423 0.8910109116723458 -5.247050396802045e-7
outer loop
vertex -3.1890342235565186 45.728004455566406 -7.408702373504639
vertex -3.2419145107269287 45.7010612487793 -7.406029224395752
vertex -3.0318682193756104 45.80808639526367 -1
endloop
endfacet
facet normal -0.4539988745314305 0.8910022569691922 0
outer loop
vertex -3.0318682193756104 45.80808639526367 -7.375231742858887
vertex -3.1890342235565186 45.728004455566406 -7.408702373504639
vertex -3.0318682193756104 45.80808639526367 -1
endloop
endfacet
facet normal -0.3826836004795653 0.923879462875973 0
outer loop
vertex -1.0019034147262573 46.64892578125 -7.152486801147461
vertex -3.0318682193756104 45.80808639526367 -7.375231742858887
vertex -1.0019034147262573 46.64892578125 -1
endloop
endfacet
facet normal -0.30900766639213073 0.9510595470899231 0
outer loop
vertex -0.777700662612915 46.721771240234375 -7.149569511413574
vertex -1.0019034147262573 46.64892578125 -7.152486801147461
vertex -0.777700662612915 46.721771240234375 -1
endloop
endfacet
facet normal 0.9758365133574355 0.21850194323713412 0
outer loop
vertex 82.30447387695312 46.6677131652832 -1
vertex 82.17959594726562 47.22542190551758 -7.151994228363037
vertex 82.17959594726562 47.22542190551758 -1
endloop
endfacet
facet normal 0.9758377279938059 0.21849651856178443 -5.164293093880478e-7
outer loop
vertex 82.36769104003906 46.3853759765625 -1
vertex 82.17959594726562 47.22542190551758 -7.151994228363037
vertex 82.30447387695312 46.6677131652832 -1
endloop
endfacet
facet normal 0.9296576153012401 0.3684246440071685 -7.764049914908756e-7
outer loop
vertex 82.17959594726562 47.22542190551758 -1
vertex 81.83340454101562 48.09896469116211 -7.166042327880859
vertex 81.98225402832031 47.72338104248047 -1
endloop
endfacet
facet normal 0.998135200457883 0.06104196594886065 0
outer loop
vertex 82.425048828125 45.44748306274414 -1
vertex 82.36769104003906 46.3853759765625 -7.226639747619629
vertex 82.36769104003906 46.3853759765625 -1
endloop
endfacet
facet normal 0.13525050765753366 0.9908114352279042 0
outer loop
vertex -31.696060180664062 41.03684997558594 -7.814720630645752
vertex -31.696060180664062 41.03684997558594 -1
vertex -31.236021041870117 40.97405242919922 -1
endloop
endfacet
facet normal 0.2987009051685274 0.9543465390153149 -0.0006728454447018613
outer loop
vertex -37.549739837646484 45.574256896972656 -7.432007789611816
vertex -37.52238082885742 45.570228576660156 -1
vertex -36.839698791503906 45.3565559387207 -1
endloop
endfacet
facet normal -0.0003012150109746856 -0.9999999546347527 9.786681858199856e-8
outer loop
vertex -8.764769554138184 -68.06060028076172 -14.716429710388184
vertex -16.286304473876953 -68.05833435058594 -11.335819244384766
vertex -69.37218475341797 -68.04234313964844 -1.6675673723220825
endloop
endfacet
facet normal 0.2987137679417913 0.9543425119025001 -0.0006744016933307126
outer loop
vertex -36.700836181640625 45.31309127807617 -1
vertex -37.549739837646484 45.574256896972656 -7.432007789611816
vertex -36.839698791503906 45.3565559387207 -1
endloop
endfacet
facet normal 0.9954012496775592 -0.09579327815850994 0
outer loop
vertex 82.40300750732422 45.218448638916016 -1
vertex 82.425048828125 45.44748306274414 -7.141928672790527
vertex 82.425048828125 45.44748306274414 -1
endloop
endfacet
facet normal 0.9953984631169824 -0.0958222292746418 -0.000001089596124372299
outer loop
vertex 82.34256744384766 44.590599060058594 -1
vertex 82.425048828125 45.44748306274414 -7.141928672790527
vertex 82.40300750732422 45.218448638916016 -1
endloop
endfacet
facet normal 0.9676223340183172 -0.25240249346815874 0
outer loop
vertex 82.13652801513672 43.800716400146484 -1
vertex 82.34256744384766 44.590599060058594 -7.1982293128967285
vertex 82.34256744384766 44.590599060058594 -1
endloop
endfacet
facet normal 0.9676251550580802 -0.252391678342729 0.0000014720212825707784
outer loop
vertex 82.10540008544922 43.68137741088867 -1
vertex 82.34256744384766 44.590599060058594 -7.1982293128967285
vertex 82.13652801513672 43.800716400146484 -1
endloop
endfacet
facet normal 0.9162407113580208 -0.40062820526037385 0
outer loop
vertex 81.7605209350586 42.892635345458984 -1
vertex 82.10540008544922 43.68137741088867 -7.357926368713379
vertex 82.10540008544922 43.68137741088867 -1
endloop
endfacet
facet normal 0.8411421533616582 -0.5408140880544001 0
outer loop
vertex 81.34158325195312 42.241050720214844 -1
vertex 81.7605209350586 42.892635345458984 -7.34086275100708
vertex 81.7605209350586 42.892635345458984 -1
endloop
endfacet
facet normal 0.8411476761658571 -0.5408054981961831 0.0000012475794940221214
outer loop
vertex 81.25234985351562 42.10226058959961 -1
vertex 81.7605209350586 42.892635345458984 -7.34086275100708
vertex 81.34158325195312 42.241050720214844 -1
endloop
endfacet
facet normal 0.7462174814934672 -0.665702238477194 0
outer loop
vertex 81.06383514404297 41.89094543457031 -1
vertex 81.25234985351562 42.10226058959961 -7.432076930999756
vertex 81.25234985351562 42.10226058959961 -1
endloop
endfacet
facet normal 0.7462094306882231 -0.665711262899821 -5.324396015189615e-7
outer loop
vertex 80.67927551269531 41.45988464355469 -1
vertex 81.25234985351562 42.10226058959961 -7.432076930999756
vertex 81.06383514404297 41.89094543457031 -1
endloop
endfacet
facet normal 0.6311183733828737 -0.7756865338386091 0
outer loop
vertex 79.94889831542969 40.865631103515625 -1
vertex 80.67927551269531 41.45988464355469 -7.406213283538818
vertex 80.67927551269531 41.45988464355469 -1
endloop
endfacet
facet normal -0.30044524459592686 -0.9537990642686194 0
outer loop
vertex -2.326460599899292 -72.59535217285156 -10.524024963378906
vertex -2.2260427474975586 -72.62698364257812 -15.019676208496094
vertex -2.2260427474975586 -72.62698364257812 -10.019190788269043
endloop
endfacet
facet normal 0.533930664937838 -0.8455282638913014 0
outer loop
vertex 79.60620880126953 40.64923095703125 -1
vertex 79.94889831542969 40.865631103515625 -7.49762487411499
vertex 79.94889831542969 40.865631103515625 -1
endloop
endfacet
facet normal 0.5338831529198443 -0.8455582647080455 -0.0000035049809649442654
outer loop
vertex 79.56864166259766 40.625511169433594 -1
vertex 79.94889831542969 40.865631103515625 -7.49762487411499
vertex 79.60620880126953 40.64923095703125 -1
endloop
endfacet
facet normal -0.1947895747383934 -0.9808450544684549 0.000026419870517490346
outer loop
vertex -2.2260427474975586 -72.62698364257812 -10.019190788269043
vertex -1.6177953481674194 -72.74790954589844 -14.914066314697266
vertex -2.212280035018921 -72.62971496582031 -9.949999809265137
endloop
endfacet
facet normal 0.5003095307652907 -0.8658466223445205 0
outer loop
vertex 62.76359176635742 30.91510009765625 -1
vertex 79.56864166259766 40.625511169433594 -7.498696327209473
vertex 79.56864166259766 40.625511169433594 -1
endloop
endfacet
facet normal 0.446216249847591 0.8949251691465337 0
outer loop
vertex -35.85992431640625 44.89380645751953 -1
vertex -36.700836181640625 45.31309127807617 -7.3658766746521
vertex -36.700836181640625 45.31309127807617 -1
endloop
endfacet
facet normal 0.00030696350162474234 0.9999999528341028 0.000010256748164168637
outer loop
vertex -68.57218170166016 45.71644592285156 -1.100000023841858
vertex -76.80233001708984 45.718971252441406 -1
vertex -38.451988220214844 45.70719909667969 -1
endloop
endfacet
facet normal 0.0003069975543758082 0.9999999528762497 0
outer loop
vertex -38.451988220214844 45.70719909667969 -1
vertex -68.57218170166016 45.71644592285156 -2.5
vertex -68.57218170166016 45.71644592285156 -1.100000023841858
endloop
endfacet
facet normal 0.0003240762965950702 0.9999998886820655 -0.0003429437424375737
outer loop
vertex -38.451988220214844 45.70719909667969 -1
vertex -70.77218627929688 45.71681594848633 -3.5
vertex -68.57218170166016 45.71644592285156 -2.5
endloop
endfacet
facet normal 0.00015449733065299936 0.9999982779599322 0.0018493803678928252
outer loop
vertex -68.772216796875 45.71650695800781 -3.5
vertex -70.77218627929688 45.71681594848633 -3.5
vertex -38.451988220214844 45.70719909667969 -1
endloop
endfacet
facet normal -0.4995282586475469 0.8662975924633379 0.000010235919901547593
outer loop
vertex 59.35493469238281 64.04822540283203 -1
vertex 48.17448425292969 57.6013069152832 -1.0951887369155884
vertex 47.84315872192383 57.410255432128906 -1
endloop
endfacet
facet normal -0.08726147427519311 -0.9961854421277796 0
outer loop
vertex -1.0000098943710327 -72.8020248413086 -14.866942405700684
vertex -1.6177953481674194 -72.74790954589844 -1
vertex -1.6177953481674194 -72.74790954589844 -14.914066314697266
endloop
endfacet
facet normal 0.0003069851820544653 0.999999952880048 0
outer loop
vertex -38.451988220214844 45.70719909667969 -1
vertex -68.772216796875 45.71650695800781 -7.3802170753479
vertex -68.772216796875 45.71650695800781 -3.5
endloop
endfacet
facet normal -0.4995159604472375 0.8662764414906851 -0.006995153801712188
outer loop
vertex 48.001705169677734 57.48149108886719 -3.5
vertex 59.35493469238281 64.04822540283203 -1
vertex 64.6949691772461 67.1274185180664 -1
endloop
endfacet
facet normal -0.4995281932722645 0.8662976302207847 0
outer loop
vertex 59.35493469238281 64.04822540283203 -1
vertex 48.17448425292969 57.6013069152832 -2.5048112869262695
vertex 48.17448425292969 57.6013069152832 -1.0951887369155884
endloop
endfacet
facet normal -0.4976266952133399 0.8672042672042225 -0.018011972513781078
outer loop
vertex 48.001705169677734 57.48149108886719 -3.5
vertex 48.17448425292969 57.6013069152832 -2.5048112869262695
vertex 59.35493469238281 64.04822540283203 -1
endloop
endfacet
facet normal -0.49953046561509806 0.8662963199289049 0
outer loop
vertex 48.17448425292969 57.6013069152832 -1.0951887369155884
vertex 47.84315872192383 57.410255432128906 -1.100000023841858
vertex 47.84315872192383 57.410255432128906 -1
endloop
endfacet
facet normal -0.5841711709982162 0.8116304842565812 0
outer loop
vertex 47.84315872192383 57.410255432128906 -1.100000023841858
vertex 46.568538665771484 56.49284744262695 -1
vertex 47.84315872192383 57.410255432128906 -1
endloop
endfacet
facet normal -0.5841711709982162 0.8116304842565812 0
outer loop
vertex 47.84315872192383 57.410255432128906 -1.100000023841858
vertex 46.568538665771484 56.49284744262695 -1.100000023841858
vertex 46.568538665771484 56.49284744262695 -1
endloop
endfacet
facet normal -0.4288945142623357 0.9033545791302966 0
outer loop
vertex 46.16574478149414 56.30160903930664 -1.110011100769043
vertex 46.568538665771484 56.49284744262695 -1
vertex 46.568538665771484 56.49284744262695 -1.100000023841858
endloop
endfacet
facet normal -0.42889458448928436 0.903354545787901 3.150894017429753e-7
outer loop
vertex 46.16574478149414 56.30160903930664 -1.110011100769043
vertex 46.149105072021484 56.29370880126953 -1
vertex 46.568538665771484 56.49284744262695 -1
endloop
endfacet
facet normal 0.1457685268813131 0.9893187234510686 0
outer loop
vertex -37.52238082885742 45.570228576660156 -1
vertex -38.451988220214844 45.70719909667969 -7.283348560333252
vertex -38.451988220214844 45.70719909667969 -1
endloop
endfacet
facet normal -0.5003137792721071 0.865844167428794 0
outer loop
vertex 48.001705169677734 57.48149108886719 -3.5
vertex 64.6949691772461 67.1274185180664 -1
vertex 64.6949691772461 67.1274185180664 -5.839725971221924
endloop
endfacet
facet normal 0.0003067650289683532 0.9999999529291373 -0.000006077844327696963
outer loop
vertex -70.97218322753906 45.71718215942383 -1.100000023841858
vertex -76.80233001708984 45.718971252441406 -1
vertex -68.57218170166016 45.71644592285156 -1.100000023841858
endloop
endfacet
facet normal 0.8680884871783093 0.4964094866423023 0
outer loop
vertex -33.56586456298828 42.3172607421875 -1
vertex -33.97964859008789 43.04085922241211 -7.504184246063232
vertex -33.97964859008789 43.04085922241211 -1
endloop
endfacet
facet normal 0.7024063328414929 0.7117761892506421 0
outer loop
vertex -34.490272521972656 43.73391342163086 -1
vertex -35.159088134765625 44.393924713134766 -7.403348445892334
vertex -35.159088134765625 44.393924713134766 -1
endloop
endfacet
facet normal -0.4996447182060837 0.8660531733306631 -0.017523028638093744
outer loop
vertex 48.001705169677734 57.48149108886719 -3.5
vertex 47.84315872192383 57.410255432128906 -2.5
vertex 48.17448425292969 57.6013069152832 -2.5048112869262695
endloop
endfacet
facet normal -0.5841711709982164 0.8116304842565814 0
outer loop
vertex 47.84315872192383 57.410255432128906 -2.5
vertex 47.84315872192383 57.410255432128906 -3.5
vertex 46.568538665771484 56.49284744262695 -2.5
endloop
endfacet
facet normal -0.42889451426233566 0.9033545791302965 0
outer loop
vertex 46.568538665771484 56.49284744262695 -2.5
vertex 46.568538665771484 56.49284744262695 -3.5
vertex 46.16574478149414 56.30160903930664 -2.4899888038635254
endloop
endfacet
facet normal 0.580687675935691 0.8141264170977416 0
outer loop
vertex -35.159088134765625 44.393924713134766 -1
vertex -35.85992431640625 44.89380645751953 -7.445667743682861
vertex -35.85992431640625 44.89380645751953 -1
endloop
endfacet
facet normal 0.8050822335402184 0.5931632129843296 0
outer loop
vertex -33.97964859008789 43.04085922241211 -1
vertex -34.490272521972656 43.73391342163086 -7.4932074546813965
vertex -34.490272521972656 43.73391342163086 -1
endloop
endfacet
facet normal 0.6855600409518389 0.7280160920268952 0
outer loop
vertex -33.281002044677734 41.95060729980469 -7.704636096954346
vertex -33.281002044677734 41.95060729980469 -1
vertex -33.16482925415039 41.841209411621094 -1
endloop
endfacet
facet normal 0.78967815036174 0.6135213271282922 0
outer loop
vertex -33.56586456298828 42.3172607421875 -7.630641937255859
vertex -33.56586456298828 42.3172607421875 -1
vertex -33.281002044677734 41.95060729980469 -1
endloop
endfacet
facet normal 0.6855505442791313 0.728025034760818 3.1046743548893607e-7
outer loop
vertex -32.94297790527344 41.632301330566406 -1
vertex -33.281002044677734 41.95060729980469 -7.704636096954346
vertex -33.16482925415039 41.841209411621094 -1
endloop
endfacet
facet normal 0.5650093309240084 0.825084514440069 0
outer loop
vertex -32.55988693237305 41.369964599609375 -1
vertex -32.94297790527344 41.632301330566406 -7.7916178703308105
vertex -32.94297790527344 41.632301330566406 -1
endloop
endfacet
facet normal -0.19500180169833503 -0.9808028840365444 0
outer loop
vertex -2.212280035018921 -72.62971496582031 -9.949999809265137
vertex -1.6177953481674194 -72.74790954589844 -14.914066314697266
vertex -2.212280035018921 -72.62971496582031 -4.949999809265137
endloop
endfacet
facet normal -0.409837152088734 0.9121587081028147 0
outer loop
vertex 48.001705169677734 57.48149108886719 -3.5
vertex 47.84315872192383 57.410255432128906 -3.5
vertex 47.84315872192383 57.410255432128906 -2.5
endloop
endfacet
facet normal -0.5841711709982164 0.8116304842565814 0
outer loop
vertex 47.84315872192383 57.410255432128906 -3.5
vertex 46.568538665771484 56.49284744262695 -3.5
vertex 46.568538665771484 56.49284744262695 -2.5
endloop
endfacet
facet normal -0.47034916638408114 0.8822415713382026 -0.020529770687939444
outer loop
vertex 46.568538665771484 56.49284744262695 -3.5
vertex 46.338768005371094 56.3703498840332 -3.5
vertex 46.16574478149414 56.30160903930664 -2.4899888038635254
endloop
endfacet
facet normal -0.4288962844561581 0.9033537386758868 0
outer loop
vertex 46.16574478149414 56.30160903930664 -1.110011100769043
vertex 46.149105072021484 56.29370880126953 -6.72305965423584
vertex 46.149105072021484 56.29370880126953 -1
endloop
endfacet
facet normal 0.4309219596325703 0.902389198021799 0
outer loop
vertex -32.140899658203125 41.169883728027344 -1
vertex -32.55988693237305 41.369964599609375 -7.847311973571777
vertex -32.55988693237305 41.369964599609375 -1
endloop
endfacet
facet normal 0.2865216651131048 0.9580737630374886 0
outer loop
vertex -31.696060180664062 41.03684997558594 -1
vertex -32.140899658203125 41.169883728027344 -7.837843894958496
vertex -32.140899658203125 41.169883728027344 -1
endloop
endfacet
facet normal -0.428896284456158 0.9033537386758866 0
outer loop
vertex 46.16574478149414 56.30160903930664 -2.4899888038635254
vertex 46.149105072021484 56.29370880126953 -6.72305965423584
vertex 46.16574478149414 56.30160903930664 -1.110011100769043
endloop
endfacet
facet normal -0.3706145164826702 0.9287867374614169 -0.0002765648089570324
outer loop
vertex 46.338768005371094 56.3703498840332 -3.5
vertex 46.149105072021484 56.29370880126953 -6.72305965423584
vertex 46.16574478149414 56.30160903930664 -2.4899888038635254
endloop
endfacet
facet normal 0.0001513990350352715 0.9999999885391101 3.34559554442945e-7
outer loop
vertex -24.105464935302734 40.97297286987305 -1
vertex -31.17058753967285 40.97404479980469 -7.806485176086426
vertex -31.236021041870117 40.97405242919922 -1
endloop
endfacet
facet normal -0.1287434607412868 0.9916779322523803 0
outer loop
vertex -24.105464935302734 40.97297286987305 -7.783042907714844
vertex -24.105464935302734 40.97297286987305 -1
vertex -23.645023345947266 41.03274917602539 -1
endloop
endfacet
facet normal -0.280220320572125 0.9599355535569305 0.0005522280370651163
outer loop
vertex -23.19931983947754 41.16285705566406 -1
vertex -23.669315338134766 41.02959442138672 -7.8427324295043945
vertex -23.645023345947266 41.03274917602539 -1
endloop
endfacet
facet normal -0.4249912919163476 0.9051974380185097 0
outer loop
vertex -22.779029846191406 41.36018371582031 -1
vertex -23.19931983947754 41.16285705566406 -7.872312545776367
vertex -23.19931983947754 41.16285705566406 -1
endloop
endfacet
facet normal -0.5595765635394992 0.8287786613670292 0
outer loop
vertex -22.394222259521484 41.619998931884766 -1
vertex -22.779029846191406 41.36018371582031 -7.820738315582275
vertex -22.779029846191406 41.36018371582031 -1
endloop
endfacet
facet normal -0.6656519522150272 0.7462623389347229 0
outer loop
vertex -22.138999938964844 41.847652435302734 -1
vertex -22.394222259521484 41.619998931884766 -7.732219219207764
vertex -22.394222259521484 41.619998931884766 -1
endloop
endfacet
facet normal -0.7071063305143019 0.7071072318585057 1.71888223406406e-8
outer loop
vertex -20.64267921447754 43.343971252441406 -1
vertex -22.012187957763672 41.974464416503906 -7.649742603302002
vertex -22.138999938964844 41.847652435302734 -1
endloop
endfacet
facet normal -0.0003047353147175869 0.9999999535680911 -4.5100399526662695e-7
outer loop
vertex -20.64267921447754 43.343971252441406 -1
vertex -8.525190353393555 43.34766387939453 -1
vertex -7.601534366607666 43.34794235229492 -7.646749019622803
endloop
endfacet
facet normal -0.0003047707775159668 0.9999999535572814 -4.5593203285992933e-7
outer loop
vertex -7.511344909667969 43.34797286987305 -1
vertex -7.601534366607666 43.34794235229492 -7.646749019622803
vertex -8.525190353393555 43.34766387939453 -1
endloop
endfacet
facet normal -0.12874332962350746 0.9916779492745883 0
outer loop
vertex -7.050902843475342 43.40774917602539 -1
vertex -7.511344909667969 43.34797286987305 -7.656253814697266
vertex -7.511344909667969 43.34797286987305 -1
endloop
endfacet
facet normal -0.28022008704615614 0.9599357805685986 0
outer loop
vertex -6.605198860168457 43.53785705566406 -1
vertex -7.050902843475342 43.40774917602539 -7.664488315582275
vertex -7.050902843475342 43.40774917602539 -1
endloop
endfacet
facet normal -0.5742077595572154 0.8187096242650889 0
outer loop
vertex -5.717855453491211 44.0627555847168 -1
vertex -6.184909820556641 43.73518371582031 -7.71346378326416
vertex -6.184909820556641 43.73518371582031 -1
endloop
endfacet
facet normal -0.4249920820824937 0.9051970670341275 0
outer loop
vertex -6.184909820556641 43.73518371582031 -1
vertex -6.605198860168457 43.53785705566406 -7.694095134735107
vertex -6.605198860168457 43.53785705566406 -1
endloop
endfacet
facet normal -0.6494449200388964 0.7604086374020691 0
outer loop
vertex -5.3060688972473145 44.414451599121094 -1
vertex -5.717855453491211 44.0627555847168 -7.6494269371032715
vertex -5.717855453491211 44.0627555847168 -1
endloop
endfacet
facet normal -0.5877858053939946 0.809016592522881 0
outer loop
vertex -5.115350723266602 44.553016662597656 -1
vertex -5.3060688972473145 44.414451599121094 -7.531445503234863
vertex -5.3060688972473145 44.414451599121094 -1
endloop
endfacet
facet normal -0.5224990274740887 0.8526398807753667 0
outer loop
vertex -3.2419145107269287 45.7010612487793 -1
vertex -5.115350723266602 44.553016662597656 -7.5005974769592285
vertex -5.115350723266602 44.553016662597656 -1
endloop
endfacet
facet normal -0.4539945930056668 0.891004438553265 0
outer loop
vertex -3.0318682193756104 45.80808639526367 -1
vertex -3.2419145107269287 45.7010612487793 -7.406029224395752
vertex -3.2419145107269287 45.7010612487793 -1
endloop
endfacet
facet normal -0.3826836004795653 0.923879462875973 0
outer loop
vertex -1.0019034147262573 46.64892578125 -1
vertex -3.0318682193756104 45.80808639526367 -7.375231742858887
vertex -3.0318682193756104 45.80808639526367 -1
endloop
endfacet
facet normal -0.30900766639213073 0.9510595470899231 0
outer loop
vertex -0.777700662612915 46.721771240234375 -1
vertex -1.0019034147262573 46.64892578125 -7.152486801147461
vertex -1.0019034147262573 46.64892578125 -1
endloop
endfacet
facet normal 0.00030686927755341214 0.9999999529156222 0
outer loop
vertex -76.80233001708984 45.718971252441406 -1
vertex -70.97218322753906 45.71718215942383 -1.100000023841858
vertex -70.97218322753906 45.71718215942383 -2.5
endloop
endfacet
facet normal 0.00022418491535443645 0.9999999232297387 -0.00032137461047307024
outer loop
vertex -70.77218627929688 45.71681594848633 -3.5
vertex -76.80233001708984 45.718971252441406 -1
vertex -70.97218322753906 45.71718215942383 -2.5
endloop
endfacet
facet normal -0.23344599448504438 0.9723697689967992 0
outer loop
vertex -0.777700662612915 46.721771240234375 -7.149569511413574
vertex -0.777700662612915 46.721771240234375 -1
vertex 1.3588080406188965 47.234703063964844 -1
endloop
endfacet
facet normal 0.000306765014718815 0.9999999064781534 -0.0003048588364800441
outer loop
vertex -70.77218627929688 45.71681594848633 -3.5
vertex -70.97218322753906 45.71718215942383 -2.5
vertex -68.57218170166016 45.71644592285156 -2.5
endloop
endfacet
facet normal -0.000019823312294103246 -0.9999999998035182 0
outer loop
vertex -1.0000098943710327 -72.8020248413086 -1
vertex -1.0000098943710327 -72.8020248413086 -14.866942405700684
vertex 56.3455924987793 -72.80316162109375 -14.889659881591797
endloop
endfacet
facet normal -0.03962081723884158 0.9992147871409843 3.518780894589592e-7
outer loop
vertex -76.80233001708984 45.718971252441406 -1
vertex -77.23511505126953 45.701812744140625 -7.427008628845215
vertex -77.25170135498047 45.70115280151367 -1
endloop
endfacet
facet normal -0.15870686896487524 0.9873257465210586 0
outer loop
vertex -77.25170135498047 45.70115280151367 -1
vertex -78.18135833740234 45.55171585083008 -7.3566508293151855
vertex -78.18135833740234 45.55171585083008 -1
endloop
endfacet
facet normal -0.3133734580688377 0.9496299678179803 0
outer loop
vertex -78.18135833740234 45.55171585083008 -1
vertex -78.99884796142578 45.28194808959961 -7.433088779449463
vertex -78.99884796142578 45.28194808959961 -1
endloop
endfacet
facet normal -0.45803318926845155 0.8889350918534473 2.7204127795975505e-7
outer loop
vertex -79.29356384277344 45.13009262084961 -1
vertex -78.99884796142578 45.28194808959961 -1
vertex -79.8341293334961 44.8515625 -7.3856587409973145
endloop
endfacet
facet normal -0.45803064985595565 0.8889364003079923 0
outer loop
vertex -79.8341293334961 44.8515625 -7.3856587409973145
vertex -79.8341293334961 44.8515625 -1
vertex -79.29356384277344 45.13009262084961 -1
endloop
endfacet
facet normal -0.5931674453172908 0.8050791152525065 0
outer loop
vertex -79.8341293334961 44.8515625 -1
vertex -80.52717590332031 44.340938568115234 -7.465204238891602
vertex -80.52717590332031 44.340938568115234 -1
endloop
endfacet
facet normal -0.7117761892506421 0.702406332841493 0
outer loop
vertex -80.52717590332031 44.340938568115234 -1
vertex -81.18718719482422 43.672122955322266 -7.434746265411377
vertex -81.18718719482422 43.672122955322266 -1
endloop
endfacet
facet normal -0.8141258164102583 0.5806885181009959 0
outer loop
vertex -81.18718719482422 43.672122955322266 -1
vertex -81.68707275390625 42.971282958984375 -7.5176682472229
vertex -81.68707275390625 42.971282958984375 -1
endloop
endfacet
facet normal -0.8949227396323461 0.4462211224145895 0
outer loop
vertex -81.68707275390625 42.971282958984375 -1
vertex -82.10636138916016 42.130374908447266 -7.500058650970459
vertex -82.10636138916016 42.130374908447266 -1
endloop
endfacet
facet normal -0.9543473377502013 0.2986991110283107 0
outer loop
vertex -82.10636138916016 42.130374908447266 -1
vertex -82.36349487304688 41.30883026123047 -7.57676362991333
vertex -82.36349487304688 41.30883026123047 -1
endloop
endfacet
facet normal 0.00035742163224067373 0.9999999361248865 0
outer loop
vertex -70.77218627929688 45.71681594848633 -3.5
vertex -76.80233001708984 45.718971252441406 -7.405872344970703
vertex -76.80233001708984 45.718971252441406 -1
endloop
endfacet
facet normal -0.9893179992679948 0.14577344176445967 -7.179061691709971e-7
outer loop
vertex -82.38996124267578 41.12921142578125 -1
vertex -82.36349487304688 41.30883026123047 -1
vertex -82.5004653930664 40.37922286987305 -7.502386569976807
endloop
endfacet
facet normal -0.989318896886081 0.1457673497876249 0
outer loop
vertex -82.38996124267578 41.12921142578125 -1
vertex -82.5004653930664 40.37922286987305 -7.502386569976807
vertex -82.5004653930664 40.37922286987305 -1
endloop
endfacet
facet normal -0.9999999936381762 0.00011279914880770814 0
outer loop
vertex -82.5004653930664 40.37922286987305 -1
vertex -82.5004653930664 40.37922286987305 -7.502386569976807
vertex -82.50269317626953 20.629222869873047 -1
endloop
endfacet
facet normal 0.0003069851820544653 0.9999999528800478 0
outer loop
vertex -38.451988220214844 45.70719909667969 -7.283348560333252
vertex -68.772216796875 45.71650695800781 -7.3802170753479
vertex -38.451988220214844 45.70719909667969 -1
endloop
endfacet
facet normal 0.8663283146926577 0.49947497551106546 0
outer loop
vertex 72.16842651367188 64.86265563964844 -6.062756061553955
vertex 81.83340454101562 48.09896469116211 -1
vertex 81.83340454101562 48.09896469116211 -7.166042327880859
endloop
endfacet
facet normal 0.5408006098775826 0.8411508030195812 -0.00016412053054731088
outer loop
vertex 70.6916732788086 66.5463638305664 -5.99646520614624
vertex 70.61929321289062 66.5928955078125 -6.014903545379639
vertex 69.90129852294922 67.05453491210938 -5.915041446685791
endloop
endfacet
facet normal 0.9155234168938253 -0.40226468040754665 -0.000003958464094031931
outer loop
vertex 61.272911071777344 -69.67906188964844 -14.878567695617676
vertex 61.31867218017578 -69.57491302490234 -14.889549255371094
vertex 61.522377014160156 -69.11129760742188 -14.778924942016602
endloop
endfacet
facet normal 0.07547197848676461 -0.9971479230602114 0
outer loop
vertex 56.88437271118164 -72.76238250732422 -14.925582885742188
vertex 56.3455924987793 -72.80316162109375 -1
vertex 56.3455924987793 -72.80316162109375 -14.889659881591797
endloop
endfacet
facet normal 0.8663275564271793 0.49947628999437205 -0.00002661522398306377
outer loop
vertex 81.83340454101562 48.09896469116211 -7.166042327880859
vertex 81.77009582519531 48.208770751953125 -7.18712854385376
vertex 72.16842651367188 64.86265563964844 -6.062756061553955
endloop
endfacet
facet normal 0.17606016016913448 -0.9843794085621755 0
outer loop
vertex 56.88437271118164 -72.76238250732422 -14.925582885742188
vertex 57.49483871459961 -72.6531982421875 -15.021417617797852
vertex 56.88437271118164 -72.76238250732422 -1
endloop
endfacet
facet normal 0.28197316128148553 -0.9594222930060179 0
outer loop
vertex 57.49483871459961 -72.6531982421875 -15.021417617797852
vertex 58.08982467651367 -72.47833251953125 -14.984664916992188
vertex 58.08982467651367 -72.47833251953125 -1
endloop
endfacet
facet normal 0.3845507410855271 -0.9231038552246286 0
outer loop
vertex 58.08982467651367 -72.47833251953125 -1
vertex 58.08982467651367 -72.47833251953125 -14.984664916992188
vertex 58.662288665771484 -72.23985290527344 -15.000710487365723
endloop
endfacet
facet normal 0.48248998854551417 -0.8759014847306457 0
outer loop
vertex 58.662288665771484 -72.23985290527344 -15.000710487365723
vertex 58.70741271972656 -72.21499633789062 -15.006974220275879
vertex 58.662288665771484 -72.23985290527344 -1
endloop
endfacet
facet normal 0.4825731909366944 -0.8758556475750182 3.493819192736276e-7
outer loop
vertex 58.662288665771484 -72.23985290527344 -1
vertex 58.70741271972656 -72.21499633789062 -15.006974220275879
vertex 59.20545196533203 -71.94058990478516 -14.90335464477539
endloop
endfacet
facet normal 0.5748816324088473 -0.8182365848084152 0
outer loop
vertex 59.71288299560547 -71.58407592773438 -14.847491264343262
vertex 59.20545196533203 -71.94058990478516 -1
vertex 59.20545196533203 -71.94058990478516 -14.90335464477539
endloop
endfacet
facet normal 0.6603829756269616 -0.7509289750050133 0
outer loop
vertex 60.17857360839844 -71.1745376586914 -14.852473258972168
vertex 59.71288299560547 -71.58407592773438 -1
vertex 59.71288299560547 -71.58407592773438 -14.847491264343262
endloop
endfacet
facet normal 0.7380639953885209 -0.6747307157015556 0
outer loop
vertex 60.17857360839844 -71.1745376586914 -14.852473258972168
vertex 60.597007751464844 -70.71682739257812 -14.918240547180176
vertex 60.17857360839844 -71.1745376586914 -1
endloop
endfacet
facet normal 0.8070253045504832 -0.5905168565038595 0
outer loop
vertex 60.597007751464844 -70.71682739257812 -14.918240547180176
vertex 60.64915466308594 -70.64556121826172 -14.936149597167969
vertex 60.597007751464844 -70.71682739257812 -1
endloop
endfacet
facet normal -0.039615599927985745 0.999214994003966 0
outer loop
vertex -76.80233001708984 45.718971252441406 -7.405872344970703
vertex -77.23511505126953 45.701812744140625 -7.427008628845215
vertex -76.80233001708984 45.718971252441406 -1
endloop
endfacet
facet normal -0.1949941089901958 -0.9808044134582182 0
outer loop
vertex -2.2260427474975586 -72.62698364257812 -1
vertex -1.6177953481674194 -72.74790954589844 -14.914066314697266
vertex -1.6177953481674194 -72.74790954589844 -1
endloop
endfacet
facet normal -0.31337284537285504 0.9496301700045764 0
outer loop
vertex -78.18135833740234 45.55171585083008 -7.3566508293151855
vertex -78.9468765258789 45.29909896850586 -7.445402145385742
vertex -78.18135833740234 45.55171585083008 -1
endloop
endfacet
facet normal -0.3133822190177578 0.9496270767001023 0.0000012345415256120115
outer loop
vertex -78.9468765258789 45.29909896850586 -7.445402145385742
vertex -78.99884796142578 45.28194808959961 -7.433088779449463
vertex -78.18135833740234 45.55171585083008 -1
endloop
endfacet
facet normal -0.45803154584896016 0.8889359386408066 0
outer loop
vertex -78.99884796142578 45.28194808959961 -7.433088779449463
vertex -79.8341293334961 44.8515625 -7.3856587409973145
vertex -78.99884796142578 45.28194808959961 -1
endloop
endfacet
facet normal -0.5931674453172908 0.8050791152525065 0
outer loop
vertex -79.8341293334961 44.8515625 -7.3856587409973145
vertex -80.52717590332031 44.340938568115234 -7.465204238891602
vertex -79.8341293334961 44.8515625 -1
endloop
endfacet
facet normal -0.711776189250642 0.7024063328414929 0
outer loop
vertex -80.52717590332031 44.340938568115234 -7.465204238891602
vertex -81.18718719482422 43.672122955322266 -7.434746265411377
vertex -80.52717590332031 44.340938568115234 -1
endloop
endfacet
facet normal -0.8141258164102582 0.5806885181009958 0
outer loop
vertex -81.18718719482422 43.672122955322266 -7.434746265411377
vertex -81.68707275390625 42.971282958984375 -7.5176682472229
vertex -81.18718719482422 43.672122955322266 -1
endloop
endfacet
facet normal -0.894922739632346 0.44622112241458944 0
outer loop
vertex -81.68707275390625 42.971282958984375 -7.5176682472229
vertex -82.10636138916016 42.130374908447266 -7.500058650970459
vertex -81.68707275390625 42.971282958984375 -1
endloop
endfacet
facet normal -0.9543473377502014 0.2986991110283107 0
outer loop
vertex -82.10636138916016 42.130374908447266 -7.500058650970459
vertex -82.36349487304688 41.30883026123047 -7.57676362991333
vertex -82.10636138916016 42.130374908447266 -1
endloop
endfacet
facet normal 0.0003065608422719987 0.9999999499273513 0.0000785222548996584
outer loop
vertex -70.77215576171875 45.71712112426758 -7.386606693267822
vertex -76.80233001708984 45.718971252441406 -7.405872344970703
vertex -70.77218627929688 45.71681594848633 -3.5
endloop
endfacet
facet normal -0.9893187234510685 0.1457685268813131 0
outer loop
vertex -82.36349487304688 41.30883026123047 -7.57676362991333
vertex -82.5004653930664 40.37922286987305 -7.502386569976807
vertex -82.36349487304688 41.30883026123047 -1
endloop
endfacet
facet normal 0.8070074935429442 -0.5905411970095722 -1.9111762115571645e-7
outer loop
vertex 60.597007751464844 -70.71682739257812 -1
vertex 60.64915466308594 -70.64556121826172 -14.936149597167969
vertex 60.963233947753906 -70.21635437011719 -14.881598472595215
endloop
endfacet
facet normal 0.8663944214968976 -0.4993602971793575 0
outer loop
vertex 61.272911071777344 -69.67906188964844 -14.878567695617676
vertex 60.963233947753906 -70.21635437011719 -1
vertex 60.963233947753906 -70.21635437011719 -14.881598472595215
endloop
endfacet
facet normal -0.00001970926920190084 -0.9999999998057602 -1.5661062560459617e-7
outer loop
vertex 56.3455924987793 -72.80316162109375 -14.889659881591797
vertex 53.17023468017578 -72.8031005859375 -5
vertex 41.17023468017578 -72.80286407470703 -5
endloop
endfacet
facet normal 0.9155231610507072 -0.40226526270574353 0
outer loop
vertex 61.522377014160156 -69.11129760742188 -14.778924942016602
vertex 61.272911071777344 -69.67906188964844 -1
vertex 61.272911071777344 -69.67906188964844 -14.878567695617676
endloop
endfacet
facet normal -0.0016271058686512974 -0.9999986762623699 0
outer loop
vertex -75.77218627929688 -68.04042053222656 -5
vertex -75.77218627929688 -68.04042053222656 -4
vertex -79.18103790283203 -68.03487396240234 -14.716851234436035
endloop
endfacet
facet normal -0.0005935165893324602 -0.9999997698247788 -0.0003287680757453588
outer loop
vertex -75.77218627929688 -68.04042053222656 -4
vertex -79.156494140625 -68.03939819335938 -1
vertex -79.18103790283203 -68.03487396240234 -14.716851234436035
endloop
endfacet
facet normal 0.9538108077707848 -0.3004079609125617 0
outer loop
vertex 61.708675384521484 -68.51979064941406 -14.706364631652832
vertex 61.522377014160156 -69.11129760742188 -1
vertex 61.522377014160156 -69.11129760742188 -14.778924942016602
endloop
endfacet
facet normal -0.34891230934464046 -0.9371553768654319 0
outer loop
vertex -80.40161895751953 -67.69664001464844 -1
vertex -79.7989273071289 -67.92102813720703 -14.658108711242676
vertex -79.7989273071289 -67.92102813720703 -1
endloop
endfacet
facet normal -0.7776991301512499 -0.6286366700742084 0
outer loop
vertex -81.88186645507812 -66.42081451416016 -1
vertex -81.47758483886719 -66.92095947265625 -14.663066864013672
vertex -81.47758483886719 -66.92095947265625 -1
endloop
endfacet
facet normal -0.8774399304218142 -0.479686531498813 0
outer loop
vertex -81.88186645507812 -66.42081451416016 -14.603827476501465
vertex -81.88186645507812 -66.42081451416016 -1
vertex -82.10859680175781 -66.0060806274414 -1
endloop
endfacet
facet normal -0.8774534880536784 -0.4796617311204521 -9.820386141709488e-7
outer loop
vertex -82.20738220214844 -65.82537078857422 -1
vertex -81.88186645507812 -66.42081451416016 -14.603827476501465
vertex -82.10859680175781 -66.0060806274414 -1
endloop
endfacet
facet normal -0.9494176733341836 -0.31401605303026364 0
outer loop
vertex -82.20738220214844 -65.82537078857422 -14.621539115905762
vertex -82.20738220214844 -65.82537078857422 -1
vertex -82.41251373291016 -65.20516204833984 -1
endloop
endfacet
facet normal -0.5106283676126336 -0.8598015295341461 0
outer loop
vertex -80.98509216308594 -67.3501205444336 -1
vertex -80.40161895751953 -67.69664001464844 -14.696418762207031
vertex -80.40161895751953 -67.69664001464844 -1
endloop
endfacet
facet normal -0.6569686080529207 -0.7539179318951154 0
outer loop
vertex -81.47758483886719 -66.92095947265625 -1
vertex -80.98509216308594 -67.3501205444336 -14.634315490722656
vertex -80.98509216308594 -67.3501205444336 -1
endloop
endfacet
facet normal -0.1812054259339332 -0.9834452672172591 -2.7518742031347337e-7
outer loop
vertex -79.7989273071289 -67.92102813720703 -1
vertex -79.18103790283203 -68.03487396240234 -14.716851234436035
vertex -79.23041534423828 -68.0257797241211 -1
endloop
endfacet
facet normal -0.18118051347113004 -0.9834498571550583 -1.8246529052922225e-7
outer loop
vertex -79.23041534423828 -68.0257797241211 -1
vertex -79.18103790283203 -68.03487396240234 -14.716851234436035
vertex -79.156494140625 -68.03939819335938 -1
endloop
endfacet
facet normal 0.9296557382151441 0.36842938048377144 0
outer loop
vertex 81.83340454101562 48.09896469116211 -7.166042327880859
vertex 82.17959594726562 47.22542190551758 -1
vertex 82.17959594726562 47.22542190551758 -7.151994228363037
endloop
endfacet
facet normal -0.9869590659093868 -0.1609714329291711 0
outer loop
vertex -82.41251373291016 -65.20516204833984 -1
vertex -82.4332046508789 -65.07830047607422 -1
vertex -82.41251373291016 -65.20516204833984 -14.57410717010498
endloop
endfacet
facet normal -0.9869517116254541 -0.1610165175359323 4.325640655912639e-7
outer loop
vertex -82.4332046508789 -65.07830047607422 -1
vertex -82.49606323242188 -64.69300842285156 -1
vertex -82.41251373291016 -65.20516204833984 -14.57410717010498
endloop
endfacet
facet normal -0.999012528889897 -0.04442934977031046 0
outer loop
vertex -82.49606323242188 -64.69300842285156 -14.585020065307617
vertex -82.49606323242188 -64.69300842285156 -1
vertex -82.51228332519531 -64.32829284667969 -1
endloop
endfacet
facet normal 0.9808043184414662 -0.19499458691607596 0
outer loop
vertex 61.8296012878418 -67.91154479980469 -14.699237823486328
vertex 61.708675384521484 -68.51979064941406 -1
vertex 61.708675384521484 -68.51979064941406 -14.706364631652832
endloop
endfacet
facet normal 0.9961849659469656 -0.08726691023087127 0
outer loop
vertex 61.88372039794922 -67.29375457763672 -14.75762939453125
vertex 61.8296012878418 -67.91154479980469 -1
vertex 61.8296012878418 -67.91154479980469 -14.699237823486328
endloop
endfacet
facet normal -0.999999993638176 0.00011279914880770813 0
outer loop
vertex -82.51228332519531 -64.32829284667969 -14.576458930969238
vertex -82.51228332519531 -64.32829284667969 -1
vertex -82.51005554199219 -44.57829284667969 -1
endloop
endfacet
facet normal 0.9758369215965399 0.2185001200205355 0
outer loop
vertex 82.17959594726562 47.22542190551758 -7.151994228363037
vertex 82.36769104003906 46.3853759765625 -1
vertex 82.36769104003906 46.3853759765625 -7.226639747619629
endloop
endfacet
facet normal 0.998135200457883 0.06104196594886066 0
outer loop
vertex 82.36769104003906 46.3853759765625 -7.226639747619629
vertex 82.425048828125 45.44748306274414 -1
vertex 82.425048828125 45.44748306274414 -7.141928672790527
endloop
endfacet
facet normal 0.9953992080112855 -0.09581449102565592 0
outer loop
vertex 82.425048828125 45.44748306274414 -7.141928672790527
vertex 82.34256744384766 44.590599060058594 -1
vertex 82.34256744384766 44.590599060058594 -7.1982293128967285
endloop
endfacet
facet normal 0.9999999983349664 -0.00005770673427981802 0
outer loop
vertex 61.88372802734375 -67.16154479980469 -14.781185150146484
vertex 61.88372039794922 -67.29375457763672 -1
vertex 61.88372039794922 -67.29375457763672 -14.75762939453125
endloop
endfacet
facet normal -0.9999999933538419 0.00011523771818577792 -0.000003547445331304425
outer loop
vertex -82.51228332519531 -64.32829284667969 -14.576458930969238
vertex -82.51005554199219 -44.57829284667969 -1
vertex -82.50994873046875 -43.65141296386719 -1
endloop
endfacet
facet normal -0.9999999936418704 0.0001127661826026851 2.1669120164412465e-7
outer loop
vertex -82.51228332519531 -64.32829284667969 -14.576458930969238
vertex -82.50994873046875 -43.65141296386719 -1
vertex -82.50763702392578 -23.15141487121582 -1
endloop
endfacet
facet normal -0.000300725191909331 -0.9999999547777461 0.0000029773661131667828
outer loop
vertex -75.77218627929688 -68.04042053222656 -5
vertex -8.764769554138184 -68.06060028076172 -14.716429710388184
vertex -63.77218246459961 -68.04402923583984 -5
endloop
endfacet
facet normal -0.00030125110949898566 -0.9999999546238835 0
outer loop
vertex -63.77218246459961 -68.04402923583984 -5
vertex -8.764769554138184 -68.06060028076172 -14.716429710388184
vertex -63.77218246459961 -68.04402923583984 -4
endloop
endfacet
facet normal -0.00030139403712903874 -0.9999999545805471 -7.336473147533364e-7
outer loop
vertex -63.77218246459961 -68.04402923583984 -4
vertex -8.764769554138184 -68.06060028076172 -14.716429710388184
vertex -69.37218475341797 -68.04234313964844 -1.6675673723220825
endloop
endfacet
facet normal -0.00030737420431322683 -0.999999951996882 -0.00003908109764683247
outer loop
vertex -17.2122802734375 -68.05805206298828 -9.949999809265137
vertex -68.62843322753906 -68.04257202148438 -1.6606128215789795
vertex -69.37218475341797 -68.04234313964844 -1.6675673723220825
endloop
endfacet
facet normal 0.9676234829347415 -0.2523980888854372 4.676735932401948e-7
outer loop
vertex 82.10540008544922 43.68137741088867 -1
vertex 82.13600158691406 43.798683166503906 -7.378161907196045
vertex 82.34256744384766 44.590599060058594 -7.1982293128967285
endloop
endfacet
facet normal 0.9676172723968438 -0.25242189714700275 0
outer loop
vertex 82.10540008544922 43.68137741088867 -7.357926368713379
vertex 82.13600158691406 43.798683166503906 -7.378161907196045
vertex 82.10540008544922 43.68137741088867 -1
endloop
endfacet
facet normal 0.9162407113580205 -0.4006282052603738 0
outer loop
vertex 82.10540008544922 43.68137741088867 -7.357926368713379
vertex 81.7605209350586 42.892635345458984 -1
vertex 81.7605209350586 42.892635345458984 -7.34086275100708
endloop
endfacet
facet normal 0.841143123169551 -0.5408125796841025 0
outer loop
vertex 81.7605209350586 42.892635345458984 -7.34086275100708
vertex 81.25234985351562 42.10226058959961 -1
vertex 81.25234985351562 42.10226058959961 -7.432076930999756
endloop
endfacet
facet normal 0.7462120790635796 -0.6657082942698027 0
outer loop
vertex 81.25234985351562 42.10226058959961 -7.432076930999756
vertex 80.67927551269531 41.45988464355469 -1
vertex 80.67927551269531 41.45988464355469 -7.406213283538818
endloop
endfacet
facet normal -0.0003010882638004399 -0.9999999546722991 0.0000011211475712548252
outer loop
vertex -79.156494140625 -68.03939819335938 -1
vertex -75.77218627929688 -68.04042053222656 -4
vertex -70.17218017578125 -68.04210662841797 -4
endloop
endfacet
facet normal 0.6311197636144793 -0.7756854027085557 2.6342730525279104e-7
outer loop
vertex 80.67927551269531 41.45988464355469 -7.406213283538818
vertex 79.94889831542969 40.865631103515625 -1
vertex 80.00325012207031 40.90985107421875 -7.5049309730529785
endloop
endfacet
facet normal 0.6311007933364374 -0.7757008370822602 0
outer loop
vertex 79.94889831542969 40.865631103515625 -7.49762487411499
vertex 80.00325012207031 40.90985107421875 -7.5049309730529785
vertex 79.94889831542969 40.865631103515625 -1
endloop
endfacet
facet normal 0.5339259712531313 -0.8455312278215397 0
outer loop
vertex 79.94889831542969 40.865631103515625 -7.49762487411499
vertex 79.56864166259766 40.625511169433594 -1
vertex 79.56864166259766 40.625511169433594 -7.498696327209473
endloop
endfacet
facet normal 0.5003094998030294 -0.8658466402353427 -1.0679827890201501e-7
outer loop
vertex 62.76359176635742 30.91510009765625 -1
vertex 62.90155792236328 30.994821548461914 -8.22702407836914
vertex 79.56864166259766 40.625511169433594 -7.498696327209473
endloop
endfacet
facet normal -0.000019951138850219367 -0.9999999998008368 -5.277516460344702e-7
outer loop
vertex -1.0000098943710327 -72.8020248413086 -1
vertex 56.3455924987793 -72.80316162109375 -14.889659881591797
vertex 41.17023468017578 -72.80286407470703 -5
endloop
endfacet
facet normal -0.000019901079700587165 -0.9999999998019735 0
outer loop
vertex 41.17023468017578 -72.80286407470703 -5
vertex 41.17023468017578 -72.80286407470703 -4
vertex -1.0000098943710327 -72.8020248413086 -1
endloop
endfacet
facet normal -0.00001907347852769921 -0.9999999997504334 0.00001163338127587086
outer loop
vertex 41.17023468017578 -72.80286407470703 -4
vertex 46.77023696899414 -72.80297088623047 -4
vertex -1.0000098943710327 -72.8020248413086 -1
endloop
endfacet
facet normal -0.5931675890469972 0.8050790093527714 0.0000019320555303187448
outer loop
vertex -79.8341293334961 44.8515625 -7.3856587409973145
vertex -80.4531478881836 44.39548110961914 -7.4838480949401855
vertex -80.52717590332031 44.340938568115234 -7.465204238891602
endloop
endfacet
facet normal 0.9758381202561894 0.21849475746379352 0.00006336959009728607
outer loop
vertex 82.36769104003906 46.3853759765625 -7.226639747619629
vertex 82.33818817138672 46.51715087890625 -7.259801387786865
vertex 82.17959594726562 47.22542190551758 -7.151994228363037
endloop
endfacet
facet normal -0.8141260403645395 0.5806882041029633 0.000004003930969915349
outer loop
vertex -81.18718719482422 43.672122955322266 -7.434746265411377
vertex -81.61817169189453 43.0678825378418 -7.539439678192139
vertex -81.68707275390625 42.971282958984375 -7.5176682472229
endloop
endfacet
facet normal 0.8411470490420146 -0.5408064684237479 -0.000074826093565192
outer loop
vertex 81.25234985351562 42.10226058959961 -7.432076930999756
vertex 81.30440521240234 42.1832275390625 -7.4486284255981445
vertex 81.7605209350586 42.892635345458984 -7.34086275100708
endloop
endfacet
facet normal -0.9543440216564982 0.29870967991441166 -0.00012431384065957106
outer loop
vertex -82.10636138916016 42.130374908447266 -7.500058650970459
vertex -82.32351684570312 41.43654251098633 -7.608185291290283
vertex -82.36349487304688 41.30883026123047 -7.57676362991333
endloop
endfacet
facet normal -0.00001994185006242971 -0.9999999997987544 -0.000002194059569956227
outer loop
vertex 46.77023696899414 -72.80297088623047 -4
vertex 42.67023468017578 -72.80289459228516 -1.5079593658447266
vertex -1.0000098943710327 -72.8020248413086 -1
endloop
endfacet
facet normal -0.0003010884689006297 -0.9999999546728658 0
outer loop
vertex -69.37218475341797 -68.04234313964844 -1.6675673723220825
vertex -69.37218475341797 -68.04234313964844 -4
vertex -63.77218246459961 -68.04402923583984 -4
endloop
endfacet
facet normal -0.500313779272107 0.865844167428794 0
outer loop
vertex 64.6949691772461 67.1274185180664 -5.839725971221924
vertex 48.001705169677734 57.48149108886719 -6.513168811798096
vertex 48.001705169677734 57.48149108886719 -3.5
endloop
endfacet
facet normal -0.3097214922155847 0.9508273225248376 0
outer loop
vertex 46.149105072021484 56.29370880126953 -6.72305965423584
vertex 46.00326919555664 56.2462043762207 -6.727856159210205
vertex 46.149105072021484 56.29370880126953 -1
endloop
endfacet
facet normal -0.3746582144729434 0.9271629966343274 0
outer loop
vertex 46.338768005371094 56.3703498840332 -6.741153240203857
vertex 46.149105072021484 56.29370880126953 -6.72305965423584
vertex 46.338768005371094 56.3703498840332 -3.5
endloop
endfacet
facet normal -0.0000199163294106426 -0.9999999998016699 0
outer loop
vertex 42.67023468017578 -72.80289459228516 -1.5079593658447266
vertex 42.67023468017578 -72.80289459228516 -1
vertex -1.0000098943710327 -72.8020248413086 -1
endloop
endfacet
facet normal -0.000019221505016265322 -0.9999999998152669 0
outer loop
vertex 53.17023468017578 -72.8031005859375 -5
vertex 56.3455924987793 -72.80316162109375 -14.889659881591797
vertex 53.17023468017578 -72.8031005859375 -4
endloop
endfacet
facet normal -0.000019221505016265322 -0.9999999998152669 0
outer loop
vertex 53.17023468017578 -72.8031005859375 -4
vertex 56.3455924987793 -72.80316162109375 -14.889659881591797
vertex 56.3455924987793 -72.80316162109375 -1
endloop
endfacet
facet normal 0.17606016016913448 -0.9843794085621755 0
outer loop
vertex 56.88437271118164 -72.76238250732422 -1
vertex 57.49483871459961 -72.6531982421875 -15.021417617797852
vertex 57.49483871459961 -72.6531982421875 -1
endloop
endfacet
facet normal -0.00030298954242384085 -0.9999999540954719 -0.00000252808641182732
outer loop
vertex -70.17218017578125 -68.04210662841797 -4
vertex -73.51634216308594 -68.04109954833984 -1.5609700679779053
vertex -74.27218627929688 -68.0408706665039 -1.5091373920440674
endloop
endfacet
facet normal -0.0003014735781074303 -0.9999999545568392 -3.278076936645072e-8
outer loop
vertex -79.156494140625 -68.03939819335938 -1
vertex -70.17218017578125 -68.04210662841797 -4
vertex -74.27218627929688 -68.0408706665039 -1.5091373920440674
endloop
endfacet
facet normal 0.07547197848676461 -0.9971479230602114 0
outer loop
vertex 56.3455924987793 -72.80316162109375 -1
vertex 56.88437271118164 -72.76238250732422 -14.925582885742188
vertex 56.88437271118164 -72.76238250732422 -1
endloop
endfacet
facet normal 0.28197316128148553 -0.9594222930060179 0
outer loop
vertex 57.49483871459961 -72.6531982421875 -1
vertex 57.49483871459961 -72.6531982421875 -15.021417617797852
vertex 58.08982467651367 -72.47833251953125 -1
endloop
endfacet
facet normal 0.384550741085527 -0.9231038552246285 0
outer loop
vertex 58.08982467651367 -72.47833251953125 -1
vertex 58.662288665771484 -72.23985290527344 -15.000710487365723
vertex 58.662288665771484 -72.23985290527344 -1
endloop
endfacet
facet normal 0.6292870911118557 -0.7771729260338262 0
outer loop
vertex 62.40274429321289 30.62291717529297 -1
vertex 62.76359176635742 30.91510009765625 -8.235068321228027
vertex 62.76359176635742 30.91510009765625 -1
endloop
endfacet
facet normal 0.7416752244096508 -0.6707591680304446 0
outer loop
vertex 62.09130859375 30.278554916381836 -1
vertex 62.40274429321289 30.62291717529297 -8.279801368713379
vertex 62.40274429321289 30.62291717529297 -1
endloop
endfacet
facet normal 0.8362903122772897 -0.5482867485332468 0.0003936673642772486
outer loop
vertex 62.09130859375 30.278554916381836 -1
vertex 61.836734771728516 29.8902587890625 -1
vertex 62.10390090942383 30.29248046875 -8.355539321899414
endloop
endfacet
facet normal 0.9960270765086177 0.08905090039783876 1.7395919999082059e-7
outer loop
vertex 61.82070541381836 26.50906753540039 -1
vertex 61.887760162353516 25.759065628051758 -1
vertex 61.79597854614258 26.7856502532959 -8.53246021270752
endloop
endfacet
facet normal 0.9999999990640515 -0.00004326542508552479 0
outer loop
vertex 61.887760162353516 25.759065628051758 -8.609405517578125
vertex 61.887760162353516 25.759065628051758 -1
vertex 61.886905670166016 6.009064674377441 -1
endloop
endfacet
facet normal 0.9999999990416889 -0.00004376039073607439 -0.0000012846696193174664
outer loop
vertex 61.887760162353516 25.759065628051758 -8.609405517578125
vertex 61.886905670166016 6.009064674377441 -1
vertex 61.886722564697266 1.824790596961975 -1
endloop
endfacet
facet normal 0.9999999990600724 -0.000043357291588340006 -1.678004982872855e-8
outer loop
vertex 61.887760162353516 25.759065628051758 -8.609405517578125
vertex 61.886722564697266 1.824790596961975 -1
vertex 61.885833740234375 -18.675209045410156 -1
endloop
endfacet
facet normal 0.48256633040953273 -0.8758594275082491 0
outer loop
vertex 58.662288665771484 -72.23985290527344 -1
vertex 59.20545196533203 -71.94058990478516 -14.90335464477539
vertex 59.20545196533203 -71.94058990478516 -1
endloop
endfacet
facet normal 0.5748816324088473 -0.8182365848084152 0
outer loop
vertex 59.20545196533203 -71.94058990478516 -1
vertex 59.71288299560547 -71.58407592773438 -14.847491264343262
vertex 59.71288299560547 -71.58407592773438 -1
endloop
endfacet
facet normal 0.6603829756269616 -0.7509289750050132 0
outer loop
vertex 59.71288299560547 -71.58407592773438 -1
vertex 60.17857360839844 -71.1745376586914 -14.852473258972168
vertex 60.17857360839844 -71.1745376586914 -1
endloop
endfacet
facet normal 0.7380677712512385 -0.674726585396016 2.4934424120965507e-7
outer loop
vertex 60.17857360839844 -71.1745376586914 -1
vertex 60.597007751464844 -70.71682739257812 -14.918240547180176
vertex 60.4765510559082 -70.84858703613281 -1
endloop
endfacet
facet normal 0.7380546546223284 -0.6747409330923354 0
outer loop
vertex 60.4765510559082 -70.84858703613281 -1
vertex 60.597007751464844 -70.71682739257812 -14.918240547180176
vertex 60.597007751464844 -70.71682739257812 -1
endloop
endfacet
facet normal 0.8070100198573419 -0.5905377446445337 0
outer loop
vertex 60.597007751464844 -70.71682739257812 -1
vertex 60.963233947753906 -70.21635437011719 -14.881598472595215
vertex 60.963233947753906 -70.21635437011719 -1
endloop
endfacet
facet normal 0.8663944214968976 -0.4993602971793575 0
outer loop
vertex 60.963233947753906 -70.21635437011719 -1
vertex 61.272911071777344 -69.67906188964844 -14.878567695617676
vertex 61.272911071777344 -69.67906188964844 -1
endloop
endfacet
facet normal 0.9155258045996914 -0.40225924614855074 2.9577501378047864e-7
outer loop
vertex 61.272911071777344 -69.67906188964844 -1
vertex 61.522377014160156 -69.11129760742188 -14.778924942016602
vertex 61.41313552856445 -69.35991668701172 -1
endloop
endfacet
facet normal -0.9999999936318912 0.00011285472523202503 1.6880485071870642e-7
outer loop
vertex -82.51228332519531 -64.32829284667969 -14.576458930969238
vertex -82.50269317626953 20.629222869873047 -1
vertex -82.5004653930664 40.37922286987305 -7.502386569976807
endloop
endfacet
facet normal 0.9155197675668464 -0.4022729859117406 0
outer loop
vertex 61.41313552856445 -69.35991668701172 -1
vertex 61.522377014160156 -69.11129760742188 -14.778924942016602
vertex 61.522377014160156 -69.11129760742188 -1
endloop
endfacet
facet normal 0.9538108077707846 -0.30040796091256167 0
outer loop
vertex 61.522377014160156 -69.11129760742188 -1
vertex 61.708675384521484 -68.51979064941406 -14.706364631652832
vertex 61.708675384521484 -68.51979064941406 -1
endloop
endfacet
facet normal 0.9808052382365425 -0.19498996037671595 2.1353745748063832e-7
outer loop
vertex 61.708675384521484 -68.51979064941406 -1
vertex 61.8296012878418 -67.91154479980469 -14.699237823486328
vertex 61.803314208984375 -68.04375457763672 -1
endloop
endfacet
facet normal 0.9808010064500147 -0.1950112451799599 0
outer loop
vertex 61.8296012878418 -67.91154479980469 -14.699237823486328
vertex 61.8296012878418 -67.91154479980469 -1
vertex 61.803314208984375 -68.04375457763672 -1
endloop
endfacet
facet normal 0.9961849659469655 -0.08726691023087126 0
outer loop
vertex 61.8296012878418 -67.91154479980469 -1
vertex 61.88372039794922 -67.29375457763672 -14.75762939453125
vertex 61.88372039794922 -67.29375457763672 -1
endloop
endfacet
facet normal -0.00002043588377277451 -0.9999999997911873 -9.363845882552044e-9
outer loop
vertex 47.57023620605469 -72.80298614501953 -4
vertex 53.17023468017578 -72.8031005859375 -4
vertex 48.31583023071289 -72.8030014038086 -1.6594841480255127
endloop
endfacet
facet normal -0.000020595804721785476 -0.99999999978256 -0.0000032699712403477764
outer loop
vertex 42.67023468017578 -72.80289459228516 -1.5079593658447266
vertex 46.77023696899414 -72.80297088623047 -4
vertex 43.41926193237305 -72.80290985107422 -1.5593451261520386
endloop
endfacet
facet normal -0.000010297004629602018 -0.9999999998879063 0.00001087009517882487
outer loop
vertex 46.77023696899414 -72.80297088623047 -4
vertex 44.12266159057617 -72.80291748046875 -1.5949000120162964
vertex 43.41926193237305 -72.80290985107422 -1.5593451261520386
endloop
endfacet
facet normal -0.00002245797021491584 -0.9999999997446524 -0.0000025169046257478587
outer loop
vertex 44.12266159057617 -72.80291748046875 -1.5949000120162964
vertex 46.77023696899414 -72.80297088623047 -4
vertex 44.80555725097656 -72.80293273925781 -1.6257559061050415
endloop
endfacet
facet normal -0.00001875972343117657 -0.9999999998238888 5.433832654348935e-7
outer loop
vertex 44.80555725097656 -72.80293273925781 -1.6257559061050415
vertex 46.77023696899414 -72.80297088623047 -4
vertex 46.02465057373047 -72.8029556274414 -1.6594890356063843
endloop
endfacet
facet normal -0.000020465487509208585 -0.9999999997905819 0
outer loop
vertex 46.02465057373047 -72.8029556274414 -1.6594890356063843
vertex 46.77023696899414 -72.80297088623047 -4
vertex 46.77023696899414 -72.80297088623047 -1.6664353609085083
endloop
endfacet
facet normal -0.000020465278093262036 -0.9999999997905862 0
outer loop
vertex 47.57023620605469 -72.80298614501953 -4
vertex 48.31583023071289 -72.8030014038086 -1.6594841480255127
vertex 47.57023620605469 -72.80298614501953 -1.6664336919784546
endloop
endfacet
facet normal -0.000018864297142665753 -0.9999999998167871 0.0000032502240462564282
outer loop
vertex 48.31583023071289 -72.8030014038086 -1.6594841480255127
vertex 53.17023468017578 -72.8031005859375 -4
vertex 49.534950256347656 -72.80302429199219 -1.6257452964782715
endloop
endfacet
facet normal -0.000022265414741206247 -0.9999999997502101 -0.0000019573174261567254
outer loop
vertex 49.534950256347656 -72.80302429199219 -1.6257452964782715
vertex 53.17023468017578 -72.8031005859375 -4
vertex 50.217552185058594 -72.80303955078125 -1.5949000120162964
endloop
endfacet
facet normal 0.9108785283010646 -0.4126745772156149 0
outer loop
vertex 61.7098274230957 29.61014175415039 -1
vertex 61.836734771728516 29.8902587890625 -8.41191577911377
vertex 61.836734771728516 29.8902587890625 -1
endloop
endfacet
facet normal 0.9108753261534682 -0.41268164510274663 -3.219426284564185e-7
outer loop
vertex 61.64512634277344 29.46733283996582 -1
vertex 61.836734771728516 29.8902587890625 -8.41191577911377
vertex 61.7098274230957 29.61014175415039 -1
endloop
endfacet
facet normal -0.0003014701610595332 -0.99999995455787 0
outer loop
vertex -79.156494140625 -68.03939819335938 -1
vertex -74.27218627929688 -68.0408706665039 -1.5091373920440674
vertex -74.27218627929688 -68.0408706665039 -1
endloop
endfacet
facet normal 0.9636485077734134 -0.2671732648789427 0
outer loop
vertex 61.52107620239258 29.01990509033203 -1
vertex 61.64512634277344 29.46733283996582 -8.432507514953613
vertex 61.64512634277344 29.46733283996582 -1
endloop
endfacet
facet normal 0.9933323795690364 -0.11528566129278904 0
outer loop
vertex 61.46754837036133 28.55869483947754 -1
vertex 61.52107620239258 29.01990509033203 -8.477660179138184
vertex 61.52107620239258 29.01990509033203 -1
endloop
endfacet
facet normal 0.9992246796581481 0.03937054180545996 -1.25486781677679e-7
outer loop
vertex 61.4858283996582 28.09474754333496 -1
vertex 61.4691162109375 28.518878936767578 -8.559877395629883
vertex 61.46754837036133 28.55869483947754 -1
endloop
endfacet
facet normal 0.9811809855363558 0.19309032503443962 0
outer loop
vertex 61.57548141479492 27.639179229736328 -1
vertex 61.4858283996582 28.09474754333496 -8.608969688415527
vertex 61.4858283996582 28.09474754333496 -1
endloop
endfacet
facet normal -0.000021623240666001958 -0.9999999997655346 -0.0000011689360028967678
outer loop
vertex 50.217552185058594 -72.80303955078125 -1.5949000120162964
vertex 53.17023468017578 -72.8031005859375 -4
vertex 50.921295166015625 -72.80305480957031 -1.5593247413635254
endloop
endfacet
facet normal 0.9682137302025521 0.25012431438638605 0
outer loop
vertex 61.79597854614258 26.7856502532959 -1
vertex 61.57548141479492 27.639179229736328 -8.600687026977539
vertex 61.57548141479492 27.639179229736328 -1
endloop
endfacet
facet normal 0.9960274967099311 0.08904620035547825 0
outer loop
vertex 61.79597854614258 26.7856502532959 -1
vertex 61.82070541381836 26.50906753540039 -1
vertex 61.79597854614258 26.7856502532959 -8.53246021270752
endloop
endfacet
facet normal -0.000020372717857566475 -0.999999999792476 -1.6652368058128414e-8
outer loop
vertex 50.921295166015625 -72.80305480957031 -1.5593247413635254
vertex 53.17023468017578 -72.8031005859375 -4
vertex 51.67023468017578 -72.80307006835938 -1.5079419612884521
endloop
endfacet
facet normal -0.000020345052079122708 -0.9999999997930393 0
outer loop
vertex 51.67023468017578 -72.80307006835938 -1.5079419612884521
vertex 53.17023468017578 -72.8031005859375 -4
vertex 51.67023468017578 -72.80307006835938 -1
endloop
endfacet
facet normal -0.0000195819738102497 -0.9999999998082003 3.81539134590729e-7
outer loop
vertex 51.67023468017578 -72.80307006835938 -1
vertex 53.17023468017578 -72.8031005859375 -4
vertex 56.3455924987793 -72.80316162109375 -1
endloop
endfacet
facet normal 0.9999999990581043 -0.000043402447845491894 1.3722814957064835e-7
outer loop
vertex 61.887760162353516 25.759065628051758 -8.609405517578125
vertex 61.88372039794922 -67.29375457763672 -1
vertex 61.88372802734375 -67.16154479980469 -14.781185150146484
endloop
endfacet
facet normal 0.9999999990555248 -0.0000434585847967757 -5.49251449007829e-7
outer loop
vertex 61.88372039794922 -67.29375457763672 -1
vertex 61.887760162353516 25.759065628051758 -8.609405517578125
vertex 61.884578704833984 -47.543758392333984 -1
endloop
endfacet
facet normal 0.999999999036542 -0.00004376036455460976 -0.000003456352206184774
outer loop
vertex 61.884761810302734 -43.35948181152344 -1
vertex 61.884578704833984 -47.543758392333984 -1
vertex 61.887760162353516 25.759065628051758 -8.609405517578125
endloop
endfacet
facet normal 0.9999999990600515 -0.00004335729486598307 2.0485252274332316e-7
outer loop
vertex 61.885650634765625 -22.85948371887207 -1
vertex 61.884761810302734 -43.35948181152344 -1
vertex 61.887760162353516 25.759065628051758 -8.609405517578125
endloop
endfacet
facet normal 0.9999999990397045 -0.00004376038450235628 -0.000002370596160454835
outer loop
vertex 61.885650634765625 -22.85948371887207 -1
vertex 61.887760162353516 25.759065628051758 -8.609405517578125
vertex 61.885833740234375 -18.675209045410156 -1
endloop
endfacet
facet normal -0.49936218028623997 -0.8663933361342413 0.000001397220808460143
outer loop
vertex -3.9226090908050537 -71.88153839111328 -1
vertex -3.712280035018921 -72.00276947021484 -3.450000047683716
vertex -3.5684664249420166 -72.08565521240234 -1
endloop
endfacet
facet normal -0.750929737604225 -0.6603821084657349 0
outer loop
vertex -5.29032564163208 -70.63118743896484 -1
vertex -4.880788326263428 -71.09687805175781 -3.450000047683716
vertex -4.880788326263428 -71.09687805175781 -1
endloop
endfacet
facet normal -0.5905423250868006 -0.8070066680524243 0
outer loop
vertex -4.423076152801514 -71.51531219482422 -1
vertex -3.9226090908050537 -71.88153839111328 -3.450000047683716
vertex -3.9226090908050537 -71.88153839111328 -1
endloop
endfacet
facet normal -0.6747291840591717 -0.7380653955977373 0
outer loop
vertex -4.880788326263428 -71.09687805175781 -1
vertex -4.423076152801514 -71.51531219482422 -3.450000047683716
vertex -4.423076152801514 -71.51531219482422 -1
endloop
endfacet
facet normal -0.40226597064090774 -0.9155228499937966 0.0000018880252617636925
outer loop
vertex -3.385313034057617 -72.19121551513672 -1
vertex -3.1382548809051514 -72.29977416992188 -3.564180612564087
vertex -2.81754994392395 -72.44068145751953 -1
endloop
endfacet
facet normal 0.5003079910342223 -0.8658475120408208 -1.4521805267643186e-7
outer loop
vertex 62.76359176635742 30.91510009765625 -1
vertex 62.800167083740234 30.936235427856445 -8.227123260498047
vertex 62.90155792236328 30.994821548461914 -8.22702407836914
endloop
endfacet
facet normal 0.5003295025712173 -0.8658350817891582 0
outer loop
vertex 62.76359176635742 30.91510009765625 -8.235068321228027
vertex 62.800167083740234 30.936235427856445 -8.227123260498047
vertex 62.76359176635742 30.91510009765625 -1
endloop
endfacet
facet normal 0.629285886730771 -0.7771739012354039 -9.945104676832252e-8
outer loop
vertex 62.40274429321289 30.62291717529297 -1
vertex 62.49700927734375 30.69924545288086 -8.251216888427734
vertex 62.76359176635742 30.91510009765625 -8.235068321228027
endloop
endfacet
facet normal 0.6292905073814287 -0.7771701598232037 0
outer loop
vertex 62.40274429321289 30.62291717529297 -8.279801368713379
vertex 62.49700927734375 30.69924545288086 -8.251216888427734
vertex 62.40274429321289 30.62291717529297 -1
endloop
endfacet
facet normal 0.7416740756726715 -0.6707604382155201 -1.0922846191026895e-7
outer loop
vertex 62.09130859375 30.278554916381836 -1
vertex 62.22238540649414 30.423490524291992 -8.305245399475098
vertex 62.40274429321289 30.62291717529297 -8.279801368713379
endloop
endfacet
facet normal 0.7416721458220787 -0.670762572086158 -1.8619131149728478e-7
outer loop
vertex 62.09130859375 30.278554916381836 -1
vertex 62.10390090942383 30.29248046875 -8.355539321899414
vertex 62.22238540649414 30.423490524291992 -8.305245399475098
endloop
endfacet
facet normal 0.8329873937380698 -0.5532919680182043 0
outer loop
vertex 62.10390090942383 30.29248046875 -8.355539321899414
vertex 61.836734771728516 29.8902587890625 -1
vertex 61.836734771728516 29.8902587890625 -8.41191577911377
endloop
endfacet
facet normal 0.9960271194724895 0.08905041984922661 1.0794264013337405e-7
outer loop
vertex 61.887760162353516 25.759065628051758 -1
vertex 61.87586975097656 25.89206886291504 -8.612494468688965
vertex 61.79597854614258 26.7856502532959 -8.53246021270752
endloop
endfacet
facet normal 0.996027667434253 0.0890442906955936 0
outer loop
vertex 61.87586975097656 25.89206886291504 -8.612494468688965
vertex 61.887760162353516 25.759065628051758 -1
vertex 61.887760162353516 25.759065628051758 -8.609405517578125
endloop
endfacet
facet normal 0.910878464822616 -0.41267471732875805 1.5449706121325216e-7
outer loop
vertex 61.64512634277344 29.46733283996582 -1
vertex 61.76964569091797 29.742176055908203 -8.41910457611084
vertex 61.836734771728516 29.8902587890625 -8.41191577911377
endloop
endfacet
facet normal -0.0002949011990969573 -0.9999999564799876 0.000008561868795490146
outer loop
vertex -73.51634216308594 -68.04109954833984 -1.5609700679779053
vertex -70.17218017578125 -68.04210662841797 -4
vertex -72.84468078613281 -68.04129791259766 -1.5949000120162964
endloop
endfacet
facet normal -0.00029990742231992054 -0.9999999550232708 0.0000029990498424986663
outer loop
vertex -72.84468078613281 -68.04129791259766 -1.5949000120162964
vertex -70.17218017578125 -68.04210662841797 -4
vertex -72.13270568847656 -68.04151153564453 -1.627050518989563
endloop
endfacet
facet normal -0.00030087973164080614 -0.9999999547332818 0.000002195730000398037
outer loop
vertex -72.13270568847656 -68.04151153564453 -1.627050518989563
vertex -70.17218017578125 -68.04210662841797 -4
vertex -70.91581726074219 -68.04187774658203 -1.6606873273849487
endloop
endfacet
facet normal -0.00030778699680935093 -0.9999999526335812 0
outer loop
vertex -70.91581726074219 -68.04187774658203 -1.6606873273849487
vertex -70.17218017578125 -68.04210662841797 -4
vertex -70.17218017578125 -68.04210662841797 -1.667593002319336
endloop
endfacet
facet normal 0.9108805579681277 -0.4126700971908945 3.607821522936412e-7
outer loop
vertex 61.64512634277344 29.46733283996582 -1
vertex 61.676544189453125 29.53667449951172 -8.418131828308105
vertex 61.76964569091797 29.742176055908203 -8.41910457611084
endloop
endfacet
facet normal 0.9108660495613229 -0.41270211988376043 0
outer loop
vertex 61.64512634277344 29.46733283996582 -8.432507514953613
vertex 61.676544189453125 29.53667449951172 -8.418131828308105
vertex 61.64512634277344 29.46733283996582 -1
endloop
endfacet
facet normal 0.9636496651193571 -0.2671690904937882 2.7060916904874983e-7
outer loop
vertex 61.52107620239258 29.01990509033203 -1
vertex 61.55760192871094 29.151641845703125 -8.445489883422852
vertex 61.64512634277344 29.46733283996582 -8.432507514953613
endloop
endfacet
facet normal 0.9636457274071278 -0.2671832929843994 0
outer loop
vertex 61.52107620239258 29.01990509033203 -8.477660179138184
vertex 61.55760192871094 29.151641845703125 -8.445489883422852
vertex 61.52107620239258 29.01990509033203 -1
endloop
endfacet
facet normal 0.993331368229658 -0.11529437493086643 -5.446829503260381e-7
outer loop
vertex 61.46754837036133 28.55869483947754 -1
vertex 61.49000930786133 28.75224494934082 -8.500061988830566
vertex 61.52107620239258 29.01990509033203 -8.477660179138184
endloop
endfacet
facet normal 0.9933337852446197 -0.11527354896764398 0
outer loop
vertex 61.46754837036133 28.55869483947754 -8.554851531982422
vertex 61.49000930786133 28.75224494934082 -8.500061988830566
vertex 61.46754837036133 28.55869483947754 -1
endloop
endfacet
facet normal 0.9992256167019491 0.03934675242773663 0
outer loop
vertex 61.46754837036133 28.55869483947754 -8.554851531982422
vertex 61.46754837036133 28.55869483947754 -1
vertex 61.4691162109375 28.518878936767578 -8.559877395629883
endloop
endfacet
facet normal 0.9811809855363558 0.19309032503443962 0
outer loop
vertex 61.4858283996582 28.09474754333496 -8.608969688415527
vertex 61.57548141479492 27.639179229736328 -1
vertex 61.57548141479492 27.639179229736328 -8.600687026977539
endloop
endfacet
facet normal 0.9992245916629249 0.03937277506172475 0
outer loop
vertex 61.4691162109375 28.518878936767578 -8.559877395629883
vertex 61.4858283996582 28.09474754333496 -1
vertex 61.4858283996582 28.09474754333496 -8.608969688415527
endloop
endfacet
facet normal 0.9682137302025521 0.25012431438638605 0
outer loop
vertex 61.79597854614258 26.7856502532959 -8.53246021270752
vertex 61.57548141479492 27.639179229736328 -8.600687026977539
vertex 61.79597854614258 26.7856502532959 -1
endloop
endfacet
facet normal -0.3097227619607122 0.9508269089184572 0
outer loop
vertex 46.149105072021484 56.29370880126953 -1
vertex 29.775299072265625 50.96009826660156 -6.896297454833984
vertex 29.775299072265625 50.96009826660156 -1
endloop
endfacet
facet normal -0.43787960585082564 0.8990336204947652 0
outer loop
vertex 29.775299072265625 50.96009826660156 -1
vertex 28.847126007080078 50.508026123046875 -7.068537712097168
vertex 28.847126007080078 50.508026123046875 -1
endloop
endfacet
facet normal -0.379031579036304 0.9253837377505862 0
outer loop
vertex 28.847126007080078 50.508026123046875 -1
vertex 28.417463302612305 50.33203887939453 -7.130751609802246
vertex 28.417463302612305 50.33203887939453 -1
endloop
endfacet
facet normal -0.23169679701100593 0.9727880520724135 0
outer loop
vertex 28.417463302612305 50.33203887939453 -1
vertex 27.965791702270508 50.22446060180664 -7.187414646148682
vertex 27.965791702270508 50.22446060180664 -1
endloop
endfacet
facet normal -0.4993493367366543 -0.8664007386311854 0
outer loop
vertex -3.5684664249420166 -72.08565521240234 -1
vertex -3.385313034057617 -72.19121551513672 -3.515037775039673
vertex -3.385313034057617 -72.19121551513672 -1
endloop
endfacet
facet normal -0.3004134468563726 -0.9538090799252542 -1.1494412709129096e-7
outer loop
vertex -2.81754994392395 -72.44068145751953 -1
vertex -2.6516196727752686 -72.4929428100586 -3.8893399238586426
vertex -2.2260427474975586 -72.62698364257812 -1
endloop
endfacet
facet normal -0.7882410593386767 -0.6153665837309017 0
outer loop
vertex -6.347174644470215 -69.03248596191406 -1
vertex -6.061458587646484 -69.39846801757812 -3.450000047683716
vertex -6.061458587646484 -69.39846801757812 -1
endloop
endfacet
facet normal -0.6838553102622482 -0.729617649612538 0
outer loop
vertex -6.685942649841309 -68.7149658203125 -1
vertex -6.347174644470215 -69.03248596191406 -3.450000047683716
vertex -6.347174644470215 -69.03248596191406 -1
endloop
endfacet
facet normal -0.5630716285865116 -0.8264080959676844 0
outer loop
vertex -7.069647312164307 -68.45352935791016 -1
vertex -6.685942649841309 -68.7149658203125 -3.450000047683716
vertex -6.685942649841309 -68.7149658203125 -1
endloop
endfacet
facet normal -0.42881991753233195 -0.9033899923773586 0
outer loop
vertex -7.489098072052002 -68.25442504882812 -1
vertex -7.069647312164307 -68.45352935791016 -3.450000047683716
vertex -7.069647312164307 -68.45352935791016 -1
endloop
endfacet
facet normal -0.2842712714803024 -0.9587438887476532 0
outer loop
vertex -7.9342474937438965 -68.1224365234375 -1
vertex -7.489098072052002 -68.25442504882812 -3.450000047683716
vertex -7.489098072052002 -68.25442504882812 -1
endloop
endfacet
facet normal -0.13294952480474023 -0.9911228096730464 0
outer loop
vertex -8.39443302154541 -68.06070709228516 -1
vertex -7.9342474937438965 -68.1224365234375 -3.450000047683716
vertex -7.9342474937438965 -68.1224365234375 -1
endloop
endfacet
facet normal -0.8681557753413928 -0.4962917989866296 0
outer loop
vertex -6.061458587646484 -69.39846801757812 -1
vertex -5.646838665008545 -70.1237564086914 -3.450000047683716
vertex -5.646838665008545 -70.1237564086914 -1
endloop
endfacet
facet normal -0.8182373081763951 -0.5748806028283152 0
outer loop
vertex -5.29032564163208 -70.63118743896484 -3.450000047683716
vertex -5.29032564163208 -70.63118743896484 -1
vertex -5.646838665008545 -70.1237564086914 -1
endloop
endfacet
facet normal -0.4993743970674118 -0.8663862946478085 0
outer loop
vertex -3.712280035018921 -72.00276947021484 -3.450000047683716
vertex -3.9226090908050537 -71.88153839111328 -1
vertex -3.9226090908050537 -71.88153839111328 -3.450000047683716
endloop
endfacet
facet normal -0.10480699130606258 0.9944925814571826 0
outer loop
vertex 27.965791702270508 50.22446060180664 -1
vertex 13.77302360534668 48.728721618652344 -7.1889166831970215
vertex 13.77302360534668 48.728721618652344 -1
endloop
endfacet
facet normal -0.16175538351564966 0.9868308851590047 0
outer loop
vertex 13.77302360534668 48.728721618652344 -1
vertex 13.110663414001465 48.62015151977539 -7.216641902923584
vertex 13.110663414001465 48.62015151977539 -1
endloop
endfacet
facet normal -0.2926185401151249 0.9562292559741588 0
outer loop
vertex 13.110663414001465 48.62015151977539 -1
vertex 12.287496566772461 48.36825180053711 -7.065342903137207
vertex 12.287496566772461 48.36825180053711 -1
endloop
endfacet
facet normal -0.4385668585022303 0.8986985649390019 -2.5179366960428953e-7
outer loop
vertex 12.287496566772461 48.36825180053711 -1
vertex 11.44304084777832 47.956153869628906 -7.065672874450684
vertex 11.856953620910645 48.158145904541016 -1
endloop
endfacet
facet normal -0.4385698386788797 0.8986971106002186 0
outer loop
vertex 11.44304084777832 47.956153869628906 -7.065672874450684
vertex 11.44304084777832 47.956153869628906 -1
vertex 11.856953620910645 48.158145904541016 -1
endloop
endfacet
facet normal -0.5828831547715896 0.8125557008147762 0.0006789380879217903
outer loop
vertex 11.44304084777832 47.956153869628906 -1
vertex 10.439823150634766 47.24176788330078 -7.304389953613281
vertex 10.474063873291016 47.26106262207031 -1
endloop
endfacet
facet normal -0.750929737604225 -0.6603821084657349 0
outer loop
vertex -5.29032564163208 -70.63118743896484 -3.450000047683716
vertex -4.880788326263428 -71.09687805175781 -3.450000047683716
vertex -5.29032564163208 -70.63118743896484 -1
endloop
endfacet
facet normal -0.5905423250868006 -0.8070066680524243 0
outer loop
vertex -4.423076152801514 -71.51531219482422 -3.450000047683716
vertex -3.9226090908050537 -71.88153839111328 -3.450000047683716
vertex -4.423076152801514 -71.51531219482422 -1
endloop
endfacet
facet normal -0.6747291840591717 -0.7380653955977373 0
outer loop
vertex -4.880788326263428 -71.09687805175781 -3.450000047683716
vertex -4.423076152801514 -71.51531219482422 -3.450000047683716
vertex -4.880788326263428 -71.09687805175781 -1
endloop
endfacet
facet normal -0.49934709442486735 -0.8664020309818042 2.1753467689590033e-7
outer loop
vertex -3.712280035018921 -72.00276947021484 -3.450000047683716
vertex -3.385313034057617 -72.19121551513672 -3.515037775039673
vertex -3.5684664249420166 -72.08565521240234 -1
endloop
endfacet
facet normal -0.4022533176535283 -0.915528409409959 0
outer loop
vertex -3.1382548809051514 -72.29977416992188 -3.564180612564087
vertex -2.81754994392395 -72.44068145751953 -3.7784688472747803
vertex -2.81754994392395 -72.44068145751953 -1
endloop
endfacet
facet normal -0.40228239507756064 -0.9155156331874741 0
outer loop
vertex -3.1382548809051514 -72.29977416992188 -3.564180612564087
vertex -3.385313034057617 -72.19121551513672 -1
vertex -3.385313034057617 -72.19121551513672 -3.515037775039673
endloop
endfacet
facet normal -0.30041162596894094 -0.9538096534333762 0
outer loop
vertex -2.81754994392395 -72.44068145751953 -3.7784688472747803
vertex -2.6516196727752686 -72.4929428100586 -3.8893399238586426
vertex -2.81754994392395 -72.44068145751953 -1
endloop
endfacet
facet normal -0.3004062900216203 -0.9538113340246193 -0.0000012736603641238464
outer loop
vertex -2.6516196727752686 -72.4929428100586 -3.8893399238586426
vertex -2.326460599899292 -72.59535217285156 -4.375974655151367
vertex -2.2260427474975586 -72.62698364257812 -1
endloop
endfacet
facet normal -0.7882410593386767 -0.6153665837309017 0
outer loop
vertex -6.347174644470215 -69.03248596191406 -3.450000047683716
vertex -6.061458587646484 -69.39846801757812 -3.450000047683716
vertex -6.347174644470215 -69.03248596191406 -1
endloop
endfacet
facet normal -0.8681557753413928 -0.4962917989866296 0
outer loop
vertex -6.061458587646484 -69.39846801757812 -3.450000047683716
vertex -5.646838665008545 -70.1237564086914 -3.450000047683716
vertex -6.061458587646484 -69.39846801757812 -1
endloop
endfacet
facet normal -0.5630716285865116 -0.8264080959676844 0
outer loop
vertex -7.069647312164307 -68.45352935791016 -3.450000047683716
vertex -6.685942649841309 -68.7149658203125 -3.450000047683716
vertex -7.069647312164307 -68.45352935791016 -1
endloop
endfacet
facet normal -0.42881991753233195 -0.9033899923773586 0
outer loop
vertex -7.489098072052002 -68.25442504882812 -3.450000047683716
vertex -7.069647312164307 -68.45352935791016 -3.450000047683716
vertex -7.489098072052002 -68.25442504882812 -1
endloop
endfacet
facet normal -0.6838553102622482 -0.729617649612538 0
outer loop
vertex -6.685942649841309 -68.7149658203125 -3.450000047683716
vertex -6.347174644470215 -69.03248596191406 -3.450000047683716
vertex -6.685942649841309 -68.7149658203125 -1
endloop
endfacet
facet normal -0.2842712714803024 -0.9587438887476532 0
outer loop
vertex -7.489098072052002 -68.25442504882812 -3.450000047683716
vertex -7.9342474937438965 -68.1224365234375 -1
vertex -7.9342474937438965 -68.1224365234375 -3.450000047683716
endloop
endfacet
facet normal -0.13294952480474023 -0.9911228096730464 0
outer loop
vertex -8.39443302154541 -68.06070709228516 -1
vertex -8.39443302154541 -68.06070709228516 -3.450000047683716
vertex -7.9342474937438965 -68.1224365234375 -3.450000047683716
endloop
endfacet
facet normal -0.8182373081763951 -0.5748806028283152 0
outer loop
vertex -5.646838665008545 -70.1237564086914 -3.450000047683716
vertex -5.29032564163208 -70.63118743896484 -3.450000047683716
vertex -5.646838665008545 -70.1237564086914 -1
endloop
endfacet
facet normal -0.3004452445959268 -0.9537990642686193 0
outer loop
vertex -2.326460599899292 -72.59535217285156 -4.375974655151367
vertex -2.2260427474975586 -72.62698364257812 -4.880809783935547
vertex -2.2260427474975586 -72.62698364257812 -1
endloop
endfacet
facet normal -0.19466178571317722 -0.9808704242574332 0
outer loop
vertex -2.2260427474975586 -72.62698364257812 -4.880809783935547
vertex -2.212280035018921 -72.62971496582031 -4.949999809265137
vertex -2.2260427474975586 -72.62698364257812 -1
endloop
endfacet
facet normal -0.49094966242277377 0.8711879412428553 0
outer loop
vertex 10.474063873291016 47.26106262207031 -1
vertex 10.069565773010254 47.033111572265625 -7.378234386444092
vertex 10.069565773010254 47.033111572265625 -1
endloop
endfacet
facet normal -0.3506385433647232 0.9365108712167015 0
outer loop
vertex 10.069565773010254 47.033111572265625 -1
vertex 9.634737968444824 46.87030792236328 -7.463922023773193
vertex 9.634737968444824 46.87030792236328 -1
endloop
endfacet
facet normal -0.2019325816608425 0.9793994243738179 1.4632142996469146e-7
outer loop
vertex 9.634737968444824 46.87030792236328 -1
vertex 9.179996490478516 46.77655029296875 -7.508782386779785
vertex 9.280983924865723 46.79737091064453 -1
endloop
endfacet
facet normal -0.2019235355630415 0.9794012894547981 0
outer loop
vertex 9.179996490478516 46.77655029296875 -7.508782386779785
vertex 9.179996490478516 46.77655029296875 -1
vertex 9.280983924865723 46.79737091064453 -1
endloop
endfacet
facet normal -0.048391696194567284 0.9988284355881207 0
outer loop
vertex 9.179996490478516 46.77655029296875 -1
vertex 8.71623420715332 46.75408172607422 -7.471641540527344
vertex 8.71623420715332 46.75408172607422 -1
endloop
endfacet
facet normal 0.10632200463569365 0.9943317511425689 0
outer loop
vertex 8.254559516906738 46.80344772338867 -1
vertex 8.71623420715332 46.75408172607422 -1
vertex 8.254559516906738 46.80344772338867 -7.375807285308838
endloop
endfacet
facet normal 0.23135794595461376 0.9728686966100111 0
outer loop
vertex 6.441114902496338 47.234703063964844 -7.141854763031006
vertex 6.441114902496338 47.234703063964844 -1
vertex 8.254559516906738 46.80344772338867 -1
endloop
endfacet
facet normal -0.0003009108776929394 -0.9999999547230903 0.0000025418383534644778
outer loop
vertex -67.41114044189453 -68.04293823242188 -1.6268893480300903
vertex -68.62843322753906 -68.04257202148438 -1.6606128215789795
vertex -17.2122802734375 -68.05805206298828 -4.949999809265137
endloop
endfacet
facet normal -0.0003015870615608569 -0.999999954491221 -0.000007924654430994275
outer loop
vertex -66.70365142822266 -68.04315185546875 -1.5949000120162964
vertex -67.41114044189453 -68.04293823242188 -1.6268893480300903
vertex -17.098098754882812 -68.05809020996094 -4.375974655151367
endloop
endfacet
facet normal -0.0002968815493126626 -0.9999999530421584 0.00007600675482205061
outer loop
vertex -66.02672576904297 -68.04335021972656 -1.5606597661972046
vertex -66.70365142822266 -68.04315185546875 -1.5949000120162964
vertex -17.098098754882812 -68.05809020996094 -4.375974655151367
endloop
endfacet
facet normal -0.0003021200263168623 -0.9999999542038358 -0.000017771210434473266
outer loop
vertex -65.27218627929688 -68.0435791015625 -1.5088717937469482
vertex -66.02672576904297 -68.04335021972656 -1.5606597661972046
vertex -16.772939682006836 -68.05818939208984 -3.8893399238586426
endloop
endfacet
facet normal -0.00030111225442664547 -0.9999999546657041 0
outer loop
vertex -65.27218627929688 -68.0435791015625 -1
vertex -65.27218627929688 -68.0435791015625 -1.5088717937469482
vertex -15.7122802734375 -68.05850219726562 -3.450000047683716
endloop
endfacet
facet normal 0.1564289292879829 0.9876892173562568 0
outer loop
vertex 6.441114902496338 47.234703063964844 -1
vertex 6.208276271820068 47.27157974243164 -7.135646820068359
vertex 6.208276271820068 47.27157974243164 -1
endloop
endfacet
facet normal 0.07846003672289426 0.9969172596747646 0
outer loop
vertex 6.208276271820068 47.27157974243164 -1
vertex 4.017831802368164 47.443973541259766 -7.274580955505371
vertex 4.017831802368164 47.443973541259766 -1
endloop
endfacet
facet normal 0 1 0
outer loop
vertex 4.017831802368164 47.443973541259766 -1
vertex 3.7820911407470703 47.443973541259766 -7.31050968170166
vertex 3.7820911407470703 47.443973541259766 -1
endloop
endfacet
facet normal -0.0003011368938647294 -0.9999999546582846 0
outer loop
vertex -65.27218627929688 -68.0435791015625 -1
vertex -8.39443302154541 -68.06070709228516 -3.450000047683716
vertex -8.39443302154541 -68.06070709228516 -1
endloop
endfacet
facet normal -0.9999999933336394 0.00011523771818344983 -0.000007279381299348955
outer loop
vertex -82.51228332519531 -64.32829284667969 -14.576458930969238
vertex -82.50763702392578 -23.15141487121582 -1
vertex -82.50753021240234 -22.22453498840332 -1
endloop
endfacet
facet normal -0.9999999936418205 0.0001127661753894821 3.8544804440799073e-7
outer loop
vertex -82.51228332519531 -64.32829284667969 -14.576458930969238
vertex -82.50753021240234 -22.22453498840332 -1
vertex -82.50521850585938 -1.724535584449768 -1
endloop
endfacet
facet normal -0.9999999932994983 0.00011523778487463556 -0.000011011635941980957
outer loop
vertex -82.50511169433594 -0.797656238079071 -1
vertex -82.51228332519531 -64.32829284667969 -14.576458930969238
vertex -82.50521850585938 -1.724535584449768 -1
endloop
endfacet
facet normal -0.9999999936417411 0.00011276617637309092 5.541828627012533e-7
outer loop
vertex -82.50511169433594 -0.797656238079071 -1
vertex -82.50279998779297 19.702342987060547 -1
vertex -82.51228332519531 -64.32829284667969 -14.576458930969238
endloop
endfacet
facet normal -0.9999999932514521 0.00011523771817397874 -0.000014743269424048063
outer loop
vertex -82.50279998779297 19.702342987060547 -1
vertex -82.50269317626953 20.629222869873047 -1
vertex -82.51228332519531 -64.32829284667969 -14.576458930969238
endloop
endfacet
facet normal -0.00030130376373462296 -0.9999999546005162 -0.000003873952690078626
outer loop
vertex -15.7122802734375 -68.05850219726562 -3.450000047683716
vertex -8.39443302154541 -68.06070709228516 -3.450000047683716
vertex -65.27218627929688 -68.0435791015625 -1
endloop
endfacet
facet normal -0.0002996795438146213 -0.999999954427064 0.00003657924176842157
outer loop
vertex -15.7122802734375 -68.05850219726562 -3.450000047683716
vertex -65.27218627929688 -68.0435791015625 -1.5088717937469482
vertex -16.286304473876953 -68.05833435058594 -3.564180612564087
endloop
endfacet
facet normal -0.00030101725419462926 -0.9999999546832768 0.0000046964812875984985
outer loop
vertex -16.772939682006836 -68.05818939208984 -3.8893399238586426
vertex -16.286304473876953 -68.05833435058594 -3.564180612564087
vertex -65.27218627929688 -68.0435791015625 -1.5088717937469482
endloop
endfacet
facet normal -0.07846002399179883 0.9969172606767356 0
outer loop
vertex 3.7820911407470703 47.443973541259766 -1
vertex 1.5916463136672974 47.27157974243164 -7.304971218109131
vertex 1.5916463136672974 47.27157974243164 -1
endloop
endfacet
facet normal -0.1564291636755969 0.9876891802342228 4.680156757199356e-8
outer loop
vertex 1.5916463136672974 47.27157974243164 -1
vertex 1.3873960971832275 47.23923110961914 -7.3228840827941895
vertex 1.3588080406188965 47.234703063964844 -1
endloop
endfacet
facet normal -0.3097227737101884 0.9508269050911771 3.608991375024207e-8
outer loop
vertex 46.00326919555664 56.2462043762207 -6.727856159210205
vertex 29.775299072265625 50.96009826660156 -6.896297454833984
vertex 46.149105072021484 56.29370880126953 -1
endloop
endfacet
facet normal -0.4378796058508257 0.8990336204947653 0
outer loop
vertex 29.775299072265625 50.96009826660156 -6.896297454833984
vertex 28.847126007080078 50.508026123046875 -7.068537712097168
vertex 29.775299072265625 50.96009826660156 -1
endloop
endfacet
facet normal -0.37903496830710093 0.92538234951853 0
outer loop
vertex 28.847126007080078 50.508026123046875 -7.068537712097168
vertex 28.65794563293457 50.430538177490234 -7.097684383392334
vertex 28.847126007080078 50.508026123046875 -1
endloop
endfacet
facet normal -0.3790288868420275 0.9253848404524708 -2.2033137615019107e-7
outer loop
vertex 28.65794563293457 50.430538177490234 -7.097684383392334
vertex 28.417463302612305 50.33203887939453 -7.130751609802246
vertex 28.847126007080078 50.508026123046875 -1
endloop
endfacet
facet normal -0.23168773151881672 0.9727902112293608 0
outer loop
vertex 28.417463302612305 50.33203887939453 -7.130751609802246
vertex 28.223371505737305 50.28581237792969 -7.159608840942383
vertex 28.417463302612305 50.33203887939453 -1
endloop
endfacet
facet normal -0.23170368226709448 0.9727864121293981 5.311260145250951e-7
outer loop
vertex 28.223371505737305 50.28581237792969 -7.159608840942383
vertex 27.965791702270508 50.22446060180664 -7.187414646148682
vertex 28.417463302612305 50.33203887939453 -1
endloop
endfacet
facet normal -0.10480699130606258 0.9944925814571826 0
outer loop
vertex 27.965791702270508 50.22446060180664 -7.187414646148682
vertex 13.77302360534668 48.728721618652344 -7.1889166831970215
vertex 27.965791702270508 50.22446060180664 -1
endloop
endfacet
facet normal -0.00030139455341537393 -0.999999954577716 -0.0000024267705669548966
outer loop
vertex -16.772939682006836 -68.05818939208984 -3.8893399238586426
vertex -66.02672576904297 -68.04335021972656 -1.5606597661972046
vertex -17.098098754882812 -68.05809020996094 -4.375974655151367
endloop
endfacet
facet normal -0.16175484585015434 0.9868309732897488 0
outer loop
vertex 13.152132987976074 48.626949310302734 -7.230228424072266
vertex 13.77302360534668 48.728721618652344 -1
vertex 13.77302360534668 48.728721618652344 -7.1889166831970215
endloop
endfacet
facet normal -0.16176316200585183 0.9868296101238269 8.510371092055359e-7
outer loop
vertex 13.152132987976074 48.626949310302734 -7.230228424072266
vertex 13.110663414001465 48.62015151977539 -7.216641902923584
vertex 13.77302360534668 48.728721618652344 -1
endloop
endfacet
facet normal -0.2926185401151249 0.9562292559741588 0
outer loop
vertex 13.110663414001465 48.62015151977539 -7.216641902923584
vertex 12.287496566772461 48.36825180053711 -7.065342903137207
vertex 13.110663414001465 48.62015151977539 -1
endloop
endfacet
facet normal -0.4385683192475201 0.8986978520906819 0
outer loop
vertex 12.287496566772461 48.36825180053711 -7.065342903137207
vertex 11.44304084777832 47.956153869628906 -7.065672874450684
vertex 12.287496566772461 48.36825180053711 -1
endloop
endfacet
facet normal -0.5800557771849025 0.8145767584177803 0
outer loop
vertex 11.44304084777832 47.956153869628906 -7.065672874450684
vertex 10.439823150634766 47.24176788330078 -7.304389953613281
vertex 11.44304084777832 47.956153869628906 -1
endloop
endfacet
facet normal -0.49095278602298204 0.8711861809603223 2.011934985801914e-7
outer loop
vertex 10.439823150634766 47.24176788330078 -7.304389953613281
vertex 10.274954795837402 47.14885711669922 -7.31527042388916
vertex 10.474063873291016 47.26106262207031 -1
endloop
endfacet
facet normal -0.4909513625616021 0.8711869831436222 1.420616737088172e-7
outer loop
vertex 10.274954795837402 47.14885711669922 -7.31527042388916
vertex 10.069565773010254 47.033111572265625 -7.378234386444092
vertex 10.474063873291016 47.26106262207031 -1
endloop
endfacet
facet normal -0.00030150818573853265 -0.9999999545254036 -0.0000064810895316619375
outer loop
vertex -17.098098754882812 -68.05809020996094 -4.375974655151367
vertex -67.41114044189453 -68.04293823242188 -1.6268893480300903
vertex -17.2122802734375 -68.05805206298828 -4.949999809265137
endloop
endfacet
facet normal -0.35064034882400313 0.9365101952336565 0
outer loop
vertex 10.069565773010254 47.033111572265625 -7.378234386444092
vertex 9.889432907104492 46.965667724609375 -7.396044731140137
vertex 10.069565773010254 47.033111572265625 -1
endloop
endfacet
facet normal -0.35062856807429116 0.9365146059993027 -3.7829304142440274e-7
outer loop
vertex 9.889432907104492 46.965667724609375 -7.396044731140137
vertex 9.741642951965332 46.910335540771484 -7.443626403808594
vertex 10.069565773010254 47.033111572265625 -1
endloop
endfacet
facet normal -0.3506492807648394 0.936506850961819 8.235607218187375e-7
outer loop
vertex 9.741642951965332 46.910335540771484 -7.443626403808594
vertex 9.634737968444824 46.87030792236328 -7.463922023773193
vertex 10.069565773010254 47.033111572265625 -1
endloop
endfacet
facet normal -0.20193057273880297 0.9793998385712442 0
outer loop
vertex 9.634737968444824 46.87030792236328 -7.463922023773193
vertex 9.179996490478516 46.77655029296875 -7.508782386779785
vertex 9.634737968444824 46.87030792236328 -1
endloop
endfacet
facet normal -0.048391696194567284 0.9988284355881208 0
outer loop
vertex 9.179996490478516 46.77655029296875 -7.508782386779785
vertex 8.71623420715332 46.75408172607422 -7.471641540527344
vertex 9.179996490478516 46.77655029296875 -1
endloop
endfacet
facet normal 0.23134702760408854 0.97287129303868 0
outer loop
vertex 8.254559516906738 46.80344772338867 -1
vertex 8.254559516906738 46.80344772338867 -7.375807285308838
vertex 7.970893383026123 46.87090301513672 -7.328742027282715
endloop
endfacet
facet normal 0.1063188693698556 0.9943320863855611 2.2962150889579476e-7
outer loop
vertex 8.71623420715332 46.75408172607422 -1
vertex 8.549853324890137 46.771873474121094 -7.439592361450195
vertex 8.254559516906738 46.80344772338867 -7.375807285308838
endloop
endfacet
facet normal 0.10632765615106764 0.9943311468205249 0
outer loop
vertex 8.71623420715332 46.75408172607422 -7.471641540527344
vertex 8.549853324890137 46.771873474121094 -7.439592361450195
vertex 8.71623420715332 46.75408172607422 -1
endloop
endfacet
facet normal -0.0003024894581726695 -0.9999999542262592 -0.000006899795096140056
outer loop
vertex -69.37218475341797 -68.04234313964844 -1.6675673723220825
vertex -16.286304473876953 -68.05833435058594 -11.335819244384766
vertex -16.772939682006836 -68.05818939208984 -11.010660171508789
endloop
endfacet
facet normal -0.00030075714890271857 -0.9999999547684989 0.0000028526680743019916
outer loop
vertex -69.37218475341797 -68.04234313964844 -1.6675673723220825
vertex -16.772939682006836 -68.05818939208984 -11.010660171508789
vertex -17.098098754882812 -68.05809020996094 -10.524024963378906
endloop
endfacet
facet normal -0.00030009477632069647 -0.9999999549486978 0.00000676223618291729
outer loop
vertex -69.37218475341797 -68.04234313964844 -1.6675673723220825
vertex -17.098098754882812 -68.05809020996094 -10.524024963378906
vertex -17.2122802734375 -68.05805206298828 -9.949999809265137
endloop
endfacet
facet normal -0.0003010734936962112 -0.9999999546773746 0
outer loop
vertex -68.62843322753906 -68.04257202148438 -1.6606128215789795
vertex -17.2122802734375 -68.05805206298828 -9.949999809265137
vertex -17.2122802734375 -68.05805206298828 -4.949999809265137
endloop
endfacet
facet normal -0.08726147427519312 -0.9961854421277797 0
outer loop
vertex -1.6177953481674194 -72.74790954589844 -1
vertex -1.0000098943710327 -72.8020248413086 -14.866942405700684
vertex -1.0000098943710327 -72.8020248413086 -1
endloop
endfacet
facet normal 0.15642892928798294 0.9876892173562569 0
outer loop
vertex 6.441114902496338 47.234703063964844 -7.141854763031006
vertex 6.208276271820068 47.27157974243164 -7.135646820068359
vertex 6.441114902496338 47.234703063964844 -1
endloop
endfacet
facet normal 0.23135990004423038 0.9728682319056123 -6.0959428211408e-7
outer loop
vertex 7.970893383026123 46.87090301513672 -7.328742027282715
vertex 6.441114902496338 47.234703063964844 -7.141854763031006
vertex 8.254559516906738 46.80344772338867 -1
endloop
endfacet
facet normal 0.07846003672289426 0.9969172596747646 0
outer loop
vertex 6.208276271820068 47.27157974243164 -7.135646820068359
vertex 4.017831802368164 47.443973541259766 -7.274580955505371
vertex 6.208276271820068 47.27157974243164 -1
endloop
endfacet
facet normal 0 1 0
outer loop
vertex 4.017831802368164 47.443973541259766 -7.274580955505371
vertex 3.7820911407470703 47.443973541259766 -7.31050968170166
vertex 4.017831802368164 47.443973541259766 -1
endloop
endfacet
facet normal -0.07846002399179881 0.9969172606767356 0
outer loop
vertex 3.7820911407470703 47.443973541259766 -7.31050968170166
vertex 1.5916463136672974 47.27157974243164 -7.304971218109131
vertex 3.7820911407470703 47.443973541259766 -1
endloop
endfacet
facet normal -0.15642775031221842 0.9876894040801786 0
outer loop
vertex 1.5916463136672974 47.27157974243164 -1
vertex 1.5916463136672974 47.27157974243164 -7.304971218109131
vertex 1.3873960971832275 47.23923110961914 -7.3228840827941895
endloop
endfacet
facet normal 0.7024042081024983 0.7117782853289655 -0.00003120993667651154
outer loop
vertex -34.490272521972656 43.73391342163086 -7.4932074546813965
vertex -34.564369201660156 43.80703353881836 -7.509483814239502
vertex -35.159088134765625 44.393924713134766 -7.403348445892334
endloop
endfacet
facet normal -0.19502288737375287 -0.9807986915767651 -0.0000013077629664381332
outer loop
vertex -2.212280035018921 -72.62971496582031 -4.949999809265137
vertex -1.6177953481674194 -72.74790954589844 -14.914066314697266
vertex -2.2260427474975586 -72.62698364257812 -1
endloop
endfacet
facet normal -0.2324807907694262 0.9726009233858867 -0.0003546154860304373
outer loop
vertex 1.3873960971832275 47.23923110961914 -7.3228840827941895
vertex -0.777700662612915 46.721771240234375 -7.149569511413574
vertex 1.3588080406188965 47.234703063964844 -1
endloop
endfacet
facet normal 7.341139667983283e-8 0.06627380780181912 -0.9978014744424073
outer loop
vertex -79.96490478515625 -66.5905532836914 -15.738859176635742
vertex -80.74989318847656 -66.0246353149414 -15.701271057128906
vertex -79.0218276977539 -66.85016632080078 -15.756102561950684
endloop
endfacet
facet normal -1.4864687315583353e-7 0.06627390009983077 -0.9978014683119762
outer loop
vertex -80.82615661621094 42.65084457397461 -8.483053207397461
vertex -79.87065887451172 43.77913284301758 -8.408112525939941
vertex -79.0218276977539 -66.85016632080078 -15.756102561950684
endloop
endfacet
facet normal -0.0000015250548351033158 0.06627316148221322 -0.997801517369475
outer loop
vertex -81.50250244140625 -64.37146759033203 -15.59146785736084
vertex -80.74989318847656 -66.0246353149414 -15.701271057128906
vertex -81.28636169433594 -65.21928405761719 -15.64777946472168
endloop
endfacet
facet normal 1.1251274657505959e-7 0.06627389891159205 -0.9978014683909036
outer loop
vertex -79.0218276977539 -66.85016632080078 -15.756102561950684
vertex -81.50250244140625 -64.37146759033203 -15.59146785736084
vertex -81.37033081054688 41.313411712646484 -8.57188606262207
endloop
endfacet
facet normal -2.2210307938021917e-9 0.06627390255991589 -0.9978014681485885
outer loop
vertex -79.0218276977539 -66.85016632080078 -15.756102561950684
vertex -37.718719482421875 44.77836608886719 -8.341743469238281
vertex -8.764431953430176 -66.87141418457031 -15.757513999938965
endloop
endfacet
facet normal 0.000003225535224591485 0.06627468830581991 -0.9978014159538773
outer loop
vertex -3.783590078353882 -70.52944946289062 -16.00048065185547
vertex -9.674220085144043 -46.54737091064453 -14.4075927734375
vertex -9.56583309173584 -46.70957946777344 -14.418366432189941
endloop
endfacet
facet normal 0.0000049690797306804855 0.0662750716841838 -0.9978013904823769
outer loop
vertex -9.403621673583984 -46.81796646118164 -14.425565719604492
vertex -9.2122802734375 -46.85602951049805 -14.428092956542969
vertex -3.783590078353882 -70.52944946289062 -16.00048065185547
endloop
endfacet
facet normal -0.0000016912212629712248 0.0662735000120153 -0.9978014948842766
outer loop
vertex -9.403621673583984 -46.81796646118164 -14.425565719604492
vertex -3.783590078353882 -70.52944946289062 -16.00048065185547
vertex -9.56583309173584 -46.70957946777344 -14.418366432189941
endloop
endfacet
facet normal 0 0.06627393720125148 -0.997801465847713
outer loop
vertex -3.783590078353882 -70.52944946289062 -16.00048065185547
vertex -9.2122802734375 -46.85602951049805 -14.428092956542969
vertex 9.7877197265625 -46.85602951049805 -14.428092956542969
endloop
endfacet
facet normal 8.975238024166334e-8 0.06627388597471238 -0.9978014692501724
outer loop
vertex -1.9883536100387573 -71.43781280517578 -16.060813903808594
vertex -3.783590078353882 -70.52944946289062 -16.00048065185547
vertex 9.7877197265625 -46.85602951049805 -14.428092956542969
endloop
endfacet
facet normal -0.0000052400604476727324 0.0662764280426816 -0.9978013003892333
outer loop
vertex -1.9883536100387573 -71.43781280517578 -16.060813903808594
vertex 9.7877197265625 -46.85602951049805 -14.428092956542969
vertex 9.9790620803833 -46.81796646118164 -14.425565719604492
endloop
endfacet
facet normal 0.000002115033408723506 0.06627286852282026 -0.9978015368264791
outer loop
vertex -1.9883536100387573 -71.43781280517578 -16.060813903808594
vertex 9.9790620803833 -46.81796646118164 -14.425565719604492
vertex 10.141273498535156 -46.70957946777344 -14.418366432189941
endloop
endfacet
facet normal -0.000007682334896054082 0.0662776531914811 -0.9978012189952523
outer loop
vertex -1.9883536100387573 -71.43781280517578 -16.060813903808594
vertex 10.141273498535156 -46.70957946777344 -14.418366432189941
vertex 10.249659538269043 -46.54737091064453 -14.4075927734375
endloop
endfacet
facet normal -7.54741383011787e-9 0.06627389626527787 -0.997801468566678
outer loop
vertex -1.9883536100387573 -71.43781280517578 -16.060813903808594
vertex 10.249659538269043 -46.54737091064453 -14.4075927734375
vertex 57.32402420043945 -71.46385192871094 -16.062543869018555
endloop
endfacet
facet normal 0.0000018327407397493867 0.06627735782480575 -0.9978012386424483
outer loop
vertex 57.32402420043945 -71.46385192871094 -16.062543869018555
vertex 10.249659538269043 -46.54737091064453 -14.4075927734375
vertex 10.2877197265625 -46.35602951049805 -14.394883155822754
endloop
endfacet
facet normal -4.908368973353055e-8 0.06627384795133977 -0.9978014717756836
outer loop
vertex 57.32402420043945 -71.46385192871094 -16.062543869018555
vertex 10.2877197265625 -46.35602951049805 -14.394883155822754
vertex 10.2877197265625 -32.35602951049805 -13.465004920959473
endloop
endfacet
facet normal 0.000002499988860369229 0.0662769003409026 -0.9978012690285336
outer loop
vertex 57.32402420043945 -71.46385192871094 -16.062543869018555
vertex 10.2877197265625 -32.35602951049805 -13.465004920959473
vertex 10.249659538269043 -32.1646842956543 -13.452295303344727
endloop
endfacet
facet normal -0.0000026101406159460188 0.06627080607640864 -0.9978016738085631
outer loop
vertex 57.32402420043945 -71.46385192871094 -16.062543869018555
vertex 10.249659538269043 -32.1646842956543 -13.452295303344727
vertex 10.141273498535156 -32.00247573852539 -13.441521644592285
endloop
endfacet
facet normal 1.2135659960289433e-7 0.06627390772362018 -0.9978014678056084
outer loop
vertex -80.74989318847656 -66.0246353149414 -15.701271057128906
vertex -81.50250244140625 -64.37146759033203 -15.59146785736084
vertex -79.0218276977539 -66.85016632080078 -15.756102561950684
endloop
endfacet
facet normal -1.9827050918150838e-8 0.06627388963157656 -0.9978014690072876
outer loop
vertex 10.141273498535156 -32.00247573852539 -13.441521644592285
vertex -36.3818473815918 44.23442077636719 -8.377872467041016
vertex 57.32402420043945 -71.46385192871094 -16.062543869018555
endloop
endfacet
facet normal 1.241321810851121e-7 0.06627400571433625 -0.9978014612970662
outer loop
vertex 57.32402420043945 -71.46385192871094 -16.062543869018555
vertex -36.3818473815918 44.23442077636719 -8.377872467041016
vertex 58.17564392089844 -71.1623306274414 -16.042516708374023
endloop
endfacet
facet normal 1.1607840456235424e-7 0.06627399914396057 -0.9978014617334717
outer loop
vertex 58.17564392089844 -71.1623306274414 -16.042516708374023
vertex -36.3818473815918 44.23442077636719 -8.377872467041016
vertex 59.85322189331055 -69.84172058105469 -15.954801559448242
endloop
endfacet
facet normal 2.4241255367533223e-7 0.06627410525182334 -0.9978014546857564
outer loop
vertex 59.85322189331055 -69.84172058105469 -15.954801559448242
vertex -36.3818473815918 44.23442077636719 -8.377872467041016
vertex 60.350887298583984 -69.07762145996094 -15.90404987335205
endloop
endfacet
facet normal 1.208562846558015e-7 0.06627399981282929 -0.9978014616890448
outer loop
vertex 60.350887298583984 -69.07762145996094 -15.90404987335205
vertex -33.99890899658203 41.535675048828125 -8.557123184204102
vertex 60.890323638916016 -66.97105407714844 -15.764131546020508
endloop
endfacet
facet normal 0.000017535675379523 0.06628553887734169 -0.9978006950429732
outer loop
vertex -2.595229148864746 28.193971633911133 -9.443278312683105
vertex -1.845371961593628 27.123065948486328 -9.51440715789795
vertex 60.890323638916016 -66.97105407714844 -15.764131546020508
endloop
endfacet
facet normal -1.9438511373832002e-7 0.06627384795821382 -0.9978014717752094
outer loop
vertex -3.783590078353882 -70.52944946289062 -16.00048065185547
vertex -5.585899829864502 -68.32178497314453 -15.85384750366211
vertex -37.718719482421875 44.77836608886719 -8.341743469238281
endloop
endfacet
facet normal 1.2417845666956186e-7 0.06627393715267486 -0.9978014658509315
outer loop
vertex -6.834893226623535 -67.40531158447266 -15.792975425720215
vertex -7.695173263549805 -67.07587432861328 -15.77109432220459
vertex -37.718719482421875 44.77836608886719 -8.341743469238281
endloop
endfacet
facet normal -0.0000032408752403261163 0.06627301483213728 -0.9978015271057447
outer loop
vertex -6.759528636932373 -67.4281234741211 -15.794490814208984
vertex -6.834893226623535 -67.40531158447266 -15.792975425720215
vertex -37.718719482421875 44.77836608886719 -8.341743469238281
endloop
endfacet
facet normal -1.966169795247317e-8 0.06627389970240555 -0.9978014683383839
outer loop
vertex -6.242008686065674 -67.70413208007812 -15.812823295593262
vertex -6.759528636932373 -67.4281234741211 -15.794490814208984
vertex -37.718719482421875 44.77836608886719 -8.341743469238281
endloop
endfacet
facet normal -2.2296913901478823e-7 0.06627383987289148 -0.9978014723122294
outer loop
vertex -37.718719482421875 44.77836608886719 -8.341743469238281
vertex -5.585899829864502 -68.32178497314453 -15.85384750366211
vertex -5.788398265838623 -68.0755844116211 -15.837494850158691
endloop
endfacet
facet normal 8.100252733004242e-7 0.06627413085932284 -0.9978014529846032
outer loop
vertex -5.788398265838623 -68.0755844116211 -15.837494850158691
vertex -6.242008686065674 -67.70413208007812 -15.812823295593262
vertex -37.718719482421875 44.77836608886719 -8.341743469238281
endloop
endfacet
facet normal 6.819524704092246e-8 0.06627392074085649 -0.9978014669410092
outer loop
vertex -8.181350708007812 -66.92871856689453 -15.761320114135742
vertex -8.764431953430176 -66.87141418457031 -15.757513999938965
vertex -37.718719482421875 44.77836608886719 -8.341743469238281
endloop
endfacet
facet normal -2.9627527409824096e-7 0.06627382479156198 -0.99780147331391
outer loop
vertex -7.695173263549805 -67.07587432861328 -15.77109432220459
vertex -8.181350708007812 -66.92871856689453 -15.761320114135742
vertex -37.718719482421875 44.77836608886719 -8.341743469238281
endloop
endfacet
facet normal -1.1153260259445677e-7 0.06627387223463896 -0.9978014701627848
outer loop
vertex -9.674220085144043 -46.54737091064453 -14.4075927734375
vertex -3.783590078353882 -70.52944946289062 -16.00048065185547
vertex -37.718719482421875 44.77836608886719 -8.341743469238281
endloop
endfacet
facet normal -1.2766120571328448e-7 0.06627381388114696 -0.997801474038614
outer loop
vertex -1.845371961593628 27.123065948486328 -9.51440715789795
vertex -0.9209457039833069 26.198638916015625 -9.575807571411133
vertex 60.890323638916016 -66.97105407714844 -15.764131546020508
endloop
endfacet
facet normal -3.46693559791989e-7 0.0662736692074563 -0.9978014836477547
outer loop
vertex 60.890323638916016 -66.97105407714844 -15.764131546020508
vertex -0.9209457039833069 26.198638916015625 -9.575807571411133
vertex 0.14996139705181122 25.448781967163086 -9.62561321258545
endloop
endfacet
facet normal -1.9342892849156994e-7 0.06627376967634985 -0.997801476974678
outer loop
vertex 60.890323638916016 -66.97105407714844 -15.764131546020508
vertex 1.3348103761672974 24.896278381347656 -9.662310600280762
vertex 2.597599983215332 24.55791473388672 -9.684784889221191
endloop
endfacet
facet normal 5.5636621059735e-7 0.06627424510644006 -0.9978014453964587
outer loop
vertex 60.890323638916016 -66.97105407714844 -15.764131546020508
vertex 2.597599983215332 24.55791473388672 -9.684784889221191
vertex 3.899961471557617 24.443971633911133 -9.692352294921875
endloop
endfacet
facet normal -4.988134003850711e-7 0.0662735901709913 -0.9978014888972649
outer loop
vertex 60.890323638916016 -66.97105407714844 -15.764131546020508
vertex 3.899961471557617 24.443971633911133 -9.692352294921875
vertex 5.202322959899902 24.55791473388672 -9.684784889221191
endloop
endfacet
facet normal 1.3793342405263264e-7 0.06627397587853581 -0.9978014632787588
outer loop
vertex 60.890323638916016 -66.97105407714844 -15.764131546020508
vertex 5.202322959899902 24.55791473388672 -9.684784889221191
vertex 6.465112686157227 24.896278381347656 -9.662310600280762
endloop
endfacet
facet normal -1.7294651972763142e-7 0.06627378289631104 -0.9978014760966144
outer loop
vertex 60.890323638916016 -66.97105407714844 -15.764131546020508
vertex 0.14996139705181122 25.448781967163086 -9.62561321258545
vertex 1.3348103761672974 24.896278381347656 -9.662310600280762
endloop
endfacet
facet normal 9.454643942037096e-8 0.0662739502875655 -0.997801464978516
outer loop
vertex 60.890323638916016 -66.97105407714844 -15.764131546020508
vertex 6.465112686157227 24.896278381347656 -9.662310600280762
vertex 7.649961471557617 25.448781967163086 -9.62561321258545
endloop
endfacet
facet normal 1.3335631391976467e-7 0.06627397254659964 -0.9978014635000666
outer loop
vertex 60.890323638916016 -66.97105407714844 -15.764131546020508
vertex 7.649961471557617 25.448781967163086 -9.62561321258545
vertex 8.720868110656738 26.198638916015625 -9.575807571411133
endloop
endfacet
facet normal 2.754415597498167e-8 0.06627391355835356 -0.9978014674180727
outer loop
vertex 60.890323638916016 -66.97105407714844 -15.764131546020508
vertex 8.720868110656738 26.198638916015625 -9.575807571411133
vertex 9.645295143127441 27.123065948486328 -9.51440715789795
endloop
endfacet
facet normal -4.7155880186511357e-7 0.06627364293349279 -0.9978014853928118
outer loop
vertex 60.890323638916016 -66.97105407714844 -15.764131546020508
vertex 9.645295143127441 27.123065948486328 -9.51440715789795
vertex 10.39515209197998 28.193971633911133 -9.443278312683105
endloop
endfacet
facet normal 0.0000354190970401849 0.06628473508680552 -0.9978007479652236
outer loop
vertex -9.7122802734375 -46.35602951049805 -14.394883155822754
vertex -9.674220085144043 -46.54737091064453 -14.4075927734375
vertex -37.718719482421875 44.77836608886719 -8.341743469238281
endloop
endfacet
facet normal 1.1447003987666137e-7 0.0662739657484433 -0.9978014639516024
outer loop
vertex 80.91764068603516 47.898048400878906 -8.13453483581543
vertex 80.45304107666016 42.909751892089844 -8.46585750579834
vertex 71.1262435913086 64.84518432617188 -7.008907318115234
endloop
endfacet
facet normal -9.945469511071245e-8 0.06627391465414895 -0.9978014673452854
outer loop
vertex 70.07926177978516 65.94873809814453 -6.935609340667725
vertex 62.378421783447266 31.955167770385742 -9.193459510803223
vertex 68.77912902832031 66.65107727050781 -6.888959884643555
endloop
endfacet
facet normal -1.9903149624031596e-8 0.06627389671184497 -0.9978014685370168
outer loop
vertex 71.1262435913086 64.84518432617188 -7.008907318115234
vertex 62.378421783447266 31.955167770385742 -9.193459510803223
vertex 70.07926177978516 65.94873809814453 -6.935609340667725
endloop
endfacet
facet normal 1.4153997833990115e-8 0.06627389378765318 -0.9978014687312414
outer loop
vertex 62.378421783447266 31.955167770385742 -9.193459510803223
vertex 67.32534790039062 66.91419982910156 -6.871483325958252
vertex 68.77912902832031 66.65107727050781 -6.888959884643555
endloop
endfacet
facet normal -5.242786020574533e-8 0.06627390316802836 -0.9978014681081965
outer loop
vertex 62.378421783447266 31.955167770385742 -9.193459510803223
vertex 65.89688873291016 66.71699523925781 -6.884581565856934
vertex 67.32534790039062 66.91419982910156 -6.871483325958252
endloop
endfacet
facet normal -1.6464242999837862e-7 0.06627384795133895 -0.9978014717756712
outer loop
vertex -9.7122802734375 -32.35602951049805 -13.465004920959473
vertex -9.7122802734375 -46.35602951049805 -14.394883155822754
vertex -37.718719482421875 44.77836608886719 -8.341743469238281
endloop
endfacet
facet normal 0.000004464112543346487 0.0662755212061772 -0.9978013606269143
outer loop
vertex -9.674220085144043 -32.1646842956543 -13.452295303344727
vertex -9.7122802734375 -32.35602951049805 -13.465004920959473
vertex -37.718719482421875 44.77836608886719 -8.341743469238281
endloop
endfacet
facet normal -0.0000013215777610931409 0.0662734216784638 -0.9978015000877088
outer loop
vertex -9.56583309173584 -32.00247573852539 -13.441521644592285
vertex -9.674220085144043 -32.1646842956543 -13.452295303344727
vertex -37.718719482421875 44.77836608886719 -8.341743469238281
endloop
endfacet
facet normal 0.0000011405679827954313 0.06627432049716611 -0.9978014403884864
outer loop
vertex -9.403621673583984 -31.894088745117188 -13.434322357177734
vertex -9.56583309173584 -32.00247573852539 -13.441521644592285
vertex -37.718719482421875 44.77836608886719 -8.341743469238281
endloop
endfacet
facet normal 8.37136077178027e-7 0.06627420893212449 -0.9978014477989698
outer loop
vertex -9.2122802734375 -31.856027603149414 -13.431794166564941
vertex -9.403621673583984 -31.894088745117188 -13.434322357177734
vertex -37.718719482421875 44.77836608886719 -8.341743469238281
endloop
endfacet
facet normal 0 0.06627389641082247 -0.9978014685570109
outer loop
vertex -36.3818473815918 44.23442077636719 -8.377872467041016
vertex 9.7877197265625 -31.856027603149414 -13.431794166564941
vertex -9.2122802734375 -31.856027603149414 -13.431794166564941
endloop
endfacet
facet normal -0.0000010230509982969589 0.06627327837840774 -0.9978015096059595
outer loop
vertex 9.7877197265625 -31.856027603149414 -13.431794166564941
vertex -36.3818473815918 44.23442077636719 -8.377872467041016
vertex 9.9790620803833 -31.894088745117188 -13.434322357177734
endloop
endfacet
facet normal -0.0000024004443636509605 0.06627244325434889 -0.9978015650716013
outer loop
vertex 9.9790620803833 -31.894088745117188 -13.434322357177734
vertex -36.3818473815918 44.23442077636719 -8.377872467041016
vertex 10.141273498535156 -32.00247573852539 -13.441521644592285
endloop
endfacet
facet normal 0.0000011543072814923268 0.0662738198885221 -0.9978014736389454
outer loop
vertex 81.13590240478516 44.173824310302734 -8.38189697265625
vertex 80.91764068603516 47.898048400878906 -8.13453483581543
vertex 81.35961151123047 46.48054885864258 -8.228684425354004
endloop
endfacet
facet normal -6.957490171290439e-7 0.06627362276188517 -0.9978014867324719
outer loop
vertex 80.45304107666016 42.909751892089844 -8.46585750579834
vertex 79.34784698486328 41.861209869384766 -8.535500526428223
vertex 71.1262435913086 64.84518432617188 -7.008907318115234
endloop
endfacet
facet normal 3.365217277400416e-8 0.06627388253019531 -0.9978014694789604
outer loop
vertex 62.378421783447266 31.955167770385742 -9.193459510803223
vertex 71.1262435913086 64.84518432617188 -7.008907318115234
vertex 79.34784698486328 41.861209869384766 -8.535500526428223
endloop
endfacet
facet normal 1.6770310355486748e-8 0.06627389619480203 -0.9978014685713589
outer loop
vertex 48.0358772277832 56.43427658081055 -7.567559242248535
vertex 65.89688873291016 66.71699523925781 -6.884581565856934
vertex 62.378421783447266 31.955167770385742 -9.193459510803223
endloop
endfacet
facet normal -0.000003448601332357424 0.06627187471775758 -0.9978016028296913
outer loop
vertex 62.378421783447266 31.955167770385742 -9.193459510803223
vertex 48.001705169677734 56.3703498840332 -7.571805000305176
vertex 48.0358772277832 56.43427658081055 -7.567559242248535
endloop
endfacet
facet normal -5.601271437575536e-7 0.06627356810641001 -0.9978014903627532
outer loop
vertex 47.877342224121094 56.21881103515625 -7.581870079040527
vertex 48.001705169677734 56.3703498840332 -7.571805000305176
vertex 62.378421783447266 31.955167770385742 -9.193459510803223
endloop
endfacet
facet normal 3.1912837275593153e-7 0.06627409128228598 -0.9978014556135932
outer loop
vertex 47.725807189941406 56.09444808959961 -7.59013032913208
vertex 47.877342224121094 56.21881103515625 -7.581870079040527
vertex 62.378421783447266 31.955167770385742 -9.193459510803223
endloop
endfacet
facet normal 7.271521342430733e-7 0.06627433786606673 -0.9978014392352247
outer loop
vertex 62.378421783447266 31.955167770385742 -9.193459510803223
vertex 47.552921295166016 56.00204086303711 -7.596268177032471
vertex 47.725807189941406 56.09444808959961 -7.59013032913208
endloop
endfacet
facet normal -0.0000017492027335959997 0.06627281783682344 -0.9978015401936938
outer loop
vertex 62.378421783447266 31.955167770385742 -9.193459510803223
vertex 47.365325927734375 55.945133209228516 -7.600047588348389
vertex 47.552921295166016 56.00204086303711 -7.596268177032471
endloop
endfacet
facet normal 1.1411887353274449e-7 0.0662739787955617 -0.997801463085013
outer loop
vertex 62.378421783447266 31.955167770385742 -9.193459510803223
vertex 47.15540313720703 55.9273796081543 -7.601226806640625
vertex 47.365325927734375 55.945133209228516 -7.600047588348389
endloop
endfacet
facet normal 4.773203476602626e-7 0.06627420842551271 -0.9978014478328561
outer loop
vertex 62.378421783447266 31.955167770385742 -9.193459510803223
vertex 46.81148147583008 55.744178771972656 -7.6133952140808105
vertex 47.15540313720703 55.9273796081543 -7.601226806640625
endloop
endfacet
facet normal 1.5516771229309682e-7 0.06627398136852582 -0.997801462914111
outer loop
vertex 46.81148147583008 55.744178771972656 -7.6133952140808105
vertex 61.773353576660156 31.489137649536133 -9.22441291809082
vertex 46.46745300292969 55.56069564819336 -7.625582218170166
endloop
endfacet
facet normal 0.0000014815367160744882 0.06627383898185574 -0.997801472370337
outer loop
vertex 80.45304107666016 42.909751892089844 -8.46585750579834
vertex 80.91764068603516 47.898048400878906 -8.13453483581543
vertex 81.13590240478516 44.173824310302734 -8.38189697265625
endloop
endfacet
facet normal -5.77672514227407e-7 0.06627352109650221 -0.9978014934851208
outer loop
vertex 62.378421783447266 31.955167770385742 -9.193459510803223
vertex 62.22696304321289 31.86058807373047 -9.19974136352539
vertex 46.81148147583008 55.744178771972656 -7.6133952140808105
endloop
endfacet
facet normal -2.1926446144078708e-7 0.0662737514121994 -0.9978014781877735
outer loop
vertex 62.22696304321289 31.86058807373047 -9.19974136352539
vertex 61.773353576660156 31.489137649536133 -9.22441291809082
vertex 46.81148147583008 55.744178771972656 -7.6133952140808105
endloop
endfacet
facet normal 1.6006264511164279e-7 0.0662739844672983 -0.9978014627082898
outer loop
vertex 61.773353576660156 31.489137649536133 -9.22441291809082
vertex 61.401084899902344 31.036523818969727 -9.254475593566895
vertex 46.46745300292969 55.56069564819336 -7.625582218170166
endloop
endfacet
facet normal -3.226520323550879e-7 0.06627369181638801 -0.9978014821460842
outer loop
vertex 61.401084899902344 31.036523818969727 -9.254475593566895
vertex 61.278289794921875 30.807292938232422 -9.26970100402832
vertex 46.46745300292969 55.56069564819336 -7.625582218170166
endloop
endfacet
facet normal 1.86346209236129e-8 0.06627390116041207 -0.9978014682415435
outer loop
vertex 61.278289794921875 30.807292938232422 -9.26970100402832
vertex 28.933504104614258 49.6719970703125 -8.016709327697754
vertex 46.27360916137695 55.50202560424805 -7.629478931427002
endloop
endfacet
facet normal 4.231327217667538e-8 0.0662739415807107 -0.9978014655568285
outer loop
vertex 61.278289794921875 30.807292938232422 -9.26970100402832
vertex 60.967552185058594 30.242324829101562 -9.307226181030273
vertex 28.933504104614258 49.6719970703125 -8.016709327697754
endloop
endfacet
facet normal -4.758029569035994e-8 0.06627379402254577 -0.9978014753576259
outer loop
vertex 60.967552185058594 30.242324829101562 -9.307226181030273
vertex 60.81372833251953 29.95517349243164 -9.326298713684082
vertex 28.933504104614258 49.6719970703125 -8.016709327697754
endloop
endfacet
facet normal 6.335471181365091e-7 0.0662748905033602 -0.9978014025287628
outer loop
vertex 60.81372833251953 29.95517349243164 -9.326298713684082
vertex 60.64338302612305 29.394866943359375 -9.36351490020752
vertex 28.933504104614258 49.6719970703125 -8.016709327697754
endloop
endfacet
facet normal 2.3557665921949485e-8 0.06627394077659562 -0.9978014656102384
outer loop
vertex 60.64338302612305 29.394866943359375 -9.36351490020752
vertex 60.58586883544922 28.812166213989258 -9.402217864990234
vertex 28.933504104614258 49.6719970703125 -8.016709327697754
endloop
endfacet
facet normal 0.0000011625674417314808 0.0662739216107342 -0.9978014668825571
outer loop
vertex -81.37033081054688 41.313411712646484 -8.57188606262207
vertex -80.82615661621094 42.65084457397461 -8.483053207397461
vertex -79.0218276977539 -66.85016632080078 -15.756102561950684
endloop
endfacet
facet normal -6.354040312368146e-7 0.06627350550770639 -0.9978014945204864
outer loop
vertex 61.278289794921875 30.807292938232422 -9.26970100402832
vertex 46.27360916137695 55.50202560424805 -7.629478931427002
vertex 46.46745300292969 55.56069564819336 -7.625582218170166
endloop
endfacet
facet normal 2.2677134332744864e-8 0.066273979314039 -0.9978014630505817
outer loop
vertex 0.14996139705181122 38.43916320800781 -8.76279354095459
vertex -2.8228375911712646 44.99440383911133 -8.327394485473633
vertex 1.561841368675232 46.45602798461914 -8.230313301086426
endloop
endfacet
facet normal -3.888338835890815e-8 0.06627382212441167 -0.997801473491105
outer loop
vertex 28.31524658203125 49.52189636230469 -8.026679039001465
vertex 60.61859130859375 28.480627059936523 -9.424238204956055
vertex 60.89435577392578 25.902355194091797 -9.595486640930176
endloop
endfacet
facet normal 1.708365752121265e-8 0.0662738989822936 -0.9978014683862138
outer loop
vertex 60.89435577392578 25.902355194091797 -9.595486640930176
vertex 60.890323638916016 -66.97105407714844 -15.764131546020508
vertex 28.31524658203125 49.52189636230469 -8.026679039001465
endloop
endfacet
facet normal -3.6244203483096915e-7 0.06627334371208518 -0.9978015052669987
outer loop
vertex 60.61859130859375 28.480627059936523 -9.424238204956055
vertex 28.56580352783203 49.56070327758789 -8.024101257324219
vertex 28.933504104614258 49.6719970703125 -8.016709327697754
endloop
endfacet
facet normal 7.398029190969733e-7 0.06627501234196681 -0.9978013944360495
outer loop
vertex 60.61859130859375 28.480627059936523 -9.424238204956055
vertex 28.31524658203125 49.52189636230469 -8.026679039001465
vertex 28.56580352783203 49.56070327758789 -8.024101257324219
endloop
endfacet
facet normal 8.266336698336792e-8 0.06627385661613336 -0.9978014712001668
outer loop
vertex 7.847465515136719 46.070655822753906 -8.25590991973877
vertex 8.720868110656738 37.68930435180664 -8.81259822845459
vertex 3.753984212875366 46.64533615112305 -8.217740058898926
endloop
endfacet
facet normal -8.8417699324906e-9 0.06627390548934692 -0.9978014679540159
outer loop
vertex 3.753984212875366 46.64533615112305 -8.217740058898926
vertex 7.649961471557617 38.43916320800781 -8.76279354095459
vertex 6.465112686157227 38.991668701171875 -8.726096153259277
endloop
endfacet
facet normal 1.2170129078397757e-7 0.06627389807565086 -0.9978014684464256
outer loop
vertex -2.8228375911712646 44.99440383911133 -8.327394485473633
vertex -1.845371961593628 36.7648811340332 -8.873998641967773
vertex -6.070751667022705 43.05099105834961 -8.456476211547852
endloop
endfacet
facet normal -6.609353323643733e-7 0.0662736706577161 -0.9978014835512702
outer loop
vertex -2.8228375911712646 44.99440383911133 -8.327394485473633
vertex 0.14996139705181122 38.43916320800781 -8.76279354095459
vertex -0.9209457039833069 37.68930435180664 -8.81259822845459
endloop
endfacet
facet normal 2.95889022443482e-7 0.06627391867401057 -0.9978014670782476
outer loop
vertex -1.845371961593628 36.7648811340332 -8.873998641967773
vertex -2.8228375911712646 44.99440383911133 -8.327394485473633
vertex -0.9209457039833069 37.68930435180664 -8.81259822845459
endloop
endfacet
facet normal -5.107960923600928e-7 0.0662736149177918 -0.9978014872535856
outer loop
vertex -6.466372966766357 42.83999252319336 -8.470490455627441
vertex -6.070751667022705 43.05099105834961 -8.456476211547852
vertex -2.595229148864746 35.693973541259766 -8.945128440856934
endloop
endfacet
facet normal 1.9373751204046275e-7 0.06627394628407847 -0.997801465244413
outer loop
vertex -2.595229148864746 35.693973541259766 -8.945128440856934
vertex -6.070751667022705 43.05099105834961 -8.456476211547852
vertex -1.845371961593628 36.7648811340332 -8.873998641967773
endloop
endfacet
facet normal -3.4698192743588824e-7 0.06627375554071073 -0.9978014779135225
outer loop
vertex -7.027915000915527 42.67002487182617 -8.481779098510742
vertex -2.595229148864746 35.693973541259766 -8.945128440856934
vertex -3.147733211517334 34.509124755859375 -9.023825645446777
endloop
endfacet
facet normal -9.073336714991862e-7 0.06627340104880179 -0.9978015014583819
outer loop
vertex -7.027915000915527 42.67002487182617 -8.481779098510742
vertex -6.466372966766357 42.83999252319336 -8.470490455627441
vertex -2.595229148864746 35.693973541259766 -8.945128440856934
endloop
endfacet
facet normal 4.6163291027286654e-7 0.06627413831608413 -0.9978014524895459
outer loop
vertex -3.147733211517334 34.509124755859375 -9.023825645446777
vertex -7.597829341888428 42.614017486572266 -8.485499382019043
vertex -7.027915000915527 42.67002487182617 -8.481779098510742
endloop
endfacet
facet normal 9.47129083317448e-8 0.06627406239286118 -0.9978014575324783
outer loop
vertex -3.4860968589782715 33.246334075927734 -9.10770034790039
vertex -22.439952850341797 40.749507904052734 -8.60934066772461
vertex -3.147733211517334 34.509124755859375 -9.023825645446777
endloop
endfacet
facet normal 9.111552098115075e-8 0.06627405334537255 -0.9978014581334137
outer loop
vertex -3.600038528442383 31.943971633911133 -9.19420337677002
vertex -22.439952850341797 40.749507904052734 -8.60934066772461
vertex -3.4860968589782715 33.246334075927734 -9.10770034790039
endloop
endfacet
facet normal 1.461837649624146e-7 0.06627417064931591 -0.9978014503420627
outer loop
vertex -3.4860968589782715 30.641611099243164 -9.280706405639648
vertex -22.439952850341797 40.749507904052734 -8.60934066772461
vertex -3.600038528442383 31.943971633911133 -9.19420337677002
endloop
endfacet
facet normal -3.5016721746760235e-7 0.06627324400311915 -0.9978015118896044
outer loop
vertex -3.147733211517334 29.378820419311523 -9.364580154418945
vertex -22.439952850341797 40.749507904052734 -8.60934066772461
vertex -3.4860968589782715 30.641611099243164 -9.280706405639648
endloop
endfacet
facet normal 4.559659221943752e-7 0.06627460573161896 -0.9978014214436208
outer loop
vertex -2.595229148864746 28.193971633911133 -9.443278312683105
vertex -22.439952850341797 40.749507904052734 -8.60934066772461
vertex -3.147733211517334 29.378820419311523 -9.364580154418945
endloop
endfacet
facet normal 5.9426595544033605e-8 0.06627337374947495 -0.9978015032719979
outer loop
vertex -7.597829341888428 42.614017486572266 -8.485499382019043
vertex -21.397193908691406 41.41045379638672 -8.56544017791748
vertex -20.233226776123047 42.55337905883789 -8.489527702331543
endloop
endfacet
facet normal -2.157751759676159e-8 0.06627429841647313 -0.9978014418557452
outer loop
vertex -7.597829341888428 42.614017486572266 -8.485499382019043
vertex -21.834930419921875 41.052001953125 -8.589248657226562
vertex -21.397193908691406 41.41045379638672 -8.56544017791748
endloop
endfacet
facet normal 2.305903581926216e-8 0.06627389336040818 -0.9978014687596188
outer loop
vertex -7.597829341888428 42.614017486572266 -8.485499382019043
vertex -22.352449417114258 40.77599334716797 -8.60758113861084
vertex -21.834930419921875 41.052001953125 -8.589248657226562
endloop
endfacet
facet normal 2.244903425952479e-8 0.06627389823564861 -0.9978014684358057
outer loop
vertex -22.352449417114258 40.77599334716797 -8.60758113861084
vertex -7.597829341888428 42.614017486572266 -8.485499382019043
vertex -3.147733211517334 34.509124755859375 -9.023825645446777
endloop
endfacet
facet normal 0.0000021876966163565465 0.06628050445578666 -0.9978010296267991
outer loop
vertex -3.147733211517334 34.509124755859375 -9.023825645446777
vertex -22.439952850341797 40.749507904052734 -8.60934066772461
vertex -22.352449417114258 40.77599334716797 -8.60758113861084
endloop
endfacet
facet normal 4.915289384047633e-7 0.06627423389076968 -0.9978014461414405
outer loop
vertex -34.3600959777832 41.974815368652344 -8.527955055236816
vertex -36.3818473815918 44.23442077636719 -8.377872467041016
vertex -35.2368049621582 43.264732360839844 -8.442278861999512
endloop
endfacet
facet normal 0.00001595210179511842 0.0662880062561375 -0.9978005311544572
outer loop
vertex -33.99890899658203 41.535675048828125 -8.557123184204102
vertex -36.3818473815918 44.23442077636719 -8.377872467041016
vertex -34.3600959777832 41.974815368652344 -8.527955055236816
endloop
endfacet
facet normal 8.54421693118737e-7 0.06627463068654116 -0.9978014197858373
outer loop
vertex 60.890323638916016 -66.97105407714844 -15.764131546020508
vertex -31.735971450805664 40.2972297668457 -8.63938045501709
vertex -31.177213668823242 40.24231719970703 -8.643027305603027
endloop
endfacet
facet normal -8.620423168806693e-7 0.06627315502778088 -0.9978015177989661
outer loop
vertex 60.890323638916016 -66.97105407714844 -15.764131546020508
vertex -32.29751205444336 40.46719741821289 -8.628090858459473
vertex -31.735971450805664 40.2972297668457 -8.63938045501709
endloop
endfacet
facet normal 0.0000026568310246218713 0.06627619375806229 -0.9978013159611913
outer loop
vertex 60.890323638916016 -66.97105407714844 -15.764131546020508
vertex -32.64955139160156 40.64049530029297 -8.616580963134766
vertex -32.29751205444336 40.46719741821289 -8.628090858459473
endloop
endfacet
facet normal 1.0186816282042092e-8 0.06627390330359104 -0.9978014680991937
outer loop
vertex 60.890323638916016 -66.97105407714844 -15.764131546020508
vertex -33.37981414794922 41.06150817871094 -8.588617324829102
vertex -32.64955139160156 40.64049530029297 -8.616580963134766
endloop
endfacet
facet normal -0.000003874486175528393 0.06627052839261288 -0.9978016922472883
outer loop
vertex 60.890323638916016 -66.97105407714844 -15.764131546020508
vertex -33.5452995300293 41.164222717285156 -8.581794738769531
vertex -33.37981414794922 41.06150817871094 -8.588617324829102
endloop
endfacet
facet normal 0.000002168799981356004 0.06627578287499951 -0.9978013432540579
outer loop
vertex -33.5452995300293 41.164222717285156 -8.581794738769531
vertex 60.890323638916016 -66.97105407714844 -15.764131546020508
vertex -33.99890899658203 41.535675048828125 -8.557123184204102
endloop
endfacet
facet normal -0.000002864027506397291 0.06627146497945358 -0.9978016300454086
outer loop
vertex -33.99890899658203 41.535675048828125 -8.557123184204102
vertex 60.350887298583984 -69.07762145996094 -15.90404987335205
vertex -36.3818473815918 44.23442077636719 -8.377872467041016
endloop
endfacet
facet normal -1.6783089547155339e-7 0.06627383674676661 -0.9978014725198769
outer loop
vertex -36.3818473815918 44.23442077636719 -8.377872467041016
vertex -9.2122802734375 -31.856027603149414 -13.431794166564941
vertex -37.718719482421875 44.77836608886719 -8.341743469238281
endloop
endfacet
facet normal 1.4280781739316995e-8 0.06627389648098161 -0.9978014685523507
outer loop
vertex -37.718719482421875 44.77836608886719 -8.341743469238281
vertex -79.0218276977539 -66.85016632080078 -15.756102561950684
vertex -69.22252655029297 44.88218307495117 -8.334848403930664
endloop
endfacet
facet normal -7.498059942343943e-7 0.06627396079608787 -0.9978014642802626
outer loop
vertex -69.3895034790039 44.79293441772461 -8.340776443481445
vertex -79.0218276977539 -66.85016632080078 -15.756102561950684
vertex -69.57709503173828 44.73603057861328 -8.344555854797363
endloop
endfacet
facet normal 9.436881931491187e-7 0.06627381532683008 -0.9978014739421538
outer loop
vertex -69.3895034790039 44.79293441772461 -8.340776443481445
vertex -69.22252655029297 44.88218307495117 -8.334848403930664
vertex -79.0218276977539 -66.85016632080078 -15.756102561950684
endloop
endfacet
facet normal -0.0000011245255197970304 0.06627399237327729 -0.9978014621825538
outer loop
vertex -69.77218627929688 44.71681594848633 -8.345831871032715
vertex -69.57709503173828 44.73603057861328 -8.344555854797363
vertex -79.0218276977539 -66.85016632080078 -15.756102561950684
endloop
endfacet
facet normal 7.130048602953854e-7 0.06627384000879401 -0.9978014723029729
outer loop
vertex -69.96727752685547 44.73603057861328 -8.344555854797363
vertex -79.0218276977539 -66.85016632080078 -15.756102561950684
vertex -70.15486907958984 44.79293441772461 -8.340776443481445
endloop
endfacet
facet normal -8.848440208814378e-7 0.0662739663563195 -0.9978014639108416
outer loop
vertex -79.0218276977539 -66.85016632080078 -15.756102561950684
vertex -70.3283462524414 44.88582992553711 -8.334606170654297
vertex -70.15486907958984 44.79293441772461 -8.340776443481445
endloop
endfacet
facet normal 0.0000011063096210077537 0.06627380823462434 -0.9978014744130499
outer loop
vertex -79.0218276977539 -66.85016632080078 -15.756102561950684
vertex -69.96727752685547 44.73603057861328 -8.344555854797363
vertex -69.77218627929688 44.71681594848633 -8.345831871032715
endloop
endfacet
facet normal -1.1227607521406211e-7 0.06627390651165975 -0.9978014678861077
outer loop
vertex -79.0218276977539 -66.85016632080078 -15.756102561950684
vertex -77.13555908203125 44.908260345458984 -8.333115577697754
vertex -70.3283462524414 44.88582992553711 -8.334606170654297
endloop
endfacet
facet normal 2.598212549342111e-7 0.06627390025895076 -0.9978014683013847
outer loop
vertex -78.61225128173828 44.55394744873047 -8.356649398803711
vertex -77.13555908203125 44.908260345458984 -8.333115577697754
vertex -79.0218276977539 -66.85016632080078 -15.756102561950684
endloop
endfacet
facet normal -3.935995740248157e-7 0.06627376979672236 -0.9978014769666239
outer loop
vertex 5.202322959899902 39.33002853393555 -8.703621864318848
vertex 3.753984212875366 46.64533615112305 -8.217740058898926
vertex 6.465112686157227 38.991668701171875 -8.726096153259277
endloop
endfacet
facet normal -2.6057087166478745e-7 0.06627379601905006 -0.9978014752249854
outer loop
vertex 5.202322959899902 39.33002853393555 -8.703621864318848
vertex 1.561841368675232 46.45602798461914 -8.230313301086426
vertex 3.753984212875366 46.64533615112305 -8.217740058898926
endloop
endfacet
facet normal -1.0996134025479604e-7 0.0662738726234652 -0.997801470136959
outer loop
vertex 3.899961471557617 39.443973541259766 -8.696053504943848
vertex 1.561841368675232 46.45602798461914 -8.230313301086426
vertex 5.202322959899902 39.33002853393555 -8.703621864318848
endloop
endfacet
facet normal 1.0372733960818985e-7 0.06627394356348897 -0.9978014654251278
outer loop
vertex 2.597599983215332 39.33002853393555 -8.703621864318848
vertex 1.561841368675232 46.45602798461914 -8.230313301086426
vertex 3.899961471557617 39.443973541259766 -8.696053504943848
endloop
endfacet
facet normal 3.377209683671905e-7 0.06627397742489856 -0.9978014631760017
outer loop
vertex 1.3348103761672974 38.991668701171875 -8.726096153259277
vertex 1.561841368675232 46.45602798461914 -8.230313301086426
vertex 2.597599983215332 39.33002853393555 -8.703621864318848
endloop
endfacet
facet normal -3.006670705176754e-8 0.06627398856215458 -0.9978014624363218
outer loop
vertex 0.14996139705181122 38.43916320800781 -8.76279354095459
vertex 1.561841368675232 46.45602798461914 -8.230313301086426
vertex 1.3348103761672974 38.991668701171875 -8.726096153259277
endloop
endfacet
facet normal -3.9031256170161505e-7 0.06627380924546197 -0.9978014743464473
outer loop
vertex 7.847465515136719 46.070655822753906 -8.25590991973877
vertex 10.39515209197998 35.693973541259766 -8.945128440856934
vertex 9.645295143127441 36.7648811340332 -8.873998641967773
endloop
endfacet
facet normal -4.0950809113771245e-7 0.06627380555326862 -0.9978014745916742
outer loop
vertex 8.720868110656738 37.68930435180664 -8.81259822845459
vertex 7.847465515136719 46.070655822753906 -8.25590991973877
vertex 9.645295143127441 36.7648811340332 -8.873998641967773
endloop
endfacet
facet normal 0.0000012418695391210927 0.06627449667114686 -0.9978014286868123
outer loop
vertex 7.649961471557617 38.43916320800781 -8.76279354095459
vertex 3.753984212875366 46.64533615112305 -8.217740058898926
vertex 8.720868110656738 37.68930435180664 -8.81259822845459
endloop
endfacet
facet normal -3.645337062794902e-8 0.06627388407741837 -0.9978014693761939
outer loop
vertex 60.890323638916016 -66.97105407714844 -15.764131546020508
vertex 13.40620231628418 47.8544921875 -8.13742733001709
vertex 28.31524658203125 49.52189636230469 -8.026679039001465
endloop
endfacet
facet normal 1.417276829473874e-7 0.06627395743747898 -0.9978014645036132
outer loop
vertex 60.890323638916016 -66.97105407714844 -15.764131546020508
vertex 10.841938972473145 46.53239059448242 -8.225241661071777
vertex 13.40620231628418 47.8544921875 -8.13742733001709
endloop
endfacet
facet normal 8.15646941389929e-7 0.06627425329126448 -0.9978014448526421
outer loop
vertex 60.890323638916016 -66.97105407714844 -15.764131546020508
vertex 10.606785774230957 46.40697479248047 -8.233572006225586
vertex 10.841938972473145 46.53239059448242 -8.225241661071777
endloop
endfacet
facet normal -9.318450179464988e-7 0.06627348167674274 -0.9978014961030947
outer loop
vertex 60.890323638916016 -66.97105407714844 -15.764131546020508
vertex 10.045243263244629 46.23700714111328 -8.244860649108887
vertex 10.606785774230957 46.40697479248047 -8.233572006225586
endloop
endfacet
facet normal 0.0000013724554193141266 0.06627451206036747 -0.997801427664481
outer loop
vertex 60.890323638916016 -66.97105407714844 -15.764131546020508
vertex 9.836190223693848 46.21646499633789 -8.246225357055664
vertex 10.045243263244629 46.23700714111328 -8.244860649108887
endloop
endfacet
facet normal 3.761307502001678e-7 0.06627406463411552 -0.9978014573835476
outer loop
vertex 60.890323638916016 -66.97105407714844 -15.764131546020508
vertex 8.646053314208984 46.06586837768555 -8.25622844696045
vertex 9.836190223693848 46.21646499633789 -8.246225357055664
endloop
endfacet
facet normal -4.854134429425646e-7 0.06627366818798376 -0.9978014837154099
outer loop
vertex 60.890323638916016 -66.97105407714844 -15.764131546020508
vertex 8.271122932434082 46.029022216796875 -8.258675575256348
vertex 8.646053314208984 46.06586837768555 -8.25622844696045
endloop
endfacet
facet normal -8.756057322612616e-7 0.06627348729050159 -0.9978014957302827
outer loop
vertex 60.890323638916016 -66.97105407714844 -15.764131546020508
vertex 7.847465515136719 46.070655822753906 -8.25590991973877
vertex 8.271122932434082 46.029022216796875 -8.258675575256348
endloop
endfacet
facet normal 3.7289733449395014e-8 0.06627391376941022 -0.9978014674040542
outer loop
vertex 60.890323638916016 -66.97105407714844 -15.764131546020508
vertex 10.39515209197998 35.693973541259766 -8.945128440856934
vertex 7.847465515136719 46.070655822753906 -8.25590991973877
endloop
endfacet
facet normal 8.451090876478396e-7 0.06627431311123273 -0.9978014408793565
outer loop
vertex 60.890323638916016 -66.97105407714844 -15.764131546020508
vertex 11.286019325256348 33.246334075927734 -9.10770034790039
vertex 10.94765567779541 34.509124755859375 -9.023825645446777
endloop
endfacet
facet normal -0.00001184125813499753 0.06626809703299955 -0.9978018536640477
outer loop
vertex 60.890323638916016 -66.97105407714844 -15.764131546020508
vertex 10.94765567779541 34.509124755859375 -9.023825645446777
vertex 10.39515209197998 35.693973541259766 -8.945128440856934
endloop
endfacet
facet normal 4.0581512477060623e-7 0.06627409663025033 -0.9978014552583493
outer loop
vertex 60.890323638916016 -66.97105407714844 -15.764131546020508
vertex 11.399961471557617 31.943971633911133 -9.19420337677002
vertex 11.286019325256348 33.246334075927734 -9.10770034790039
endloop
endfacet
facet normal 4.501344981420372e-7 0.06627411870725868 -0.9978014537919724
outer loop
vertex 60.890323638916016 -66.97105407714844 -15.764131546020508
vertex 11.286019325256348 30.641611099243164 -9.280706405639648
vertex 11.399961471557617 31.943971633911133 -9.19420337677002
endloop
endfacet
facet normal -7.163661104219212e-7 0.06627352852459312 -0.9978014929916605
outer loop
vertex 60.890323638916016 -66.97105407714844 -15.764131546020508
vertex 10.94765567779541 29.378820419311523 -9.364580154418945
vertex 11.286019325256348 30.641611099243164 -9.280706405639648
endloop
endfacet
facet normal 5.057741159634438e-7 0.0662741592348729 -0.9978014511000949
outer loop
vertex 60.890323638916016 -66.97105407714844 -15.764131546020508
vertex 10.39515209197998 28.193971633911133 -9.443278312683105
vertex 10.94765567779541 29.378820419311523 -9.364580154418945
endloop
endfacet
facet normal 4.210434799776471e-9 0.06627389484311758 -0.9978014686611377
outer loop
vertex -22.439952850341797 40.749507904052734 -8.60934066772461
vertex -2.595229148864746 28.193971633911133 -9.443278312683105
vertex 60.890323638916016 -66.97105407714844 -15.764131546020508
endloop
endfacet
facet normal -4.6304314099432134e-7 0.06627353497353716 -0.9978014925634744
outer loop
vertex 60.890323638916016 -66.97105407714844 -15.764131546020508
vertex -23.405513763427734 40.38442611694336 -8.633588790893555
vertex -22.439952850341797 40.749507904052734 -8.60934066772461
endloop
endfacet
facet normal -1.6694396923577456e-8 0.06627388390852572 -0.9978014693874122
outer loop
vertex 60.890323638916016 -66.97105407714844 -15.764131546020508
vertex -23.879552841186523 40.240943908691406 -8.643118858337402
vertex -23.405513763427734 40.38442611694336 -8.633588790893555
endloop
endfacet
facet normal 7.885435832245453e-7 0.06627451779380499 -0.9978014272842953
outer loop
vertex 60.890323638916016 -66.97105407714844 -15.764131546020508
vertex -24.4887638092041 40.186031341552734 -8.646766662597656
vertex -23.879552841186523 40.240943908691406 -8.643118858337402
endloop
endfacet
facet normal -1.2839450562758768e-7 0.0662737904179384 -0.9978014755970361
outer loop
vertex 60.890323638916016 -66.97105407714844 -15.764131546020508
vertex -31.177213668823242 40.24231719970703 -8.643027305603027
vertex -24.4887638092041 40.186031341552734 -8.646766662597656
endloop
endfacet
facet normal -2.244744919948215e-9 0.0662739012182049 -0.9978014682377049
outer loop
vertex -79.87065887451172 43.77913284301758 -8.408112525939941
vertex -78.61225128173828 44.55394744873047 -8.356649398803711
vertex -79.0218276977539 -66.85016632080078 -15.756102561950684
endloop
endfacet
facet normal -9.927052822477583e-7 0.06627240548886823 -0.9978015675823193
outer loop
vertex 60.58586883544922 28.812166213989258 -9.402217864990234
vertex 60.61859130859375 28.480627059936523 -9.424238204956055
vertex 28.933504104614258 49.6719970703125 -8.016709327697754
endloop
endfacet
facet normal -0.14342286880132155 0.9896614980410215 0
outer loop
vertex 20.98640251159668 -65.02723693847656 -0.5
vertex 20.98640251159668 -65.02723693847656 -4.099999904632568
vertex 20.7877197265625 -65.0560302734375 -4.099999904632568
endloop
endfacet
facet normal 0 0 1
outer loop
vertex 67.0311279296875 64.71378326416016 -4.099999904632568
vertex 61.45231628417969 33.63834762573242 -4.099999904632568
vertex 78.45551300048828 43.492794036865234 -4.099999904632568
endloop
endfacet
facet normal -0.999999932575649 -0.00036721750698636227 0
outer loop
vertex 58.84806442260742 26.228748321533203 -0.5
vertex 58.84806442260742 26.228748321533203 -4.099999904632568
vertex 58.88057327270508 -62.29875183105469 -4.099999904632568
endloop
endfacet
facet normal 0 0 1
outer loop
vertex 58.84806442260742 26.228748321533203 -4.099999904632568
vertex 15.507699012756348 18.968971252441406 -4.099999904632568
vertex 58.88057327270508 -62.29875183105469 -4.099999904632568
endloop
endfacet
facet normal -0.999999932575649 -0.00036721750698636227 0
outer loop
vertex 58.88057327270508 -62.29875183105469 -4.099999904632568
vertex 58.88057327270508 -62.29875183105469 -0.5
vertex 58.84806442260742 26.228748321533203 -0.5
endloop
endfacet
facet normal 0.7186648534065893 0.6953566196406602 0
outer loop
vertex -79.3866195678711 -64.75619506835938 -4.099999904632568
vertex -79.3866195678711 -64.75619506835938 -0.5
vertex -79.23116302490234 -64.91686248779297 -0.5
endloop
endfacet
facet normal 0 0 1
outer loop
vertex 15.507699012756348 18.968971252441406 -4.099999904632568
vertex 58.713600158691406 26.72224998474121 -4.099999904632568
vertex 58.48847198486328 27.181535720825195 -4.099999904632568
endloop
endfacet
facet normal 0 0 1
outer loop
vertex 58.88057327270508 -62.29875183105469 -4.099999904632568
vertex 20.7877197265625 -32.35602951049805 -4.099999904632568
vertex 58.795894622802734 -62.803184509277344 -4.099999904632568
endloop
endfacet
facet normal 0 0 1
outer loop
vertex 58.61759567260742 -63.282596588134766 -4.099999904632568
vertex 58.795894622802734 -62.803184509277344 -4.099999904632568
vertex 20.7877197265625 -32.35602951049805 -4.099999904632568
endloop
endfacet
facet normal 0 0 1
outer loop
vertex 58.352073669433594 -63.71977233886719 -4.099999904632568
vertex 58.61759567260742 -63.282596588134766 -4.099999904632568
vertex 20.7877197265625 -32.35602951049805 -4.099999904632568
endloop
endfacet
facet normal 0 0 1
outer loop
vertex 58.00886154174805 -64.0990219116211 -4.099999904632568
vertex 58.352073669433594 -63.71977233886719 -4.099999904632568
vertex 20.7877197265625 -32.35602951049805 -4.099999904632568
endloop
endfacet
facet normal 0 0 1
outer loop
vertex 57.600284576416016 -64.40673828125 -4.099999904632568
vertex 58.00886154174805 -64.0990219116211 -4.099999904632568
vertex 20.7877197265625 -32.35602951049805 -4.099999904632568
endloop
endfacet
facet normal 0 0 1
outer loop
vertex 57.14099884033203 -64.63186645507812 -4.099999904632568
vertex 57.600284576416016 -64.40673828125 -4.099999904632568
vertex 20.7877197265625 -32.35602951049805 -4.099999904632568
endloop
endfacet
facet normal 0 0 1
outer loop
vertex 56.64749526977539 -64.76632690429688 -4.099999904632568
vertex 57.14099884033203 -64.63186645507812 -4.099999904632568
vertex 20.7877197265625 -32.35602951049805 -4.099999904632568
endloop
endfacet
facet normal -0.9862009536384775 0.16555264734385197 0
outer loop
vertex 58.795894622802734 -62.803184509277344 -4.099999904632568
vertex 58.795894622802734 -62.803184509277344 -0.5
vertex 58.88057327270508 -62.29875183105469 -0.5
endloop
endfacet
facet normal -0.9372773928934326 0.3485844069531652 0
outer loop
vertex 58.61759567260742 -63.282596588134766 -4.099999904632568
vertex 58.61759567260742 -63.282596588134766 -0.5
vertex 58.795894622802734 -62.803184509277344 -0.5
endloop
endfacet
facet normal -0.8547060925523587 0.5191122184594376 0
outer loop
vertex 58.352073669433594 -63.71977233886719 -4.099999904632568
vertex 58.352073669433594 -63.71977233886719 -0.5
vertex 58.61759567260742 -63.282596588134766 -0.5
endloop
endfacet
facet normal -0.7414564423432651 0.6710010015697954 0
outer loop
vertex 58.352073669433594 -63.71977233886719 -0.5
vertex 58.352073669433594 -63.71977233886719 -4.099999904632568
vertex 58.00886154174805 -64.0990219116211 -0.5
endloop
endfacet
facet normal -0.6016049400627769 0.7987937756968708 0
outer loop
vertex 58.00886154174805 -64.0990219116211 -0.5
vertex 58.00886154174805 -64.0990219116211 -4.099999904632568
vertex 57.600284576416016 -64.40673828125 -0.5
endloop
endfacet
facet normal -0.4401384703277997 0.8979299120407475 0
outer loop
vertex 57.14099884033203 -64.63186645507812 -4.099999904632568
vertex 57.14099884033203 -64.63186645507812 -0.5
vertex 57.600284576416016 -64.40673828125 -0.5
endloop
endfacet
facet normal -0.26287822661872295 0.9648290200702896 0
outer loop
vertex 56.64749526977539 -64.76632690429688 -4.099999904632568
vertex 56.64749526977539 -64.76632690429688 -0.5
vertex 57.14099884033203 -64.63186645507812 -0.5
endloop
endfacet
facet normal 0 0 1
outer loop
vertex 15.507699012756348 18.968971252441406 -4.099999904632568
vertex 58.48847198486328 27.181535720825195 -4.099999904632568
vertex 58.18075942993164 27.59011459350586 -4.099999904632568
endloop
endfacet
facet normal 0 0 1
outer loop
vertex 57.80150604248047 27.933324813842773 -4.099999904632568
vertex 15.507699012756348 18.968971252441406 -4.099999904632568
vertex 58.18075942993164 27.59011459350586 -4.099999904632568
endloop
endfacet
facet normal 0 0 1
outer loop
vertex 58.46129608154297 33.65976333618164 -4.099999904632568
vertex 51.5822639465332 29.244760513305664 -4.099999904632568
vertex 57.02994155883789 31.056516647338867 -4.099999904632568
endloop
endfacet
facet normal 0 0 1
outer loop
vertex 58.46129608154297 33.65976333618164 -4.099999904632568
vertex 57.02994155883789 31.056516647338867 -4.099999904632568
vertex 57.45774841308594 31.336885452270508 -4.099999904632568
endloop
endfacet
facet normal -0.6513557795753999 -0.7587724615546634 0
outer loop
vertex 51.60871887207031 28.54490089416504 -0.5
vertex 51.60871887207031 28.54490089416504 -4.099999904632568
vertex 51.69717025756836 28.468971252441406 -4.099999904632568
endloop
endfacet
facet normal -0.9876886053478907 -0.15643279344798125 0
outer loop
vertex 51.51520538330078 29.13532829284668 -0.5
vertex 51.51520538330078 29.13532829284668 -4.099999904632568
vertex 51.60871887207031 28.54490089416504 -4.099999904632568
endloop
endfacet
facet normal -0.8526456755070468 0.5224895712252371 0
outer loop
vertex 51.5822639465332 29.244760513305664 -0.5
vertex 51.5822639465332 29.244760513305664 -4.099999904632568
vertex 51.51520538330078 29.13532829284668 -4.099999904632568
endloop
endfacet
facet normal -0.001526018767208219 -0.9999988356326832 0
outer loop
vertex 51.69717025756836 28.468971252441406 -0.5
vertex 51.69717025756836 28.468971252441406 -4.099999904632568
vertex 56.38048553466797 28.461824417114258 -4.099999904632568
endloop
endfacet
facet normal -0.31557924573658824 0.9488992252396067 0
outer loop
vertex 57.02994155883789 31.056516647338867 -0.5
vertex 57.02994155883789 31.056516647338867 -4.099999904632568
vertex 51.5822639465332 29.244760513305664 -4.099999904632568
endloop
endfacet
facet normal -0.964826870761721 -0.2628861149930617 0
outer loop
vertex 58.713600158691406 26.72224998474121 -0.5
vertex 58.713600158691406 26.72224998474121 -4.099999904632568
vertex 58.84806442260742 26.228748321533203 -4.099999904632568
endloop
endfacet
facet normal -0.8979299120407475 -0.4401384703277997 0
outer loop
vertex 58.48847198486328 27.181535720825195 -0.5
vertex 58.48847198486328 27.181535720825195 -4.099999904632568
vertex 58.713600158691406 26.72224998474121 -4.099999904632568
endloop
endfacet
facet normal -0.39097576157295866 -0.9204009745010296 0
outer loop
vertex 68.51332092285156 64.39485931396484 -4.099999904632568
vertex 68.51332092285156 64.39485931396484 -0.5
vertex 68.04254150390625 64.59484100341797 -0.5
endloop
endfacet
facet normal -0.7041173196578667 -0.710083657154438 0
outer loop
vertex 69.30113983154297 63.74952697753906 -4.099999904632568
vertex 69.30113983154297 63.74952697753906 -0.5
vertex 68.93793487548828 64.10968017578125 -0.5
endloop
endfacet
facet normal -0.8197953922664337 -0.5726565417584294 0
outer loop
vertex 69.56541442871094 63.37120056152344 -4.099999904632568
vertex 69.56541442871094 63.37120056152344 -0.5
vertex 69.30113983154297 63.74952697753906 -0.5
endloop
endfacet
facet normal -0.5575436031048456 -0.8301476559244545 0
outer loop
vertex 68.51332092285156 64.39485931396484 -0.5
vertex 68.51332092285156 64.39485931396484 -4.099999904632568
vertex 68.93793487548828 64.10968017578125 -0.5
endloop
endfacet
facet normal 0 0 1
outer loop
vertex -79.50508880615234 40.21169662475586 -4.099999904632568
vertex -11.7122802734375 -32.35602951049805 -4.099999904632568
vertex 20.7877197265625 -32.35602951049805 -4.099999904632568
endloop
endfacet
facet normal 0.46277475216821523 0.8864759042160407 0
outer loop
vertex -79.23116302490234 -64.91686248779297 -4.099999904632568
vertex -79.23116302490234 -64.91686248779297 -0.5
vertex -79.03297424316406 -65.02032470703125 -0.5
endloop
endfacet
facet normal 0.0434654371899157 0.9990549313075281 0
outer loop
vertex -79.03297424316406 -65.02032470703125 -4.099999904632568
vertex -79.03297424316406 -65.02032470703125 -0.5
vertex -78.2122802734375 -65.0560302734375 -0.5
endloop
endfacet
facet normal -0.21034597795195417 -0.9776270094261084 0
outer loop
vertex 68.04254150390625 64.59484100341797 -4.099999904632568
vertex 68.04254150390625 64.59484100341797 -0.5
vertex 67.54249572753906 64.70243072509766 -0.5
endloop
endfacet
facet normal -0.022194871412421727 -0.9997536635006576 0
outer loop
vertex 67.54249572753906 64.70243072509766 -4.099999904632568
vertex 67.54249572753906 64.70243072509766 -0.5
vertex 67.0311279296875 64.71378326416016 -0.5
endloop
endfacet
facet normal 0 0 1
outer loop
vertex 15.507699012756348 18.968971252441406 -4.099999904632568
vertex 58.84806442260742 26.228748321533203 -4.099999904632568
vertex 58.713600158691406 26.72224998474121 -4.099999904632568
endloop
endfacet
facet normal 0 0 1
outer loop
vertex 57.36433029174805 28.1988468170166 -4.099999904632568
vertex 15.507699012756348 18.968971252441406 -4.099999904632568
vertex 57.80150604248047 27.933324813842773 -4.099999904632568
endloop
endfacet
facet normal 0 0 1
outer loop
vertex 56.884918212890625 28.377145767211914 -4.099999904632568
vertex 15.507699012756348 18.968971252441406 -4.099999904632568
vertex 57.36433029174805 28.1988468170166 -4.099999904632568
endloop
endfacet
facet normal 0 0 1
outer loop
vertex 56.38048553466797 28.461824417114258 -4.099999904632568
vertex 15.507699012756348 18.968971252441406 -4.099999904632568
vertex 56.884918212890625 28.377145767211914 -4.099999904632568
endloop
endfacet
facet normal 0 0 1
outer loop
vertex 51.69717025756836 28.468971252441406 -4.099999904632568
vertex 15.507699012756348 18.968971252441406 -4.099999904632568
vertex 56.38048553466797 28.461824417114258 -4.099999904632568
endloop
endfacet
facet normal 0.3110330600442312 -0.9503990927813019 0
outer loop
vertex 30.56998062133789 48.031429290771484 -0.5
vertex 30.56998062133789 48.031429290771484 -4.099999904632568
vertex 48.35171127319336 53.85078048706055 -4.099999904632568
endloop
endfacet
facet normal 0.5481447383582334 -0.8363834920717791 0
outer loop
vertex 30.56998062133789 48.031429290771484 -4.099999904632568
vertex 30.56998062133789 48.031429290771484 -0.5
vertex 30.142175674438477 47.75105667114258 -0.5
endloop
endfacet
facet normal 0.6960510190184255 -0.7179923251145597 0
outer loop
vertex 30.142175674438477 47.75105667114258 -4.099999904632568
vertex 30.142175674438477 47.75105667114258 -0.5
vertex 29.774927139282227 47.3950309753418 -0.5
endloop
endfacet
facet normal 0.10701748581518027 -0.9942571386365792 0
outer loop
vertex 29.774927139282227 47.3950309753418 -4.099999904632568
vertex 29.774927139282227 47.3950309753418 -0.5
vertex 13.623648643493652 45.656578063964844 -0.5
endloop
endfacet
facet normal -0.7987987092953824 -0.6015983893163536 0
outer loop
vertex 58.48847198486328 27.181535720825195 -0.5
vertex 58.18075942993164 27.59011459350586 -4.099999904632568
vertex 58.48847198486328 27.181535720825195 -4.099999904632568
endloop
endfacet
facet normal -0.9862009536384775 0.16555264734385197 0
outer loop
vertex 58.88057327270508 -62.29875183105469 -0.5
vertex 58.88057327270508 -62.29875183105469 -4.099999904632568
vertex 58.795894622802734 -62.803184509277344 -4.099999904632568
endloop
endfacet
facet normal -0.9372773928934326 0.3485844069531652 0
outer loop
vertex 58.795894622802734 -62.803184509277344 -0.5
vertex 58.795894622802734 -62.803184509277344 -4.099999904632568
vertex 58.61759567260742 -63.282596588134766 -4.099999904632568
endloop
endfacet
facet normal -0.8547060925523587 0.5191122184594376 0
outer loop
vertex 58.61759567260742 -63.282596588134766 -0.5
vertex 58.61759567260742 -63.282596588134766 -4.099999904632568
vertex 58.352073669433594 -63.71977233886719 -4.099999904632568
endloop
endfacet
facet normal 0 0 1
outer loop
vertex 48.35171127319336 53.85078048706055 -4.099999904632568
vertex 15.507699012756348 18.968971252441406 -4.099999904632568
vertex 51.51520538330078 29.13532829284668 -4.099999904632568
endloop
endfacet
facet normal 0 0 1
outer loop
vertex 30.56998062133789 48.031429290771484 -4.099999904632568
vertex 16.77077293395996 20.97413444519043 -4.099999904632568
vertex 48.35171127319336 53.85078048706055 -4.099999904632568
endloop
endfacet
facet normal 0.5481447383582334 -0.8363834920717791 0
outer loop
vertex 30.142175674438477 47.75105667114258 -0.5
vertex 30.142175674438477 47.75105667114258 -4.099999904632568
vertex 30.56998062133789 48.031429290771484 -4.099999904632568
endloop
endfacet
facet normal 0.6960510190184255 -0.7179923251145597 0
outer loop
vertex 29.774927139282227 47.3950309753418 -0.5
vertex 29.774927139282227 47.3950309753418 -4.099999904632568
vertex 30.142175674438477 47.75105667114258 -4.099999904632568
endloop
endfacet
facet normal 0 0 1
outer loop
vertex 30.142175674438477 47.75105667114258 -4.099999904632568
vertex 16.77077293395996 20.97413444519043 -4.099999904632568
vertex 30.56998062133789 48.031429290771484 -4.099999904632568
endloop
endfacet
facet normal 0 0 1
outer loop
vertex 29.774927139282227 47.3950309753418 -4.099999904632568
vertex 16.77077293395996 20.97413444519043 -4.099999904632568
vertex 30.142175674438477 47.75105667114258 -4.099999904632568
endloop
endfacet
facet normal 0.3622934777812888 -0.9320640728818694 0
outer loop
vertex 13.623648643493652 45.656578063964844 -4.099999904632568
vertex 13.623648643493652 45.656578063964844 -0.5
vertex 13.146904945373535 45.47126770019531 -0.5
endloop
endfacet
facet normal 0.5315886485468408 -0.8470026615874022 0
outer loop
vertex 13.146904945373535 45.47126770019531 -4.099999904632568
vertex 13.146904945373535 45.47126770019531 -0.5
vertex 12.713668823242188 45.199363708496094 -0.5
endloop
endfacet
facet normal 0.6817988557425442 -0.7315396915466429 0
outer loop
vertex 12.713668823242188 45.199363708496094 -4.099999904632568
vertex 12.713668823242188 45.199363708496094 -0.5
vertex 12.33949089050293 44.85062789916992 -0.5
endloop
endfacet
facet normal -0.7414564423432651 0.6710010015697954 0
outer loop
vertex 58.00886154174805 -64.0990219116211 -0.5
vertex 58.352073669433594 -63.71977233886719 -4.099999904632568
vertex 58.00886154174805 -64.0990219116211 -4.099999904632568
endloop
endfacet
facet normal -0.6016049400627769 0.7987937756968708 0
outer loop
vertex 57.600284576416016 -64.40673828125 -0.5
vertex 58.00886154174805 -64.0990219116211 -4.099999904632568
vertex 57.600284576416016 -64.40673828125 -4.099999904632568
endloop
endfacet
facet normal -0.4401384703277997 0.8979299120407475 0
outer loop
vertex 57.600284576416016 -64.40673828125 -0.5
vertex 57.600284576416016 -64.40673828125 -4.099999904632568
vertex 57.14099884033203 -64.63186645507812 -4.099999904632568
endloop
endfacet
facet normal -0.26287822661872295 0.9648290200702896 0
outer loop
vertex 57.14099884033203 -64.63186645507812 -0.5
vertex 57.14099884033203 -64.63186645507812 -4.099999904632568
vertex 56.64749526977539 -64.76632690429688 -4.099999904632568
endloop
endfacet
facet normal 0.8075358059164978 -0.589818550202342 0
outer loop
vertex 12.33949089050293 44.85062789916992 -4.099999904632568
vertex 12.33949089050293 44.85062789916992 -0.5
vertex 12.037803649902344 44.43758010864258 -0.5
endloop
endfacet
facet normal 0.9042886379748726 -0.42692160782695215 0
outer loop
vertex 12.037803649902344 44.43758010864258 -4.099999904632568
vertex 12.037803649902344 44.43758010864258 -0.5
vertex 11.819435119628906 43.975040435791016 -0.5
endloop
endfacet
facet normal 0.9685790569128933 -0.2487058714822199 0
outer loop
vertex 11.819435119628906 43.975040435791016 -4.099999904632568
vertex 11.819435119628906 43.975040435791016 -0.5
vertex 11.779019355773926 43.81764221191406 -0.5
endloop
endfacet
facet normal -0.001123948368534482 0.999999368369833 0
outer loop
vertex 56.64749526977539 -64.76632690429688 -0.5
vertex 56.64749526977539 -64.76632690429688 -4.099999904632568
vertex 21.322612762451172 -64.8060302734375 -4.099999904632568
endloop
endfacet
facet normal -0.3485844069531652 -0.9372773928934326 0
outer loop
vertex 56.884918212890625 28.377145767211914 -0.5
vertex 56.884918212890625 28.377145767211914 -4.099999904632568
vertex 57.36433029174805 28.1988468170166 -4.099999904632568
endloop
endfacet
facet normal -0.16555264734385197 -0.9862009536384775 0
outer loop
vertex 56.884918212890625 28.377145767211914 -0.5
vertex 56.38048553466797 28.461824417114258 -4.099999904632568
vertex 56.884918212890625 28.377145767211914 -4.099999904632568
endloop
endfacet
facet normal -0.5191122184594376 -0.8547060925523587 0
outer loop
vertex 57.36433029174805 28.1988468170166 -0.5
vertex 57.36433029174805 28.1988468170166 -4.099999904632568
vertex 57.80150604248047 27.933324813842773 -4.099999904632568
endloop
endfacet
facet normal -0.6709952410546477 -0.7414616554360821 0
outer loop
vertex 57.80150604248047 27.933324813842773 -0.5
vertex 57.80150604248047 27.933324813842773 -4.099999904632568
vertex 58.18075942993164 27.59011459350586 -4.099999904632568
endloop
endfacet
facet normal -0.5481378116310794 0.8363880316338173 0
outer loop
vertex 57.45774841308594 31.336885452270508 -0.5
vertex 57.45774841308594 31.336885452270508 -4.099999904632568
vertex 57.02994155883789 31.056516647338867 -4.099999904632568
endloop
endfacet
facet normal -0.6960547462117196 0.7179887118027264 0
outer loop
vertex 57.45774841308594 31.336885452270508 -0.5
vertex 57.82499313354492 31.69291114807129 -4.099999904632568
vertex 57.45774841308594 31.336885452270508 -4.099999904632568
endloop
endfacet
facet normal -0.8189751901901196 0.5738289273407688 0
outer loop
vertex 58.11850357055664 32.111812591552734 -0.5
vertex 58.11850357055664 32.111812591552734 -4.099999904632568
vertex 57.82499313354492 31.69291114807129 -4.099999904632568
endloop
endfacet
facet normal -0.6513557795753999 -0.7587724615546634 0
outer loop
vertex 51.69717025756836 28.468971252441406 -4.099999904632568
vertex 51.69717025756836 28.468971252441406 -0.5
vertex 51.60871887207031 28.54490089416504 -0.5
endloop
endfacet
facet normal -0.9876886053478907 -0.15643279344798125 0
outer loop
vertex 51.60871887207031 28.54490089416504 -4.099999904632568
vertex 51.60871887207031 28.54490089416504 -0.5
vertex 51.51520538330078 29.13532829284668 -0.5
endloop
endfacet
facet normal 0.9685790300939596 -0.2487059759278901 0
outer loop
vertex 11.692224502563477 43.47962188720703 -4.099999904632568
vertex 11.779019355773926 43.81764221191406 -0.5
vertex 11.692224502563477 43.47962188720703 -1.9756582975387573
endloop
endfacet
facet normal 0.10701748581518027 -0.9942571386365792 0
outer loop
vertex 13.623648643493652 45.656578063964844 -0.5
vertex 13.623648643493652 45.656578063964844 -4.099999904632568
vertex 29.774927139282227 47.3950309753418 -4.099999904632568
endloop
endfacet
facet normal 0.3622934777812888 -0.9320640728818694 0
outer loop
vertex 13.146904945373535 45.47126770019531 -0.5
vertex 13.146904945373535 45.47126770019531 -4.099999904632568
vertex 13.623648643493652 45.656578063964844 -4.099999904632568
endloop
endfacet
facet normal 0.5315886485468408 -0.8470026615874022 0
outer loop
vertex 12.713668823242188 45.199363708496094 -0.5
vertex 12.713668823242188 45.199363708496094 -4.099999904632568
vertex 13.146904945373535 45.47126770019531 -4.099999904632568
endloop
endfacet
facet normal 0.6817988557425442 -0.7315396915466429 0
outer loop
vertex 12.33949089050293 44.85062789916992 -0.5
vertex 12.33949089050293 44.85062789916992 -4.099999904632568
vertex 12.713668823242188 45.199363708496094 -4.099999904632568
endloop
endfacet
facet normal 0.8075358059164978 -0.589818550202342 0
outer loop
vertex 12.037803649902344 44.43758010864258 -0.5
vertex 12.037803649902344 44.43758010864258 -4.099999904632568
vertex 12.33949089050293 44.85062789916992 -4.099999904632568
endloop
endfacet
facet normal 0.9042886379748726 -0.42692160782695215 0
outer loop
vertex 11.819435119628906 43.975040435791016 -0.5
vertex 11.819435119628906 43.975040435791016 -4.099999904632568
vertex 12.037803649902344 44.43758010864258 -4.099999904632568
endloop
endfacet
facet normal 0.968579038614539 -0.2487059427447108 -3.3211477165529457e-9
outer loop
vertex 11.779019355773926 43.81764221191406 -0.5
vertex 11.692224502563477 43.47962188720703 -4.099999904632568
vertex 11.819435119628906 43.975040435791016 -4.099999904632568
endloop
endfacet
facet normal 0.9981034036769397 -0.06155969110146662 0
outer loop
vertex 11.660737037658691 42.96909713745117 -3.9463109970092773
vertex 11.692224502563477 43.47962188720703 -4.099999904632568
vertex 11.692224502563477 43.47962188720703 -1.9756582975387573
endloop
endfacet
facet normal 0.997847954707232 -0.048142508788062456 0.04451694210281395
outer loop
vertex 11.660737037658691 42.96909713745117 -3.9463109970092773
vertex 11.665431022644043 42.92427444458008 -4.099999904632568
vertex 11.692224502563477 43.47962188720703 -4.099999904632568
endloop
endfacet
facet normal 0 0 1
outer loop
vertex 13.623648643493652 45.656578063964844 -4.099999904632568
vertex 16.608251571655273 21.423704147338867 -4.099999904632568
vertex 29.774927139282227 47.3950309753418 -4.099999904632568
endloop
endfacet
facet normal 0 0 1
outer loop
vertex 13.146904945373535 45.47126770019531 -4.099999904632568
vertex 16.608251571655273 21.423704147338867 -4.099999904632568
vertex 13.623648643493652 45.656578063964844 -4.099999904632568
endloop
endfacet
facet normal 0 0 1
outer loop
vertex 12.713668823242188 45.199363708496094 -4.099999904632568
vertex 16.608251571655273 21.423704147338867 -4.099999904632568
vertex 13.146904945373535 45.47126770019531 -4.099999904632568
endloop
endfacet
facet normal 0 0 1
outer loop
vertex 12.33949089050293 44.85062789916992 -4.099999904632568
vertex 16.608251571655273 21.423704147338867 -4.099999904632568
vertex 12.713668823242188 45.199363708496094 -4.099999904632568
endloop
endfacet
facet normal 0 0 1
outer loop
vertex 12.037803649902344 44.43758010864258 -4.099999904632568
vertex 16.608251571655273 21.423704147338867 -4.099999904632568
vertex 12.33949089050293 44.85062789916992 -4.099999904632568
endloop
endfacet
facet normal 0 0 1
outer loop
vertex 11.819435119628906 43.975040435791016 -4.099999904632568
vertex 16.608251571655273 21.423704147338867 -4.099999904632568
vertex 12.037803649902344 44.43758010864258 -4.099999904632568
endloop
endfacet
facet normal 0 0 1
outer loop
vertex -79.03297424316406 -65.02032470703125 -4.099999904632568
vertex -78.2122802734375 -65.0560302734375 -4.099999904632568
vertex -78.2122802734375 -32.35602951049805 -4.099999904632568
endloop
endfacet
facet normal 0 0 1
outer loop
vertex 11.692224502563477 43.47962188720703 -4.099999904632568
vertex 16.608251571655273 21.423704147338867 -4.099999904632568
vertex 11.819435119628906 43.975040435791016 -4.099999904632568
endloop
endfacet
facet normal 0 0 1
outer loop
vertex 11.665431022644043 42.92427444458008 -4.099999904632568
vertex 16.608251571655273 21.423704147338867 -4.099999904632568
vertex 11.692224502563477 43.47962188720703 -4.099999904632568
endloop
endfacet
facet normal -0.8526456755070468 0.5224895712252371 0
outer loop
vertex 51.51520538330078 29.13532829284668 -4.099999904632568
vertex 51.51520538330078 29.13532829284668 -0.5
vertex 51.5822639465332 29.244760513305664 -0.5
endloop
endfacet
facet normal 0.9999999787486865 0.00020616165118937335 0
outer loop
vertex -79.50508880615234 40.21169662475586 -4.099999904632568
vertex -79.50508880615234 40.21169662475586 -0.5
vertex -79.48348999023438 -64.5547103881836 -0.5
endloop
endfacet
facet normal -0.31557924573658824 0.9488992252396067 0
outer loop
vertex 51.5822639465332 29.244760513305664 -4.099999904632568
vertex 51.5822639465332 29.244760513305664 -0.5
vertex 57.02994155883789 31.056516647338867 -0.5
endloop
endfacet
facet normal -0.001526018767208219 -0.9999988356326832 0
outer loop
vertex 56.38048553466797 28.461824417114258 -4.099999904632568
vertex 56.38048553466797 28.461824417114258 -0.5
vertex 51.69717025756836 28.468971252441406 -0.5
endloop
endfacet
facet normal -0.16555264734385197 -0.9862009536384775 0
outer loop
vertex 56.38048553466797 28.461824417114258 -0.5
vertex 56.38048553466797 28.461824417114258 -4.099999904632568
vertex 56.884918212890625 28.377145767211914 -0.5
endloop
endfacet
facet normal -0.964826870761721 -0.2628861149930617 0
outer loop
vertex 58.84806442260742 26.228748321533203 -4.099999904632568
vertex 58.84806442260742 26.228748321533203 -0.5
vertex 58.713600158691406 26.72224998474121 -0.5
endloop
endfacet
facet normal -0.6709952410546477 -0.7414616554360821 0
outer loop
vertex 58.18075942993164 27.59011459350586 -4.099999904632568
vertex 58.18075942993164 27.59011459350586 -0.5
vertex 57.80150604248047 27.933324813842773 -0.5
endloop
endfacet
facet normal -0.7987987092953824 -0.6015983893163536 0
outer loop
vertex 58.18075942993164 27.59011459350586 -0.5
vertex 58.18075942993164 27.59011459350586 -4.099999904632568
vertex 58.48847198486328 27.181535720825195 -0.5
endloop
endfacet
facet normal -0.8979299120407475 -0.4401384703277997 0
outer loop
vertex 58.713600158691406 26.72224998474121 -4.099999904632568
vertex 58.713600158691406 26.72224998474121 -0.5
vertex 58.48847198486328 27.181535720825195 -0.5
endloop
endfacet
facet normal -0.3485844069531652 -0.9372773928934326 0
outer loop
vertex 57.36433029174805 28.1988468170166 -4.099999904632568
vertex 57.36433029174805 28.1988468170166 -0.5
vertex 56.884918212890625 28.377145767211914 -0.5
endloop
endfacet
facet normal -0.5191122184594376 -0.8547060925523587 0
outer loop
vertex 57.80150604248047 27.933324813842773 -4.099999904632568
vertex 57.80150604248047 27.933324813842773 -0.5
vertex 57.36433029174805 28.1988468170166 -0.5
endloop
endfacet
facet normal -0.5481378116310794 0.8363880316338173 0
outer loop
vertex 57.02994155883789 31.056516647338867 -4.099999904632568
vertex 57.02994155883789 31.056516647338867 -0.5
vertex 57.45774841308594 31.336885452270508 -0.5
endloop
endfacet
facet normal -0.6960547462117196 0.7179887118027264 0
outer loop
vertex 57.82499313354492 31.69291114807129 -0.5
vertex 57.82499313354492 31.69291114807129 -4.099999904632568
vertex 57.45774841308594 31.336885452270508 -0.5
endloop
endfacet
facet normal -0.8189751901901196 0.5738289273407688 0
outer loop
vertex 57.82499313354492 31.69291114807129 -4.099999904632568
vertex 57.82499313354492 31.69291114807129 -0.5
vertex 58.11850357055664 32.111812591552734 -0.5
endloop
endfacet
facet normal 0 0 1
outer loop
vertex 11.806293487548828 41.57923889160156 -4.099999904632568
vertex 16.54698944091797 21.471555709838867 -4.099999904632568
vertex 11.665431022644043 42.92427444458008 -4.099999904632568
endloop
endfacet
facet normal 0 0 1
outer loop
vertex 0.36181050539016724 18.968971252441406 -4.099999904632568
vertex -3.492300510406494 16.593971252441406 -4.099999904632568
vertex 7.438112258911133 18.968971252441406 -4.099999904632568
endloop
endfacet
facet normal 0 0 1
outer loop
vertex 7.438112258911133 18.968971252441406 -4.099999904632568
vertex -3.492300510406494 16.593971252441406 -4.099999904632568
vertex 15.507699012756348 18.968971252441406 -4.099999904632568
endloop
endfacet
facet normal 0 0 1
outer loop
vertex 13.938726425170898 22.963504791259766 -4.099999904632568
vertex 14.312844276428223 22.385679244995117 -4.099999904632568
vertex 13.659814834594727 23.880767822265625 -4.099999904632568
endloop
endfacet
facet normal 0.3825079051834686 -0.9239522187166691 8.360883247170037e-7
outer loop
vertex -1.6039625406265259 18.850013732910156 -0.7365584969520569
vertex -1.6696021556854248 18.822839736938477 -0.5
vertex -2.0765581130981445 18.65436363220215 -0.5
endloop
endfacet
facet normal 0.16675925279123308 -0.9859976428006862 0
outer loop
vertex 67.0311279296875 64.71378326416016 -4.099999904632568
vertex 67.0311279296875 64.71378326416016 -0.5
vertex 66.52679443359375 64.62848663330078 -0.5
endloop
endfacet
facet normal 0.3497368847781228 -0.9368479660146004 0
outer loop
vertex 66.52679443359375 64.62848663330078 -4.099999904632568
vertex 66.52679443359375 64.62848663330078 -0.5
vertex 66.047607421875 64.44960021972656 -0.5
endloop
endfacet
facet normal 0 0 1
outer loop
vertex 13.659814834594727 23.880767822265625 -4.099999904632568
vertex 14.312844276428223 22.385679244995117 -4.099999904632568
vertex 14.684532165527344 22.034292221069336 -4.099999904632568
endloop
endfacet
facet normal 0 0 1
outer loop
vertex 13.659814834594727 23.880767822265625 -4.099999904632568
vertex 14.684532165527344 22.034292221069336 -4.099999904632568
vertex 15.115824699401855 21.759315490722656 -4.099999904632568
endloop
endfacet
facet normal 0 0 1
outer loop
vertex 16.54698944091797 21.471555709838867 -4.099999904632568
vertex 13.631571769714355 24.15044403076172 -4.099999904632568
vertex 13.659814834594727 23.880767822265625 -4.099999904632568
endloop
endfacet
facet normal 0 0 1
outer loop
vertex -3.492300510406494 16.593971252441406 -4.099999904632568
vertex 58.88057327270508 -62.29875183105469 -4.099999904632568
vertex 15.507699012756348 18.968971252441406 -4.099999904632568
endloop
endfacet
facet normal 0 0 1
outer loop
vertex 58.88057327270508 -62.29875183105469 -4.099999904632568
vertex -17.11223793029785 16.593971252441406 -4.099999904632568
vertex 20.7877197265625 -32.35602951049805 -4.099999904632568
endloop
endfacet
facet normal 0 0 1
outer loop
vertex -3.492300510406494 16.593971252441406 -4.099999904632568
vertex -11.900038719177246 16.593971252441406 -4.099999904632568
vertex 58.88057327270508 -62.29875183105469 -4.099999904632568
endloop
endfacet
facet normal 0 0 1
outer loop
vertex -11.900038719177246 16.593971252441406 -4.099999904632568
vertex -17.11223793029785 16.593971252441406 -4.099999904632568
vertex 58.88057327270508 -62.29875183105469 -4.099999904632568
endloop
endfacet
facet normal -0.8662104319627164 -0.4996793847648352 0
outer loop
vertex 69.56541442871094 63.37120056152344 -4.099999904632568
vertex 79.15558624267578 46.7463264465332 -4.099999904632568
vertex 69.56541442871094 63.37120056152344 -0.5
endloop
endfacet
facet normal 0 0 1
outer loop
vertex 68.93793487548828 64.10968017578125 -4.099999904632568
vertex 79.33447265625 46.26713562011719 -4.099999904632568
vertex 69.30113983154297 63.74952697753906 -4.099999904632568
endloop
endfacet
facet normal 0 0 1
outer loop
vertex 69.30113983154297 63.74952697753906 -4.099999904632568
vertex 79.15558624267578 46.7463264465332 -4.099999904632568
vertex 69.56541442871094 63.37120056152344 -4.099999904632568
endloop
endfacet
facet normal 0 0 1
outer loop
vertex 68.51332092285156 64.39485931396484 -4.099999904632568
vertex 79.4197769165039 45.7628059387207 -4.099999904632568
vertex 68.93793487548828 64.10968017578125 -4.099999904632568
endloop
endfacet
facet normal 0 0 1
outer loop
vertex 21.322612762451172 -64.8060302734375 -4.099999904632568
vertex 56.64749526977539 -64.76632690429688 -4.099999904632568
vertex 20.7877197265625 -32.35602951049805 -4.099999904632568
endloop
endfacet
facet normal 0 0 1
outer loop
vertex -79.50508880615234 40.21169662475586 -4.099999904632568
vertex 20.7877197265625 -32.35602951049805 -4.099999904632568
vertex -79.42041015625 40.716129302978516 -4.099999904632568
endloop
endfacet
facet normal 0 0 1
outer loop
vertex -79.42041015625 40.716129302978516 -4.099999904632568
vertex 20.7877197265625 -32.35602951049805 -4.099999904632568
vertex -79.24211120605469 41.19554138183594 -4.099999904632568
endloop
endfacet
facet normal 0 0 1
outer loop
vertex -79.24211120605469 41.19554138183594 -4.099999904632568
vertex 20.7877197265625 -32.35602951049805 -4.099999904632568
vertex -78.97659301757812 41.63271713256836 -4.099999904632568
endloop
endfacet
facet normal 0 0 1
outer loop
vertex -78.97659301757812 41.63271713256836 -4.099999904632568
vertex 20.7877197265625 -32.35602951049805 -4.099999904632568
vertex -78.63338470458984 42.01197052001953 -4.099999904632568
endloop
endfacet
facet normal 0 0 1
outer loop
vertex -78.63338470458984 42.01197052001953 -4.099999904632568
vertex 20.7877197265625 -32.35602951049805 -4.099999904632568
vertex -78.22480010986328 42.31968307495117 -4.099999904632568
endloop
endfacet
facet normal 0 0 1
outer loop
vertex -78.22480010986328 42.31968307495117 -4.099999904632568
vertex 20.7877197265625 -32.35602951049805 -4.099999904632568
vertex -77.76551818847656 42.5448112487793 -4.099999904632568
endloop
endfacet
facet normal 0 0 1
outer loop
vertex -77.76551818847656 42.5448112487793 -4.099999904632568
vertex 20.7877197265625 -32.35602951049805 -4.099999904632568
vertex -77.27201080322266 42.67927551269531 -4.099999904632568
endloop
endfacet
facet normal 0 0 1
outer loop
vertex -77.27201080322266 42.67927551269531 -4.099999904632568
vertex 20.7877197265625 -32.35602951049805 -4.099999904632568
vertex -76.81224060058594 42.718971252441406 -4.099999904632568
endloop
endfacet
facet normal 0 0 1
outer loop
vertex 20.7877197265625 -32.35602951049805 -4.099999904632568
vertex 20.7877197265625 -65.0560302734375 -4.099999904632568
vertex 21.322612762451172 -64.8060302734375 -4.099999904632568
endloop
endfacet
facet normal -0.001123948368534482 0.999999368369833 0
outer loop
vertex 21.322612762451172 -64.8060302734375 -4.099999904632568
vertex 21.322612762451172 -64.8060302734375 -0.5
vertex 56.64749526977539 -64.76632690429688 -0.5
endloop
endfacet
facet normal -0.6782092334180876 0.7348688561277106 0
outer loop
vertex 21.187889099121094 -64.93036651611328 -4.099999904632568
vertex 21.187889099121094 -64.93036651611328 -0.5
vertex 21.322612762451172 -64.8060302734375 -0.5
endloop
endfacet
facet normal -0.43330123140588134 0.9012491569272877 0
outer loop
vertex 20.98640251159668 -65.02723693847656 -4.099999904632568
vertex 20.98640251159668 -65.02723693847656 -0.5
vertex 21.187889099121094 -64.93036651611328 -0.5
endloop
endfacet
facet normal -0.14342286880132155 0.9896614980410215 0
outer loop
vertex 20.7877197265625 -65.0560302734375 -4.099999904632568
vertex 20.7877197265625 -65.0560302734375 -0.5
vertex 20.98640251159668 -65.02723693847656 -0.5
endloop
endfacet
facet normal 0 0 1
outer loop
vertex 79.15558624267578 46.7463264465332 -4.099999904632568
vertex 69.30113983154297 63.74952697753906 -4.099999904632568
vertex 79.33447265625 46.26713562011719 -4.099999904632568
endloop
endfacet
facet normal 0 0 1
outer loop
vertex 13.659814834594727 23.880767822265625 -4.099999904632568
vertex 15.115824699401855 21.759315490722656 -4.099999904632568
vertex 15.591238021850586 21.570619583129883 -4.099999904632568
endloop
endfacet
facet normal 0 0 1
outer loop
vertex 13.659814834594727 23.880767822265625 -4.099999904632568
vertex 15.591238021850586 21.570619583129883 -4.099999904632568
vertex 16.09370994567871 21.4749755859375 -4.099999904632568
endloop
endfacet
facet normal -0.6782092334180876 0.7348688561277106 0
outer loop
vertex 21.322612762451172 -64.8060302734375 -0.5
vertex 21.322612762451172 -64.8060302734375 -4.099999904632568
vertex 21.187889099121094 -64.93036651611328 -4.099999904632568
endloop
endfacet
facet normal 0 -1 0
outer loop
vertex 8.622475624084473 18.968971252441406 -2.715320348739624
vertex 7.438112258911133 18.968971252441406 -4.099999904632568
vertex 15.507699012756348 18.968971252441406 -4.099999904632568
endloop
endfacet
facet normal 0.8389592968582735 0.5431910227264654 0.03302742866842809
outer loop
vertex 14.312844276428223 22.385679244995117 -4.099999904632568
vertex 13.938726425170898 22.963504791259766 -4.099999904632568
vertex 14.014101028442383 22.80086326599121 -3.339747190475464
endloop
endfacet
facet normal -0.43330123140588134 0.9012491569272877 0
outer loop
vertex 21.187889099121094 -64.93036651611328 -0.5
vertex 21.187889099121094 -64.93036651611328 -4.099999904632568
vertex 20.98640251159668 -65.02723693847656 -4.099999904632568
endloop
endfacet
facet normal 0 0 1
outer loop
vertex 15.507699012756348 18.968971252441406 -4.099999904632568
vertex 51.60871887207031 28.54490089416504 -4.099999904632568
vertex 51.51520538330078 29.13532829284668 -4.099999904632568
endloop
endfacet
facet normal 0 0 1
outer loop
vertex 21.187889099121094 -64.93036651611328 -4.099999904632568
vertex 21.322612762451172 -64.8060302734375 -4.099999904632568
vertex 20.7877197265625 -65.0560302734375 -4.099999904632568
endloop
endfacet
facet normal 0.0434654371899157 0.9990549313075281 0
outer loop
vertex -78.2122802734375 -65.0560302734375 -0.5
vertex -78.2122802734375 -65.0560302734375 -4.099999904632568
vertex -79.03297424316406 -65.02032470703125 -4.099999904632568
endloop
endfacet
facet normal 0 0 1
outer loop
vertex 20.98640251159668 -65.02723693847656 -4.099999904632568
vertex 21.187889099121094 -64.93036651611328 -4.099999904632568
vertex 20.7877197265625 -65.0560302734375 -4.099999904632568
endloop
endfacet
facet normal 0 0 1
outer loop
vertex 79.4197769165039 45.7628059387207 -4.099999904632568
vertex 79.33447265625 46.26713562011719 -4.099999904632568
vertex 68.93793487548828 64.10968017578125 -4.099999904632568
endloop
endfacet
facet normal 0.46277475216821523 0.8864759042160407 0
outer loop
vertex -79.03297424316406 -65.02032470703125 -0.5
vertex -79.03297424316406 -65.02032470703125 -4.099999904632568
vertex -79.23116302490234 -64.91686248779297 -4.099999904632568
endloop
endfacet
facet normal 0.7186648534065893 0.6953566196406602 0
outer loop
vertex -79.23116302490234 -64.91686248779297 -0.5
vertex -79.23116302490234 -64.91686248779297 -4.099999904632568
vertex -79.3866195678711 -64.75619506835938 -4.099999904632568
endloop
endfacet
facet normal 0 0 1
outer loop
vertex 68.51332092285156 64.39485931396484 -4.099999904632568
vertex 79.4084243774414 45.25143814086914 -4.099999904632568
vertex 79.4197769165039 45.7628059387207 -4.099999904632568
endloop
endfacet
facet normal 0 0 1
outer loop
vertex 68.51332092285156 64.39485931396484 -4.099999904632568
vertex 79.30082702636719 44.75138854980469 -4.099999904632568
vertex 79.4084243774414 45.25143814086914 -4.099999904632568
endloop
endfacet
facet normal 0 0 1
outer loop
vertex 68.04254150390625 64.59484100341797 -4.099999904632568
vertex 79.10084533691406 44.280609130859375 -4.099999904632568
vertex 79.30082702636719 44.75138854980469 -4.099999904632568
endloop
endfacet
facet normal 0.5499055899657492 -0.8352268207645281 0
outer loop
vertex -2.0765581130981445 18.65436363220215 -4.099999904632568
vertex -2.0765581130981445 18.65436363220215 -0.5
vertex -2.5037708282470703 18.373090744018555 -0.5
endloop
endfacet
facet normal 0.38250754791060615 -0.9239523666247169 0
outer loop
vertex -2.0765581130981445 18.65436363220215 -0.5
vertex -2.0765581130981445 18.65436363220215 -4.099999904632568
vertex -1.6039625406265259 18.850013732910156 -0.7365584969520569
endloop
endfacet
facet normal 0.697566055787235 -0.7165204796887805 0
outer loop
vertex -2.5037708282470703 18.373090744018555 -4.099999904632568
vertex -2.5037708282470703 18.373090744018555 -0.5
vertex -2.8702659606933594 18.01629066467285 -0.5
endloop
endfacet
facet normal 0.90124755510745 0.4333045631110338 0
outer loop
vertex -79.3866195678711 -64.75619506835938 -0.5
vertex -79.3866195678711 -64.75619506835938 -4.099999904632568
vertex -79.48348999023438 -64.5547103881836 -4.099999904632568
endloop
endfacet
facet normal 0 0 1
outer loop
vertex -79.03297424316406 -65.02032470703125 -4.099999904632568
vertex -79.48348999023438 -64.5547103881836 -4.099999904632568
vertex -79.23116302490234 -64.91686248779297 -4.099999904632568
endloop
endfacet
facet normal 0.8201876102122233 -0.5720946460633608 0
outer loop
vertex -2.8702659606933594 18.01629066467285 -4.099999904632568
vertex -2.8702659606933594 18.01629066467285 -0.5
vertex -3.1628878116607666 17.596771240234375 -0.5
endloop
endfacet
facet normal 0.9133694701769709 -0.4071316874779454 0
outer loop
vertex -3.1628878116607666 17.596771240234375 -4.099999904632568
vertex -3.1628878116607666 17.596771240234375 -0.5
vertex -3.3711328506469727 17.129589080810547 -0.5
endloop
endfacet
facet normal 0.9753541886203169 -0.22064497896123367 0
outer loop
vertex -3.3711328506469727 17.129589080810547 -4.099999904632568
vertex -3.3711328506469727 17.129589080810547 -0.5
vertex -3.492300510406494 16.593971252441406 -0.5
endloop
endfacet
facet normal 0.20137624030679627 -0.9795139661280483 0
outer loop
vertex -1.6039625406265259 18.850013732910156 -0.7365584969520569
vertex -1.6039625406265259 18.850013732910156 -4.099999904632568
vertex -1.1029479503631592 18.95301628112793 -2.114705801010132
endloop
endfacet
facet normal 0 0 1
outer loop
vertex 67.54249572753906 64.70243072509766 -4.099999904632568
vertex 78.81566619873047 43.85599899291992 -4.099999904632568
vertex 79.10084533691406 44.280609130859375 -4.099999904632568
endloop
endfacet
facet normal 0 0 1
outer loop
vertex 67.0311279296875 64.71378326416016 -4.099999904632568
vertex 78.45551300048828 43.492794036865234 -4.099999904632568
vertex 78.81566619873047 43.85599899291992 -4.099999904632568
endloop
endfacet
facet normal 0 -1 0
outer loop
vertex -3.492300510406494 16.593971252441406 -4.099999904632568
vertex -3.492300510406494 16.593971252441406 -0.5
vertex -11.900038719177246 16.593971252441406 -0.5
endloop
endfacet
facet normal 0 0 1
outer loop
vertex -79.3866195678711 -64.75619506835938 -4.099999904632568
vertex -79.23116302490234 -64.91686248779297 -4.099999904632568
vertex -79.48348999023438 -64.5547103881836 -4.099999904632568
endloop
endfacet
facet normal 0 0 1
outer loop
vertex 16.76243019104004 20.936697006225586 -4.099999904632568
vertex 48.35171127319336 53.85078048706055 -4.099999904632568
vertex 16.77077293395996 20.97413444519043 -4.099999904632568
endloop
endfacet
facet normal -0.7041173196578667 -0.710083657154438 0
outer loop
vertex 68.93793487548828 64.10968017578125 -0.5
vertex 68.93793487548828 64.10968017578125 -4.099999904632568
vertex 69.30113983154297 63.74952697753906 -4.099999904632568
endloop
endfacet
facet normal 0 0 1
outer loop
vertex 16.76243019104004 20.936697006225586 -4.099999904632568
vertex 15.507699012756348 18.968971252441406 -4.099999904632568
vertex 48.35171127319336 53.85078048706055 -4.099999904632568
endloop
endfacet
facet normal -0.8197953922664337 -0.5726565417584294 0
outer loop
vertex 69.30113983154297 63.74952697753906 -0.5
vertex 69.30113983154297 63.74952697753906 -4.099999904632568
vertex 69.56541442871094 63.37120056152344 -4.099999904632568
endloop
endfacet
facet normal 0 0 1
outer loop
vertex 15.507699012756348 18.968971252441406 -4.099999904632568
vertex 15.837112426757812 19.971771240234375 -4.099999904632568
vertex 15.628867149353027 19.504589080810547 -4.099999904632568
endloop
endfacet
facet normal 0 0 1
outer loop
vertex 15.837112426757812 19.971771240234375 -4.099999904632568
vertex 15.507699012756348 18.968971252441406 -4.099999904632568
vertex 16.12973403930664 20.39129066467285 -4.099999904632568
endloop
endfacet
facet normal 0 0 1
outer loop
vertex 16.12973403930664 20.39129066467285 -4.099999904632568
vertex 15.507699012756348 18.968971252441406 -4.099999904632568
vertex 16.49622917175293 20.748090744018555 -4.099999904632568
endloop
endfacet
facet normal 0 0 1
outer loop
vertex 16.77077293395996 20.97413444519043 -4.099999904632568
vertex 29.774927139282227 47.3950309753418 -4.099999904632568
vertex 16.608251571655273 21.423704147338867 -4.099999904632568
endloop
endfacet
facet normal -0.5575436031048456 -0.8301476559244545 0
outer loop
vertex 68.93793487548828 64.10968017578125 -0.5
vertex 68.51332092285156 64.39485931396484 -4.099999904632568
vertex 68.93793487548828 64.10968017578125 -4.099999904632568
endloop
endfacet
facet normal 0 0 1
outer loop
vertex -79.48348999023438 -64.5547103881836 -4.099999904632568
vertex -79.03297424316406 -65.02032470703125 -4.099999904632568
vertex -79.50508880615234 40.21169662475586 -4.099999904632568
endloop
endfacet
facet normal 0.9999999787486865 0.00020616165118937335 0
outer loop
vertex -79.48348999023438 -64.5547103881836 -0.5
vertex -79.48348999023438 -64.5547103881836 -4.099999904632568
vertex -79.50508880615234 40.21169662475586 -4.099999904632568
endloop
endfacet
facet normal 0 0 1
outer loop
vertex -79.50508880615234 40.21169662475586 -4.099999904632568
vertex -79.03297424316406 -65.02032470703125 -4.099999904632568
vertex -78.2122802734375 -32.35602951049805 -4.099999904632568
endloop
endfacet
facet normal -0.39097576157295866 -0.9204009745010296 0
outer loop
vertex 68.04254150390625 64.59484100341797 -0.5
vertex 68.04254150390625 64.59484100341797 -4.099999904632568
vertex 68.51332092285156 64.39485931396484 -4.099999904632568
endloop
endfacet
facet normal -0.21034597795195417 -0.9776270094261084 0
outer loop
vertex 67.54249572753906 64.70243072509766 -0.5
vertex 67.54249572753906 64.70243072509766 -4.099999904632568
vertex 68.04254150390625 64.59484100341797 -4.099999904632568
endloop
endfacet
facet normal -0.022194871412421727 -0.9997536635006576 0
outer loop
vertex 67.0311279296875 64.71378326416016 -0.5
vertex 67.0311279296875 64.71378326416016 -4.099999904632568
vertex 67.54249572753906 64.70243072509766 -4.099999904632568
endloop
endfacet
facet normal 0.16675925279123308 -0.9859976428006862 0
outer loop
vertex 66.52679443359375 64.62848663330078 -0.5
vertex 66.52679443359375 64.62848663330078 -4.099999904632568
vertex 67.0311279296875 64.71378326416016 -4.099999904632568
endloop
endfacet
facet normal 0.3497368847781228 -0.9368479660146004 0
outer loop
vertex 66.047607421875 64.44960021972656 -0.5
vertex 66.047607421875 64.44960021972656 -4.099999904632568
vertex 66.52679443359375 64.62848663330078 -4.099999904632568
endloop
endfacet
facet normal 0 0 1
outer loop
vertex 79.30082702636719 44.75138854980469 -4.099999904632568
vertex 68.51332092285156 64.39485931396484 -4.099999904632568
vertex 68.04254150390625 64.59484100341797 -4.099999904632568
endloop
endfacet
facet normal 0 0 1
outer loop
vertex 79.10084533691406 44.280609130859375 -4.099999904632568
vertex 68.04254150390625 64.59484100341797 -4.099999904632568
vertex 67.54249572753906 64.70243072509766 -4.099999904632568
endloop
endfacet
facet normal 0 0 1
outer loop
vertex 78.81566619873047 43.85599899291992 -4.099999904632568
vertex 67.54249572753906 64.70243072509766 -4.099999904632568
vertex 67.0311279296875 64.71378326416016 -4.099999904632568
endloop
endfacet
facet normal 0 0 1
outer loop
vertex 66.52679443359375 64.62848663330078 -4.099999904632568
vertex 61.45231628417969 33.63834762573242 -4.099999904632568
vertex 67.0311279296875 64.71378326416016 -4.099999904632568
endloop
endfacet
facet normal 0 0 1
outer loop
vertex 66.047607421875 64.44960021972656 -4.099999904632568
vertex 61.45231628417969 33.63834762573242 -4.099999904632568
vertex 66.52679443359375 64.62848663330078 -4.099999904632568
endloop
endfacet
facet normal 0.054800432242183277 -0.9984973273004139 0
outer loop
vertex -1.1029479503631592 18.95301628112793 -2.114705801010132
vertex -1.1029479503631592 18.95301628112793 -4.099999904632568
vertex -0.8122386336326599 18.968971252441406 -2.7273786067962646
endloop
endfacet
facet normal -0.9368488782406741 -0.3497344411681394 0
outer loop
vertex 79.33447265625 46.26713562011719 -4.099999904632568
vertex 79.33447265625 46.26713562011719 -0.5
vertex 79.15558624267578 46.7463264465332 -0.5
endloop
endfacet
facet normal 0.5499055899657492 -0.8352268207645281 0
outer loop
vertex -2.5037708282470703 18.373090744018555 -0.5
vertex -2.5037708282470703 18.373090744018555 -4.099999904632568
vertex -2.0765581130981445 18.65436363220215 -4.099999904632568
endloop
endfacet
facet normal 0.697566055787235 -0.7165204796887805 0
outer loop
vertex -2.8702659606933594 18.01629066467285 -0.5
vertex -2.8702659606933594 18.01629066467285 -4.099999904632568
vertex -2.5037708282470703 18.373090744018555 -4.099999904632568
endloop
endfacet
facet normal 0.8201876102122233 -0.5720946460633608 0
outer loop
vertex -3.1628878116607666 17.596771240234375 -0.5
vertex -3.1628878116607666 17.596771240234375 -4.099999904632568
vertex -2.8702659606933594 18.01629066467285 -4.099999904632568
endloop
endfacet
facet normal 0.9133694701769709 -0.4071316874779454 0
outer loop
vertex -3.3711328506469727 17.129589080810547 -0.5
vertex -3.3711328506469727 17.129589080810547 -4.099999904632568
vertex -3.1628878116607666 17.596771240234375 -4.099999904632568
endloop
endfacet
facet normal 0.9753541886203169 -0.22064497896123367 0
outer loop
vertex -3.492300510406494 16.593971252441406 -0.5
vertex -3.492300510406494 16.593971252441406 -4.099999904632568
vertex -3.3711328506469727 17.129589080810547 -4.099999904632568
endloop
endfacet
facet normal 0.38250754791060615 -0.9239523666247169 0
outer loop
vertex -1.6039625406265259 18.850013732910156 -4.099999904632568
vertex -1.6039625406265259 18.850013732910156 -0.7365584969520569
vertex -2.0765581130981445 18.65436363220215 -4.099999904632568
endloop
endfacet
facet normal -0.9859949827395491 -0.16677498017519343 0
outer loop
vertex 79.33447265625 46.26713562011719 -0.5
vertex 79.33447265625 46.26713562011719 -4.099999904632568
vertex 79.4197769165039 45.7628059387207 -0.5
endloop
endfacet
facet normal 0 0 1
outer loop
vertex 16.49622917175293 20.748090744018555 -4.099999904632568
vertex 15.507699012756348 18.968971252441406 -4.099999904632568
vertex 16.76243019104004 20.936697006225586 -4.099999904632568
endloop
endfacet
facet normal 0 0 1
outer loop
vertex 48.35171127319336 53.85078048706055 -4.099999904632568
vertex 51.51520538330078 29.13532829284668 -4.099999904632568
vertex 51.5822639465332 29.244760513305664 -4.099999904632568
endloop
endfacet
facet normal 0 0 1
outer loop
vertex 48.35171127319336 53.85078048706055 -4.099999904632568
vertex 51.5822639465332 29.244760513305664 -4.099999904632568
vertex 58.46129608154297 33.65976333618164 -4.099999904632568
endloop
endfacet
facet normal 0 0 1
outer loop
vertex 48.35171127319336 53.85078048706055 -4.099999904632568
vertex 58.46129608154297 33.65976333618164 -4.099999904632568
vertex 58.738800048828125 33.84532928466797 -4.099999904632568
endloop
endfacet
facet normal 0 0 1
outer loop
vertex 13.659814834594727 23.880767822265625 -4.099999904632568
vertex 16.09370994567871 21.4749755859375 -4.099999904632568
vertex 16.54698944091797 21.471555709838867 -4.099999904632568
endloop
endfacet
facet normal 0.686983530042998 0.726672986596902 0
outer loop
vertex 14.312844276428223 22.385679244995117 -4.099999904632568
vertex 14.312844276428223 22.385679244995117 -1.0593678951263428
vertex 14.684532165527344 22.034292221069336 -4.099999904632568
endloop
endfacet
facet normal 0.5375958998575172 0.8432026141185679 0
outer loop
vertex 15.115824699401855 21.759315490722656 -0.5
vertex 15.115824699401855 21.759315490722656 -4.099999904632568
vertex 14.684532165527344 22.034292221069336 -4.099999904632568
endloop
endfacet
facet normal 0.8117097477449657 0.5840610288452774 0
outer loop
vertex 14.312844276428223 22.385679244995117 -1.0593678951263428
vertex 14.312844276428223 22.385679244995117 -4.099999904632568
vertex 14.014101028442383 22.80086326599121 -3.339747190475464
endloop
endfacet
facet normal 0.9753540017524827 -0.22064580500299114 0
outer loop
vertex 15.507699012756348 18.968971252441406 -0.5
vertex 15.507699012756348 18.968971252441406 -4.099999904632568
vertex 15.628867149353027 19.504589080810547 -4.099999904632568
endloop
endfacet
facet normal 0.9133692968437298 -0.4071320763378767 0
outer loop
vertex 15.628867149353027 19.504589080810547 -0.5
vertex 15.628867149353027 19.504589080810547 -4.099999904632568
vertex 15.837112426757812 19.971771240234375 -4.099999904632568
endloop
endfacet
facet normal 0.8201878289291076 -0.5720943324981965 0
outer loop
vertex 15.837112426757812 19.971771240234375 -0.5
vertex 15.837112426757812 19.971771240234375 -4.099999904632568
vertex 16.12973403930664 20.39129066467285 -4.099999904632568
endloop
endfacet
facet normal 0.697566055787235 -0.7165204796887805 0
outer loop
vertex 16.12973403930664 20.39129066467285 -0.5
vertex 16.12973403930664 20.39129066467285 -4.099999904632568
vertex 16.49622917175293 20.748090744018555 -4.099999904632568
endloop
endfacet
facet normal 0.5781136905421506 -0.8159562248109481 0
outer loop
vertex 16.49622917175293 20.748090744018555 -0.5
vertex 16.49622917175293 20.748090744018555 -4.099999904632568
vertex 16.76243019104004 20.936697006225586 -4.099999904632568
endloop
endfacet
facet normal 0.9760581809971619 -0.21750960279608653 0
outer loop
vertex 16.76243019104004 20.936697006225586 -0.5
vertex 16.76243019104004 20.936697006225586 -4.099999904632568
vertex 16.77077293395996 20.97413444519043 -4.099999904632568
endloop
endfacet
facet normal 0.9404357308436985 0.33997152256105057 0
outer loop
vertex 16.77077293395996 20.97413444519043 -0.5
vertex 16.77077293395996 20.97413444519043 -4.099999904632568
vertex 16.608251571655273 21.423704147338867 -4.099999904632568
endloop
endfacet
facet normal 0 0 1
outer loop
vertex 58.46129608154297 33.65976333618164 -4.099999904632568
vertex 57.45774841308594 31.336885452270508 -4.099999904632568
vertex 57.82499313354492 31.69291114807129 -4.099999904632568
endloop
endfacet
facet normal 0 0 1
outer loop
vertex 58.46129608154297 33.65976333618164 -4.099999904632568
vertex 57.82499313354492 31.69291114807129 -4.099999904632568
vertex 58.11850357055664 32.111812591552734 -4.099999904632568
endloop
endfacet
facet normal 0 0 1
outer loop
vertex 58.46129608154297 33.65976333618164 -4.099999904632568
vertex 58.11850357055664 32.111812591552734 -4.099999904632568
vertex 58.32773208618164 32.578556060791016 -4.099999904632568
endloop
endfacet
facet normal 0 0 1
outer loop
vertex 58.46129608154297 33.65976333618164 -4.099999904632568
vertex 58.32773208618164 32.578556060791016 -4.099999904632568
vertex 58.4451789855957 33.07638168334961 -4.099999904632568
endloop
endfacet
facet normal 0.9862009536384775 -0.16555264734385197 0
outer loop
vertex -79.50508880615234 40.21169662475586 -0.5
vertex -79.50508880615234 40.21169662475586 -4.099999904632568
vertex -79.42041015625 40.716129302978516 -4.099999904632568
endloop
endfacet
facet normal 0.9372773928934326 -0.3485844069531652 0
outer loop
vertex -79.42041015625 40.716129302978516 -0.5
vertex -79.42041015625 40.716129302978516 -4.099999904632568
vertex -79.24211120605469 41.19554138183594 -4.099999904632568
endloop
endfacet
facet normal -0.9125102844468813 0.4090537626995648 0
outer loop
vertex 58.32773208618164 32.578556060791016 -0.5
vertex 58.32773208618164 32.578556060791016 -4.099999904632568
vertex 58.11850357055664 32.111812591552734 -4.099999904632568
endloop
endfacet
facet normal 0.3689127909344658 0.929464013657841 0
outer loop
vertex 15.591238021850586 21.570619583129883 -0.5
vertex 15.591238021850586 21.570619583129883 -4.099999904632568
vertex 15.115824699401855 21.759315490722656 -4.099999904632568
endloop
endfacet
facet normal 0 0 1
outer loop
vertex -79.50508880615234 40.21169662475586 -4.099999904632568
vertex -78.2122802734375 -32.35602951049805 -4.099999904632568
vertex -11.7122802734375 -32.35602951049805 -4.099999904632568
endloop
endfacet
facet normal -0.9997536635006576 0.022194871412421727 0
outer loop
vertex 79.4084243774414 45.25143814086914 -4.099999904632568
vertex 79.4084243774414 45.25143814086914 -0.5
vertex 79.4197769165039 45.7628059387207 -0.5
endloop
endfacet
facet normal -0.8662104319627164 -0.4996793847648352 0
outer loop
vertex 79.15558624267578 46.7463264465332 -4.099999904632568
vertex 79.15558624267578 46.7463264465332 -0.5
vertex 69.56541442871094 63.37120056152344 -0.5
endloop
endfacet
facet normal 0 0 1
outer loop
vertex 51.60871887207031 28.54490089416504 -4.099999904632568
vertex 15.507699012756348 18.968971252441406 -4.099999904632568
vertex 51.69717025756836 28.468971252441406 -4.099999904632568
endloop
endfacet
facet normal 0.18698958870878893 0.9823618954919404 0
outer loop
vertex 16.09370994567871 21.4749755859375 -0.5
vertex 16.09370994567871 21.4749755859375 -4.099999904632568
vertex 15.591238021850586 21.570619583129883 -4.099999904632568
endloop
endfacet
facet normal 0.90124755510745 0.4333045631110338 0
outer loop
vertex -79.48348999023438 -64.5547103881836 -4.099999904632568
vertex -79.48348999023438 -64.5547103881836 -0.5
vertex -79.3866195678711 -64.75619506835938 -0.5
endloop
endfacet
facet normal 0.6155683320198767 0.7880835162685913 0
outer loop
vertex 16.608251571655273 21.423704147338867 -0.5
vertex 16.608251571655273 21.423704147338867 -4.099999904632568
vertex 16.54698944091797 21.471555709838867 -4.099999904632568
endloop
endfacet
facet normal 0 0 1
outer loop
vertex 13.631571769714355 24.15044403076172 -4.099999904632568
vertex 16.54698944091797 21.471555709838867 -4.099999904632568
vertex 11.806293487548828 41.57923889160156 -4.099999904632568
endloop
endfacet
facet normal 0 -1 0
outer loop
vertex -11.900038719177246 16.593971252441406 -0.5
vertex -11.900038719177246 16.593971252441406 -4.099999904632568
vertex -3.492300510406494 16.593971252441406 -4.099999904632568
endloop
endfacet
facet normal 0.20137624030679624 -0.9795139661280483 0
outer loop
vertex -1.1029479503631592 18.95301628112793 -4.099999904632568
vertex -1.1029479503631592 18.95301628112793 -2.114705801010132
vertex -1.6039625406265259 18.850013732910156 -4.099999904632568
endloop
endfacet
facet normal -0.9776242720223023 0.21035870020720188 0
outer loop
vertex 79.30082702636719 44.75138854980469 -4.099999904632568
vertex 79.30082702636719 44.75138854980469 -0.5
vertex 79.4084243774414 45.25143814086914 -0.5
endloop
endfacet
facet normal 0.8547094015637821 -0.5191067702106008 0
outer loop
vertex -79.24211120605469 41.19554138183594 -0.5
vertex -79.24211120605469 41.19554138183594 -4.099999904632568
vertex -78.97659301757812 41.63271713256836 -4.099999904632568
endloop
endfacet
facet normal 0.7414635106665586 -0.6709931909863334 0
outer loop
vertex -78.63338470458984 42.01197052001953 -0.5
vertex -78.97659301757812 41.63271713256836 -4.099999904632568
vertex -78.63338470458984 42.01197052001953 -4.099999904632568
endloop
endfacet
facet normal 0.6015930133811593 -0.7988027580391647 0
outer loop
vertex -78.63338470458984 42.01197052001953 -0.5
vertex -78.63338470458984 42.01197052001953 -4.099999904632568
vertex -78.22480010986328 42.31968307495117 -4.099999904632568
endloop
endfacet
facet normal 0.44014141782829763 -0.8979284672578857 0
outer loop
vertex -78.22480010986328 42.31968307495117 -0.5
vertex -78.22480010986328 42.31968307495117 -4.099999904632568
vertex -77.76551818847656 42.5448112487793 -4.099999904632568
endloop
endfacet
facet normal 0.26288327756648866 -0.9648276438700853 0
outer loop
vertex -77.76551818847656 42.5448112487793 -0.5
vertex -77.76551818847656 42.5448112487793 -4.099999904632568
vertex -77.27201080322266 42.67927551269531 -4.099999904632568
endloop
endfacet
facet normal 0 -1 0
outer loop
vertex -0.8122386336326599 18.968971252441406 -2.7273786067962646
vertex -0.8122386336326599 18.968971252441406 -4.099999904632568
vertex 0.36181050539016724 18.968971252441406 -4.099999904632568
endloop
endfacet
facet normal 0.08601821048050483 -0.996293564902299 0
outer loop
vertex -77.27201080322266 42.67927551269531 -0.5
vertex -77.27201080322266 42.67927551269531 -4.099999904632568
vertex -76.81224060058594 42.718971252441406 -4.099999904632568
endloop
endfacet
facet normal 0.054800432242183277 -0.998497327300414 0
outer loop
vertex -1.1029479503631592 18.95301628112793 -4.099999904632568
vertex -0.8122386336326599 18.968971252441406 -4.099999904632568
vertex -0.8122386336326599 18.968971252441406 -2.7273786067962646
endloop
endfacet
facet normal -0.9204009745010296 0.39097576157295866 0
outer loop
vertex 79.30082702636719 44.75138854980469 -0.5
vertex 79.30082702636719 44.75138854980469 -4.099999904632568
vertex 79.10084533691406 44.280609130859375 -0.5
endloop
endfacet
facet normal -0.8301453375537989 0.5575470549986694 0
outer loop
vertex 78.81566619873047 43.85599899291992 -4.099999904632568
vertex 78.81566619873047 43.85599899291992 -0.5
vertex 79.10084533691406 44.280609130859375 -0.5
endloop
endfacet
facet normal 0 0 1
outer loop
vertex 16.54698944091797 21.471555709838867 -4.099999904632568
vertex 16.608251571655273 21.423704147338867 -4.099999904632568
vertex 11.665431022644043 42.92427444458008 -4.099999904632568
endloop
endfacet
facet normal -0.710083657154438 0.7041173196578667 0
outer loop
vertex 78.45551300048828 43.492794036865234 -4.099999904632568
vertex 78.45551300048828 43.492794036865234 -0.5
vertex 78.81566619873047 43.85599899291992 -0.5
endloop
endfacet
facet normal -0.5014360110341092 0.865194733478077 0
outer loop
vertex 61.45231628417969 33.63834762573242 -4.099999904632568
vertex 61.45231628417969 33.63834762573242 -0.5
vertex 78.45551300048828 43.492794036865234 -0.5
endloop
endfacet
facet normal 0 -1 0
outer loop
vertex 15.507699012756348 18.968971252441406 -0.5
vertex 8.622475624084473 18.968971252441406 -2.715320348739624
vertex 15.507699012756348 18.968971252441406 -4.099999904632568
endloop
endfacet
facet normal 0.686983530042998 0.726672986596902 0
outer loop
vertex 14.684532165527344 22.034292221069336 -0.5
vertex 14.684532165527344 22.034292221069336 -4.099999904632568
vertex 14.312844276428223 22.385679244995117 -1.0593678951263428
endloop
endfacet
facet normal 0.5375958998575172 0.8432026141185679 0
outer loop
vertex 14.684532165527344 22.034292221069336 -4.099999904632568
vertex 14.684532165527344 22.034292221069336 -0.5
vertex 15.115824699401855 21.759315490722656 -0.5
endloop
endfacet
facet normal 0.3689127909344658 0.929464013657841 0
outer loop
vertex 15.115824699401855 21.759315490722656 -4.099999904632568
vertex 15.115824699401855 21.759315490722656 -0.5
vertex 15.591238021850586 21.570619583129883 -0.5
endloop
endfacet
facet normal -0.9368488782406741 -0.3497344411681394 0
outer loop
vertex 79.15558624267578 46.7463264465332 -0.5
vertex 79.15558624267578 46.7463264465332 -4.099999904632568
vertex 79.33447265625 46.26713562011719 -4.099999904632568
endloop
endfacet
facet normal 0.9753540017524827 -0.22064580500299114 0
outer loop
vertex 15.628867149353027 19.504589080810547 -4.099999904632568
vertex 15.628867149353027 19.504589080810547 -0.5
vertex 15.507699012756348 18.968971252441406 -0.5
endloop
endfacet
facet normal 0.9133692968437298 -0.4071320763378767 0
outer loop
vertex 15.837112426757812 19.971771240234375 -4.099999904632568
vertex 15.837112426757812 19.971771240234375 -0.5
vertex 15.628867149353027 19.504589080810547 -0.5
endloop
endfacet
facet normal 0.8201878289291076 -0.5720943324981965 0
outer loop
vertex 16.12973403930664 20.39129066467285 -4.099999904632568
vertex 16.12973403930664 20.39129066467285 -0.5
vertex 15.837112426757812 19.971771240234375 -0.5
endloop
endfacet
facet normal 0.697566055787235 -0.7165204796887805 0
outer loop
vertex 16.49622917175293 20.748090744018555 -4.099999904632568
vertex 16.49622917175293 20.748090744018555 -0.5
vertex 16.12973403930664 20.39129066467285 -0.5
endloop
endfacet
facet normal 0.5781136905421506 -0.8159562248109481 0
outer loop
vertex 16.76243019104004 20.936697006225586 -4.099999904632568
vertex 16.76243019104004 20.936697006225586 -0.5
vertex 16.49622917175293 20.748090744018555 -0.5
endloop
endfacet
facet normal 0.9760581809971619 -0.21750960279608653 0
outer loop
vertex 16.77077293395996 20.97413444519043 -4.099999904632568
vertex 16.77077293395996 20.97413444519043 -0.5
vertex 16.76243019104004 20.936697006225586 -0.5
endloop
endfacet
facet normal 0.18698958870878893 0.9823618954919404 0
outer loop
vertex 15.591238021850586 21.570619583129883 -4.099999904632568
vertex 15.591238021850586 21.570619583129883 -0.5
vertex 16.09370994567871 21.4749755859375 -0.5
endloop
endfacet
facet normal 0.007544525626504388 0.9999715396615401 0
outer loop
vertex 16.09370994567871 21.4749755859375 -4.099999904632568
vertex 16.09370994567871 21.4749755859375 -0.5
vertex 16.54698944091797 21.471555709838867 -0.5
endloop
endfacet
facet normal -0.9859949827395491 -0.16677498017519343 0
outer loop
vertex 79.4197769165039 45.7628059387207 -0.5
vertex 79.33447265625 46.26713562011719 -4.099999904632568
vertex 79.4197769165039 45.7628059387207 -4.099999904632568
endloop
endfacet
facet normal 0.9404357308436985 0.33997152256105057 0
outer loop
vertex 16.608251571655273 21.423704147338867 -4.099999904632568
vertex 16.608251571655273 21.423704147338867 -0.5
vertex 16.77077293395996 20.97413444519043 -0.5
endloop
endfacet
facet normal -0.00018706419706566706 -0.9999389314662446 -0.011049811995292851
outer loop
vertex -77.27201080322266 42.67927551269531 -0.5
vertex -76.81224060058594 42.718971252441406 -4.099999904632568
vertex -38.61951446533203 42.71182632446289 -4.099999904632568
endloop
endfacet
facet normal 0.9862009536384775 -0.16555264734385197 0
outer loop
vertex -79.42041015625 40.716129302978516 -4.099999904632568
vertex -79.42041015625 40.716129302978516 -0.5
vertex -79.50508880615234 40.21169662475586 -0.5
endloop
endfacet
facet normal 0.9372773928934326 -0.3485844069531652 0
outer loop
vertex -79.24211120605469 41.19554138183594 -4.099999904632568
vertex -79.24211120605469 41.19554138183594 -0.5
vertex -79.42041015625 40.716129302978516 -0.5
endloop
endfacet
facet normal -0.1655635243606029 -0.9861991276620031 0
outer loop
vertex -19.40003776550293 37.92498016357422 -4.099999904632568
vertex -19.40003776550293 37.92498016357422 -0.5
vertex -19.619516372680664 37.96182632446289 -0.5
endloop
endfacet
facet normal 0 0 1
outer loop
vertex -0.8122386336326599 18.968971252441406 -4.099999904632568
vertex -3.492300510406494 16.593971252441406 -4.099999904632568
vertex 0.36181050539016724 18.968971252441406 -4.099999904632568
endloop
endfacet
facet normal 0 0 1
outer loop
vertex -1.1029479503631592 18.95301628112793 -4.099999904632568
vertex -3.492300510406494 16.593971252441406 -4.099999904632568
vertex -0.8122386336326599 18.968971252441406 -4.099999904632568
endloop
endfacet
facet normal 0.8547094015637821 -0.5191067702106008 0
outer loop
vertex -78.97659301757812 41.63271713256836 -4.099999904632568
vertex -78.97659301757812 41.63271713256836 -0.5
vertex -79.24211120605469 41.19554138183594 -0.5
endloop
endfacet
facet normal 0.7414635106665586 -0.6709931909863334 0
outer loop
vertex -78.97659301757812 41.63271713256836 -0.5
vertex -78.97659301757812 41.63271713256836 -4.099999904632568
vertex -78.63338470458984 42.01197052001953 -0.5
endloop
endfacet
facet normal 0.6015930133811593 -0.7988027580391647 0
outer loop
vertex -78.22480010986328 42.31968307495117 -4.099999904632568
vertex -78.22480010986328 42.31968307495117 -0.5
vertex -78.63338470458984 42.01197052001953 -0.5
endloop
endfacet
facet normal 0.44014141782829763 -0.8979284672578857 0
outer loop
vertex -77.76551818847656 42.5448112487793 -4.099999904632568
vertex -77.76551818847656 42.5448112487793 -0.5
vertex -78.22480010986328 42.31968307495117 -0.5
endloop
endfacet
facet normal 0.26288327756648866 -0.9648276438700853 0
outer loop
vertex -77.27201080322266 42.67927551269531 -4.099999904632568
vertex -77.27201080322266 42.67927551269531 -0.5
vertex -77.76551818847656 42.5448112487793 -0.5
endloop
endfacet
facet normal 0 0 1
outer loop
vertex -1.6039625406265259 18.850013732910156 -4.099999904632568
vertex -3.492300510406494 16.593971252441406 -4.099999904632568
vertex -1.1029479503631592 18.95301628112793 -4.099999904632568
endloop
endfacet
facet normal 0 0 1
outer loop
vertex -2.0765581130981445 18.65436363220215 -4.099999904632568
vertex -3.492300510406494 16.593971252441406 -4.099999904632568
vertex -1.6039625406265259 18.850013732910156 -4.099999904632568
endloop
endfacet
facet normal 0 0 1
outer loop
vertex -2.5037708282470703 18.373090744018555 -4.099999904632568
vertex -3.492300510406494 16.593971252441406 -4.099999904632568
vertex -2.0765581130981445 18.65436363220215 -4.099999904632568
endloop
endfacet
facet normal 0 0 1
outer loop
vertex -2.8702659606933594 18.01629066467285 -4.099999904632568
vertex -3.492300510406494 16.593971252441406 -4.099999904632568
vertex -2.5037708282470703 18.373090744018555 -4.099999904632568
endloop
endfacet
facet normal 0 0 1
outer loop
vertex -3.1628878116607666 17.596771240234375 -4.099999904632568
vertex -3.492300510406494 16.593971252441406 -4.099999904632568
vertex -2.8702659606933594 18.01629066467285 -4.099999904632568
endloop
endfacet
facet normal -0.9732812376569171 0.22961627212595334 0
outer loop
vertex 58.32773208618164 32.578556060791016 -0.5
vertex 58.4451789855957 33.07638168334961 -4.099999904632568
vertex 58.32773208618164 32.578556060791016 -4.099999904632568
endloop
endfacet
facet normal -0.9996185922322669 0.027616481737927988 0
outer loop
vertex 58.46129608154297 33.65976333618164 -0.5
vertex 58.46129608154297 33.65976333618164 -4.099999904632568
vertex 58.4451789855957 33.07638168334961 -4.099999904632568
endloop
endfacet
facet normal -0.5558678435144447 0.8312706782670737 0
outer loop
vertex 58.738800048828125 33.84532928466797 -0.5
vertex 58.738800048828125 33.84532928466797 -4.099999904632568
vertex 58.46129608154297 33.65976333618164 -4.099999904632568
endloop
endfacet
facet normal 0.4401352120702308 0.8979315091341281 0
outer loop
vertex 59.45737838745117 33.493106842041016 -0.5
vertex 59.45737838745117 33.493106842041016 -4.099999904632568
vertex 58.738800048828125 33.84532928466797 -4.099999904632568
endloop
endfacet
facet normal 0.21035870020720188 0.9776242720223023 0
outer loop
vertex 59.957427978515625 33.3855094909668 -0.5
vertex 59.957427978515625 33.3855094909668 -4.099999904632568
vertex 59.45737838745117 33.493106842041016 -4.099999904632568
endloop
endfacet
facet normal 0.022194871412421727 0.9997536635006576 0
outer loop
vertex 60.46879577636719 33.3741569519043 -0.5
vertex 60.46879577636719 33.3741569519043 -4.099999904632568
vertex 59.957427978515625 33.3855094909668 -4.099999904632568
endloop
endfacet
facet normal -0.16676772963315573 0.9859962090966692 0
outer loop
vertex 60.97312545776367 33.45945739746094 -0.5
vertex 60.97312545776367 33.45945739746094 -4.099999904632568
vertex 60.46879577636719 33.3741569519043 -4.099999904632568
endloop
endfacet
facet normal 0 0 1
outer loop
vertex -3.492300510406494 16.593971252441406 -4.099999904632568
vertex -3.1628878116607666 17.596771240234375 -4.099999904632568
vertex -3.3711328506469727 17.129589080810547 -4.099999904632568
endloop
endfacet
facet normal -0.9997536635006576 0.022194871412421727 0
outer loop
vertex 79.4197769165039 45.7628059387207 -0.5
vertex 79.4197769165039 45.7628059387207 -4.099999904632568
vertex 79.4084243774414 45.25143814086914 -4.099999904632568
endloop
endfacet
facet normal 0.6869853996666369 0.7266712190800845 -0.0000023526536819233163
outer loop
vertex 14.312844276428223 22.385679244995117 -1.0593678951263428
vertex 14.402864456176758 22.30057716369629 -0.5
vertex 14.684532165527344 22.034292221069336 -0.5
endloop
endfacet
facet normal 0 -1 0
outer loop
vertex 9.782907485961914 18.968971252441406 -0.5
vertex 8.622475624084473 18.968971252441406 -2.715320348739624
vertex 15.507699012756348 18.968971252441406 -0.5
endloop
endfacet
facet normal 0.6155683320198767 0.7880835162685913 0
outer loop
vertex 16.54698944091797 21.471555709838867 -4.099999904632568
vertex 16.54698944091797 21.471555709838867 -0.5
vertex 16.608251571655273 21.423704147338867 -0.5
endloop
endfacet
facet normal 0 0 1
outer loop
vertex -38.61951446533203 42.71182632446289 -4.099999904632568
vertex -36.112239837646484 37.968971252441406 -4.099999904632568
vertex -36.15193557739258 40.4787483215332 -4.099999904632568
endloop
endfacet
facet normal -0.9998749435671275 -0.01581446257808213 0
outer loop
vertex -36.15193557739258 40.4787483215332 -0.5
vertex -36.15193557739258 40.4787483215332 -4.099999904632568
vertex -36.112239837646484 37.968971252441406 -4.099999904632568
endloop
endfacet
facet normal -0.9648271284672907 -0.262885169177651 0
outer loop
vertex -36.286399841308594 40.972251892089844 -0.5
vertex -36.286399841308594 40.972251892089844 -4.099999904632568
vertex -36.15193557739258 40.4787483215332 -4.099999904632568
endloop
endfacet
facet normal -0.9776242720223023 0.21035870020720188 0
outer loop
vertex 79.4084243774414 45.25143814086914 -0.5
vertex 79.4084243774414 45.25143814086914 -4.099999904632568
vertex 79.30082702636719 44.75138854980469 -4.099999904632568
endloop
endfacet
facet normal 0 0 1
outer loop
vertex -17.90003776550293 24.04397201538086 -4.099999904632568
vertex -17.11223793029785 16.593971252441406 -4.099999904632568
vertex -17.11223793029785 24.04397201538086 -4.099999904632568
endloop
endfacet
facet normal -0.00043331497787181783 -0.9999999061189597 4.491098800421995e-7
outer loop
vertex -33.925235748291016 37.96802520751953 -0.5
vertex -36.112239837646484 37.968971252441406 -4.099999904632568
vertex -19.619516372680664 37.96182632446289 -0.5
endloop
endfacet
facet normal -0.5191067702106008 -0.8547094015637821 0
outer loop
vertex -37.19849395751953 42.183326721191406 -4.099999904632568
vertex -37.19849395751953 42.183326721191406 -0.5
vertex -37.63566970825195 42.44884490966797 -0.5
endloop
endfacet
facet normal -0.8979284672578857 -0.44014141782829763 0
outer loop
vertex -36.286399841308594 40.972251892089844 -4.099999904632568
vertex -36.286399841308594 40.972251892089844 -0.5
vertex -36.51152801513672 41.43153381347656 -0.5
endloop
endfacet
facet normal -0.7988000588887032 -0.6015965973303075 0
outer loop
vertex -36.51152801513672 41.43153381347656 -4.099999904632568
vertex -36.51152801513672 41.43153381347656 -0.5
vertex -36.81924057006836 41.84011459350586 -0.5
endloop
endfacet
facet normal -0.6709972911075734 -0.7414598002092213 0
outer loop
vertex -36.81924057006836 41.84011459350586 -4.099999904632568
vertex -36.81924057006836 41.84011459350586 -0.5
vertex -37.19849395751953 42.183326721191406 -0.5
endloop
endfacet
facet normal -0.34859095865068285 -0.9372749562145561 0
outer loop
vertex -37.63566970825195 42.44884490966797 -4.099999904632568
vertex -37.63566970825195 42.44884490966797 -0.5
vertex -38.115081787109375 42.62714767456055 -0.5
endloop
endfacet
facet normal -0.16555264734385197 -0.9862009536384775 0
outer loop
vertex -38.115081787109375 42.62714767456055 -4.099999904632568
vertex -38.115081787109375 42.62714767456055 -0.5
vertex -38.61951446533203 42.71182632446289 -0.5
endloop
endfacet
facet normal -0.00043257570388952434 -0.9999999064391258 0
outer loop
vertex -33.925235748291016 37.96802520751953 -0.5
vertex -36.112239837646484 37.968971252441406 -0.5
vertex -36.112239837646484 37.968971252441406 -4.099999904632568
endloop
endfacet
facet normal -0.9648271284672907 -0.262885169177651 0
outer loop
vertex -36.15193557739258 40.4787483215332 -4.099999904632568
vertex -36.15193557739258 40.4787483215332 -0.5
vertex -36.286399841308594 40.972251892089844 -0.5
endloop
endfacet
facet normal -0.9998749435671275 -0.01581446257808213 0
outer loop
vertex -36.112239837646484 37.968971252441406 -4.099999904632568
vertex -36.112239837646484 37.968971252441406 -0.5
vertex -36.15193557739258 40.4787483215332 -0.5
endloop
endfacet
facet normal 0 0 1
outer loop
vertex -36.112239837646484 37.968971252441406 -4.099999904632568
vertex -17.11223793029785 16.593971252441406 -4.099999904632568
vertex -17.90003776550293 24.04397201538086 -4.099999904632568
endloop
endfacet
facet normal 0 0 1
outer loop
vertex -17.11223793029785 16.593971252441406 -4.099999904632568
vertex -76.81224060058594 42.718971252441406 -4.099999904632568
vertex 20.7877197265625 -32.35602951049805 -4.099999904632568
endloop
endfacet
facet normal -0.3497409869044606 0.9368464346300805 0
outer loop
vertex 61.45231628417969 33.63834762573242 -0.5
vertex 61.45231628417969 33.63834762573242 -4.099999904632568
vertex 60.97312545776367 33.45945739746094 -4.099999904632568
endloop
endfacet
facet normal 0 0 1
outer loop
vertex 48.35171127319336 53.85078048706055 -4.099999904632568
vertex 58.738800048828125 33.84532928466797 -4.099999904632568
vertex 49.88053512573242 55.06891632080078 -4.099999904632568
endloop
endfacet
facet normal 0 0 1
outer loop
vertex 66.047607421875 64.44960021972656 -4.099999904632568
vertex 58.738800048828125 33.84532928466797 -4.099999904632568
vertex 59.45737838745117 33.493106842041016 -4.099999904632568
endloop
endfacet
facet normal -0.9125102844468813 0.4090537626995648 0
outer loop
vertex 58.11850357055664 32.111812591552734 -4.099999904632568
vertex 58.11850357055664 32.111812591552734 -0.5
vertex 58.32773208618164 32.578556060791016 -0.5
endloop
endfacet
facet normal -0.9732812376569171 0.22961627212595334 0
outer loop
vertex 58.4451789855957 33.07638168334961 -0.5
vertex 58.4451789855957 33.07638168334961 -4.099999904632568
vertex 58.32773208618164 32.578556060791016 -0.5
endloop
endfacet
facet normal -0.9996185922322669 0.027616481737927988 0
outer loop
vertex 58.4451789855957 33.07638168334961 -4.099999904632568
vertex 58.4451789855957 33.07638168334961 -0.5
vertex 58.46129608154297 33.65976333618164 -0.5
endloop
endfacet
facet normal -0.0026321309417133855 -0.9999457915456675 0.010074018900827403
outer loop
vertex -36.112239837646484 37.968971252441406 -4.099999904632568
vertex -19.40003776550293 37.92498016357422 -4.099999904632568
vertex -19.619516372680664 37.96182632446289 -0.5
endloop
endfacet
facet normal -0.5558678435144447 0.8312706782670737 0
outer loop
vertex 58.46129608154297 33.65976333618164 -4.099999904632568
vertex 58.46129608154297 33.65976333618164 -0.5
vertex 58.738800048828125 33.84532928466797 -0.5
endloop
endfacet
facet normal 0.4401352120702308 0.8979315091341281 0
outer loop
vertex 58.738800048828125 33.84532928466797 -4.099999904632568
vertex 58.738800048828125 33.84532928466797 -0.5
vertex 59.45737838745117 33.493106842041016 -0.5
endloop
endfacet
facet normal 0.21035870020720188 0.9776242720223023 0
outer loop
vertex 59.45737838745117 33.493106842041016 -4.099999904632568
vertex 59.45737838745117 33.493106842041016 -0.5
vertex 59.957427978515625 33.3855094909668 -0.5
endloop
endfacet
facet normal 0.022194871412421727 0.9997536635006576 0
outer loop
vertex 59.957427978515625 33.3855094909668 -4.099999904632568
vertex 59.957427978515625 33.3855094909668 -0.5
vertex 60.46879577636719 33.3741569519043 -0.5
endloop
endfacet
facet normal -0.16676772963315573 0.9859962090966692 0
outer loop
vertex 60.46879577636719 33.3741569519043 -4.099999904632568
vertex 60.46879577636719 33.3741569519043 -0.5
vertex 60.97312545776367 33.45945739746094 -0.5
endloop
endfacet
facet normal -0.3497409869044606 0.9368464346300805 0
outer loop
vertex 60.97312545776367 33.45945739746094 -4.099999904632568
vertex 60.97312545776367 33.45945739746094 -0.5
vertex 61.45231628417969 33.63834762573242 -0.5
endloop
endfacet
facet normal 0 0 1
outer loop
vertex -36.112239837646484 37.968971252441406 -4.099999904632568
vertex -17.90003776550293 37.16323471069336 -4.099999904632568
vertex -19.40003776550293 37.92498016357422 -4.099999904632568
endloop
endfacet
facet normal 0 0 1
outer loop
vertex -36.112239837646484 37.968971252441406 -4.099999904632568
vertex -17.90003776550293 24.04397201538086 -4.099999904632568
vertex -17.90003776550293 37.16323471069336 -4.099999904632568
endloop
endfacet
facet normal 0 0 1
outer loop
vertex 48.35171127319336 53.85078048706055 -4.099999904632568
vertex 49.40412902832031 54.84828186035156 -4.099999904632568
vertex 48.98978042602539 54.54838180541992 -4.099999904632568
endloop
endfacet
facet normal 0 0 1
outer loop
vertex 49.40412902832031 54.84828186035156 -4.099999904632568
vertex 48.35171127319336 53.85078048706055 -4.099999904632568
vertex 49.88053512573242 55.06891632080078 -4.099999904632568
endloop
endfacet
facet normal 0.7378906624239889 -0.6749202695929991 0
outer loop
vertex 48.98978042602539 54.54838180541992 -0.5
vertex 48.35171127319336 53.85078048706055 -4.099999904632568
vertex 48.98978042602539 54.54838180541992 -4.099999904632568
endloop
endfacet
facet normal -0.9204009745010296 0.39097576157295866 0
outer loop
vertex 79.10084533691406 44.280609130859375 -0.5
vertex 79.30082702636719 44.75138854980469 -4.099999904632568
vertex 79.10084533691406 44.280609130859375 -4.099999904632568
endloop
endfacet
facet normal -0.8301453375537989 0.5575470549986694 0
outer loop
vertex 79.10084533691406 44.280609130859375 -0.5
vertex 79.10084533691406 44.280609130859375 -4.099999904632568
vertex 78.81566619873047 43.85599899291992 -4.099999904632568
endloop
endfacet
facet normal -0.710083657154438 0.7041173196578667 0
outer loop
vertex 78.81566619873047 43.85599899291992 -0.5
vertex 78.81566619873047 43.85599899291992 -4.099999904632568
vertex 78.45551300048828 43.492794036865234 -4.099999904632568
endloop
endfacet
facet normal 0 0 1
outer loop
vertex -36.286399841308594 40.972251892089844 -4.099999904632568
vertex -38.115081787109375 42.62714767456055 -4.099999904632568
vertex -38.61951446533203 42.71182632446289 -4.099999904632568
endloop
endfacet
facet normal 0 0 1
outer loop
vertex -38.61951446533203 42.71182632446289 -4.099999904632568
vertex -36.15193557739258 40.4787483215332 -4.099999904632568
vertex -36.286399841308594 40.972251892089844 -4.099999904632568
endloop
endfacet
facet normal 0 0 1
outer loop
vertex -38.115081787109375 42.62714767456055 -4.099999904632568
vertex -36.286399841308594 40.972251892089844 -4.099999904632568
vertex -37.63566970825195 42.44884490966797 -4.099999904632568
endloop
endfacet
facet normal 0 0 1
outer loop
vertex -37.63566970825195 42.44884490966797 -4.099999904632568
vertex -36.286399841308594 40.972251892089844 -4.099999904632568
vertex -37.19849395751953 42.183326721191406 -4.099999904632568
endloop
endfacet
facet normal 0 0 1
outer loop
vertex -37.19849395751953 42.183326721191406 -4.099999904632568
vertex -36.286399841308594 40.972251892089844 -4.099999904632568
vertex -36.81924057006836 41.84011459350586 -4.099999904632568
endloop
endfacet
facet normal 0 0 1
outer loop
vertex -36.81924057006836 41.84011459350586 -4.099999904632568
vertex -36.286399841308594 40.972251892089844 -4.099999904632568
vertex -36.51152801513672 41.43153381347656 -4.099999904632568
endloop
endfacet
facet normal -0.5014360110341092 0.865194733478077 0
outer loop
vertex 78.45551300048828 43.492794036865234 -0.5
vertex 78.45551300048828 43.492794036865234 -4.099999904632568
vertex 61.45231628417969 33.63834762573242 -4.099999904632568
endloop
endfacet
facet normal 0.5863232077257962 -0.8100772161233354 0
outer loop
vertex 48.98978042602539 54.54838180541992 -0.5
vertex 48.98978042602539 54.54838180541992 -4.099999904632568
vertex 49.40412902832031 54.84828186035156 -4.099999904632568
endloop
endfacet
facet normal 0.4202429002524211 -0.9074116512297126 0
outer loop
vertex 49.40412902832031 54.84828186035156 -0.5
vertex 49.40412902832031 54.84828186035156 -4.099999904632568
vertex 49.88053512573242 55.06891632080078 -4.099999904632568
endloop
endfacet
facet normal 0 0 1
outer loop
vertex 49.88053512573242 55.06891632080078 -4.099999904632568
vertex 58.738800048828125 33.84532928466797 -4.099999904632568
vertex 66.047607421875 64.44960021972656 -4.099999904632568
endloop
endfacet
facet normal 0.5018694861660777 -0.8649433616459503 0
outer loop
vertex 49.88053512573242 55.06891632080078 -0.5
vertex 49.88053512573242 55.06891632080078 -4.099999904632568
vertex 66.047607421875 64.44960021972656 -4.099999904632568
endloop
endfacet
facet normal 0.3110330600442312 -0.9503990927813019 0
outer loop
vertex 48.35171127319336 53.85078048706055 -4.099999904632568
vertex 48.35171127319336 53.85078048706055 -0.5
vertex 30.56998062133789 48.031429290771484 -0.5
endloop
endfacet
facet normal 0.7378906624239889 -0.6749202695929991 0
outer loop
vertex 48.35171127319336 53.85078048706055 -0.5
vertex 48.35171127319336 53.85078048706055 -4.099999904632568
vertex 48.98978042602539 54.54838180541992 -0.5
endloop
endfacet
facet normal 0.5863232077257962 -0.8100772161233354 0
outer loop
vertex 49.40412902832031 54.84828186035156 -4.099999904632568
vertex 49.40412902832031 54.84828186035156 -0.5
vertex 48.98978042602539 54.54838180541992 -0.5
endloop
endfacet
facet normal 0.4202429002524211 -0.9074116512297126 0
outer loop
vertex 49.88053512573242 55.06891632080078 -4.099999904632568
vertex 49.88053512573242 55.06891632080078 -0.5
vertex 49.40412902832031 54.84828186035156 -0.5
endloop
endfacet
facet normal -0.7988000588887032 -0.6015965973303075 0
outer loop
vertex -36.81924057006836 41.84011459350586 -0.5
vertex -36.81924057006836 41.84011459350586 -4.099999904632568
vertex -36.51152801513672 41.43153381347656 -4.099999904632568
endloop
endfacet
facet normal 0.5018694861660777 -0.8649433616459503 0
outer loop
vertex 66.047607421875 64.44960021972656 -4.099999904632568
vertex 66.047607421875 64.44960021972656 -0.5
vertex 49.88053512573242 55.06891632080078 -0.5
endloop
endfacet
facet normal 0 0 1
outer loop
vertex 66.047607421875 64.44960021972656 -4.099999904632568
vertex 59.45737838745117 33.493106842041016 -4.099999904632568
vertex 59.957427978515625 33.3855094909668 -4.099999904632568
endloop
endfacet
facet normal 0 0 1
outer loop
vertex -36.112239837646484 37.968971252441406 -4.099999904632568
vertex -76.81224060058594 42.718971252441406 -4.099999904632568
vertex -17.11223793029785 16.593971252441406 -4.099999904632568
endloop
endfacet
facet normal 0 0 1
outer loop
vertex -76.81224060058594 42.718971252441406 -4.099999904632568
vertex -36.112239837646484 37.968971252441406 -4.099999904632568
vertex -38.61951446533203 42.71182632446289 -4.099999904632568
endloop
endfacet
facet normal 0 0 1
outer loop
vertex 66.047607421875 64.44960021972656 -4.099999904632568
vertex 59.957427978515625 33.3855094909668 -4.099999904632568
vertex 60.46879577636719 33.3741569519043 -4.099999904632568
endloop
endfacet
facet normal 0 0 1
outer loop
vertex 66.047607421875 64.44960021972656 -4.099999904632568
vertex 60.46879577636719 33.3741569519043 -4.099999904632568
vertex 60.97312545776367 33.45945739746094 -4.099999904632568
endloop
endfacet
facet normal 0 0 1
outer loop
vertex 66.047607421875 64.44960021972656 -4.099999904632568
vertex 60.97312545776367 33.45945739746094 -4.099999904632568
vertex 61.45231628417969 33.63834762573242 -4.099999904632568
endloop
endfacet
facet normal 0.0008421396626111796 -0.9999996454003315 0
outer loop
vertex -38.61951446533203 42.71182632446289 -4.099999904632568
vertex -38.61951446533203 42.71182632446289 -0.5
vertex -77.27201080322266 42.67927551269531 -0.5
endloop
endfacet
facet normal -0.8979284672578857 -0.44014141782829763 0
outer loop
vertex -36.51152801513672 41.43153381347656 -0.5
vertex -36.51152801513672 41.43153381347656 -4.099999904632568
vertex -36.286399841308594 40.972251892089844 -4.099999904632568
endloop
endfacet
facet normal -0.6709972911075734 -0.7414598002092213 0
outer loop
vertex -37.19849395751953 42.183326721191406 -0.5
vertex -37.19849395751953 42.183326721191406 -4.099999904632568
vertex -36.81924057006836 41.84011459350586 -4.099999904632568
endloop
endfacet
facet normal -0.5191067702106008 -0.8547094015637821 0
outer loop
vertex -37.63566970825195 42.44884490966797 -0.5
vertex -37.63566970825195 42.44884490966797 -4.099999904632568
vertex -37.19849395751953 42.183326721191406 -4.099999904632568
endloop
endfacet
facet normal -0.34859095865068285 -0.9372749562145561 0
outer loop
vertex -38.115081787109375 42.62714767456055 -0.5
vertex -38.115081787109375 42.62714767456055 -4.099999904632568
vertex -37.63566970825195 42.44884490966797 -4.099999904632568
endloop
endfacet
facet normal -0.16555264734385197 -0.9862009536384775 0
outer loop
vertex -38.61951446533203 42.71182632446289 -0.5
vertex -38.61951446533203 42.71182632446289 -4.099999904632568
vertex -38.115081787109375 42.62714767456055 -4.099999904632568
endloop
endfacet
facet normal 0.007544525626504388 0.9999715396615401 0
outer loop
vertex 16.54698944091797 21.471555709838867 -0.5
vertex 16.54698944091797 21.471555709838867 -4.099999904632568
vertex 16.09370994567871 21.4749755859375 -4.099999904632568
endloop
endfacet
facet normal 0 1 0
outer loop
vertex -11.7122802734375 -47.35602951049805 -11.899999618530273
vertex -17.2122802734375 -47.35602951049805 -11.899999618530273
vertex -11.7122802734375 -47.35602951049805 -8.199999809265137
endloop
endfacet
facet normal 0 1 0
outer loop
vertex -17.2122802734375 -65.35602569580078 -8.199999809265137
vertex -17.2122802734375 -65.35602569580078 -11.899999618530273
vertex -63.77218246459961 -65.35602569580078 -5
endloop
endfacet
facet normal 0 0 1
outer loop
vertex -17.2122802734375 -47.35602951049805 -11.899999618530273
vertex -78.2122802734375 -65.35602569580078 -11.899999618530273
vertex -17.2122802734375 -65.35602569580078 -11.899999618530273
endloop
endfacet
facet normal 0 -1 0
outer loop
vertex -78.2122802734375 -32.35602951049805 -11.899999618530273
vertex -11.7122802734375 -32.35602951049805 -8.199999809265137
vertex -11.7122802734375 -32.35602951049805 -4.099999904632568
endloop
endfacet
facet normal 1 0 0
outer loop
vertex -78.2122802734375 -65.35602569580078 -0.5
vertex -78.2122802734375 -65.0560302734375 -4.099999904632568
vertex -78.2122802734375 -65.0560302734375 -0.5
endloop
endfacet
facet normal 0 1 0
outer loop
vertex -75.77218627929688 -65.35602569580078 -0.5
vertex -75.77218627929688 -65.35602569580078 -5
vertex -78.2122802734375 -65.35602569580078 -0.5
endloop
endfacet
facet normal 1 0 0
outer loop
vertex -78.2122802734375 -65.0560302734375 -4.099999904632568
vertex -78.2122802734375 -65.35602569580078 -11.899999618530273
vertex -78.2122802734375 -32.35602951049805 -4.099999904632568
endloop
endfacet
facet normal 1 0 0
outer loop
vertex -78.2122802734375 -65.35602569580078 -0.5
vertex -78.2122802734375 -65.35602569580078 -11.899999618530273
vertex -78.2122802734375 -65.0560302734375 -4.099999904632568
endloop
endfacet
facet normal 1 0 0
outer loop
vertex -78.2122802734375 -65.35602569580078 -11.899999618530273
vertex -78.2122802734375 -32.35602951049805 -11.899999618530273
vertex -78.2122802734375 -32.35602951049805 -4.099999904632568
endloop
endfacet
facet normal 0 1 0
outer loop
vertex -78.2122802734375 -65.35602569580078 -11.899999618530273
vertex -63.77218246459961 -65.35602569580078 -5
vertex -17.2122802734375 -65.35602569580078 -11.899999618530273
endloop
endfacet
facet normal 0 0 1
outer loop
vertex -78.2122802734375 -32.35602951049805 -11.899999618530273
vertex -78.2122802734375 -65.35602569580078 -11.899999618530273
vertex -17.2122802734375 -47.35602951049805 -11.899999618530273
endloop
endfacet
facet normal 0 1 0
outer loop
vertex -78.2122802734375 -65.35602569580078 -11.899999618530273
vertex -78.2122802734375 -65.35602569580078 -0.5
vertex -75.77218627929688 -65.35602569580078 -5
endloop
endfacet
facet normal 0 1 0
outer loop
vertex -63.77218246459961 -65.35602569580078 -5
vertex -78.2122802734375 -65.35602569580078 -11.899999618530273
vertex -75.77218627929688 -65.35602569580078 -5
endloop
endfacet
facet normal 0 1 0
outer loop
vertex -63.77218246459961 -65.35602569580078 -5
vertex -63.77218246459961 -65.35602569580078 -0.5
vertex -17.2122802734375 -65.35602569580078 -0.5
endloop
endfacet
facet normal 0 -1 0
outer loop
vertex -78.2122802734375 -32.35602951049805 -4.099999904632568
vertex -78.2122802734375 -32.35602951049805 -11.899999618530273
vertex -11.7122802734375 -32.35602951049805 -4.099999904632568
endloop
endfacet
facet normal -1 0 0
outer loop
vertex -17.2122802734375 -65.35602569580078 -11.899999618530273
vertex -17.2122802734375 -65.35602569580078 -8.199999809265137
vertex -17.2122802734375 -47.35602951049805 -8.199999809265137
endloop
endfacet
facet normal -1 0 0
outer loop
vertex -11.7122802734375 -32.35602951049805 -11.899999618530273
vertex -11.7122802734375 -47.35602951049805 -11.899999618530273
vertex -11.7122802734375 -32.35602951049805 -8.199999809265137
endloop
endfacet
facet normal 0 -1 0
outer loop
vertex -78.2122802734375 -32.35602951049805 -11.899999618530273
vertex -11.7122802734375 -32.35602951049805 -11.899999618530273
vertex -11.7122802734375 -32.35602951049805 -8.199999809265137
endloop
endfacet
facet normal 0 0 1
outer loop
vertex -78.2122802734375 -32.35602951049805 -11.899999618530273
vertex -17.2122802734375 -47.35602951049805 -11.899999618530273
vertex -11.7122802734375 -32.35602951049805 -11.899999618530273
endloop
endfacet
facet normal 0 1 0
outer loop
vertex -17.2122802734375 -65.35602569580078 -0.5
vertex -17.2122802734375 -65.35602569580078 -8.199999809265137
vertex -63.77218246459961 -65.35602569580078 -5
endloop
endfacet
facet normal -1 0 0
outer loop
vertex -11.7122802734375 -47.35602951049805 -11.899999618530273
vertex -11.7122802734375 -47.35602951049805 -8.199999809265137
vertex -11.7122802734375 -32.35602951049805 -8.199999809265137
endloop
endfacet
facet normal -1 0 0
outer loop
vertex -17.2122802734375 -47.35602951049805 -11.899999618530273
vertex -17.2122802734375 -65.35602569580078 -11.899999618530273
vertex -17.2122802734375 -47.35602951049805 -8.199999809265137
endloop
endfacet
facet normal 0 1 0
outer loop
vertex -11.7122802734375 -47.35602951049805 -8.199999809265137
vertex -17.2122802734375 -47.35602951049805 -11.899999618530273
vertex -17.2122802734375 -47.35602951049805 -8.199999809265137
endloop
endfacet
facet normal 0 0 1
outer loop
vertex -17.2122802734375 -47.35602951049805 -11.899999618530273
vertex -11.7122802734375 -47.35602951049805 -11.899999618530273
vertex -11.7122802734375 -32.35602951049805 -11.899999618530273
endloop
endfacet
facet normal 0 1 0
outer loop
vertex -14.7122802734375 -65.35602569580078 -8.199999809265137
vertex -17.2122802734375 -65.35602569580078 -8.199999809265137
vertex -14.4622802734375 -65.35602569580078 -6.699999809265137
endloop
endfacet
facet normal 0 1 0
outer loop
vertex -4.962279796600342 -65.35602569580078 -6.699999809265137
vertex 20.7877197265625 -65.35602569580078 -0.5
vertex -4.712279796600342 -65.35602569580078 -8.199999809265137
endloop
endfacet
facet normal 0 0 1
outer loop
vertex -17.2122802734375 -65.35602569580078 -8.199999809265137
vertex -14.7122802734375 -65.35602569580078 -8.199999809265137
vertex -14.7122802734375 -56.35602951049805 -8.199999809265137
endloop
endfacet
facet normal 0 1 0
outer loop
vertex -14.4622802734375 -65.35602569580078 -8.199999809265137
vertex -14.7122802734375 -65.35602569580078 -8.199999809265137
vertex -14.4622802734375 -65.35602569580078 -6.699999809265137
endloop
endfacet
facet normal 0 1 0
outer loop
vertex -13.4622802734375 -65.35602569580078 -5.699999809265137
vertex -17.2122802734375 -65.35602569580078 -0.5
vertex 20.7877197265625 -65.35602569580078 -0.5
endloop
endfacet
facet normal 0 1 0
outer loop
vertex -17.2122802734375 -65.35602569580078 -0.5
vertex -13.4622802734375 -65.35602569580078 -5.699999809265137
vertex -13.844963073730469 -65.35602569580078 -5.776120662689209
endloop
endfacet
facet normal 0 1 0
outer loop
vertex -4.712279796600342 -65.35602569580078 -8.199999809265137
vertex -4.962279796600342 -65.35602569580078 -8.199999809265137
vertex -4.962279796600342 -65.35602569580078 -6.699999809265137
endloop
endfacet
facet normal 0 1 0
outer loop
vertex -14.169386863708496 -65.35602569580078 -5.992893218994141
vertex -17.2122802734375 -65.35602569580078 -0.5
vertex -13.844963073730469 -65.35602569580078 -5.776120662689209
endloop
endfacet
facet normal 0 1 0
outer loop
vertex -14.386159896850586 -65.35602569580078 -6.31731653213501
vertex -17.2122802734375 -65.35602569580078 -0.5
vertex -14.169386863708496 -65.35602569580078 -5.992893218994141
endloop
endfacet
facet normal 0 -1 0
outer loop
vertex 20.7877197265625 -32.35602951049805 -4.099999904632568
vertex -11.7122802734375 -32.35602951049805 -8.199999809265137
vertex 20.7877197265625 -32.35602951049805 -8.199999809265137
endloop
endfacet
facet normal 0 1 0
outer loop
vertex -17.2122802734375 -65.35602569580078 -8.199999809265137
vertex -17.2122802734375 -65.35602569580078 -0.5
vertex -14.4622802734375 -65.35602569580078 -6.699999809265137
endloop
endfacet
facet normal 0 1 0
outer loop
vertex -14.4622802734375 -65.35602569580078 -6.699999809265137
vertex -17.2122802734375 -65.35602569580078 -0.5
vertex -14.386159896850586 -65.35602569580078 -6.31731653213501
endloop
endfacet
facet normal 0 0 1
outer loop
vertex 20.7877197265625 -32.35602951049805 -8.199999809265137
vertex -7.262279987335205 -34.45602798461914 -8.199999809265137
vertex -3.1622798442840576 -34.45602798461914 -8.199999809265137
endloop
endfacet
facet normal 0 0 1
outer loop
vertex -11.7122802734375 -32.35602951049805 -8.199999809265137
vertex -7.262279987335205 -34.45602798461914 -8.199999809265137
vertex 20.7877197265625 -32.35602951049805 -8.199999809265137
endloop
endfacet
facet normal 0 0 1
outer loop
vertex -3.1622798442840576 -34.45602798461914 -8.199999809265137
vertex -3.1622798442840576 -44.25602722167969 -8.199999809265137
vertex 20.7877197265625 -32.35602951049805 -8.199999809265137
endloop
endfacet
facet normal -1 0 0
outer loop
vertex 20.7877197265625 -65.0560302734375 -0.5
vertex 20.7877197265625 -65.0560302734375 -4.099999904632568
vertex 20.7877197265625 -65.35602569580078 -0.5
endloop
endfacet
facet normal -1 0 0
outer loop
vertex 20.7877197265625 -65.35602569580078 -8.199999809265137
vertex 20.7877197265625 -65.35602569580078 -0.5
vertex 20.7877197265625 -65.0560302734375 -4.099999904632568
endloop
endfacet
facet normal 0 1 0
outer loop
vertex -5.962279796600342 -65.35602569580078 -5.699999809265137
vertex 20.7877197265625 -65.35602569580078 -0.5
vertex -5.579596519470215 -65.35602569580078 -5.776120662689209
endloop
endfacet
facet normal 0 1 0
outer loop
vertex -5.579596519470215 -65.35602569580078 -5.776120662689209
vertex 20.7877197265625 -65.35602569580078 -0.5
vertex -5.255173206329346 -65.35602569580078 -5.992893218994141
endloop
endfacet
facet normal 0 1 0
outer loop
vertex -5.255173206329346 -65.35602569580078 -5.992893218994141
vertex 20.7877197265625 -65.35602569580078 -0.5
vertex -5.038400173187256 -65.35602569580078 -6.31731653213501
endloop
endfacet
facet normal 0 1 0
outer loop
vertex -13.4622802734375 -65.35602569580078 -5.699999809265137
vertex 20.7877197265625 -65.35602569580078 -0.5
vertex -5.962279796600342 -65.35602569580078 -5.699999809265137
endloop
endfacet
facet normal -1 0 0
outer loop
vertex 20.7877197265625 -32.35602951049805 -4.099999904632568
vertex 20.7877197265625 -65.35602569580078 -8.199999809265137
vertex 20.7877197265625 -65.0560302734375 -4.099999904632568
endloop
endfacet
facet normal -1 0 0
outer loop
vertex 20.7877197265625 -32.35602951049805 -8.199999809265137
vertex 20.7877197265625 -65.35602569580078 -8.199999809265137
vertex 20.7877197265625 -32.35602951049805 -4.099999904632568
endloop
endfacet
facet normal 0 0 1
outer loop
vertex -17.2122802734375 -47.35602951049805 -8.199999809265137
vertex -17.2122802734375 -65.35602569580078 -8.199999809265137
vertex -14.7122802734375 -56.35602951049805 -8.199999809265137
endloop
endfacet
facet normal 0 0 1
outer loop
vertex -17.2122802734375 -47.35602951049805 -8.199999809265137
vertex -14.7122802734375 -56.35602951049805 -8.199999809265137
vertex -4.712279796600342 -56.35602951049805 -8.199999809265137
endloop
endfacet
facet normal 0 0 1
outer loop
vertex -11.7122802734375 -47.35602951049805 -8.199999809265137
vertex -17.2122802734375 -47.35602951049805 -8.199999809265137
vertex 20.7877197265625 -65.35602569580078 -8.199999809265137
endloop
endfacet
facet normal 0 0 1
outer loop
vertex 20.7877197265625 -65.35602569580078 -8.199999809265137
vertex -17.2122802734375 -47.35602951049805 -8.199999809265137
vertex -4.712279796600342 -56.35602951049805 -8.199999809265137
endloop
endfacet
facet normal 0 0 1
outer loop
vertex -7.262279987335205 -44.25602722167969 -8.199999809265137
vertex -7.262279987335205 -34.45602798461914 -8.199999809265137
vertex -11.7122802734375 -47.35602951049805 -8.199999809265137
endloop
endfacet
facet normal 0 0 1
outer loop
vertex -3.1622798442840576 -44.25602722167969 -8.199999809265137
vertex 20.7877197265625 -65.35602569580078 -8.199999809265137
vertex 20.7877197265625 -32.35602951049805 -8.199999809265137
endloop
endfacet
facet normal 0 0 1
outer loop
vertex -3.1622798442840576 -44.25602722167969 -8.199999809265137
vertex -7.262279987335205 -44.25602722167969 -8.199999809265137
vertex 20.7877197265625 -65.35602569580078 -8.199999809265137
endloop
endfacet
facet normal 0 0 1
outer loop
vertex -11.7122802734375 -32.35602951049805 -8.199999809265137
vertex -11.7122802734375 -47.35602951049805 -8.199999809265137
vertex -7.262279987335205 -34.45602798461914 -8.199999809265137
endloop
endfacet
facet normal 0 -1 0
outer loop
vertex -11.7122802734375 -32.35602951049805 -4.099999904632568
vertex -11.7122802734375 -32.35602951049805 -8.199999809265137
vertex 20.7877197265625 -32.35602951049805 -4.099999904632568
endloop
endfacet
facet normal 0 0 1
outer loop
vertex -7.262279987335205 -44.25602722167969 -8.199999809265137
vertex -11.7122802734375 -47.35602951049805 -8.199999809265137
vertex 20.7877197265625 -65.35602569580078 -8.199999809265137
endloop
endfacet
facet normal 0 1 0
outer loop
vertex -4.712279796600342 -65.35602569580078 -8.199999809265137
vertex 20.7877197265625 -65.35602569580078 -0.5
vertex 20.7877197265625 -65.35602569580078 -8.199999809265137
endloop
endfacet
facet normal 0 1 0
outer loop
vertex -5.038400173187256 -65.35602569580078 -6.31731653213501
vertex 20.7877197265625 -65.35602569580078 -0.5
vertex -4.962279796600342 -65.35602569580078 -6.699999809265137
endloop
endfacet
facet normal 0 0 1
outer loop
vertex -4.712279796600342 -56.35602951049805 -8.199999809265137
vertex -4.712279796600342 -65.35602569580078 -8.199999809265137
vertex 20.7877197265625 -65.35602569580078 -8.199999809265137
endloop
endfacet
facet normal 0 0 1
outer loop
vertex -14.7122802734375 -65.35602569580078 -9.5
vertex -4.712279796600342 -65.35602569580078 -9.5
vertex -14.7122802734375 -56.35602951049805 -9.5
endloop
endfacet
facet normal 0 1 0
outer loop
vertex -5.255173206329346 -65.35602569580078 -8.907106399536133
vertex -5.038400173187256 -65.35602569580078 -8.582683563232422
vertex -4.712279796600342 -65.35602569580078 -9.5
endloop
endfacet
facet normal 0 -1 0
outer loop
vertex -14.7122802734375 -56.35602951049805 -8.199999809265137
vertex -14.7122802734375 -56.35602951049805 -9.5
vertex -4.712279796600342 -56.35602951049805 -8.199999809265137
endloop
endfacet
facet normal -1 0 0
outer loop
vertex -4.712279796600342 -56.35602951049805 -9.5
vertex -4.712279796600342 -65.35602569580078 -8.199999809265137
vertex -4.712279796600342 -56.35602951049805 -8.199999809265137
endloop
endfacet
facet normal 0 0 1
outer loop
vertex -14.7122802734375 -56.35602951049805 -9.5
vertex -4.712279796600342 -65.35602569580078 -9.5
vertex -4.712279796600342 -56.35602951049805 -9.5
endloop
endfacet
facet normal 0 1 0
outer loop
vertex -4.712279796600342 -65.35602569580078 -9.5
vertex -5.962279796600342 -65.35602569580078 -9.199999809265137
vertex -5.579596519470215 -65.35602569580078 -9.123879432678223
endloop
endfacet
facet normal 0 1 0
outer loop
vertex -4.712279796600342 -65.35602569580078 -9.5
vertex -14.7122802734375 -65.35602569580078 -9.5
vertex -5.962279796600342 -65.35602569580078 -9.199999809265137
endloop
endfacet
facet normal 1 0 0
outer loop
vertex -14.7122802734375 -65.35602569580078 -9.5
vertex -14.7122802734375 -56.35602951049805 -9.5
vertex -14.7122802734375 -56.35602951049805 -8.199999809265137
endloop
endfacet
facet normal 1 0 0
outer loop
vertex -14.7122802734375 -56.35602951049805 -8.199999809265137
vertex -14.7122802734375 -65.35602569580078 -8.199999809265137
vertex -14.7122802734375 -65.35602569580078 -9.5
endloop
endfacet
facet normal 0 1 0
outer loop
vertex -14.4622802734375 -65.35602569580078 -8.199999809265137
vertex -14.386159896850586 -65.35602569580078 -8.582683563232422
vertex -14.7122802734375 -65.35602569580078 -8.199999809265137
endloop
endfacet
facet normal 0 1 0
outer loop
vertex -14.386159896850586 -65.35602569580078 -8.582683563232422
vertex -14.7122802734375 -65.35602569580078 -9.5
vertex -14.7122802734375 -65.35602569580078 -8.199999809265137
endloop
endfacet
facet normal 0 1 0
outer loop
vertex -14.386159896850586 -65.35602569580078 -8.582683563232422
vertex -14.169386863708496 -65.35602569580078 -8.907106399536133
vertex -14.7122802734375 -65.35602569580078 -9.5
endloop
endfacet
facet normal 0 1 0
outer loop
vertex -14.169386863708496 -65.35602569580078 -8.907106399536133
vertex -13.844963073730469 -65.35602569580078 -9.123879432678223
vertex -14.7122802734375 -65.35602569580078 -9.5
endloop
endfacet
facet normal 0 1 0
outer loop
vertex -13.4622802734375 -65.35602569580078 -9.199999809265137
vertex -5.962279796600342 -65.35602569580078 -9.199999809265137
vertex -14.7122802734375 -65.35602569580078 -9.5
endloop
endfacet
facet normal 0 -1 0
outer loop
vertex -4.712279796600342 -56.35602951049805 -8.199999809265137
vertex -14.7122802734375 -56.35602951049805 -9.5
vertex -4.712279796600342 -56.35602951049805 -9.5
endloop
endfacet
facet normal 0 1 0
outer loop
vertex -4.712279796600342 -65.35602569580078 -8.199999809265137
vertex -4.712279796600342 -65.35602569580078 -9.5
vertex -4.962279796600342 -65.35602569580078 -8.199999809265137
endloop
endfacet
facet normal 0 1 0
outer loop
vertex -5.038400173187256 -65.35602569580078 -8.582683563232422
vertex -4.962279796600342 -65.35602569580078 -8.199999809265137
vertex -4.712279796600342 -65.35602569580078 -9.5
endloop
endfacet
facet normal -1 0 0
outer loop
vertex -4.712279796600342 -56.35602951049805 -9.5
vertex -4.712279796600342 -65.35602569580078 -9.5
vertex -4.712279796600342 -65.35602569580078 -8.199999809265137
endloop
endfacet
facet normal 0 1 0
outer loop
vertex -13.844963073730469 -65.35602569580078 -9.123879432678223
vertex -13.4622802734375 -65.35602569580078 -9.199999809265137
vertex -14.7122802734375 -65.35602569580078 -9.5
endloop
endfacet
facet normal 0 1 0
outer loop
vertex -4.712279796600342 -65.35602569580078 -9.5
vertex -5.579596519470215 -65.35602569580078 -9.123879432678223
vertex -5.255173206329346 -65.35602569580078 -8.907106399536133
endloop
endfacet
facet normal 0 -1 0
outer loop
vertex -7.262279987335205 -34.45602798461914 -10
vertex -3.1622798442840576 -34.45602798461914 -10
vertex -3.1622798442840576 -34.45602798461914 -8.199999809265137
endloop
endfacet
facet normal 0 0 1
outer loop
vertex -7.262279987335205 -44.25602722167969 -10
vertex -6.462279796600342 -36.10602951049805 -10
vertex -7.262279987335205 -34.45602798461914 -10
endloop
endfacet
facet normal 0 0 1
outer loop
vertex -7.262279987335205 -34.45602798461914 -10
vertex -6.462279796600342 -36.10602951049805 -10
vertex -3.1622798442840576 -34.45602798461914 -10
endloop
endfacet
facet normal 1 0 0
outer loop
vertex -7.262279987335205 -34.45602798461914 -8.199999809265137
vertex -7.262279987335205 -44.25602722167969 -10
vertex -7.262279987335205 -34.45602798461914 -10
endloop
endfacet
facet normal 0 1 0
outer loop
vertex -3.1622798442840576 -44.25602722167969 -8.199999809265137
vertex -3.1622798442840576 -44.25602722167969 -10
vertex -7.262279987335205 -44.25602722167969 -8.199999809265137
endloop
endfacet
facet normal 1 0 0
outer loop
vertex -7.262279987335205 -44.25602722167969 -8.199999809265137
vertex -7.262279987335205 -44.25602722167969 -10
vertex -7.262279987335205 -34.45602798461914 -8.199999809265137
endloop
endfacet
facet normal -1 0 0
outer loop
vertex -3.1622798442840576 -34.45602798461914 -10
vertex -3.1622798442840576 -44.25602722167969 -10
vertex -3.1622798442840576 -44.25602722167969 -8.199999809265137
endloop
endfacet
facet normal 0 0 1
outer loop
vertex -3.962280035018921 -42.60602951049805 -10
vertex -3.1622798442840576 -44.25602722167969 -10
vertex -3.1622798442840576 -34.45602798461914 -10
endloop
endfacet
facet normal 0 0 1
outer loop
vertex -3.962280035018921 -42.60602951049805 -10
vertex -7.262279987335205 -44.25602722167969 -10
vertex -3.1622798442840576 -44.25602722167969 -10
endloop
endfacet
facet normal 0 0 1
outer loop
vertex -7.262279987335205 -44.25602722167969 -10
vertex -6.462279796600342 -42.60602951049805 -10
vertex -6.462279796600342 -36.10602951049805 -10
endloop
endfacet
facet normal 0 0 1
outer loop
vertex -3.962280035018921 -42.60602951049805 -10
vertex -6.462279796600342 -42.60602951049805 -10
vertex -7.262279987335205 -44.25602722167969 -10
endloop
endfacet
facet normal 0 1 0
outer loop
vertex -7.262279987335205 -44.25602722167969 -10
vertex -7.262279987335205 -44.25602722167969 -8.199999809265137
vertex -3.1622798442840576 -44.25602722167969 -10
endloop
endfacet
facet normal 0 0 1
outer loop
vertex -3.962280035018921 -36.10602951049805 -10
vertex -3.962280035018921 -42.60602951049805 -10
vertex -3.1622798442840576 -34.45602798461914 -10
endloop
endfacet
facet normal -1 0 0
outer loop
vertex -3.1622798442840576 -34.45602798461914 -10
vertex -3.1622798442840576 -44.25602722167969 -8.199999809265137
vertex -3.1622798442840576 -34.45602798461914 -8.199999809265137
endloop
endfacet
facet normal 0 -1 0
outer loop
vertex -7.262279987335205 -34.45602798461914 -8.199999809265137
vertex -7.262279987335205 -34.45602798461914 -10
vertex -3.1622798442840576 -34.45602798461914 -8.199999809265137
endloop
endfacet
facet normal 0 0 1
outer loop
vertex -3.1622798442840576 -34.45602798461914 -10
vertex -6.462279796600342 -36.10602951049805 -10
vertex -3.962280035018921 -36.10602951049805 -10
endloop
endfacet
facet normal 1 0 0
outer loop
vertex -6.462279796600342 -42.60602951049805 -11.699999809265137
vertex -6.462279796600342 -36.10602951049805 -11.699999809265137
vertex -6.462279796600342 -42.60602951049805 -10
endloop
endfacet
facet normal 0 -1 0
outer loop
vertex -6.462279796600342 -36.10602951049805 -10
vertex -3.962280035018921 -36.10602951049805 -11.699999809265137
vertex -3.962280035018921 -36.10602951049805 -10
endloop
endfacet
facet normal -1 0 0
outer loop
vertex -3.962280035018921 -42.60602951049805 -11.699999809265137
vertex -3.962280035018921 -36.10602951049805 -10
vertex -3.962280035018921 -36.10602951049805 -11.699999809265137
endloop
endfacet
facet normal 1 0 0
outer loop
vertex -6.462279796600342 -36.10602951049805 -10
vertex -6.462279796600342 -42.60602951049805 -10
vertex -6.462279796600342 -36.10602951049805 -11.699999809265137
endloop
endfacet
facet normal -1 0 0
outer loop
vertex -3.962280035018921 -42.60602951049805 -11.699999809265137
vertex -3.962280035018921 -42.60602951049805 -10
vertex -3.962280035018921 -36.10602951049805 -10
endloop
endfacet
facet normal 0 1 0
outer loop
vertex -3.962280035018921 -42.60602951049805 -11.699999809265137
vertex -6.462279796600342 -42.60602951049805 -11.699999809265137
vertex -3.962280035018921 -42.60602951049805 -10
endloop
endfacet
facet normal 0 1 0
outer loop
vertex -3.962280035018921 -42.60602951049805 -10
vertex -6.462279796600342 -42.60602951049805 -11.699999809265137
vertex -6.462279796600342 -42.60602951049805 -10
endloop
endfacet
facet normal 0 -1 0
outer loop
vertex -6.462279796600342 -36.10602951049805 -11.699999809265137
vertex -3.962280035018921 -36.10602951049805 -11.699999809265137
vertex -6.462279796600342 -36.10602951049805 -10
endloop
endfacet
facet normal -0.9807860075161765 -0.19508666653689738 0
outer loop
vertex 10.249659538269043 -32.1646842956543 -11.699999809265137
vertex 10.249659538269043 -32.1646842956543 -13.452295303344727
vertex 10.2877197265625 -32.35602951049805 -11.699999809265137
endloop
endfacet
facet normal 0.1951045147971481 0.9807824571768041 0
outer loop
vertex -9.2122802734375 -46.85602951049805 -14.428092956542969
vertex -9.403621673583984 -46.81796646118164 -14.425565719604492
vertex -9.403621673583984 -46.81796646118164 -11.699999809265137
endloop
endfacet
facet normal 0 0 -1
outer loop
vertex 10.249659538269043 -32.1646842956543 -11.699999809265137
vertex 10.141273498535156 -46.70957946777344 -11.699999809265137
vertex 10.141273498535156 -32.00247573852539 -11.699999809265137
endloop
endfacet
facet normal 0 0 -1
outer loop
vertex 10.2877197265625 -32.35602951049805 -11.699999809265137
vertex 10.249659538269043 -46.54737091064453 -11.699999809265137
vertex 10.249659538269043 -32.1646842956543 -11.699999809265137
endloop
endfacet
facet normal -0.19509417482660857 -0.9807845140237099 0
outer loop
vertex 9.7877197265625 -31.856027603149414 -11.699999809265137
vertex 9.7877197265625 -31.856027603149414 -13.431794166564941
vertex 9.9790620803833 -31.894088745117188 -11.699999809265137
endloop
endfacet
facet normal 0 0 -1
outer loop
vertex 10.141273498535156 -32.00247573852539 -11.699999809265137
vertex 9.9790620803833 -46.81796646118164 -11.699999809265137
vertex 9.9790620803833 -31.894088745117188 -11.699999809265137
endloop
endfacet
facet normal 0 0 -1
outer loop
vertex 9.9790620803833 -31.894088745117188 -11.699999809265137
vertex 9.7877197265625 -46.85602951049805 -11.699999809265137
vertex 9.7877197265625 -31.856027603149414 -11.699999809265137
endloop
endfacet
facet normal 0 0 -1
outer loop
vertex 9.7877197265625 -31.856027603149414 -11.699999809265137
vertex -3.962280035018921 -42.60602951049805 -11.699999809265137
vertex -3.962280035018921 -36.10602951049805 -11.699999809265137
endloop
endfacet
facet normal -0.9807860075161765 -0.19508666653689738 0
outer loop
vertex 10.2877197265625 -32.35602951049805 -11.699999809265137
vertex 10.249659538269043 -32.1646842956543 -13.452295303344727
vertex 10.2877197265625 -32.35602951049805 -13.465004920959473
endloop
endfacet
facet normal -1 0 0
outer loop
vertex 10.2877197265625 -32.35602951049805 -13.465004920959473
vertex 10.2877197265625 -46.35602951049805 -11.699999809265137
vertex 10.2877197265625 -32.35602951049805 -11.699999809265137
endloop
endfacet
facet normal -0.8314654756948736 -0.5555764238405889 0
outer loop
vertex 10.141273498535156 -32.00247573852539 -11.699999809265137
vertex 10.141273498535156 -32.00247573852539 -13.441521644592285
vertex 10.249659538269043 -32.1646842956543 -11.699999809265137
endloop
endfacet
facet normal -0.5555730288971555 -0.8314677441500905 0
outer loop
vertex 9.9790620803833 -31.894088745117188 -11.699999809265137
vertex 9.9790620803833 -31.894088745117188 -13.434322357177734
vertex 10.141273498535156 -32.00247573852539 -11.699999809265137
endloop
endfacet
facet normal -0.8314654756948736 -0.5555764238405889 0
outer loop
vertex 10.141273498535156 -32.00247573852539 -13.441521644592285
vertex 10.249659538269043 -32.1646842956543 -13.452295303344727
vertex 10.249659538269043 -32.1646842956543 -11.699999809265137
endloop
endfacet
facet normal -0.5555730288971555 -0.8314677441500905 0
outer loop
vertex 9.9790620803833 -31.894088745117188 -13.434322357177734
vertex 10.141273498535156 -32.00247573852539 -13.441521644592285
vertex 10.141273498535156 -32.00247573852539 -11.699999809265137
endloop
endfacet
facet normal -0.19509417482660854 -0.9807845140237098 0
outer loop
vertex 9.7877197265625 -31.856027603149414 -13.431794166564941
vertex 9.9790620803833 -31.894088745117188 -13.434322357177734
vertex 9.9790620803833 -31.894088745117188 -11.699999809265137
endloop
endfacet
facet normal 0 -1 0
outer loop
vertex 9.7877197265625 -31.856027603149414 -11.699999809265137
vertex -9.2122802734375 -31.856027603149414 -13.431794166564941
vertex 9.7877197265625 -31.856027603149414 -13.431794166564941
endloop
endfacet
facet normal 0 0 -1
outer loop
vertex 10.2877197265625 -46.35602951049805 -11.699999809265137
vertex 10.249659538269043 -46.54737091064453 -11.699999809265137
vertex 10.2877197265625 -32.35602951049805 -11.699999809265137
endloop
endfacet
facet normal 0 0 -1
outer loop
vertex 10.249659538269043 -46.54737091064453 -11.699999809265137
vertex 10.141273498535156 -46.70957946777344 -11.699999809265137
vertex 10.249659538269043 -32.1646842956543 -11.699999809265137
endloop
endfacet
facet normal 0 0 -1
outer loop
vertex 10.141273498535156 -46.70957946777344 -11.699999809265137
vertex 9.9790620803833 -46.81796646118164 -11.699999809265137
vertex 10.141273498535156 -32.00247573852539 -11.699999809265137
endloop
endfacet
facet normal 0 0 -1
outer loop
vertex 9.9790620803833 -46.81796646118164 -11.699999809265137
vertex 9.7877197265625 -46.85602951049805 -11.699999809265137
vertex 9.9790620803833 -31.894088745117188 -11.699999809265137
endloop
endfacet
facet normal 0 0 -1
outer loop
vertex 9.7877197265625 -46.85602951049805 -11.699999809265137
vertex -9.2122802734375 -46.85602951049805 -11.699999809265137
vertex 9.7877197265625 -31.856027603149414 -11.699999809265137
endloop
endfacet
facet normal -0.9807852633251952 0.19509040787318935 0
outer loop
vertex 10.2877197265625 -46.35602951049805 -11.699999809265137
vertex 10.2877197265625 -46.35602951049805 -14.394883155822754
vertex 10.249659538269043 -46.54737091064453 -11.699999809265137
endloop
endfacet
facet normal -1 0 0
outer loop
vertex 10.2877197265625 -46.35602951049805 -11.699999809265137
vertex 10.2877197265625 -32.35602951049805 -13.465004920959473
vertex 10.2877197265625 -46.35602951049805 -14.394883155822754
endloop
endfacet
facet normal -0.8314654756948736 0.5555764238405889 0
outer loop
vertex 10.249659538269043 -46.54737091064453 -11.699999809265137
vertex 10.249659538269043 -46.54737091064453 -14.4075927734375
vertex 10.141273498535156 -46.70957946777344 -11.699999809265137
endloop
endfacet
facet normal -0.5555730288971555 0.8314677441500905 0
outer loop
vertex 10.141273498535156 -46.70957946777344 -11.699999809265137
vertex 10.141273498535156 -46.70957946777344 -14.418366432189941
vertex 9.9790620803833 -46.81796646118164 -11.699999809265137
endloop
endfacet
facet normal -0.19510357938760606 0.9807826432549387 0
outer loop
vertex 9.9790620803833 -46.81796646118164 -11.699999809265137
vertex 9.9790620803833 -46.81796646118164 -14.425565719604492
vertex 9.7877197265625 -46.85602951049805 -11.699999809265137
endloop
endfacet
facet normal 0 1 0
outer loop
vertex 9.7877197265625 -46.85602951049805 -14.428092956542969
vertex -9.2122802734375 -46.85602951049805 -11.699999809265137
vertex 9.7877197265625 -46.85602951049805 -11.699999809265137
endloop
endfacet
facet normal -0.9807852633251953 0.19509040787318938 0
outer loop
vertex 10.249659538269043 -46.54737091064453 -14.4075927734375
vertex 10.249659538269043 -46.54737091064453 -11.699999809265137
vertex 10.2877197265625 -46.35602951049805 -14.394883155822754
endloop
endfacet
facet normal -0.8314654756948735 0.5555764238405888 0
outer loop
vertex 10.249659538269043 -46.54737091064453 -14.4075927734375
vertex 10.141273498535156 -46.70957946777344 -14.418366432189941
vertex 10.141273498535156 -46.70957946777344 -11.699999809265137
endloop
endfacet
facet normal -0.5555730288971555 0.8314677441500905 0
outer loop
vertex 10.141273498535156 -46.70957946777344 -14.418366432189941
vertex 9.9790620803833 -46.81796646118164 -14.425565719604492
vertex 9.9790620803833 -46.81796646118164 -11.699999809265137
endloop
endfacet
facet normal -0.195103579387606 0.9807826432549386 0
outer loop
vertex 9.9790620803833 -46.81796646118164 -14.425565719604492
vertex 9.7877197265625 -46.85602951049805 -14.428092956542969
vertex 9.7877197265625 -46.85602951049805 -11.699999809265137
endloop
endfacet
facet normal 0 0 -1
outer loop
vertex 9.7877197265625 -31.856027603149414 -11.699999809265137
vertex -6.462279796600342 -36.10602951049805 -11.699999809265137
vertex -9.2122802734375 -31.856027603149414 -11.699999809265137
endloop
endfacet
facet normal 0 0 -1
outer loop
vertex -3.962280035018921 -36.10602951049805 -11.699999809265137
vertex -6.462279796600342 -36.10602951049805 -11.699999809265137
vertex 9.7877197265625 -31.856027603149414 -11.699999809265137
endloop
endfacet
facet normal 0 0 -1
outer loop
vertex -6.462279796600342 -36.10602951049805 -11.699999809265137
vertex -9.2122802734375 -46.85602951049805 -11.699999809265137
vertex -9.2122802734375 -31.856027603149414 -11.699999809265137
endloop
endfacet
facet normal 0 0 -1
outer loop
vertex -9.2122802734375 -31.856027603149414 -11.699999809265137
vertex -9.403621673583984 -46.81796646118164 -11.699999809265137
vertex -9.403621673583984 -31.894088745117188 -11.699999809265137
endloop
endfacet
facet normal 0 0 -1
outer loop
vertex -9.403621673583984 -31.894088745117188 -11.699999809265137
vertex -9.56583309173584 -46.70957946777344 -11.699999809265137
vertex -9.56583309173584 -32.00247573852539 -11.699999809265137
endloop
endfacet
facet normal 0 0 -1
outer loop
vertex -9.674220085144043 -32.1646842956543 -11.699999809265137
vertex -9.7122802734375 -46.35602951049805 -11.699999809265137
vertex -9.7122802734375 -32.35602951049805 -11.699999809265137
endloop
endfacet
facet normal 0 0 -1
outer loop
vertex -9.56583309173584 -32.00247573852539 -11.699999809265137
vertex -9.674220085144043 -46.54737091064453 -11.699999809265137
vertex -9.674220085144043 -32.1646842956543 -11.699999809265137
endloop
endfacet
facet normal 0 -1 0
outer loop
vertex -9.2122802734375 -31.856027603149414 -11.699999809265137
vertex -9.2122802734375 -31.856027603149414 -13.431794166564941
vertex 9.7877197265625 -31.856027603149414 -11.699999809265137
endloop
endfacet
facet normal 0.19509511019462944 -0.980784327963159 0
outer loop
vertex -9.403621673583984 -31.894088745117188 -11.699999809265137
vertex -9.403621673583984 -31.894088745117188 -13.434322357177734
vertex -9.2122802734375 -31.856027603149414 -11.699999809265137
endloop
endfacet
facet normal 0.5555730288971555 -0.8314677441500905 0
outer loop
vertex -9.56583309173584 -32.00247573852539 -11.699999809265137
vertex -9.56583309173584 -32.00247573852539 -13.441521644592285
vertex -9.403621673583984 -31.894088745117188 -11.699999809265137
endloop
endfacet
facet normal 0.83146321751404 -0.5555798033776966 0
outer loop
vertex -9.674220085144043 -32.1646842956543 -11.699999809265137
vertex -9.674220085144043 -32.1646842956543 -13.452295303344727
vertex -9.56583309173584 -32.00247573852539 -11.699999809265137
endloop
endfacet
facet normal 0.9807860075161765 -0.19508666653689738 0
outer loop
vertex -9.7122802734375 -32.35602951049805 -11.699999809265137
vertex -9.7122802734375 -32.35602951049805 -13.465004920959473
vertex -9.674220085144043 -32.1646842956543 -11.699999809265137
endloop
endfacet
facet normal 0.19509511019462944 -0.980784327963159 0
outer loop
vertex -9.403621673583984 -31.894088745117188 -13.434322357177734
vertex -9.2122802734375 -31.856027603149414 -13.431794166564941
vertex -9.2122802734375 -31.856027603149414 -11.699999809265137
endloop
endfacet
facet normal 0.5555730288971555 -0.8314677441500905 0
outer loop
vertex -9.56583309173584 -32.00247573852539 -13.441521644592285
vertex -9.403621673583984 -31.894088745117188 -13.434322357177734
vertex -9.403621673583984 -31.894088745117188 -11.699999809265137
endloop
endfacet
facet normal 0.83146321751404 -0.5555798033776966 0
outer loop
vertex -9.674220085144043 -32.1646842956543 -13.452295303344727
vertex -9.56583309173584 -32.00247573852539 -13.441521644592285
vertex -9.56583309173584 -32.00247573852539 -11.699999809265137
endloop
endfacet
facet normal 0.9807860075161765 -0.19508666653689738 0
outer loop
vertex -9.7122802734375 -32.35602951049805 -13.465004920959473
vertex -9.674220085144043 -32.1646842956543 -13.452295303344727
vertex -9.674220085144043 -32.1646842956543 -11.699999809265137
endloop
endfacet
facet normal 1 0 0
outer loop
vertex -9.7122802734375 -32.35602951049805 -11.699999809265137
vertex -9.7122802734375 -46.35602951049805 -14.394883155822754
vertex -9.7122802734375 -32.35602951049805 -13.465004920959473
endloop
endfacet
facet normal 0 0 -1
outer loop
vertex -9.2122802734375 -46.85602951049805 -11.699999809265137
vertex -3.962280035018921 -42.60602951049805 -11.699999809265137
vertex 9.7877197265625 -31.856027603149414 -11.699999809265137
endloop
endfacet
facet normal 0 0 -1
outer loop
vertex -6.462279796600342 -42.60602951049805 -11.699999809265137
vertex -9.2122802734375 -46.85602951049805 -11.699999809265137
vertex -6.462279796600342 -36.10602951049805 -11.699999809265137
endloop
endfacet
facet normal 0 0 -1
outer loop
vertex -9.2122802734375 -46.85602951049805 -11.699999809265137
vertex -9.403621673583984 -46.81796646118164 -11.699999809265137
vertex -9.2122802734375 -31.856027603149414 -11.699999809265137
endloop
endfacet
facet normal 0 0 -1
outer loop
vertex -9.403621673583984 -46.81796646118164 -11.699999809265137
vertex -9.56583309173584 -46.70957946777344 -11.699999809265137
vertex -9.403621673583984 -31.894088745117188 -11.699999809265137
endloop
endfacet
facet normal 0 0 -1
outer loop
vertex -9.674220085144043 -46.54737091064453 -11.699999809265137
vertex -9.7122802734375 -46.35602951049805 -11.699999809265137
vertex -9.674220085144043 -32.1646842956543 -11.699999809265137
endloop
endfacet
facet normal 0 0 -1
outer loop
vertex -9.56583309173584 -46.70957946777344 -11.699999809265137
vertex -9.674220085144043 -46.54737091064453 -11.699999809265137
vertex -9.56583309173584 -32.00247573852539 -11.699999809265137
endloop
endfacet
facet normal 0 0 -1
outer loop
vertex -6.462279796600342 -42.60602951049805 -11.699999809265137
vertex -3.962280035018921 -42.60602951049805 -11.699999809265137
vertex -9.2122802734375 -46.85602951049805 -11.699999809265137
endloop
endfacet
facet normal 1 0 0
outer loop
vertex -9.7122802734375 -46.35602951049805 -11.699999809265137
vertex -9.7122802734375 -46.35602951049805 -14.394883155822754
vertex -9.7122802734375 -32.35602951049805 -11.699999809265137
endloop
endfacet
facet normal 0.9807852633251953 0.19509040787318938 0
outer loop
vertex -9.674220085144043 -46.54737091064453 -11.699999809265137
vertex -9.674220085144043 -46.54737091064453 -14.4075927734375
vertex -9.7122802734375 -46.35602951049805 -11.699999809265137
endloop
endfacet
facet normal 0.19510451479714808 0.9807824571768041 0
outer loop
vertex -9.2122802734375 -46.85602951049805 -11.699999809265137
vertex -9.2122802734375 -46.85602951049805 -14.428092956542969
vertex -9.403621673583984 -46.81796646118164 -11.699999809265137
endloop
endfacet
facet normal 0.5555730288971555 0.8314677441500905 0
outer loop
vertex -9.403621673583984 -46.81796646118164 -11.699999809265137
vertex -9.403621673583984 -46.81796646118164 -14.425565719604492
vertex -9.56583309173584 -46.70957946777344 -11.699999809265137
endloop
endfacet
facet normal 0.83146321751404 0.5555798033776966 0
outer loop
vertex -9.56583309173584 -46.70957946777344 -11.699999809265137
vertex -9.56583309173584 -46.70957946777344 -14.418366432189941
vertex -9.674220085144043 -46.54737091064453 -11.699999809265137
endloop
endfacet
facet normal 0 1 0
outer loop
vertex 9.7877197265625 -46.85602951049805 -14.428092956542969
vertex -9.2122802734375 -46.85602951049805 -14.428092956542969
vertex -9.2122802734375 -46.85602951049805 -11.699999809265137
endloop
endfacet
facet normal 0.9807852633251952 0.19509040787318935 0
outer loop
vertex -9.7122802734375 -46.35602951049805 -14.394883155822754
vertex -9.7122802734375 -46.35602951049805 -11.699999809265137
vertex -9.674220085144043 -46.54737091064453 -14.4075927734375
endloop
endfacet
facet normal 0.8314632175140401 0.5555798033776967 0
outer loop
vertex -9.56583309173584 -46.70957946777344 -14.418366432189941
vertex -9.674220085144043 -46.54737091064453 -14.4075927734375
vertex -9.674220085144043 -46.54737091064453 -11.699999809265137
endloop
endfacet
facet normal 0.5555730288971555 0.8314677441500905 0
outer loop
vertex -9.403621673583984 -46.81796646118164 -14.425565719604492
vertex -9.56583309173584 -46.70957946777344 -14.418366432189941
vertex -9.56583309173584 -46.70957946777344 -11.699999809265137
endloop
endfacet
facet normal 0 0 1
outer loop
vertex 6.465112686157227 24.896278381347656 -4.099999904632568
vertex 5.202322959899902 24.55791473388672 -4.099999904632568
vertex 13.631571769714355 24.15044403076172 -4.099999904632568
endloop
endfacet
facet normal 0 0 1
outer loop
vertex 13.631571769714355 24.15044403076172 -4.099999904632568
vertex 9.57484245300293 20.8063907623291 -4.099999904632568
vertex 12.73879623413086 23.10513687133789 -4.099999904632568
endloop
endfacet
facet normal -1 0 0
outer loop
vertex -11.900038719177246 23.54397201538086 -0.5
vertex -11.900038719177246 16.593971252441406 -4.099999904632568
vertex -11.900038719177246 16.593971252441406 -0.5
endloop
endfacet
facet normal 0 1 0
outer loop
vertex -11.900038719177246 23.54397201538086 -0.5
vertex -6.6360392570495605 23.54397201538086 -4.099999904632568
vertex -11.900038719177246 23.54397201538086 -4.099999904632568
endloop
endfacet
facet normal 0 0 1
outer loop
vertex -5.313673496246338 23.54397201538086 -4.099999904632568
vertex -3.600038528442383 31.943971633911133 -4.099999904632568
vertex -3.4860968589782715 33.246334075927734 -4.099999904632568
endloop
endfacet
facet normal 0 0 1
outer loop
vertex -5.313673496246338 23.54397201538086 -4.099999904632568
vertex -3.4860968589782715 30.641611099243164 -4.099999904632568
vertex -3.600038528442383 31.943971633911133 -4.099999904632568
endloop
endfacet
facet normal 0 0 1
outer loop
vertex -3.147733211517334 29.378820419311523 -4.099999904632568
vertex -3.4860968589782715 30.641611099243164 -4.099999904632568
vertex -5.313673496246338 23.54397201538086 -4.099999904632568
endloop
endfacet
facet normal 0 0 1
outer loop
vertex 0.14996139705181122 25.448781967163086 -4.099999904632568
vertex -5.313673496246338 23.54397201538086 -4.099999904632568
vertex 1.3348103761672974 24.896278381347656 -4.099999904632568
endloop
endfacet
facet normal 0 0 1
outer loop
vertex -5.313673496246338 23.54397201538086 -4.099999904632568
vertex 2.597599983215332 24.55791473388672 -4.099999904632568
vertex 1.3348103761672974 24.896278381347656 -4.099999904632568
endloop
endfacet
facet normal 0 0 1
outer loop
vertex 0.14996139705181122 25.448781967163086 -4.099999904632568
vertex -0.9209457039833069 26.198638916015625 -4.099999904632568
vertex -5.313673496246338 23.54397201538086 -4.099999904632568
endloop
endfacet
facet normal 0 0 1
outer loop
vertex -2.595229148864746 28.193971633911133 -4.099999904632568
vertex -3.147733211517334 29.378820419311523 -4.099999904632568
vertex -5.313673496246338 23.54397201538086 -4.099999904632568
endloop
endfacet
facet normal 0 0 1
outer loop
vertex -1.845371961593628 27.123065948486328 -4.099999904632568
vertex -2.595229148864746 28.193971633911133 -4.099999904632568
vertex -5.313673496246338 23.54397201538086 -4.099999904632568
endloop
endfacet
facet normal 0 0 1
outer loop
vertex -0.9209457039833069 26.198638916015625 -4.099999904632568
vertex -1.845371961593628 27.123065948486328 -4.099999904632568
vertex -5.313673496246338 23.54397201538086 -4.099999904632568
endloop
endfacet
facet normal 0 0 1
outer loop
vertex -7.900038719177246 24.04397201538086 -4.099999904632568
vertex -5.313673496246338 23.54397201538086 -4.099999904632568
vertex -5.313673496246338 40.343971252441406 -4.099999904632568
endloop
endfacet
facet normal 0 0 1
outer loop
vertex 3.899961471557617 24.443971633911133 -4.099999904632568
vertex -5.313673496246338 23.54397201538086 -4.099999904632568
vertex 13.631571769714355 24.15044403076172 -4.099999904632568
endloop
endfacet
facet normal 0 0 1
outer loop
vertex -7.900038719177246 24.04397201538086 -4.099999904632568
vertex -6.6360392570495605 23.54397201538086 -4.099999904632568
vertex -5.313673496246338 23.54397201538086 -4.099999904632568
endloop
endfacet
facet normal 0 0 1
outer loop
vertex -7.900038719177246 24.04397201538086 -4.099999904632568
vertex -11.900038719177246 23.54397201538086 -4.099999904632568
vertex -6.6360392570495605 23.54397201538086 -4.099999904632568
endloop
endfacet
facet normal 0 0 1
outer loop
vertex 8.720868110656738 26.198638916015625 -4.099999904632568
vertex 7.649961471557617 25.448781967163086 -4.099999904632568
vertex 13.631571769714355 24.15044403076172 -4.099999904632568
endloop
endfacet
facet normal 0 0 1
outer loop
vertex -5.313673496246338 23.54397201538086 -4.099999904632568
vertex -4.938873291015625 23.10513687133789 -4.099999904632568
vertex 13.631571769714355 24.15044403076172 -4.099999904632568
endloop
endfacet
facet normal 0 0 1
outer loop
vertex 2.597599983215332 24.55791473388672 -4.099999904632568
vertex -5.313673496246338 23.54397201538086 -4.099999904632568
vertex 3.899961471557617 24.443971633911133 -4.099999904632568
endloop
endfacet
facet normal 0 0 1
outer loop
vertex 5.202322959899902 24.55791473388672 -4.099999904632568
vertex 3.899961471557617 24.443971633911133 -4.099999904632568
vertex 13.631571769714355 24.15044403076172 -4.099999904632568
endloop
endfacet
facet normal 0 0 1
outer loop
vertex 7.649961471557617 25.448781967163086 -4.099999904632568
vertex 6.465112686157227 24.896278381347656 -4.099999904632568
vertex 13.631571769714355 24.15044403076172 -4.099999904632568
endloop
endfacet
facet normal 0 0 1
outer loop
vertex -1.774919867515564 43.0815544128418 -4.099999904632568
vertex -0.9209457039833069 37.68930435180664 -4.099999904632568
vertex 0.037248965352773666 43.83218002319336 -4.099999904632568
endloop
endfacet
facet normal 0 0 1
outer loop
vertex -0.9209457039833069 37.68930435180664 -4.099999904632568
vertex 0.14996139705181122 38.43916320800781 -4.099999904632568
vertex 0.037248965352773666 43.83218002319336 -4.099999904632568
endloop
endfacet
facet normal 0 0 1
outer loop
vertex -1.774919867515564 43.0815544128418 -4.099999904632568
vertex -1.845371961593628 36.7648811340332 -4.099999904632568
vertex -0.9209457039833069 37.68930435180664 -4.099999904632568
endloop
endfacet
facet normal 0 0 1
outer loop
vertex -1.774919867515564 43.0815544128418 -4.099999904632568
vertex -2.595229148864746 35.693973541259766 -4.099999904632568
vertex -1.845371961593628 36.7648811340332 -4.099999904632568
endloop
endfacet
facet normal 0 0 1
outer loop
vertex -1.774919867515564 43.0815544128418 -4.099999904632568
vertex -3.147733211517334 34.509124755859375 -4.099999904632568
vertex -2.595229148864746 35.693973541259766 -4.099999904632568
endloop
endfacet
facet normal 0 0 1
outer loop
vertex -1.774919867515564 43.0815544128418 -4.099999904632568
vertex -3.4860968589782715 33.246334075927734 -4.099999904632568
vertex -3.147733211517334 34.509124755859375 -4.099999904632568
endloop
endfacet
facet normal 0 0 1
outer loop
vertex 13.631571769714355 24.15044403076172 -4.099999904632568
vertex 5.855391979217529 19.597867965698242 -4.099999904632568
vertex 7.762673854827881 20.05576515197754 -4.099999904632568
endloop
endfacet
facet normal 0 0 1
outer loop
vertex -3.447354316711426 42.05668640136719 -4.099999904632568
vertex -5.313673496246338 23.54397201538086 -4.099999904632568
vertex -1.774919867515564 43.0815544128418 -4.099999904632568
endloop
endfacet
facet normal 0 0 1
outer loop
vertex -4.938873291015625 40.782806396484375 -4.099999904632568
vertex -5.313673496246338 23.54397201538086 -4.099999904632568
vertex -3.447354316711426 42.05668640136719 -4.099999904632568
endloop
endfacet
facet normal 0 0 1
outer loop
vertex 13.631571769714355 24.15044403076172 -4.099999904632568
vertex 3.899961471557617 19.443971633911133 -4.099999904632568
vertex 5.855391979217529 19.597867965698242 -4.099999904632568
endloop
endfacet
facet normal 0 0 1
outer loop
vertex -5.313673496246338 40.343971252441406 -4.099999904632568
vertex -5.313673496246338 23.54397201538086 -4.099999904632568
vertex -4.938873291015625 40.782806396484375 -4.099999904632568
endloop
endfacet
facet normal 0 0 1
outer loop
vertex 13.631571769714355 24.15044403076172 -4.099999904632568
vertex 0.037248965352773666 20.05576515197754 -4.099999904632568
vertex 1.9445306062698364 19.597867965698242 -4.099999904632568
endloop
endfacet
facet normal 0 0 1
outer loop
vertex 1.9445306062698364 19.597867965698242 -4.099999904632568
vertex 3.899961471557617 19.443971633911133 -4.099999904632568
vertex 13.631571769714355 24.15044403076172 -4.099999904632568
endloop
endfacet
facet normal 0 0 1
outer loop
vertex -5.313673496246338 23.54397201538086 -4.099999904632568
vertex -3.4860968589782715 33.246334075927734 -4.099999904632568
vertex -1.774919867515564 43.0815544128418 -4.099999904632568
endloop
endfacet
facet normal 0 0 1
outer loop
vertex 13.631571769714355 24.15044403076172 -4.099999904632568
vertex 7.762673854827881 20.05576515197754 -4.099999904632568
vertex 9.57484245300293 20.8063907623291 -4.099999904632568
endloop
endfacet
facet normal 0 0 1
outer loop
vertex 13.631571769714355 24.15044403076172 -4.099999904632568
vertex -1.774919867515564 20.8063907623291 -4.099999904632568
vertex 0.037248965352773666 20.05576515197754 -4.099999904632568
endloop
endfacet
facet normal 0 0 1
outer loop
vertex 13.631571769714355 24.15044403076172 -4.099999904632568
vertex -3.447354316711426 21.831260681152344 -4.099999904632568
vertex -1.774919867515564 20.8063907623291 -4.099999904632568
endloop
endfacet
facet normal 0 0 1
outer loop
vertex -6.6360392570495605 40.343971252441406 -4.099999904632568
vertex -7.900038719177246 39.843971252441406 -4.099999904632568
vertex -5.313673496246338 40.343971252441406 -4.099999904632568
endloop
endfacet
facet normal 0 0 1
outer loop
vertex -7.900038719177246 39.843971252441406 -4.099999904632568
vertex -7.900038719177246 24.04397201538086 -4.099999904632568
vertex -5.313673496246338 40.343971252441406 -4.099999904632568
endloop
endfacet
facet normal 0 0 1
outer loop
vertex -4.938873291015625 23.10513687133789 -4.099999904632568
vertex -3.447354316711426 21.831260681152344 -4.099999904632568
vertex 13.631571769714355 24.15044403076172 -4.099999904632568
endloop
endfacet
facet normal 0 -1 0
outer loop
vertex -19.40003776550293 40.343971252441406 -4.099999904632568
vertex -6.6360392570495605 40.343971252441406 -4.099999904632568
vertex -19.40003776550293 40.343971252441406 -0.5
endloop
endfacet
facet normal 1 0 0
outer loop
vertex -19.40003776550293 40.343971252441406 -4.099999904632568
vertex -19.40003776550293 37.92498016357422 -0.5
vertex -19.40003776550293 37.92498016357422 -4.099999904632568
endloop
endfacet
facet normal 0 0 1
outer loop
vertex -7.900038719177246 39.843971252441406 -4.099999904632568
vertex -6.6360392570495605 40.343971252441406 -4.099999904632568
vertex -19.40003776550293 40.343971252441406 -4.099999904632568
endloop
endfacet
facet normal 0 0 1
outer loop
vertex -19.40003776550293 40.343971252441406 -4.099999904632568
vertex -17.90003776550293 39.843971252441406 -4.099999904632568
vertex -7.900038719177246 39.843971252441406 -4.099999904632568
endloop
endfacet
facet normal 0 0 1
outer loop
vertex -19.40003776550293 37.92498016357422 -4.099999904632568
vertex -17.90003776550293 39.843971252441406 -4.099999904632568
vertex -19.40003776550293 40.343971252441406 -4.099999904632568
endloop
endfacet
facet normal 0 0 1
outer loop
vertex -19.40003776550293 37.92498016357422 -4.099999904632568
vertex -17.90003776550293 37.16323471069336 -4.099999904632568
vertex -17.90003776550293 39.843971252441406 -4.099999904632568
endloop
endfacet
facet normal 0 1 0
outer loop
vertex -7.60894250869751 23.54397201538086 -0.5
vertex -6.6360392570495605 23.54397201538086 -4.099999904632568
vertex -11.900038719177246 23.54397201538086 -0.5
endloop
endfacet
facet normal 0 0 1
outer loop
vertex 11.24727725982666 42.05668640136719 -4.099999904632568
vertex 9.645295143127441 36.7648811340332 -4.099999904632568
vertex 10.39515209197998 35.693973541259766 -4.099999904632568
endloop
endfacet
facet normal 0 0 1
outer loop
vertex 10.39515209197998 35.693973541259766 -4.099999904632568
vertex 10.94765567779541 34.509124755859375 -4.099999904632568
vertex 11.24727725982666 42.05668640136719 -4.099999904632568
endloop
endfacet
facet normal 0 0 1
outer loop
vertex 11.24727725982666 42.05668640136719 -4.099999904632568
vertex 13.631571769714355 24.15044403076172 -4.099999904632568
vertex 11.806293487548828 41.57923889160156 -4.099999904632568
endloop
endfacet
facet normal 0 0 1
outer loop
vertex 10.94765567779541 34.509124755859375 -4.099999904632568
vertex 11.286019325256348 33.246334075927734 -4.099999904632568
vertex 11.24727725982666 42.05668640136719 -4.099999904632568
endloop
endfacet
facet normal 0 0 1
outer loop
vertex 11.286019325256348 33.246334075927734 -4.099999904632568
vertex 13.631571769714355 24.15044403076172 -4.099999904632568
vertex 11.24727725982666 42.05668640136719 -4.099999904632568
endloop
endfacet
facet normal 0 0 1
outer loop
vertex 9.57484245300293 43.0815544128418 -4.099999904632568
vertex 7.649961471557617 38.43916320800781 -4.099999904632568
vertex 11.24727725982666 42.05668640136719 -4.099999904632568
endloop
endfacet
facet normal 0 0 1
outer loop
vertex 7.762673854827881 43.83218002319336 -4.099999904632568
vertex 6.465112686157227 38.991668701171875 -4.099999904632568
vertex 9.57484245300293 43.0815544128418 -4.099999904632568
endloop
endfacet
facet normal 0 0 1
outer loop
vertex 5.855391979217529 44.290077209472656 -4.099999904632568
vertex 5.202322959899902 39.33002853393555 -4.099999904632568
vertex 7.762673854827881 43.83218002319336 -4.099999904632568
endloop
endfacet
facet normal 0 0 1
outer loop
vertex 3.899961471557617 44.443973541259766 -4.099999904632568
vertex 3.899961471557617 39.443973541259766 -4.099999904632568
vertex 5.855391979217529 44.290077209472656 -4.099999904632568
endloop
endfacet
facet normal 0 0 1
outer loop
vertex 1.9445306062698364 44.290077209472656 -4.099999904632568
vertex 2.597599983215332 39.33002853393555 -4.099999904632568
vertex 3.899961471557617 44.443973541259766 -4.099999904632568
endloop
endfacet
facet normal 0 0 1
outer loop
vertex 0.037248965352773666 43.83218002319336 -4.099999904632568
vertex 0.14996139705181122 38.43916320800781 -4.099999904632568
vertex 1.9445306062698364 44.290077209472656 -4.099999904632568
endloop
endfacet
facet normal 0 0 1
outer loop
vertex 8.720868110656738 37.68930435180664 -4.099999904632568
vertex 11.24727725982666 42.05668640136719 -4.099999904632568
vertex 7.649961471557617 38.43916320800781 -4.099999904632568
endloop
endfacet
facet normal 0 0 1
outer loop
vertex 6.465112686157227 38.991668701171875 -4.099999904632568
vertex 7.649961471557617 38.43916320800781 -4.099999904632568
vertex 9.57484245300293 43.0815544128418 -4.099999904632568
endloop
endfacet
facet normal 0 0 1
outer loop
vertex 8.720868110656738 37.68930435180664 -4.099999904632568
vertex 9.645295143127441 36.7648811340332 -4.099999904632568
vertex 11.24727725982666 42.05668640136719 -4.099999904632568
endloop
endfacet
facet normal 0 0 1
outer loop
vertex 5.202322959899902 39.33002853393555 -4.099999904632568
vertex 6.465112686157227 38.991668701171875 -4.099999904632568
vertex 7.762673854827881 43.83218002319336 -4.099999904632568
endloop
endfacet
facet normal 0 0 1
outer loop
vertex 3.899961471557617 39.443973541259766 -4.099999904632568
vertex 5.202322959899902 39.33002853393555 -4.099999904632568
vertex 5.855391979217529 44.290077209472656 -4.099999904632568
endloop
endfacet
facet normal 0 0 1
outer loop
vertex 2.597599983215332 39.33002853393555 -4.099999904632568
vertex 3.899961471557617 39.443973541259766 -4.099999904632568
vertex 3.899961471557617 44.443973541259766 -4.099999904632568
endloop
endfacet
facet normal 0 0 1
outer loop
vertex 1.9445306062698364 44.290077209472656 -4.099999904632568
vertex 1.3348103761672974 38.991668701171875 -4.099999904632568
vertex 2.597599983215332 39.33002853393555 -4.099999904632568
endloop
endfacet
facet normal 0 0 1
outer loop
vertex 0.14996139705181122 38.43916320800781 -4.099999904632568
vertex 1.3348103761672974 38.991668701171875 -4.099999904632568
vertex 1.9445306062698364 44.290077209472656 -4.099999904632568
endloop
endfacet
facet normal 0 -1 0
outer loop
vertex -6.6360392570495605 40.343971252441406 -4.099999904632568
vertex -7.60894250869751 40.343971252441406 -0.5
vertex -19.40003776550293 40.343971252441406 -0.5
endloop
endfacet
facet normal 0 0 1
outer loop
vertex 11.399961471557617 31.943971633911133 -4.099999904632568
vertex 13.631571769714355 24.15044403076172 -4.099999904632568
vertex 11.286019325256348 33.246334075927734 -4.099999904632568
endloop
endfacet
facet normal 0 0 1
outer loop
vertex -7.900038719177246 24.04397201538086 -4.099999904632568
vertex -17.11223793029785 24.04397201538086 -4.099999904632568
vertex -11.900038719177246 23.54397201538086 -4.099999904632568
endloop
endfacet
facet normal 0 0 1
outer loop
vertex 11.399961471557617 31.943971633911133 -4.099999904632568
vertex 11.286019325256348 30.641611099243164 -4.099999904632568
vertex 13.631571769714355 24.15044403076172 -4.099999904632568
endloop
endfacet
facet normal 0 0 1
outer loop
vertex 11.286019325256348 30.641611099243164 -4.099999904632568
vertex 10.94765567779541 29.378820419311523 -4.099999904632568
vertex 13.631571769714355 24.15044403076172 -4.099999904632568
endloop
endfacet
facet normal 0 0 1
outer loop
vertex 10.94765567779541 29.378820419311523 -4.099999904632568
vertex 10.39515209197998 28.193971633911133 -4.099999904632568
vertex 13.631571769714355 24.15044403076172 -4.099999904632568
endloop
endfacet
facet normal -1 0 0
outer loop
vertex -11.900038719177246 16.593971252441406 -4.099999904632568
vertex -11.900038719177246 23.54397201538086 -0.5
vertex -11.900038719177246 23.54397201538086 -4.099999904632568
endloop
endfacet
facet normal 0 0 1
outer loop
vertex -17.11223793029785 24.04397201538086 -4.099999904632568
vertex -17.11223793029785 16.593971252441406 -4.099999904632568
vertex -11.900038719177246 23.54397201538086 -4.099999904632568
endloop
endfacet
facet normal 0 0 1
outer loop
vertex -17.11223793029785 16.593971252441406 -4.099999904632568
vertex -11.900038719177246 16.593971252441406 -4.099999904632568
vertex -11.900038719177246 23.54397201538086 -4.099999904632568
endloop
endfacet
facet normal 0 0 1
outer loop
vertex 10.39515209197998 28.193971633911133 -4.099999904632568
vertex 9.645295143127441 27.123065948486328 -4.099999904632568
vertex 13.631571769714355 24.15044403076172 -4.099999904632568
endloop
endfacet
facet normal 0 0 1
outer loop
vertex 9.645295143127441 27.123065948486328 -4.099999904632568
vertex 8.720868110656738 26.198638916015625 -4.099999904632568
vertex 13.631571769714355 24.15044403076172 -4.099999904632568
endloop
endfacet
facet normal 1 0 0
outer loop
vertex -19.40003776550293 37.92498016357422 -0.5
vertex -19.40003776550293 40.343971252441406 -4.099999904632568
vertex -19.40003776550293 40.343971252441406 -0.5
endloop
endfacet
facet normal -1 0 0
outer loop
vertex -7.900038719177246 24.04397201538086 -4.099999904632568
vertex -7.900038719177246 39.843971252441406 -4.900000095367432
vertex -7.900038719177246 24.04397201538086 -4.900000095367432
endloop
endfacet
facet normal 0 -1 0
outer loop
vertex -17.90003776550293 39.843971252441406 -4.900000095367432
vertex -7.900038719177246 39.843971252441406 -4.900000095367432
vertex -7.900038719177246 39.843971252441406 -4.099999904632568
endloop
endfacet
facet normal 0 0 1
outer loop
vertex -17.90003776550293 39.843971252441406 -4.900000095367432
vertex -7.900038719177246 24.04397201538086 -4.900000095367432
vertex -7.900038719177246 39.843971252441406 -4.900000095367432
endloop
endfacet
facet normal 1 0 0
outer loop
vertex -17.90003776550293 37.16323471069336 -4.099999904632568
vertex -17.90003776550293 24.04397201538086 -4.900000095367432
vertex -17.90003776550293 39.843971252441406 -4.099999904632568
endloop
endfacet
facet normal 0 0 1
outer loop
vertex -7.900038719177246 24.04397201538086 -4.900000095367432
vertex -17.90003776550293 39.843971252441406 -4.900000095367432
vertex -17.90003776550293 24.04397201538086 -4.900000095367432
endloop
endfacet
facet normal 0 1 0
outer loop
vertex -17.11223793029785 24.04397201538086 -4.099999904632568
vertex -7.900038719177246 24.04397201538086 -4.900000095367432
vertex -17.90003776550293 24.04397201538086 -4.900000095367432
endloop
endfacet
facet normal 1 0 0
outer loop
vertex -17.90003776550293 24.04397201538086 -4.900000095367432
vertex -17.90003776550293 39.843971252441406 -4.900000095367432
vertex -17.90003776550293 39.843971252441406 -4.099999904632568
endloop
endfacet
facet normal 0 -1 0
outer loop
vertex -17.90003776550293 39.843971252441406 -4.099999904632568
vertex -17.90003776550293 39.843971252441406 -4.900000095367432
vertex -7.900038719177246 39.843971252441406 -4.099999904632568
endloop
endfacet
facet normal -1 0 0
outer loop
vertex -7.900038719177246 39.843971252441406 -4.900000095367432
vertex -7.900038719177246 24.04397201538086 -4.099999904632568
vertex -7.900038719177246 39.843971252441406 -4.099999904632568
endloop
endfacet
facet normal 0 1 0
outer loop
vertex -7.900038719177246 24.04397201538086 -4.900000095367432
vertex -17.11223793029785 24.04397201538086 -4.099999904632568
vertex -7.900038719177246 24.04397201538086 -4.099999904632568
endloop
endfacet
facet normal 1 0 0
outer loop
vertex -17.90003776550293 24.04397201538086 -4.099999904632568
vertex -17.90003776550293 24.04397201538086 -4.900000095367432
vertex -17.90003776550293 37.16323471069336 -4.099999904632568
endloop
endfacet
facet normal 0 1 0
outer loop
vertex -17.90003776550293 24.04397201538086 -4.900000095367432
vertex -17.90003776550293 24.04397201538086 -4.099999904632568
vertex -17.11223793029785 24.04397201538086 -4.099999904632568
endloop
endfacet
facet normal -0.8191522672318324 -0.573576117955541 0
outer loop
vertex 9.645295143127441 36.7648811340332 -4.099999904632568
vertex 9.645295143127441 36.7648811340332 -8.873998641967773
vertex 10.39515209197998 35.693973541259766 -4.099999904632568
endloop
endfacet
facet normal -0.08715812730546701 -0.9961944894670941 0
outer loop
vertex 3.899961471557617 39.443973541259766 -4.099999904632568
vertex 3.899961471557617 39.443973541259766 -8.696053504943848
vertex 5.202322959899902 39.33002853393555 -4.099999904632568
endloop
endfacet
facet normal -0.7071067811865475 0.7071067811865475 0
outer loop
vertex 9.645295143127441 27.123065948486328 -4.099999904632568
vertex 9.645295143127441 27.123065948486328 -9.51440715789795
vertex 8.720868110656738 26.198638916015625 -4.099999904632568
endloop
endfacet
facet normal -0.5735764606985619 0.819152027240677 0
outer loop
vertex 8.720868110656738 26.198638916015625 -4.099999904632568
vertex 8.720868110656738 26.198638916015625 -9.575807571411133
vertex 7.649961471557617 25.448781967163086 -4.099999904632568
endloop
endfacet
facet normal -0.42261796231214516 0.9063079266624177 0
outer loop
vertex 7.649961471557617 25.448781967163086 -4.099999904632568
vertex 7.649961471557617 25.448781967163086 -9.62561321258545
vertex 6.465112686157227 24.896278381347656 -4.099999904632568
endloop
endfacet
facet normal -0.2588191593618109 0.9659257956733766 0
outer loop
vertex 6.465112686157227 24.896278381347656 -4.099999904632568
vertex 6.465112686157227 24.896278381347656 -9.662310600280762
vertex 5.202322959899902 24.55791473388672 -4.099999904632568
endloop
endfacet
facet normal -0.0871566794306147 0.9961946161421618 0
outer loop
vertex 5.202322959899902 24.55791473388672 -4.099999904632568
vertex 5.202322959899902 24.55791473388672 -9.684784889221191
vertex 3.899961471557617 24.443971633911133 -4.099999904632568
endloop
endfacet
facet normal 0.08715667943061471 0.9961946161421619 0
outer loop
vertex 3.899961471557617 24.443971633911133 -4.099999904632568
vertex 3.899961471557617 24.443971633911133 -9.692352294921875
vertex 2.597599983215332 24.55791473388672 -4.099999904632568
endloop
endfacet
facet normal 0.2588191821580418 0.9659257895651416 0
outer loop
vertex 2.597599983215332 24.55791473388672 -4.099999904632568
vertex 2.597599983215332 24.55791473388672 -9.684784889221191
vertex 1.3348103761672974 24.896278381347656 -4.099999904632568
endloop
endfacet
facet normal 0.4226179055576854 0.9063079531274318 0
outer loop
vertex 1.3348103761672974 24.896278381347656 -4.099999904632568
vertex 1.3348103761672974 24.896278381347656 -9.662310600280762
vertex 0.14996139705181122 25.448781967163086 -4.099999904632568
endloop
endfacet
facet normal -0.9961946739376735 0.08715601882952512 0
outer loop
vertex 11.399961471557617 31.943971633911133 -9.19420337677002
vertex 11.286019325256348 30.641611099243164 -9.280706405639648
vertex 11.286019325256348 30.641611099243164 -4.099999904632568
endloop
endfacet
facet normal -0.9659258445391972 0.2588189769921029 0
outer loop
vertex 11.286019325256348 30.641611099243164 -9.280706405639648
vertex 10.94765567779541 29.378820419311523 -9.364580154418945
vertex 10.94765567779541 29.378820419311523 -4.099999904632568
endloop
endfacet
facet normal -0.9063079266624177 0.42261796231214516 0
outer loop
vertex 10.94765567779541 29.378820419311523 -9.364580154418945
vertex 10.39515209197998 28.193971633911133 -9.443278312683105
vertex 10.39515209197998 28.193971633911133 -4.099999904632568
endloop
endfacet
facet normal -0.8191517872490915 0.5735768034418921 0
outer loop
vertex 10.39515209197998 28.193971633911133 -9.443278312683105
vertex 9.645295143127441 27.123065948486328 -9.51440715789795
vertex 9.645295143127441 27.123065948486328 -4.099999904632568
endloop
endfacet
facet normal -0.7071067811865476 0.7071067811865476 0
outer loop
vertex 9.645295143127441 27.123065948486328 -9.51440715789795
vertex 8.720868110656738 26.198638916015625 -9.575807571411133
vertex 8.720868110656738 26.198638916015625 -4.099999904632568
endloop
endfacet
facet normal -0.573576460698562 0.8191520272406771 0
outer loop
vertex 8.720868110656738 26.198638916015625 -9.575807571411133
vertex 7.649961471557617 25.448781967163086 -9.62561321258545
vertex 7.649961471557617 25.448781967163086 -4.099999904632568
endloop
endfacet
facet normal -0.4226179623121452 0.9063079266624178 0
outer loop
vertex 7.649961471557617 25.448781967163086 -9.62561321258545
vertex 6.465112686157227 24.896278381347656 -9.662310600280762
vertex 6.465112686157227 24.896278381347656 -4.099999904632568
endloop
endfacet
facet normal -0.2588191593618109 0.9659257956733764 0
outer loop
vertex 6.465112686157227 24.896278381347656 -9.662310600280762
vertex 5.202322959899902 24.55791473388672 -9.684784889221191
vertex 5.202322959899902 24.55791473388672 -4.099999904632568
endloop
endfacet
facet normal -0.08715667943061471 0.9961946161421619 0
outer loop
vertex 5.202322959899902 24.55791473388672 -9.684784889221191
vertex 3.899961471557617 24.443971633911133 -9.692352294921875
vertex 3.899961471557617 24.443971633911133 -4.099999904632568
endloop
endfacet
facet normal 0.0871566794306147 0.9961946161421618 0
outer loop
vertex 3.899961471557617 24.443971633911133 -9.692352294921875
vertex 2.597599983215332 24.55791473388672 -9.684784889221191
vertex 2.597599983215332 24.55791473388672 -4.099999904632568
endloop
endfacet
facet normal 0.25881918215804184 0.9659257895651417 0
outer loop
vertex 2.597599983215332 24.55791473388672 -9.684784889221191
vertex 1.3348103761672974 24.896278381347656 -9.662310600280762
vertex 1.3348103761672974 24.896278381347656 -4.099999904632568
endloop
endfacet
facet normal 0.4226179055576854 0.906307953127432 0
outer loop
vertex 1.3348103761672974 24.896278381347656 -9.662310600280762
vertex 0.14996139705181122 25.448781967163086 -9.62561321258545
vertex 0.14996139705181122 25.448781967163086 -4.099999904632568
endloop
endfacet
facet normal 0.9659258445391972 0.2588189769921029 0
outer loop
vertex -3.147733211517334 29.378820419311523 -4.099999904632568
vertex -3.147733211517334 29.378820419311523 -9.364580154418945
vertex -3.4860968589782715 30.641611099243164 -4.099999904632568
endloop
endfacet
facet normal 0.9961947166882901 -0.08715553018792004 0
outer loop
vertex -3.600038528442383 31.943971633911133 -9.19420337677002
vertex -3.4860968589782715 33.246334075927734 -9.10770034790039
vertex -3.4860968589782715 33.246334075927734 -4.099999904632568
endloop
endfacet
facet normal 0.9659258445391973 -0.2588189769921029 0
outer loop
vertex -3.4860968589782715 33.246334075927734 -9.10770034790039
vertex -3.147733211517334 34.509124755859375 -9.023825645446777
vertex -3.147733211517334 34.509124755859375 -4.099999904632568
endloop
endfacet
facet normal 0.9063077869590874 -0.4226182619070327 0
outer loop
vertex -2.595229148864746 35.693973541259766 -8.945128440856934
vertex -2.595229148864746 35.693973541259766 -4.099999904632568
vertex -3.147733211517334 34.509124755859375 -9.023825645446777
endloop
endfacet
facet normal 0.8191521815461156 -0.5735762403275083 0
outer loop
vertex -2.595229148864746 35.693973541259766 -8.945128440856934
vertex -1.845371961593628 36.7648811340332 -8.873998641967773
vertex -1.845371961593628 36.7648811340332 -4.099999904632568
endloop
endfacet
facet normal 0.7071056185764649 -0.7071079437947184 0
outer loop
vertex -1.845371961593628 36.7648811340332 -8.873998641967773
vertex -0.9209457039833069 37.68930435180664 -8.81259822845459
vertex -0.9209457039833069 37.68930435180664 -4.099999904632568
endloop
endfacet
facet normal 0.9961947056059034 0.08715565686039768 0
outer loop
vertex -3.4860968589782715 30.641611099243164 -4.099999904632568
vertex -3.4860968589782715 30.641611099243164 -9.280706405639648
vertex -3.600038528442383 31.943971633911133 -4.099999904632568
endloop
endfacet
facet normal -0.9063079266624177 0.42261796231214516 0
outer loop
vertex 10.94765567779541 29.378820419311523 -4.099999904632568
vertex 10.94765567779541 29.378820419311523 -9.364580154418945
vertex 10.39515209197998 28.193971633911133 -4.099999904632568
endloop
endfacet
facet normal 0.7071070775372199 0.7071064848357508 0
outer loop
vertex -1.845371961593628 27.123065948486328 -9.51440715789795
vertex -1.845371961593628 27.123065948486328 -4.099999904632568
vertex -0.9209457039833069 26.198638916015625 -9.575807571411133
endloop
endfacet
facet normal 0.5735772736570424 -0.8191514580003836 0
outer loop
vertex -0.9209457039833069 37.68930435180664 -8.81259822845459
vertex 0.14996139705181122 38.43916320800781 -8.76279354095459
vertex 0.14996139705181122 38.43916320800781 -4.099999904632568
endloop
endfacet
facet normal 0.5735762946823725 0.8191521434864466 0
outer loop
vertex -0.9209457039833069 26.198638916015625 -4.099999904632568
vertex 0.14996139705181122 25.448781967163086 -9.62561321258545
vertex -0.9209457039833069 26.198638916015625 -9.575807571411133
endloop
endfacet
facet normal 0.9063077869590874 0.4226182619070328 0
outer loop
vertex -2.595229148864746 28.193971633911133 -9.443278312683105
vertex -3.147733211517334 29.378820419311523 -9.364580154418945
vertex -3.147733211517334 29.378820419311523 -4.099999904632568
endloop
endfacet
facet normal 0.9659258445391973 0.2588189769921029 0
outer loop
vertex -3.147733211517334 29.378820419311523 -9.364580154418945
vertex -3.4860968589782715 30.641611099243164 -9.280706405639648
vertex -3.4860968589782715 30.641611099243164 -4.099999904632568
endloop
endfacet
facet normal -0.9961946739376735 0.08715601882952512 0
outer loop
vertex 11.399961471557617 31.943971633911133 -9.19420337677002
vertex 11.286019325256348 30.641611099243164 -4.099999904632568
vertex 11.399961471557617 31.943971633911133 -4.099999904632568
endloop
endfacet
facet normal 0.9961947056059035 0.08715565686039768 0
outer loop
vertex -3.4860968589782715 30.641611099243164 -9.280706405639648
vertex -3.600038528442383 31.943971633911133 -9.19420337677002
vertex -3.600038528442383 31.943971633911133 -4.099999904632568
endloop
endfacet
facet normal -0.9659258445391973 0.2588189769921029 0
outer loop
vertex 11.286019325256348 30.641611099243164 -4.099999904632568
vertex 11.286019325256348 30.641611099243164 -9.280706405639648
vertex 10.94765567779541 29.378820419311523 -4.099999904632568
endloop
endfacet
facet normal 0.8191517015632203 0.5735769258138624 0
outer loop
vertex -2.595229148864746 28.193971633911133 -9.443278312683105
vertex -2.595229148864746 28.193971633911133 -4.099999904632568
vertex -1.845371961593628 27.123065948486328 -9.51440715789795
endloop
endfacet
facet normal 0.8191517015632201 0.5735769258138624 0
outer loop
vertex -1.845371961593628 27.123065948486328 -4.099999904632568
vertex -1.845371961593628 27.123065948486328 -9.51440715789795
vertex -2.595229148864746 28.193971633911133 -4.099999904632568
endloop
endfacet
facet normal 0.42261910393631363 -0.9063073943139089 0
outer loop
vertex 1.3348103761672974 38.991668701171875 -8.726096153259277
vertex 1.3348103761672974 38.991668701171875 -4.099999904632568
vertex 0.14996139705181122 38.43916320800781 -8.76279354095459
endloop
endfacet
facet normal 0.70710707753722 0.7071064848357509 0
outer loop
vertex -0.9209457039833069 26.198638916015625 -4.099999904632568
vertex -0.9209457039833069 26.198638916015625 -9.575807571411133
vertex -1.845371961593628 27.123065948486328 -4.099999904632568
endloop
endfacet
facet normal 0.5735762946823726 0.8191521434864468 0
outer loop
vertex 0.14996139705181122 25.448781967163086 -9.62561321258545
vertex -0.9209457039833069 26.198638916015625 -4.099999904632568
vertex 0.14996139705181122 25.448781967163086 -4.099999904632568
endloop
endfacet
facet normal 0.2588164597021271 -0.9659265190413074 0
outer loop
vertex 1.3348103761672974 38.991668701171875 -8.726096153259277
vertex 2.597599983215332 39.33002853393555 -8.703621864318848
vertex 2.597599983215332 39.33002853393555 -4.099999904632568
endloop
endfacet
facet normal 0.08715812730546701 -0.9961944894670941 0
outer loop
vertex 2.597599983215332 39.33002853393555 -8.703621864318848
vertex 3.899961471557617 39.443973541259766 -8.696053504943848
vertex 3.899961471557617 39.443973541259766 -4.099999904632568
endloop
endfacet
facet normal -0.08715812730546701 -0.996194489467094 0
outer loop
vertex 3.899961471557617 39.443973541259766 -8.696053504943848
vertex 5.202322959899902 39.33002853393555 -8.703621864318848
vertex 5.202322959899902 39.33002853393555 -4.099999904632568
endloop
endfacet
facet normal -0.8191522672318324 -0.573576117955541 0
outer loop
vertex 9.645295143127441 36.7648811340332 -8.873998641967773
vertex 10.39515209197998 35.693973541259766 -8.945128440856934
vertex 10.39515209197998 35.693973541259766 -4.099999904632568
endloop
endfacet
facet normal -0.4226191606908643 -0.906307367848761 0
outer loop
vertex 6.465112686157227 38.991668701171875 -8.726096153259277
vertex 7.649961471557617 38.43916320800781 -8.76279354095459
vertex 7.649961471557617 38.43916320800781 -4.099999904632568
endloop
endfacet
facet normal -0.25881643690610145 -0.9659265251494183 0
outer loop
vertex 5.202322959899902 39.33002853393555 -8.703621864318848
vertex 6.465112686157227 38.991668701171875 -8.726096153259277
vertex 6.465112686157227 38.991668701171875 -4.099999904632568
endloop
endfacet
facet normal -0.5735774396732374 -0.8191513417543145 0
outer loop
vertex 7.649961471557617 38.43916320800781 -8.76279354095459
vertex 8.720868110656738 37.68930435180664 -8.81259822845459
vertex 8.720868110656738 37.68930435180664 -4.099999904632568
endloop
endfacet
facet normal -0.7071053222251811 -0.7071082401449037 0
outer loop
vertex 8.720868110656738 37.68930435180664 -8.81259822845459
vertex 9.645295143127441 36.7648811340332 -8.873998641967773
vertex 9.645295143127441 36.7648811340332 -4.099999904632568
endloop
endfacet
facet normal 0.9961947166882901 -0.08715553018792004 0
outer loop
vertex -3.600038528442383 31.943971633911133 -4.099999904632568
vertex -3.600038528442383 31.943971633911133 -9.19420337677002
vertex -3.4860968589782715 33.246334075927734 -4.099999904632568
endloop
endfacet
facet normal 0.9659258445391972 -0.2588189769921029 0
outer loop
vertex -3.4860968589782715 33.246334075927734 -4.099999904632568
vertex -3.4860968589782715 33.246334075927734 -9.10770034790039
vertex -3.147733211517334 34.509124755859375 -4.099999904632568
endloop
endfacet
facet normal 0.9063077869590875 -0.4226182619070328 0
outer loop
vertex -3.147733211517334 34.509124755859375 -4.099999904632568
vertex -3.147733211517334 34.509124755859375 -9.023825645446777
vertex -2.595229148864746 35.693973541259766 -4.099999904632568
endloop
endfacet
facet normal 0.8191521815461157 -0.5735762403275083 0
outer loop
vertex -2.595229148864746 35.693973541259766 -4.099999904632568
vertex -2.595229148864746 35.693973541259766 -8.945128440856934
vertex -1.845371961593628 36.7648811340332 -4.099999904632568
endloop
endfacet
facet normal 0.707105618576465 -0.7071079437947185 0
outer loop
vertex -1.845371961593628 36.7648811340332 -4.099999904632568
vertex -1.845371961593628 36.7648811340332 -8.873998641967773
vertex -0.9209457039833069 37.68930435180664 -4.099999904632568
endloop
endfacet
facet normal 0.5735772736570425 -0.8191514580003837 0
outer loop
vertex -0.9209457039833069 37.68930435180664 -4.099999904632568
vertex -0.9209457039833069 37.68930435180664 -8.81259822845459
vertex 0.14996139705181122 38.43916320800781 -4.099999904632568
endloop
endfacet
facet normal -0.9961946850201518 -0.08715589215652945 0
outer loop
vertex 11.286019325256348 33.246334075927734 -9.10770034790039
vertex 11.399961471557617 31.943971633911133 -9.19420337677002
vertex 11.399961471557617 31.943971633911133 -4.099999904632568
endloop
endfacet
facet normal -0.9659258445391972 -0.2588189769921029 0
outer loop
vertex 10.94765567779541 34.509124755859375 -9.023825645446777
vertex 11.286019325256348 33.246334075927734 -9.10770034790039
vertex 11.286019325256348 33.246334075927734 -4.099999904632568
endloop
endfacet
facet normal -0.9063079266624176 -0.4226179623121451 0
outer loop
vertex 10.39515209197998 35.693973541259766 -8.945128440856934
vertex 10.94765567779541 34.509124755859375 -9.023825645446777
vertex 10.94765567779541 34.509124755859375 -4.099999904632568
endloop
endfacet
facet normal 0.9063077869590875 0.4226182619070328 0
outer loop
vertex -2.595229148864746 28.193971633911133 -4.099999904632568
vertex -2.595229148864746 28.193971633911133 -9.443278312683105
vertex -3.147733211517334 29.378820419311523 -4.099999904632568
endloop
endfacet
facet normal -0.9063079266624177 -0.42261796231214516 0
outer loop
vertex 10.39515209197998 35.693973541259766 -4.099999904632568
vertex 10.39515209197998 35.693973541259766 -8.945128440856934
vertex 10.94765567779541 34.509124755859375 -4.099999904632568
endloop
endfacet
facet normal -0.9659258445391973 -0.2588189769921029 0
outer loop
vertex 10.94765567779541 34.509124755859375 -4.099999904632568
vertex 10.94765567779541 34.509124755859375 -9.023825645446777
vertex 11.286019325256348 33.246334075927734 -4.099999904632568
endloop
endfacet
facet normal -0.9961946850201517 -0.08715589215652944 0
outer loop
vertex 11.286019325256348 33.246334075927734 -4.099999904632568
vertex 11.286019325256348 33.246334075927734 -9.10770034790039
vertex 11.399961471557617 31.943971633911133 -4.099999904632568
endloop
endfacet
facet normal -0.7071053222251812 -0.7071082401449038 0
outer loop
vertex 8.720868110656738 37.68930435180664 -4.099999904632568
vertex 8.720868110656738 37.68930435180664 -8.81259822845459
vertex 9.645295143127441 36.7648811340332 -4.099999904632568
endloop
endfacet
facet normal -0.5735774396732374 -0.8191513417543145 0
outer loop
vertex 7.649961471557617 38.43916320800781 -4.099999904632568
vertex 7.649961471557617 38.43916320800781 -8.76279354095459
vertex 8.720868110656738 37.68930435180664 -4.099999904632568
endloop
endfacet
facet normal -0.25881643690610145 -0.9659265251494185 0
outer loop
vertex 5.202322959899902 39.33002853393555 -4.099999904632568
vertex 5.202322959899902 39.33002853393555 -8.703621864318848
vertex 6.465112686157227 38.991668701171875 -4.099999904632568
endloop
endfacet
facet normal -0.42261916069086436 -0.906307367848761 0
outer loop
vertex 6.465112686157227 38.991668701171875 -4.099999904632568
vertex 6.465112686157227 38.991668701171875 -8.726096153259277
vertex 7.649961471557617 38.43916320800781 -4.099999904632568
endloop
endfacet
facet normal 0.4226191039363137 -0.906307394313909 0
outer loop
vertex 0.14996139705181122 38.43916320800781 -4.099999904632568
vertex 0.14996139705181122 38.43916320800781 -8.76279354095459
vertex 1.3348103761672974 38.991668701171875 -4.099999904632568
endloop
endfacet
facet normal 0.2588164597021271 -0.9659265190413076 0
outer loop
vertex 1.3348103761672974 38.991668701171875 -4.099999904632568
vertex 1.3348103761672974 38.991668701171875 -8.726096153259277
vertex 2.597599983215332 39.33002853393555 -4.099999904632568
endloop
endfacet
facet normal 0.08715812730546701 -0.996194489467094 0
outer loop
vertex 2.597599983215332 39.33002853393555 -4.099999904632568
vertex 2.597599983215332 39.33002853393555 -8.703621864318848
vertex 3.899961471557617 39.443973541259766 -4.099999904632568
endloop
endfacet
facet normal -0.8191517872490915 0.5735768034418921 0
outer loop
vertex 10.39515209197998 28.193971633911133 -4.099999904632568
vertex 10.39515209197998 28.193971633911133 -9.443278312683105
vertex 9.645295143127441 27.123065948486328 -4.099999904632568
endloop
endfacet
facet normal 0.7997872811006679 0.5600197807373111 0.21614381826121065
outer loop
vertex -6.6360392570495605 23.54397201538086 -4.099999904632568
vertex -7.054474353790283 22.75210952758789 -0.5
vertex -6.441638469696045 23.266340255737305 -4.099999904632568
endloop
endfacet
facet normal -0.5600178240271301 -0.7997885174456909 0.21614431321212693
outer loop
vertex 10.649961471557617 43.63531494140625 -4.099999904632568
vertex 11.660737037658691 42.96909713745117 -3.9463109970092773
vertex 11.692224502563477 43.47962188720703 -1.9756582975387573
endloop
endfacet
facet normal 0.41262751962077576 0.8848845783820799 0.2161430382713615
outer loop
vertex -0.7173105478286743 19.258121490478516 -4.099999904632568
vertex -3.2500386238098145 19.5598087310791 -0.5
vertex -1.1029479503631592 18.95301628112793 -2.114705801010132
endloop
endfacet
facet normal 0.5600183907334577 -0.7997882412067153 0.21614386706029204
outer loop
vertex -5.291901588439941 42.898406982421875 -0.5
vertex -2.850038528442383 43.63531494140625 -4.099999904632568
vertex -3.2500386238098145 44.3281364440918 -0.5
endloop
endfacet
facet normal 0.41262786373641447 -0.8848842372843848 0.21614377778218724
outer loop
vertex -3.2500386238098145 44.3281364440918 -0.5
vertex -0.7173105478286743 44.62982177734375 -4.099999904632568
vertex -0.9909266829490662 45.38157653808594 -0.5
endloop
endfacet
facet normal -0.6903917030909811 0.6903919766517393 0.21614396794275503
outer loop
vertex 12.577593803405762 21.602373123168945 -4.099999904632568
vertex 13.091824531555176 20.98953628540039 -0.5
vertex 14.312844276428223 22.385679244995117 -1.0593678951263428
endloop
endfacet
facet normal 0 0 1
outer loop
vertex -5.313673496246338 23.54397201538086 -4.099999904632568
vertex -6.6360392570495605 23.54397201538086 -4.099999904632568
vertex -6.441638469696045 23.266340255737305 -4.099999904632568
endloop
endfacet
facet normal 0.41262806106120176 0.8848842256393621 0.2161434487545239
outer loop
vertex -3.2500386238098145 19.5598087310791 -0.5
vertex -0.7173105478286743 19.258121490478516 -4.099999904632568
vertex -2.850038528442383 20.252628326416016 -4.099999904632568
endloop
endfacet
facet normal -0.41262789059646793 0.8848841073802262 0.2161442583271872
outer loop
vertex 10.649961471557617 20.252628326416016 -4.099999904632568
vertex 8.517232894897461 19.258121490478516 -4.099999904632568
vertex 8.622475624084473 18.968971252441406 -2.715320348739624
endloop
endfacet
facet normal 0 0 1
outer loop
vertex 12.73879623413086 23.10513687133789 -4.099999904632568
vertex 12.577593803405762 21.602373123168945 -4.099999904632568
vertex 13.938726425170898 22.963504791259766 -4.099999904632568
endloop
endfacet
facet normal 0 0 1
outer loop
vertex 9.57484245300293 20.8063907623291 -4.099999904632568
vertex 10.649961471557617 20.252628326416016 -4.099999904632568
vertex 12.73879623413086 23.10513687133789 -4.099999904632568
endloop
endfacet
facet normal 0.25270106675712795 -0.9430928037074231 0.21614378190242098
outer loop
vertex -0.9909266829490662 45.38157653808594 -0.5
vertex -0.7173105478286743 44.62982177734375 -4.099999904632568
vertex 1.555711030960083 45.23887634277344 -4.099999904632568
endloop
endfacet
facet normal 0.41262801924782067 -0.884884135970227 0.2161438956802737
outer loop
vertex -0.7173105478286743 44.62982177734375 -4.099999904632568
vertex -3.2500386238098145 44.3281364440918 -0.5
vertex -2.850038528442383 43.63531494140625 -4.099999904632568
endloop
endfacet
facet normal 0.5600179732249427 -0.7997886316839822 0.21614350393683085
outer loop
vertex -5.291901588439941 42.898406982421875 -0.5
vertex -4.7776713371276855 42.28557205200195 -4.099999904632568
vertex -2.850038528442383 43.63531494140625 -4.099999904632568
endloop
endfacet
facet normal 0.7997885566925385 0.5600180488170401 0.21614358556945817
outer loop
vertex -7.054474353790283 22.75210952758789 -0.5
vertex -6.6360392570495605 23.54397201538086 -4.099999904632568
vertex -7.60894250869751 23.54397201538086 -0.5
endloop
endfacet
facet normal 0.69039196072799 0.6903917739530335 0.21614379246266802
outer loop
vertex -6.441638469696045 23.266340255737305 -4.099999904632568
vertex -7.054474353790283 22.75210952758789 -0.5
vertex -5.291901588439941 20.98953628540039 -0.5
endloop
endfacet
facet normal 0 0 1
outer loop
vertex -6.441638469696045 23.266340255737305 -4.099999904632568
vertex -4.938873291015625 23.10513687133789 -4.099999904632568
vertex -5.313673496246338 23.54397201538086 -4.099999904632568
endloop
endfacet
facet normal 0.7997885729872566 -0.560018060226726 0.216143495712693
outer loop
vertex -7.60894250869751 40.343971252441406 -0.5
vertex -6.441638469696045 40.621604919433594 -4.099999904632568
vertex -7.054474353790283 41.135833740234375 -0.5
endloop
endfacet
facet normal 0.5600178843464202 0.7997885849799533 0.21614390703400232
outer loop
vertex -4.7776713371276855 21.602373123168945 -4.099999904632568
vertex -5.291901588439941 20.98953628540039 -0.5
vertex -3.2500386238098145 19.5598087310791 -0.5
endloop
endfacet
facet normal 0.6903919223057188 -0.6903919223057188 0.21614344133012361
outer loop
vertex -4.7776713371276855 42.28557205200195 -4.099999904632568
vertex -7.054474353790283 41.135833740234375 -0.5
vertex -6.441638469696045 40.621604919433594 -4.099999904632568
endloop
endfacet
facet normal -0.5600178602511362 0.7997887373432875 0.2161434056791205
outer loop
vertex 10.649961471557617 20.252628326416016 -4.099999904632568
vertex 11.04996109008789 19.5598087310791 -0.5
vertex 13.091824531555176 20.98953628540039 -0.5
endloop
endfacet
facet normal -0.4126286221220324 0.8848839177073504 0.2161436383254528
outer loop
vertex 8.622475624084473 18.968971252441406 -2.715320348739624
vertex 9.782907485961914 18.968971252441406 -0.5
vertex 11.04996109008789 19.5598087310791 -0.5
endloop
endfacet
facet normal 0.4126279534986479 0.8848842633294843 0.21614349979435843
outer loop
vertex -1.6696021556854248 18.822839736938477 -0.5
vertex -1.6039625406265259 18.850013732910156 -0.7365584969520569
vertex -3.2500386238098145 19.5598087310791 -0.5
endloop
endfacet
facet normal 0.4126279621856774 0.884884192881433 0.21614377162220094
outer loop
vertex -1.1029479503631592 18.95301628112793 -2.114705801010132
vertex -3.2500386238098145 19.5598087310791 -0.5
vertex -1.6039625406265259 18.850013732910156 -0.7365584969520569
endloop
endfacet
facet normal -0.41262844285037253 0.8848840584553569 0.21614340434640492
outer loop
vertex 11.04996109008789 19.5598087310791 -0.5
vertex 10.649961471557617 20.252628326416016 -4.099999904632568
vertex 8.622475624084473 18.968971252441406 -2.715320348739624
endloop
endfacet
facet normal 0 0 1
outer loop
vertex 12.73879623413086 23.10513687133789 -4.099999904632568
vertex 10.649961471557617 20.252628326416016 -4.099999904632568
vertex 12.577593803405762 21.602373123168945 -4.099999904632568
endloop
endfacet
facet normal 0 0 1
outer loop
vertex 0.037248965352773666 20.05576515197754 -4.099999904632568
vertex 0.36181050539016724 18.968971252441406 -4.099999904632568
vertex 1.9445306062698364 19.597867965698242 -4.099999904632568
endloop
endfacet
facet normal 0 0 1
outer loop
vertex 1.9445306062698364 19.597867965698242 -4.099999904632568
vertex 0.36181050539016724 18.968971252441406 -4.099999904632568
vertex 3.899961471557617 19.443971633911133 -4.099999904632568
endloop
endfacet
facet normal 0 0 1
outer loop
vertex -6.441638469696045 23.266340255737305 -4.099999904632568
vertex -4.7776713371276855 21.602373123168945 -4.099999904632568
vertex -4.938873291015625 23.10513687133789 -4.099999904632568
endloop
endfacet
facet normal 0 0 1
outer loop
vertex 3.899961471557617 19.443971633911133 -4.099999904632568
vertex 0.36181050539016724 18.968971252441406 -4.099999904632568
vertex 5.855391979217529 19.597867965698242 -4.099999904632568
endloop
endfacet
facet normal 0 0 1
outer loop
vertex 5.855391979217529 19.597867965698242 -4.099999904632568
vertex 0.36181050539016724 18.968971252441406 -4.099999904632568
vertex 7.438112258911133 18.968971252441406 -4.099999904632568
endloop
endfacet
facet normal 0 0 1
outer loop
vertex -6.6360392570495605 40.343971252441406 -4.099999904632568
vertex -5.313673496246338 40.343971252441406 -4.099999904632568
vertex -6.441638469696045 40.621604919433594 -4.099999904632568
endloop
endfacet
facet normal 0 0 1
outer loop
vertex -6.441638469696045 40.621604919433594 -4.099999904632568
vertex -5.313673496246338 40.343971252441406 -4.099999904632568
vertex -4.938873291015625 40.782806396484375 -4.099999904632568
endloop
endfacet
facet normal 0 0 1
outer loop
vertex 5.855391979217529 19.597867965698242 -4.099999904632568
vertex 7.438112258911133 18.968971252441406 -4.099999904632568
vertex 7.762673854827881 20.05576515197754 -4.099999904632568
endloop
endfacet
facet normal 0 0 1
outer loop
vertex 7.762673854827881 20.05576515197754 -4.099999904632568
vertex 7.438112258911133 18.968971252441406 -4.099999904632568
vertex 8.517232894897461 19.258121490478516 -4.099999904632568
endloop
endfacet
facet normal 0 0 1
outer loop
vertex 7.762673854827881 20.05576515197754 -4.099999904632568
vertex 8.517232894897461 19.258121490478516 -4.099999904632568
vertex 9.57484245300293 20.8063907623291 -4.099999904632568
endloop
endfacet
facet normal 0 0 1
outer loop
vertex 9.57484245300293 20.8063907623291 -4.099999904632568
vertex 8.517232894897461 19.258121490478516 -4.099999904632568
vertex 10.649961471557617 20.252628326416016 -4.099999904632568
endloop
endfacet
facet normal -0.2527015384840479 0.9430925832010962 0.21614419251712177
outer loop
vertex 8.517232894897461 19.258121490478516 -4.099999904632568
vertex 7.438112258911133 18.968971252441406 -4.099999904632568
vertex 8.622475624084473 18.968971252441406 -2.715320348739624
endloop
endfacet
facet normal 0.6903920024290288 -0.690391815654061 0.21614352606526221
outer loop
vertex -7.054474353790283 41.135833740234375 -0.5
vertex -4.7776713371276855 42.28557205200195 -4.099999904632568
vertex -5.291901588439941 42.898406982421875 -0.5
endloop
endfacet
facet normal 0 0 1
outer loop
vertex 13.631571769714355 24.15044403076172 -4.099999904632568
vertex 12.73879623413086 23.10513687133789 -4.099999904632568
vertex 13.659814834594727 23.880767822265625 -4.099999904632568
endloop
endfacet
facet normal -0.6903914178674456 0.6903923423276355 0.2161437109664289
outer loop
vertex 14.014101028442383 22.80086326599121 -3.339747190475464
vertex 12.577593803405762 21.602373123168945 -4.099999904632568
vertex 14.312844276428223 22.385679244995117 -1.0593678951263428
endloop
endfacet
facet normal -0.5600185351431625 0.7997881061465578 0.21614399265908105
outer loop
vertex 13.091824531555176 20.98953628540039 -0.5
vertex 12.577593803405762 21.602373123168945 -4.099999904632568
vertex 10.649961471557617 20.252628326416016 -4.099999904632568
endloop
endfacet
facet normal -0.690391524261201 0.6903920079827104 0.2161444390723403
outer loop
vertex 13.938726425170898 22.963504791259766 -4.099999904632568
vertex 12.577593803405762 21.602373123168945 -4.099999904632568
vertex 14.014101028442383 22.80086326599121 -3.339747190475464
endloop
endfacet
facet normal -0.5600198068736135 -0.7997878201431966 0.21614175593770504
outer loop
vertex 11.04996109008789 44.3281364440918 -0.5
vertex 11.692224502563477 43.47962188720703 -1.9756582975387573
vertex 11.779019355773926 43.81764221191406 -0.5
endloop
endfacet
facet normal -0.5600169482044232 -0.7997892615691572 0.21614382897151288
outer loop
vertex 11.04996109008789 44.3281364440918 -0.5
vertex 10.649961471557617 43.63531494140625 -4.099999904632568
vertex 11.692224502563477 43.47962188720703 -1.9756582975387573
endloop
endfacet
facet normal -0.08509617445551734 -0.9726462034459148 0.21614348015909332
outer loop
vertex 6.244211673736572 45.23887634277344 -4.099999904632568
vertex 6.3831305503845215 46.0267219543457 -0.5
vertex 3.899961471557617 46.24397277832031 -0.5
endloop
endfacet
facet normal -0.41262793822594146 -0.8848841869059194 0.2161438418258973
outer loop
vertex 8.790849685668945 45.38157653808594 -0.5
vertex 10.649961471557617 43.63531494140625 -4.099999904632568
vertex 11.04996109008789 44.3281364440918 -0.5
endloop
endfacet
facet normal -0.25270060186363413 -0.9430929202478896 0.21614381692767612
outer loop
vertex 8.517232894897461 44.62982177734375 -4.099999904632568
vertex 8.790849685668945 45.38157653808594 -0.5
vertex 6.3831305503845215 46.0267219543457 -0.5
endloop
endfacet
facet normal 0.08509617997886477 -0.972646219883829 0.2161434040138693
outer loop
vertex 3.899961471557617 45.443973541259766 -4.099999904632568
vertex 3.899961471557617 46.24397277832031 -0.5
vertex 1.4167925119400024 46.0267219543457 -0.5
endloop
endfacet
facet normal 0.25270061587230974 -0.9430929958759349 0.21614347056413535
outer loop
vertex 1.555711030960083 45.23887634277344 -4.099999904632568
vertex 1.4167925119400024 46.0267219543457 -0.5
vertex -0.9909266829490662 45.38157653808594 -0.5
endloop
endfacet
facet normal 0 0 1
outer loop
vertex -2.850038528442383 20.252628326416016 -4.099999904632568
vertex -1.774919867515564 20.8063907623291 -4.099999904632568
vertex -3.447354316711426 21.831260681152344 -4.099999904632568
endloop
endfacet
facet normal 0 0 1
outer loop
vertex -4.938873291015625 23.10513687133789 -4.099999904632568
vertex -4.7776713371276855 21.602373123168945 -4.099999904632568
vertex -3.447354316711426 21.831260681152344 -4.099999904632568
endloop
endfacet
facet normal 0 0 1
outer loop
vertex -3.447354316711426 21.831260681152344 -4.099999904632568
vertex -4.7776713371276855 21.602373123168945 -4.099999904632568
vertex -2.850038528442383 20.252628326416016 -4.099999904632568
endloop
endfacet
facet normal 0 0 1
outer loop
vertex -1.774919867515564 20.8063907623291 -4.099999904632568
vertex -2.850038528442383 20.252628326416016 -4.099999904632568
vertex -0.7173105478286743 19.258121490478516 -4.099999904632568
endloop
endfacet
facet normal 0 0 1
outer loop
vertex -0.7173105478286743 19.258121490478516 -4.099999904632568
vertex 0.36181050539016724 18.968971252441406 -4.099999904632568
vertex 0.037248965352773666 20.05576515197754 -4.099999904632568
endloop
endfacet
facet normal 0 0 1
outer loop
vertex -1.774919867515564 20.8063907623291 -4.099999904632568
vertex -0.7173105478286743 19.258121490478516 -4.099999904632568
vertex 0.037248965352773666 20.05576515197754 -4.099999904632568
endloop
endfacet
facet normal 0.25270145549730016 0.9430926381294669 0.2161440498731082
outer loop
vertex 0.36181050539016724 18.968971252441406 -4.099999904632568
vertex -0.7173105478286743 19.258121490478516 -4.099999904632568
vertex -0.8122386336326599 18.968971252441406 -2.7273786067962646
endloop
endfacet
facet normal 0 0 1
outer loop
vertex -0.7173105478286743 44.62982177734375 -4.099999904632568
vertex -1.774919867515564 43.0815544128418 -4.099999904632568
vertex 0.037248965352773666 43.83218002319336 -4.099999904632568
endloop
endfacet
facet normal 0.6903918540763323 0.6903918540763323 0.21614387719777833
outer loop
vertex -5.291901588439941 20.98953628540039 -0.5
vertex -4.7776713371276855 21.602373123168945 -4.099999904632568
vertex -6.441638469696045 23.266340255737305 -4.099999904632568
endloop
endfacet
facet normal 0 0 1
outer loop
vertex 0.037248965352773666 43.83218002319336 -4.099999904632568
vertex 1.555711030960083 45.23887634277344 -4.099999904632568
vertex -0.7173105478286743 44.62982177734375 -4.099999904632568
endloop
endfacet
facet normal 0 0 1
outer loop
vertex 1.555711030960083 45.23887634277344 -4.099999904632568
vertex 0.037248965352773666 43.83218002319336 -4.099999904632568
vertex 1.9445306062698364 44.290077209472656 -4.099999904632568
endloop
endfacet
facet normal 0 0 1
outer loop
vertex 1.555711030960083 45.23887634277344 -4.099999904632568
vertex 1.9445306062698364 44.290077209472656 -4.099999904632568
vertex 3.899961471557617 45.443973541259766 -4.099999904632568
endloop
endfacet
facet normal 0 0 1
outer loop
vertex -1.774919867515564 43.0815544128418 -4.099999904632568
vertex -0.7173105478286743 44.62982177734375 -4.099999904632568
vertex -2.850038528442383 43.63531494140625 -4.099999904632568
endloop
endfacet
facet normal 0 0 1
outer loop
vertex 3.899961471557617 45.443973541259766 -4.099999904632568
vertex 1.9445306062698364 44.290077209472656 -4.099999904632568
vertex 3.899961471557617 44.443973541259766 -4.099999904632568
endloop
endfacet
facet normal 0 0 1
outer loop
vertex 3.899961471557617 45.443973541259766 -4.099999904632568
vertex 3.899961471557617 44.443973541259766 -4.099999904632568
vertex 5.855391979217529 44.290077209472656 -4.099999904632568
endloop
endfacet
facet normal 0 0 1
outer loop
vertex 13.938726425170898 22.963504791259766 -4.099999904632568
vertex 13.659814834594727 23.880767822265625 -4.099999904632568
vertex 12.73879623413086 23.10513687133789 -4.099999904632568
endloop
endfacet
facet normal 0 0 1
outer loop
vertex 3.899961471557617 45.443973541259766 -4.099999904632568
vertex 5.855391979217529 44.290077209472656 -4.099999904632568
vertex 6.244211673736572 45.23887634277344 -4.099999904632568
endloop
endfacet
facet normal 0 0 1
outer loop
vertex 6.244211673736572 45.23887634277344 -4.099999904632568
vertex 5.855391979217529 44.290077209472656 -4.099999904632568
vertex 7.762673854827881 43.83218002319336 -4.099999904632568
endloop
endfacet
facet normal 0 0 1
outer loop
vertex 6.244211673736572 45.23887634277344 -4.099999904632568
vertex 7.762673854827881 43.83218002319336 -4.099999904632568
vertex 8.517232894897461 44.62982177734375 -4.099999904632568
endloop
endfacet
facet normal 0 0 1
outer loop
vertex -2.850038528442383 43.63531494140625 -4.099999904632568
vertex -3.447354316711426 42.05668640136719 -4.099999904632568
vertex -1.774919867515564 43.0815544128418 -4.099999904632568
endloop
endfacet
facet normal 0 0 1
outer loop
vertex -3.447354316711426 42.05668640136719 -4.099999904632568
vertex -2.850038528442383 43.63531494140625 -4.099999904632568
vertex -4.7776713371276855 42.28557205200195 -4.099999904632568
endloop
endfacet
facet normal 0 0 1
outer loop
vertex 8.517232894897461 44.62982177734375 -4.099999904632568
vertex 7.762673854827881 43.83218002319336 -4.099999904632568
vertex 9.57484245300293 43.0815544128418 -4.099999904632568
endloop
endfacet
facet normal 0 0 1
outer loop
vertex 8.517232894897461 44.62982177734375 -4.099999904632568
vertex 9.57484245300293 43.0815544128418 -4.099999904632568
vertex 10.649961471557617 43.63531494140625 -4.099999904632568
endloop
endfacet
facet normal 0.08509628759457159 -0.9726461948727537 0.21614347419520957
outer loop
vertex 3.899961471557617 45.443973541259766 -4.099999904632568
vertex 1.4167925119400024 46.0267219543457 -0.5
vertex 1.555711030960083 45.23887634277344 -4.099999904632568
endloop
endfacet
facet normal -0.08509629757956973 -0.9726462100791919 0.2161434018350631
outer loop
vertex 3.899961471557617 46.24397277832031 -0.5
vertex 3.899961471557617 45.443973541259766 -4.099999904632568
vertex 6.244211673736572 45.23887634277344 -4.099999904632568
endloop
endfacet
facet normal -0.2527011208741473 -0.9430928572924241 0.21614348482654125
outer loop
vertex 6.3831305503845215 46.0267219543457 -0.5
vertex 6.244211673736572 45.23887634277344 -4.099999904632568
vertex 8.517232894897461 44.62982177734375 -4.099999904632568
endloop
endfacet
facet normal -0.4126279289897387 -0.88488418971493 0.21614384795823097
outer loop
vertex 10.649961471557617 43.63531494140625 -4.099999904632568
vertex 8.790849685668945 45.38157653808594 -0.5
vertex 8.517232894897461 44.62982177734375 -4.099999904632568
endloop
endfacet
facet normal 0 0 1
outer loop
vertex -4.7776713371276855 42.28557205200195 -4.099999904632568
vertex -4.938873291015625 40.782806396484375 -4.099999904632568
vertex -3.447354316711426 42.05668640136719 -4.099999904632568
endloop
endfacet
facet normal 0 0 1
outer loop
vertex -6.441638469696045 40.621604919433594 -4.099999904632568
vertex -4.938873291015625 40.782806396484375 -4.099999904632568
vertex -4.7776713371276855 42.28557205200195 -4.099999904632568
endloop
endfacet
facet normal 0.4047799762756098 0.8887283532185077 0.21520939801002203
outer loop
vertex -0.8122386336326599 18.968971252441406 -2.7273786067962646
vertex -0.7173105478286743 19.258121490478516 -4.099999904632568
vertex -1.1029479503631592 18.95301628112793 -2.114705801010132
endloop
endfacet
facet normal 0.5600185096200615 0.7997882675389044 0.216143461594476
outer loop
vertex -4.7776713371276855 21.602373123168945 -4.099999904632568
vertex -3.2500386238098145 19.5598087310791 -0.5
vertex -2.850038528442383 20.252628326416016 -4.099999904632568
endloop
endfacet
facet normal 0.7997891041330573 -0.5600172098890455 0.21614373351575678
outer loop
vertex -6.441638469696045 40.621604919433594 -4.099999904632568
vertex -7.60894250869751 40.343971252441406 -0.5
vertex -6.6360392570495605 40.343971252441406 -4.099999904632568
endloop
endfacet
facet normal 0 0 1
outer loop
vertex 10.649961471557617 43.63531494140625 -4.099999904632568
vertex 9.57484245300293 43.0815544128418 -4.099999904632568
vertex 11.24727725982666 42.05668640136719 -4.099999904632568
endloop
endfacet
facet normal 0 0 1
outer loop
vertex 10.649961471557617 43.63531494140625 -4.099999904632568
vertex 11.24727725982666 42.05668640136719 -4.099999904632568
vertex 11.665431022644043 42.92427444458008 -4.099999904632568
endloop
endfacet
facet normal -0.5600177185317118 -0.7997869935344445 0.21615022531487366
outer loop
vertex 10.649961471557617 43.63531494140625 -4.099999904632568
vertex 11.665431022644043 42.92427444458008 -4.099999904632568
vertex 11.660737037658691 42.96909713745117 -3.9463109970092773
endloop
endfacet
facet normal 0 0 1
outer loop
vertex 11.665431022644043 42.92427444458008 -4.099999904632568
vertex 11.24727725982666 42.05668640136719 -4.099999904632568
vertex 11.806293487548828 41.57923889160156 -4.099999904632568
endloop
endfacet
facet normal -0.6903923617865112 0.6903918595828998 0.21614223790945764
outer loop
vertex 14.402864456176758 22.30057716369629 -0.5
vertex 14.312844276428223 22.385679244995117 -1.0593678951263428
vertex 13.091824531555176 20.98953628540039 -0.5
endloop
endfacet
facet normal 0.12448854230825426 -0.6960654788119974 0.7071035652860128
outer loop
vertex 57.49483871459961 -72.6531982421875 -1
vertex 57.37998962402344 -72.16580963134766 -0.5
vertex 56.821327209472656 -72.2657241821289 -0.5
endloop
endfacet
facet normal 0.12449332947459403 -0.6960613344916247 0.7071068020759445
outer loop
vertex 56.88437271118164 -72.76238250732422 -1
vertex 57.49483871459961 -72.6531982421875 -1
vertex 56.821327209472656 -72.2657241821289 -0.5
endloop
endfacet
facet normal 0.19939172509638936 -0.6784106267282041 0.7071081681789084
outer loop
vertex 58.08982467651367 -72.47833251953125 -1
vertex 57.922698974609375 -72.00630187988281 -0.5
vertex 57.37998962402344 -72.16580963134766 -0.5
endloop
endfacet
facet normal 0.19938595996334085 -0.6784168182243062 0.7071038535603562
outer loop
vertex 57.37998962402344 -72.16580963134766 -0.5
vertex 57.49483871459961 -72.6531982421875 -1
vertex 58.08982467651367 -72.47833251953125 -1
endloop
endfacet
facet normal 0.2719139168414242 -0.652737411507921 0.7071044430958514
outer loop
vertex 58.662288665771484 -72.23985290527344 -1
vertex 58.44486618041992 -71.78878021240234 -0.5
vertex 57.922698974609375 -72.00630187988281 -0.5
endloop
endfacet
facet normal 0.2719179973758536 -0.6527319411062704 0.7071079237024187
outer loop
vertex 57.922698974609375 -72.00630187988281 -0.5
vertex 58.08982467651367 -72.47833251953125 -1
vertex 58.662288665771484 -72.23985290527344 -1
endloop
endfacet
facet normal 0.3412269341412611 -0.6193279728689833 0.7071046891645899
outer loop
vertex 58.44486618041992 -71.78878021240234 -0.5
vertex 58.662288665771484 -72.23985290527344 -1
vertex 59.20545196533203 -71.94058990478516 -1
endloop
endfacet
facet normal 0.34122964564476455 -0.6193233664685911 0.7071074152341776
outer loop
vertex 59.20545196533203 -71.94058990478516 -1
vertex 58.940303802490234 -71.51580810546875 -0.5
vertex 58.44486618041992 -71.78878021240234 -0.5
endloop
endfacet
facet normal 0.40650236836196485 -0.5785801647746427 0.7071073592075398
outer loop
vertex 58.940303802490234 -71.51580810546875 -0.5
vertex 59.20545196533203 -71.94058990478516 -1
vertex 59.71288299560547 -71.58407592773438 -1
endloop
endfacet
facet normal 0.4065020443893223 -0.5785808841452414 0.7071069568382227
outer loop
vertex 59.71288299560547 -71.58407592773438 -1
vertex 59.40314865112305 -71.19062042236328 -0.5
vertex 58.940303802490234 -71.51580810546875 -0.5
endloop
endfacet
facet normal 0.46696108065669745 -0.530986743460276 0.7071070834190394
outer loop
vertex 59.40314865112305 -71.19062042236328 -0.5
vertex 59.71288299560547 -71.58407592773438 -1
vertex 60.17857360839844 -71.1745376586914 -1
endloop
endfacet
facet normal 0.46696194728843016 -0.5309840773079803 0.7071085131929826
outer loop
vertex 60.17857360839844 -71.1745376586914 -1
vertex 59.82792282104492 -70.81706237792969 -0.5
vertex 59.40314865112305 -71.19062042236328 -0.5
endloop
endfacet
facet normal 0.5218916192704472 -0.47710273220598326 0.707108280715801
outer loop
vertex 59.82792282104492 -70.81706237792969 -0.5
vertex 60.17857360839844 -71.1745376586914 -1
vertex 60.4765510559082 -70.84858703613281 -1
endloop
endfacet
facet normal 0.521886548478046 -0.47711672094068497 0.7071025845777122
outer loop
vertex 59.82792282104492 -70.81706237792969 -0.5
vertex 60.4765510559082 -70.84858703613281 -1
vertex 60.597007751464844 -70.71682739257812 -1
endloop
endfacet
facet normal 0.5218893781325777 -0.4771031400617729 0.7071096596254272
outer loop
vertex 60.597007751464844 -70.71682739257812 -1
vertex 60.209590911865234 -70.39956665039062 -0.5
vertex 59.82792282104492 -70.81706237792969 -0.5
endloop
endfacet
facet normal 0.5706414212978228 -0.41757263186588145 0.707107817391239
outer loop
vertex 60.597007751464844 -70.71682739257812 -1
vertex 60.963233947753906 -70.21635437011719 -1
vertex 60.54364013671875 -69.94306945800781 -0.5
endloop
endfacet
facet normal 0.5706384156971205 -0.4175739163701335 0.7071094843784723
outer loop
vertex 60.209590911865234 -70.39956665039062 -0.5
vertex 60.597007751464844 -70.71682739257812 -1
vertex 60.54364013671875 -69.94306945800781 -0.5
endloop
endfacet
facet normal 0.6126325300283348 -0.35310056790085925 0.707107751406511
outer loop
vertex 60.54364013671875 -69.94306945800781 -0.5
vertex 60.963233947753906 -70.21635437011719 -1
vertex 61.272911071777344 -69.67906188964844 -1
endloop
endfacet
facet normal 0.6126325362888208 -0.3531010758342542 0.7071074923411709
outer loop
vertex 61.272911071777344 -69.67906188964844 -1
vertex 60.826107025146484 -69.45298767089844 -0.5
vertex 60.54364013671875 -69.94306945800781 -0.5
endloop
endfacet
facet normal 0.6473738062034963 -0.2844399338078736 0.7071075442229212
outer loop
vertex 60.826107025146484 -69.45298767089844 -0.5
vertex 61.272911071777344 -69.67906188964844 -1
vertex 61.41313552856445 -69.35991668701172 -1
endloop
endfacet
facet normal 0.6473714352897803 -0.28444097020503384 0.7071092979445744
outer loop
vertex 61.522377014160156 -69.11129760742188 -1
vertex 61.053653717041016 -68.93510437011719 -0.5
vertex 60.826107025146484 -69.45298767089844 -0.5
endloop
endfacet
facet normal 0.6473726594472275 -0.28445102109108317 0.7071041340569748
outer loop
vertex 60.826107025146484 -69.45298767089844 -0.5
vertex 61.41313552856445 -69.35991668701172 -1
vertex 61.522377014160156 -69.11129760742188 -1
endloop
endfacet
facet normal 0.6744439334092298 -0.21241982700829715 0.7071090423557398
outer loop
vertex 61.053653717041016 -68.93510437011719 -0.5
vertex 61.522377014160156 -69.11129760742188 -1
vertex 61.708675384521484 -68.51979064941406 -1
endloop
endfacet
facet normal 0.6744438776372519 -0.21241958888280935 0.7071091670855965
outer loop
vertex 61.708675384521484 -68.51979064941406 -1
vertex 61.22358322143555 -68.39556884765625 -0.5
vertex 61.053653717041016 -68.93510437011719 -0.5
endloop
endfacet
facet normal 0.6935308104164798 -0.13788353793268052 0.7071090050128254
outer loop
vertex 61.29353332519531 -68.04373168945312 -0.5
vertex 61.22358322143555 -68.39556884765625 -0.5
vertex 61.708675384521484 -68.51979064941406 -1
endloop
endfacet
facet normal 0.6935338795322229 -0.13787869234165331 0.7071069396768356
outer loop
vertex 61.708675384521484 -68.51979064941406 -1
vertex 61.803314208984375 -68.04375457763672 -1
vertex 61.29353332519531 -68.04373168945312 -0.5
endloop
endfacet
facet normal 0.7071067801692997 -0.00003094326725885197 0.7071067815267505
outer loop
vertex 61.886905670166016 6.009064674377441 -1
vertex 61.386905670166016 6.009086608886719 -0.5
vertex 61.386722564697266 1.8248122930526733 -0.5
endloop
endfacet
facet normal 0.7071067801397896 -0.00003094327871795681 0.7071067815562604
outer loop
vertex 61.384578704833984 -47.54373550415039 -0.5
vertex 61.884578704833984 -47.543758392333984 -1
vertex 61.384761810302734 -43.35946273803711 -0.5
endloop
endfacet
facet normal 0.7071067802578299 -0.000030943250512931496 0.7071067814382213
outer loop
vertex 61.884761810302734 -43.35948181152344 -1
vertex 61.384761810302734 -43.35946273803711 -0.5
vertex 61.884578704833984 -47.543758392333984 -1
endloop
endfacet
facet normal 0.7071067801988098 -0.00003094326461543772 0.7071067814972408
outer loop
vertex 61.885833740234375 -18.675209045410156 -1
vertex 61.385650634765625 -22.85946273803711 -0.5
vertex 61.885650634765625 -22.85948371887207 -1
endloop
endfacet
facet normal 0.7071067801988098 -0.00003094326461543772 0.7071067814972408
outer loop
vertex 61.885833740234375 -18.675209045410156 -1
vertex 61.385833740234375 -18.675188064575195 -0.5
vertex 61.385650634765625 -22.85946273803711 -0.5
endloop
endfacet
facet normal 0.7071067801766772 -0.000030943269022312136 0.7071067815193731
outer loop
vertex 61.886722564697266 1.824790596961975 -1
vertex 61.886905670166016 6.009064674377441 -1
vertex 61.386722564697266 1.8248122930526733 -0.5
endloop
endfacet
facet normal 0.7042984285765752 0.06296621726108823 0.7071060592219504
outer loop
vertex 61.30161666870117 26.700286865234375 -0.5
vertex 61.31871032714844 26.50908851623535 -0.5
vertex 61.82070541381836 26.50906753540039 -1
endloop
endfacet
facet normal 0.7042982841142686 0.06296521564356267 0.7071062923016995
outer loop
vertex 61.79597854614258 26.7856502532959 -1
vertex 61.30161666870117 26.700286865234375 -0.5
vertex 61.82070541381836 26.50906753540039 -1
endloop
endfacet
facet normal 0.6863159741177618 0.17566221733827733 0.7057713291644735
outer loop
vertex 61.57548141479492 27.639179229736328 -1
vertex 61.093196868896484 27.51458740234375 -0.5
vertex 61.30161666870117 26.700286865234375 -0.5
endloop
endfacet
facet normal 0.684630893855651 0.1768647020710593 0.7071063684762906
outer loop
vertex 61.79597854614258 26.7856502532959 -1
vertex 61.57548141479492 27.639179229736328 -1
vertex 61.30161666870117 26.700286865234375 -0.5
endloop
endfacet
facet normal 0.6956992305696509 0.13690928843619138 0.7051655318609182
outer loop
vertex 61.093196868896484 27.51458740234375 -0.5
vertex 61.57548141479492 27.639179229736328 -1
vertex 61.4858283996582 28.09474754333496 -1
endloop
endfacet
facet normal 0.6930396945114962 0.14037637842172868 0.7071000312633366
outer loop
vertex 61.4858283996582 28.09474754333496 -1
vertex 60.9952392578125 27.998205184936523 -0.5
vertex 61.093196868896484 27.51458740234375 -0.5
endloop
endfacet
facet normal 0.7051753349387794 0.07051403577384947 0.7055179074643425
outer loop
vertex 60.9952392578125 27.998205184936523 -0.5
vertex 61.4858283996582 28.09474754333496 -1
vertex 60.987548828125 28.07511329650879 -0.5
endloop
endfacet
facet normal 0.7075015426069731 0.027876332148005813 0.7061617925905702
outer loop
vertex 60.987548828125 28.07511329650879 -0.5
vertex 61.4858283996582 28.09474754333496 -1
vertex 61.46754837036133 28.55869483947754 -1
endloop
endfacet
facet normal 0.7064781481992957 0.029866735960039956 0.7071043799892541
outer loop
vertex 61.46754837036133 28.55869483947754 -1
vertex 60.96793746948242 28.53900718688965 -0.5
vertex 60.987548828125 28.07511329650879 -0.5
endloop
endfacet
facet normal 0.7075788702519968 -0.042517721432056184 0.7053540853621916
outer loop
vertex 60.96793746948242 28.53900718688965 -0.5
vertex 61.46754837036133 28.55869483947754 -1
vertex 60.972572326660156 28.616140365600586 -0.5
endloop
endfacet
facet normal 0.7035882833579052 -0.08165810577922165 0.7059004754793876
outer loop
vertex 60.972572326660156 28.616140365600586 -0.5
vertex 61.52107620239258 29.01990509033203 -1
vertex 61.026100158691406 29.077350616455078 -0.5
endloop
endfacet
facet normal 0.7035882833579052 -0.08165810577922165 0.7059004754793876
outer loop
vertex 60.972572326660156 28.616140365600586 -0.5
vertex 61.46754837036133 28.55869483947754 -1
vertex 61.52107620239258 29.01990509033203 -1
endloop
endfacet
facet normal 0.6959446322058361 -0.1376902333582215 0.70477121716316
outer loop
vertex 61.026100158691406 29.077350616455078 -0.5
vertex 61.52107620239258 29.01990509033203 -1
vertex 61.04106521606445 29.152990341186523 -0.5
endloop
endfacet
facet normal 0.6826865370854666 -0.1892818786348372 0.7057701201543749
outer loop
vertex 61.04106521606445 29.152990341186523 -0.5
vertex 61.64512634277344 29.46733283996582 -1
vertex 61.16511917114258 29.600418090820312 -0.5
endloop
endfacet
facet normal 0.6826855260976006 -0.18927577786067817 0.7057727342226233
outer loop
vertex 61.04106521606445 29.152990341186523 -0.5
vertex 61.52107620239258 29.01990509033203 -1
vertex 61.64512634277344 29.46733283996582 -1
endloop
endfacet
facet normal 0.66701551902759 -0.24181704229385195 0.7047090289137836
outer loop
vertex 61.16511917114258 29.600418090820312 -0.5
vertex 61.64512634277344 29.46733283996582 -1
vertex 61.1913948059082 29.672895431518555 -0.5
endloop
endfacet
facet normal 0.6440877300126112 -0.291804695592591 0.7071074993785013
outer loop
vertex 61.38129425048828 30.096595764160156 -0.5
vertex 61.7098274230957 29.61014175415039 -1
vertex 61.836734771728516 29.8902587890625 -1
endloop
endfacet
facet normal 0.6440839288459723 -0.29180899702580465 0.7071091866587014
outer loop
vertex 61.38129425048828 30.096595764160156 -0.5
vertex 61.64512634277344 29.46733283996582 -1
vertex 61.7098274230957 29.61014175415039 -1
endloop
endfacet
facet normal 0.6464753016294268 -0.28974558492502056 0.7057741709637718
outer loop
vertex 61.1913948059082 29.672895431518555 -0.5
vertex 61.64512634277344 29.46733283996582 -1
vertex 61.38129425048828 30.096595764160156 -0.5
endloop
endfacet
facet normal 0.6135792598737889 -0.35493081826683626 0.7053684186984611
outer loop
vertex 61.38129425048828 30.096595764160156 -0.5
vertex 61.836734771728516 29.8902587890625 -1
vertex 61.419986724853516 30.163484573364258 -0.5
endloop
endfacet
facet normal 0.5923366537155981 -0.38834058767413854 0.7059241295138681
outer loop
vertex 61.419986724853516 30.163484573364258 -0.5
vertex 62.09130859375 30.278554916381836 -1
vertex 61.674556732177734 30.551780700683594 -0.5
endloop
endfacet
facet normal 0.5923358751152484 -0.3883458964413432 0.7059218623676577
outer loop
vertex 61.419986724853516 30.163484573364258 -0.5
vertex 61.836734771728516 29.8902587890625 -1
vertex 62.09130859375 30.278554916381836 -1
endloop
endfacet
facet normal 0.5634369351393536 -0.43072122168472327 0.7049950704162345
outer loop
vertex 61.674556732177734 30.551780700683594 -0.5
vertex 62.09130859375 30.278554916381836 -1
vertex 61.72141647338867 30.613079071044922 -0.5
endloop
endfacet
facet normal 0.5251135041350357 -0.4749042243328638 0.7062023686492596
outer loop
vertex 62.03285598754883 30.957443237304688 -0.5
vertex 62.09130859375 30.278554916381836 -1
vertex 62.40274429321289 30.62291717529297 -1
endloop
endfacet
facet normal 0.5251111050007139 -0.47490524115148813 0.7062034687905292
outer loop
vertex 61.72141647338867 30.613079071044922 -0.5
vertex 62.09130859375 30.278554916381836 -1
vertex 62.03285598754883 30.957443237304688 -0.5
endloop
endfacet
facet normal 0.5009528163261001 -0.5009528163261001 0.7057567226955032
outer loop
vertex 62.03285598754883 30.957443237304688 -0.5
vertex 62.40274429321289 30.62291717529297 -1
vertex 62.08135223388672 31.005939483642578 -0.5
endloop
endfacet
facet normal 0.44457071225067185 -0.5504945167347449 0.706620597530181
outer loop
vertex 62.76359176635742 30.91510009765625 -1
vertex 62.449378967285156 31.303152084350586 -0.5
vertex 62.08135223388672 31.005939483642578 -0.5
endloop
endfacet
facet normal 0.4450076819005608 -0.5495868692286817 0.7070519331851837
outer loop
vertex 62.08135223388672 31.005939483642578 -0.5
vertex 62.40274429321289 30.62291717529297 -1
vertex 62.76359176635742 30.91510009765625 -1
endloop
endfacet
facet normal 0.4063565290504898 -0.580326676208506 0.7057586840973523
outer loop
vertex 62.449378967285156 31.303152084350586 -0.5
vertex 62.76359176635742 30.91510009765625 -1
vertex 62.51344299316406 31.348011016845703 -0.5
endloop
endfacet
facet normal 0.35377271842747776 -0.612245813891313 0.7071067296165381
outer loop
vertex 79.56864166259766 40.625511169433594 -1
vertex 79.30998229980469 41.05352020263672 -0.5
vertex 62.51344299316406 31.348011016845703 -0.5
endloop
endfacet
facet normal 0.3537771183405304 -0.6122544227957707 0.7070970741741816
outer loop
vertex 62.76359176635742 30.91510009765625 -1
vertex 79.56864166259766 40.625511169433594 -1
vertex 62.51344299316406 31.348011016845703 -0.5
endloop
endfacet
facet normal 0.377512227332108 -0.5978997128926664 0.7071071004717872
outer loop
vertex 79.30998229980469 41.05352020263672 -0.5
vertex 79.56864166259766 40.625511169433594 -1
vertex 79.60620880126953 40.64923095703125 -1
endloop
endfacet
facet normal 0.3775450889424483 -0.5978773360607795 0.7071084760065491
outer loop
vertex 79.30998229980469 41.05352020263672 -0.5
vertex 79.60620880126953 40.64923095703125 -1
vertex 79.94889831542969 40.865631103515625 -1
endloop
endfacet
facet normal 0.3775411575292323 -0.5978831681438425 0.707105643890479
outer loop
vertex 79.94889831542969 40.865631103515625 -1
vertex 79.6565933227539 41.27239227294922 -0.5
vertex 79.30998229980469 41.05352020263672 -0.5
endloop
endfacet
facet normal 0.4462688789754109 -0.5484941882407759 0.7071055176733686
outer loop
vertex 79.6565933227539 41.27239227294922 -0.5
vertex 79.94889831542969 40.865631103515625 -1
vertex 80.67927551269531 41.45988464355469 -1
endloop
endfacet
facet normal 0.4462692989982358 -0.5484913826998205 0.7071074288081426
outer loop
vertex 80.67927551269531 41.45988464355469 -1
vertex 80.33274841308594 41.822532653808594 -0.5
vertex 79.6565933227539 41.27239227294922 -0.5
endloop
endfacet
facet normal 0.5276494032194006 -0.4707286401641396 0.7071072440665775
outer loop
vertex 80.33274841308594 41.822532653808594 -0.5
vertex 80.67927551269531 41.45988464355469 -1
vertex 81.06383514404297 41.89094543457031 -1
endloop
endfacet
facet normal 0.5276516645471606 -0.4707191977361058 0.7071118424855347
outer loop
vertex 80.33274841308594 41.822532653808594 -0.5
vertex 81.06383514404297 41.89094543457031 -1
vertex 81.25234985351562 42.10226058959961 -1
endloop
endfacet
facet normal 0.5276512006816224 -0.47073048530744904 0.7071046744446368
outer loop
vertex 81.25234985351562 42.10226058959961 -1
vertex 80.85305786132812 42.405757904052734 -0.5
vertex 80.33274841308594 41.822532653808594 -0.5
endloop
endfacet
facet normal 0.5947796831239268 -0.38241233433385957 0.7071053210748237
outer loop
vertex 81.7605209350586 42.892635345458984 -1
vertex 81.3183822631836 43.129493713378906 -0.5
vertex 80.85305786132812 42.405757904052734 -0.5
endloop
endfacet
facet normal 0.5947832791725965 -0.38240855527046635 0.7071043400182521
outer loop
vertex 80.85305786132812 42.405757904052734 -0.5
vertex 81.25234985351562 42.10226058959961 -1
vertex 81.34158325195312 42.241050720214844 -1
endloop
endfacet
facet normal 0.5947801371791007 -0.38241511996020816 0.7071034326341725
outer loop
vertex 80.85305786132812 42.405757904052734 -0.5
vertex 81.34158325195312 42.241050720214844 -1
vertex 81.7605209350586 42.892635345458984 -1
endloop
endfacet
facet normal 0.6478798790348975 -0.283281581753315 0.7071090494266543
outer loop
vertex 82.10540008544922 43.68137741088867 -1
vertex 81.63151550292969 43.845645904541016 -0.5
vertex 81.3183822631836 43.129493713378906 -0.5
endloop
endfacet
facet normal 0.6478815789509172 -0.28328760224117605 0.707105079936859
outer loop
vertex 81.3183822631836 43.129493713378906 -0.5
vertex 81.7605209350586 42.892635345458984 -1
vertex 82.10540008544922 43.68137741088867 -1
endloop
endfacet
facet normal 0.6842125001034394 -0.1784673955007053 0.707108650382242
outer loop
vertex 81.63151550292969 43.845645904541016 -0.5
vertex 82.10540008544922 43.68137741088867 -1
vertex 82.13652801513672 43.800716400146484 -1
endloop
endfacet
facet normal 0.6842146984284837 -0.17848206740403405 0.7071028200124795
outer loop
vertex 82.34256744384766 44.590599060058594 -1
vertex 81.84869384765625 44.67820358276367 -0.5
vertex 81.63151550292969 43.845645904541016 -0.5
endloop
endfacet
facet normal 0.6842111476295394 -0.17847521047104833 0.7071079865952469
outer loop
vertex 81.63151550292969 43.845645904541016 -0.5
vertex 82.13652801513672 43.800716400146484 -1
vertex 82.34256744384766 44.590599060058594 -1
endloop
endfacet
facet normal 0.7038514592130618 -0.06775639947123255 0.7071083323609888
outer loop
vertex 81.923583984375 45.45623016357422 -0.5
vertex 82.34256744384766 44.590599060058594 -1
vertex 82.40300750732422 45.218448638916016 -1
endloop
endfacet
facet normal 0.7038570083362583 -0.0677508312503122 0.7071033422922168
outer loop
vertex 81.84869384765625 44.67820358276367 -0.5
vertex 82.34256744384766 44.590599060058594 -1
vertex 81.923583984375 45.45623016357422 -0.5
endloop
endfacet
facet normal 0.7038573346629396 -0.06773630379217964 0.707104409256339
outer loop
vertex 81.923583984375 45.45623016357422 -0.5
vertex 82.40300750732422 45.218448638916016 -1
vertex 82.425048828125 45.44748306274414 -1
endloop
endfacet
facet normal 0.705791786789239 0.04316340932211434 0.707103156404032
outer loop
vertex 81.87106323242188 46.31504440307617 -0.5
vertex 82.425048828125 45.44748306274414 -1
vertex 82.36769104003906 46.3853759765625 -1
endloop
endfacet
facet normal 0.7057911688613597 0.04316263192372154 0.7071038206393266
outer loop
vertex 81.923583984375 45.45623016357422 -0.5
vertex 82.425048828125 45.44748306274414 -1
vertex 81.87106323242188 46.31504440307617 -0.5
endloop
endfacet
facet normal 0.6900246796864735 0.15450108753549024 0.7071034969323307
outer loop
vertex 81.87106323242188 46.31504440307617 -0.5
vertex 82.36769104003906 46.3853759765625 -1
vertex 82.30447387695312 46.6677131652832 -1
endloop
endfacet
facet normal 0.6900173647065643 0.154509004694479 0.7071089052414271
outer loop
vertex 82.17959594726562 47.22542190551758 -1
vertex 81.70027160644531 47.07777786254883 -0.5
vertex 81.87106323242188 46.31504440307617 -0.5
endloop
endfacet
facet normal 0.6900228639651818 0.154504709129714 0.7071044774727642
outer loop
vertex 81.87106323242188 46.31504440307617 -0.5
vertex 82.30447387695312 46.6677131652832 -1
vertex 82.17959594726562 47.22542190551758 -1
endloop
endfacet
facet normal 0.6573650822375541 0.26051472329158126 0.7071090634429207
outer loop
vertex 82.17959594726562 47.22542190551758 -1
vertex 81.98225402832031 47.72338104248047 -1
vertex 81.70027160644531 47.07777786254883 -0.5
endloop
endfacet
facet normal 0.657364971427458 0.26051482301736445 0.7071091297164876
outer loop
vertex 81.98225402832031 47.72338104248047 -1
vertex 81.54444885253906 47.470970153808594 -0.5
vertex 81.70027160644531 47.07777786254883 -0.5
endloop
endfacet
facet normal 0.548491964659205 0.4462686393343977 0.7071073937181753
outer loop
vertex 71.33404541015625 65.9732894897461 -1
vertex 70.97139739990234 65.62676239013672 -0.5
vertex 71.2973403930664 65.22615814208984 -0.5
endloop
endfacet
facet normal 0.5484956298428376 0.446267175079707 0.7071054747982701
outer loop
vertex 71.7361068725586 65.4791259765625 -1
vertex 71.33404541015625 65.9732894897461 -1
vertex 71.2973403930664 65.22615814208984 -0.5
endloop
endfacet
facet normal 0.4707257438217832 0.5276498951442221 0.7071088051054946
outer loop
vertex 70.38817596435547 66.14706420898438 -0.5
vertex 71.26089477539062 66.0385513305664 -1
vertex 70.6916732788086 66.5463638305664 -1
endloop
endfacet
facet normal 0.4707298367584724 0.5276312455974086 0.7071199965031885
outer loop
vertex 70.38817596435547 66.14706420898438 -0.5
vertex 71.33404541015625 65.9732894897461 -1
vertex 71.26089477539062 66.0385513305664 -1
endloop
endfacet
facet normal 0.4707267166726441 0.5276512622156928 0.707107137351037
outer loop
vertex 70.97139739990234 65.62676239013672 -0.5
vertex 71.33404541015625 65.9732894897461 -1
vertex 70.38817596435547 66.14706420898438 -0.5
endloop
endfacet
facet normal 0.3824121318482636 0.5947762332025731 0.7071083324587717
outer loop
vertex 69.90129852294922 67.05453491210938 -1
vertex 69.66444396972656 66.61238861083984 -0.5
vertex 70.38817596435547 66.14706420898438 -0.5
endloop
endfacet
facet normal 0.382404800781419 0.5947750382103004 0.7071133022799521
outer loop
vertex 70.38817596435547 66.14706420898438 -0.5
vertex 70.03903198242188 66.96598052978516 -1
vertex 69.90129852294922 67.05453491210938 -1
endloop
endfacet
facet normal 0.3824117872003964 0.5947754820451548 0.7071091506748816
outer loop
vertex 70.38817596435547 66.14706420898438 -0.5
vertex 70.6916732788086 66.5463638305664 -1
vertex 70.03903198242188 66.96598052978516 -1
endloop
endfacet
facet normal 0.2832860881569101 0.6478781162250614 0.7071088592101085
outer loop
vertex 68.94828796386719 66.92552947998047 -0.5
vertex 69.90129852294922 67.05453491210938 -1
vertex 69.11255645751953 67.3994140625 -1
endloop
endfacet
facet normal 0.28328615050442935 0.6478779937518218 0.7071089464463705
outer loop
vertex 69.66444396972656 66.61238861083984 -0.5
vertex 69.90129852294922 67.05453491210938 -1
vertex 68.94828796386719 66.92552947998047 -0.5
endloop
endfacet
facet normal 0.1784746615275034 0.6842102823849052 0.707108962375256
outer loop
vertex 68.20333862304688 67.63658142089844 -1
vertex 68.11573028564453 67.1427001953125 -0.5
vertex 69.11255645751953 67.3994140625 -1
endloop
endfacet
facet normal 0.17847465002926577 0.6842102998223653 0.7071089484046431
outer loop
vertex 68.94828796386719 66.92552947998047 -0.5
vertex 69.11255645751953 67.3994140625 -1
vertex 68.11573028564453 67.1427001953125 -0.5
endloop
endfacet
facet normal 0.06774991398160778 0.703850929912021 0.7071094806445943
outer loop
vertex 67.34645080566406 67.71906280517578 -1
vertex 67.33769989013672 67.21759033203125 -0.5
vertex 68.11573028564453 67.1427001953125 -0.5
endloop
endfacet
facet normal 0.06775056664609322 0.7038513682628169 0.70710898177982
outer loop
vertex 68.11573028564453 67.1427001953125 -0.5
vertex 68.20333862304688 67.63658142089844 -1
vertex 67.34645080566406 67.71906280517578 -1
endloop
endfacet
facet normal -0.04316254616693358 0.7057866315844052 0.7071083546989998
outer loop
vertex 66.40856170654297 67.66170501708984 -1
vertex 66.47888946533203 67.16506958007812 -0.5
vertex 67.33769989013672 67.21759033203125 -0.5
endloop
endfacet
facet normal -0.043163227229597714 0.705785938622197 0.7071090047922673
outer loop
vertex 67.33769989013672 67.21759033203125 -0.5
vertex 67.34645080566406 67.71906280517578 -1
vertex 66.40856170654297 67.66170501708984 -1
endloop
endfacet
facet normal -0.15450196132772567 0.690019771879285 0.7071080952453771
outer loop
vertex 66.47888946533203 67.16506958007812 -0.5
vertex 66.40856170654297 67.66170501708984 -1
vertex 65.56851196289062 67.4736099243164 -1
endloop
endfacet
facet normal -0.1545024900808162 0.6900190949675871 0.7071086402660764
outer loop
vertex 65.56851196289062 67.4736099243164 -1
vertex 65.71615600585938 66.9942855834961 -0.5
vertex 66.47888946533203 67.16506958007812 -0.5
endloop
endfacet
facet normal -0.26051812468862473 0.6573638866906176 0.7071089217254487
outer loop
vertex 65.71615600585938 66.9942855834961 -0.5
vertex 65.56851196289062 67.4736099243164 -1
vertex 64.6949691772461 67.1274185180664 -1
endloop
endfacet
facet normal -0.26051908292045906 0.6573619550241128 0.7071103644560439
outer loop
vertex 64.6949691772461 67.1274185180664 -1
vertex 64.91311645507812 66.67603302001953 -0.5
vertex 65.71615600585938 66.9942855834961 -0.5
endloop
endfacet
facet normal -0.3532178958379697 0.6125615668027671 0.7071106313271895
outer loop
vertex 59.35493469238281 64.04822540283203 -1
vertex 47.84315872192383 57.410255432128906 -1
vertex 64.91311645507812 66.67603302001953 -0.5
endloop
endfacet
facet normal -0.3532180330139528 0.6125619298244358 0.7071102483230725
outer loop
vertex 64.91311645507812 66.67603302001953 -0.5
vertex 64.6949691772461 67.1274185180664 -1
vertex 59.35493469238281 64.04822540283203 -1
endloop
endfacet
facet normal -0.3532202358420878 0.6125661552681225 0.7071054874710635
outer loop
vertex 47.84315872192383 57.410255432128906 -1
vertex 48.11477279663086 56.989707946777344 -0.5
vertex 64.91311645507812 66.67603302001953 -0.5
endloop
endfacet
facet normal -0.41384046981201644 0.5749779475501088 0.7057878047804694
outer loop
vertex 46.568538665771484 56.49284744262695 -1
vertex 46.85953903198242 56.08854293823242 -0.5
vertex 47.84315872192383 57.410255432128906 -1
endloop
endfacet
facet normal -0.41236922964149353 0.5743895686582967 0.7071267509162817
outer loop
vertex 46.85953903198242 56.08854293823242 -0.5
vertex 48.11477279663086 56.989707946777344 -0.5
vertex 47.84315872192383 57.410255432128906 -1
endloop
endfacet
facet normal -0.29938817911944826 0.6420849294815973 0.7057575090186099
outer loop
vertex 46.568538665771484 56.49284744262695 -1
vertex 46.78217315673828 56.042877197265625 -0.5
vertex 46.818538665771484 56.05983352661133 -0.5
endloop
endfacet
facet normal -0.4063581169498153 0.5803264736880965 0.70575793635335
outer loop
vertex 46.85953903198242 56.08854293823242 -0.5
vertex 46.568538665771484 56.49284744262695 -1
vertex 46.818538665771484 56.05983352661133 -0.5
endloop
endfacet
facet normal -0.3038481977798054 0.6399769561574078 0.7057660861032241
outer loop
vertex 46.78217315673828 56.042877197265625 -0.5
vertex 46.568538665771484 56.49284744262695 -1
vertex 46.149105072021484 56.29370880126953 -1
endloop
endfacet
facet normal -0.3058758370671244 0.6375284132097997 0.7071050096334213
outer loop
vertex 46.149105072021484 56.29370880126953 -1
vertex 46.36355209350586 55.8420295715332 -0.5
vertex 46.78217315673828 56.042877197265625 -0.5
endloop
endfacet
facet normal -0.24978426672213025 0.6628160256747798 0.7058914478917967
outer loop
vertex 46.149105072021484 56.29370880126953 -1
vertex 46.30359649658203 55.819435119628906 -0.5
vertex 46.36355209350586 55.8420295715332 -0.5
endloop
endfacet
facet normal -0.21926966080812244 0.6731423047048507 0.7062579227631595
outer loop
vertex 46.30359649658203 55.819435119628906 -0.5
vertex 46.149105072021484 56.29370880126953 -1
vertex 29.775299072265625 50.96009826660156 -1
endloop
endfacet
facet normal -0.21905352848652648 0.6723196904483149 0.7071080437196882
outer loop
vertex 29.775299072265625 50.96009826660156 -1
vertex 29.963098526000977 50.49541473388672 -0.5
vertex 46.30359649658203 55.819435119628906 -0.5
endloop
endfacet
facet normal -0.3096277409471097 0.635712979617798 0.707106547545312
outer loop
vertex 29.963098526000977 50.49541473388672 -0.5
vertex 29.775299072265625 50.96009826660156 -1
vertex 28.847126007080078 50.508026123046875 -1
endloop
endfacet
facet normal -0.30887085351138405 0.6378932194778734 0.7054722080956151
outer loop
vertex 28.847126007080078 50.508026123046875 -1
vertex 29.0361328125 50.046573638916016 -0.5
vertex 29.963098526000977 50.49541473388672 -0.5
endloop
endfacet
facet normal -0.2683751350074316 0.6552224122959108 0.7061574734681142
outer loop
vertex 28.417463302612305 50.33203887939453 -1
vertex 29.0361328125 50.046573638916016 -0.5
vertex 28.847126007080078 50.508026123046875 -1
endloop
endfacet
facet normal -0.26837596119769846 0.655221520734824 0.7061579867261689
outer loop
vertex 28.417463302612305 50.33203887939453 -1
vertex 28.60647201538086 49.87058639526367 -0.5
vertex 29.0361328125 50.046573638916016 -0.5
endloop
endfacet
facet normal -0.2139900342613161 0.6761972862383967 0.7049577968365685
outer loop
vertex 28.417463302612305 50.33203887939453 -1
vertex 28.532917022705078 49.84730911254883 -0.5
vertex 28.60647201538086 49.87058639526367 -0.5
endloop
endfacet
facet normal -0.166367059562956 0.6872597262017016 0.7071040024165738
outer loop
vertex 28.532917022705078 49.84730911254883 -0.5
vertex 27.965791702270508 50.22446060180664 -1
vertex 28.081642150878906 49.738067626953125 -0.5
endloop
endfacet
facet normal -0.16411484071643975 0.689042568892898 0.7058942252987295
outer loop
vertex 28.532917022705078 49.84730911254883 -0.5
vertex 28.417463302612305 50.33203887939453 -1
vertex 27.965791702270508 50.22446060180664 -1
endloop
endfacet
facet normal -0.0996323007936473 0.7015897179567853 0.7055815135729414
outer loop
vertex 28.081642150878906 49.738067626953125 -0.5
vertex 27.965791702270508 50.22446060180664 -1
vertex 28.01800537109375 49.72903060913086 -0.5
endloop
endfacet
facet normal -0.07419960606708234 0.7031997722958149 0.7071099622425099
outer loop
vertex 13.77302360534668 48.728721618652344 -1
vertex 13.83971881866455 48.23297882080078 -0.5
vertex 28.01800537109375 49.72903060913086 -0.5
endloop
endfacet
facet normal -0.07424519608252028 0.7044978182541265 0.7058119260354303
outer loop
vertex 27.965791702270508 50.22446060180664 -1
vertex 13.77302360534668 48.728721618652344 -1
vertex 28.01800537109375 49.72903060913086 -0.5
endloop
endfacet
facet normal -0.11437534736689448 0.6977954539016532 0.707106628754736
outer loop
vertex 13.110663414001465 48.62015151977539 -1
vertex 13.224771499633789 48.13218307495117 -0.5
vertex 13.83971881866455 48.23297882080078 -0.5
endloop
endfacet
facet normal -0.11437802961292277 0.697792986869851 0.7071086294319404
outer loop
vertex 13.83971881866455 48.23297882080078 -0.5
vertex 13.77302360534668 48.728721618652344 -1
vertex 13.110663414001465 48.62015151977539 -1
endloop
endfacet
facet normal -0.20691244424225802 0.6761563347722832 0.7071066760857279
outer loop
vertex 13.224771499633789 48.13218307495117 -0.5
vertex 13.110663414001465 48.62015151977539 -1
vertex 12.47142505645752 47.901649475097656 -0.5
endloop
endfacet
facet normal -0.2069126200983989 0.6761564072136828 0.7071065553563339
outer loop
vertex 12.47142505645752 47.901649475097656 -0.5
vertex 13.110663414001465 48.62015151977539 -1
vertex 12.287496566772461 48.36825180053711 -1
endloop
endfacet
facet normal -0.31011440528034717 0.6354763064699328 0.7071060171946981
outer loop
vertex 11.44304084777832 47.956153869628906 -1
vertex 11.700220108032227 47.525299072265625 -0.5
vertex 12.47142505645752 47.901649475097656 -0.5
endloop
endfacet
facet normal -0.3101136678198312 0.635475989201394 0.7071066257502056
outer loop
vertex 11.856953620910645 48.158145904541016 -1
vertex 12.47142505645752 47.901649475097656 -0.5
vertex 12.287496566772461 48.36825180053711 -1
endloop
endfacet
facet normal -0.3101153229126909 0.635474034178973 0.7071076568522355
outer loop
vertex 12.47142505645752 47.901649475097656 -0.5
vertex 11.856953620910645 48.158145904541016 -1
vertex 11.44304084777832 47.956153869628906 -1
endloop
endfacet
facet normal -0.4121611039178185 0.574564246961712 0.7071061805206953
outer loop
vertex 10.474063873291016 47.26106262207031 -1
vertex 10.76550579071045 46.85478591918945 -0.5
vertex 11.700220108032227 47.525299072265625 -0.5
endloop
endfacet
facet normal -0.41216109912324966 0.5745642981875451 0.7071061416914498
outer loop
vertex 11.44304084777832 47.956153869628906 -1
vertex 10.474063873291016 47.26106262207031 -1
vertex 11.700220108032227 47.525299072265625 -0.5
endloop
endfacet
facet normal -0.37588687620776834 0.5997369985783693 0.7064167246257517
outer loop
vertex 10.474063873291016 47.26106262207031 -1
vertex 10.719327926635742 46.825843811035156 -0.5
vertex 10.76550579071045 46.85478591918945 -0.5
endloop
endfacet
facet normal -0.34730325343897356 0.6162880423571705 0.7068023054562504
outer loop
vertex 10.719327926635742 46.825843811035156 -0.5
vertex 10.069565773010254 47.033111572265625 -1
vertex 10.31482982635498 46.59789276123047 -0.5
endloop
endfacet
facet normal -0.34730325343897356 0.6162880423571705 0.7068023054562504
outer loop
vertex 10.719327926635742 46.825843811035156 -0.5
vertex 10.474063873291016 47.26106262207031 -1
vertex 10.069565773010254 47.033111572265625 -1
endloop
endfacet
facet normal -0.29940067538485426 0.6420809312384566 0.7057558454019701
outer loop
vertex 10.069565773010254 47.033111572265625 -1
vertex 10.244752883911133 46.565216064453125 -0.5
vertex 10.31482982635498 46.59789276123047 -0.5
endloop
endfacet
facet normal -0.24803397395168583 0.6624671401147614 0.7068355084699012
outer loop
vertex 9.634737968444824 46.87030792236328 -1
vertex 10.244752883911133 46.565216064453125 -0.5
vertex 10.069565773010254 47.033111572265625 -1
endloop
endfacet
facet normal -0.248484768025363 0.6620092707474559 0.7071061062554922
outer loop
vertex 9.634737968444824 46.87030792236328 -1
vertex 9.81005859375 46.40205383300781 -0.5
vertex 10.244752883911133 46.565216064453125 -0.5
endloop
endfacet
facet normal -0.18712088777559877 0.6834177865003044 0.7056386486390156
outer loop
vertex 9.634737968444824 46.87030792236328 -1
vertex 9.735492706298828 46.38163757324219 -0.5
vertex 9.81005859375 46.40205383300781 -0.5
endloop
endfacet
facet normal -0.14435457783731448 0.692215580614784 0.7071063186053057
outer loop
vertex 9.179996490478516 46.77655029296875 -1
vertex 9.280962944030762 46.28684997558594 -0.5
vertex 9.735492706298828 46.38163757324219 -0.5
endloop
endfacet
facet normal -0.14293802911752587 0.6932681308158579 0.7063625263468354
outer loop
vertex 9.735492706298828 46.38163757324219 -0.5
vertex 9.634737968444824 46.87030792236328 -1
vertex 9.280983924865723 46.79737091064453 -1
endloop
endfacet
facet normal -0.14293210267663373 0.6932717638666533 0.7063601598686434
outer loop
vertex 9.735492706298828 46.38163757324219 -0.5
vertex 9.280983924865723 46.79737091064453 -1
vertex 9.179996490478516 46.77655029296875 -1
endloop
endfacet
facet normal -0.07511491946455746 0.704784012055726 0.7054340828344399
outer loop
vertex 9.179996490478516 46.77655029296875 -1
vertex 9.204116821289062 46.27865982055664 -0.5
vertex 9.280962944030762 46.28684997558594 -0.5
endloop
endfacet
facet normal -0.03653611239528693 0.7061653792310879 0.7071036484607137
outer loop
vertex 8.71623420715332 46.75408172607422 -1
vertex 8.740428924560547 46.254669189453125 -0.5
vertex 9.204116821289062 46.27865982055664 -0.5
endloop
endfacet
facet normal -0.03427033992108639 0.7073566893134593 0.7060255362840608
outer loop
vertex 8.71623420715332 46.75408172607422 -1
vertex 9.204116821289062 46.27865982055664 -0.5
vertex 9.179996490478516 46.77655029296875 -1
endloop
endfacet
facet normal 0.03713432826894536 0.7079321940583957 0.705303516423731
outer loop
vertex 8.71623420715332 46.75408172607422 -1
vertex 8.66326904296875 46.25871658325195 -0.5
vertex 8.740428924560547 46.254669189453125 -0.5
endloop
endfacet
facet normal 0.07531731252291414 0.7043734315287701 0.7058224786663505
outer loop
vertex 8.66326904296875 46.25871658325195 -0.5
vertex 8.71623420715332 46.75408172607422 -1
vertex 8.254559516906738 46.80344772338867 -1
endloop
endfacet
facet normal 0.07531127259294104 0.7043713750679164 0.7058251753836531
outer loop
vertex 8.66326904296875 46.25871658325195 -0.5
vertex 8.254559516906738 46.80344772338867 -1
vertex 8.201594352722168 46.30807876586914 -0.5
endloop
endfacet
facet normal 0.11878339615899254 0.6990398585015927 0.7051480561009931
outer loop
vertex 8.254559516906738 46.80344772338867 -1
vertex 8.139274597167969 46.318668365478516 -0.5
vertex 8.201594352722168 46.30807876586914 -0.5
endloop
endfacet
facet normal 0.16387332534322963 0.6890933777009391 0.7059007366830431
outer loop
vertex 8.139274597167969 46.318668365478516 -0.5
vertex 8.254559516906738 46.80344772338867 -1
vertex 6.441114902496338 47.234703063964844 -1
endloop
endfacet
facet normal 0.16295692268952788 0.6880599763587553 0.7071198698104504
outer loop
vertex 6.441114902496338 47.234703063964844 -1
vertex 6.344025135040283 46.74384689331055 -0.5
vertex 8.139274597167969 46.318668365478516 -0.5
endloop
endfacet
facet normal 0.11061367352839517 0.6984011510034047 0.7071070976207727
outer loop
vertex 6.208276271820068 47.27157974243164 -1
vertex 6.1494622230529785 46.774662017822266 -0.5
vertex 6.344025135040283 46.74384689331055 -0.5
endloop
endfacet
facet normal 0.11061184657063905 0.6984010481114863 0.7071074850367594
outer loop
vertex 6.344025135040283 46.74384689331055 -0.5
vertex 6.441114902496338 47.234703063964844 -1
vertex 6.208276271820068 47.27157974243164 -1
endloop
endfacet
facet normal 0.055479601342861486 0.7049266664749737 0.7071070702003469
outer loop
vertex 6.1494622230529785 46.774662017822266 -0.5
vertex 6.208276271820068 47.27157974243164 -1
vertex 4.017831802368164 47.443973541259766 -1
endloop
endfacet
facet normal 0.05547976001835625 0.70492695078839 0.7071067743138151
outer loop
vertex 4.017831802368164 47.443973541259766 -1
vertex 3.9981865882873535 46.943973541259766 -0.5
vertex 6.1494622230529785 46.774662017822266 -0.5
endloop
endfacet
facet normal 0 0.7071067811865476 0.7071067811865476
outer loop
vertex 3.9981865882873535 46.943973541259766 -0.5
vertex 4.017831802368164 47.443973541259766 -1
vertex 3.7820911407470703 47.443973541259766 -1
endloop
endfacet
facet normal 0 0.7071067811865476 0.7071067811865476
outer loop
vertex 3.7820911407470703 47.443973541259766 -1
vertex 3.8017361164093018 46.943973541259766 -0.5
vertex 3.9981865882873535 46.943973541259766 -0.5
endloop
endfacet
facet normal -0.0554797579960662 0.7049269641554613 0.7071067611466197
outer loop
vertex 1.6504603624343872 46.774662017822266 -0.5
vertex 3.8017361164093018 46.943973541259766 -0.5
vertex 3.7820911407470703 47.443973541259766 -1
endloop
endfacet
facet normal -0.05547959235453943 0.704926667360319 0.7071070700229551
outer loop
vertex 1.5916463136672974 47.27157974243164 -1
vertex 1.6504603624343872 46.774662017822266 -0.5
vertex 3.7820911407470703 47.443973541259766 -1
endloop
endfacet
facet normal -0.1106141919565714 0.6984005494803915 0.7071076106387783
outer loop
vertex 1.3588080406188965 47.234703063964844 -1
vertex 1.4564284086227417 46.74393081665039 -0.5
vertex 1.6504603624343872 46.774662017822266 -0.5
endloop
endfacet
facet normal -0.11061206793121019 0.6984013730684691 0.7071071294535635
outer loop
vertex 1.6504603624343872 46.774662017822266 -0.5
vertex 1.5916463136672974 47.27157974243164 -1
vertex 1.3588080406188965 47.234703063964844 -1
endloop
endfacet
facet normal -0.16507072268585332 0.6875701082626039 0.7071060760138617
outer loop
vertex -0.777700662612915 46.721771240234375 -1
vertex -0.6418757438659668 46.24017333984375 -0.5
vertex 1.4564284086227417 46.74393081665039 -0.5
endloop
endfacet
facet normal -0.1650710508513066 0.6875684457058735 0.7071076160249262
outer loop
vertex 1.4564284086227417 46.74393081665039 -0.5
vertex 1.3588080406188965 47.234703063964844 -1
vertex -0.777700662612915 46.721771240234375 -1
endloop
endfacet
facet normal -0.2185093237289453 0.6724966759649533 0.7071081220433038
outer loop
vertex -1.0019034147262573 46.64892578125 -1
vertex -0.8287113308906555 46.179466247558594 -0.5
vertex -0.6418757438659668 46.24017333984375 -0.5
endloop
endfacet
facet normal -0.21850158629391164 0.6725011781274352 0.7071062312016886
outer loop
vertex -0.6418757438659668 46.24017333984375 -0.5
vertex -0.777700662612915 46.721771240234375 -1
vertex -1.0019034147262573 46.64892578125 -1
endloop
endfacet
facet normal -0.27059813952323364 0.6532813621609905 0.7071068580770838
outer loop
vertex -3.0318682193756104 45.80808639526367 -1
vertex -2.8223767280578613 45.35366439819336 -0.5
vertex -1.0019034147262573 46.64892578125 -1
endloop
endfacet
facet normal -0.27059717028153113 0.6532804635595462 0.7071080591868917
outer loop
vertex -2.8223767280578613 45.35366439819336 -0.5
vertex -0.8287113308906555 46.179466247558594 -0.5
vertex -1.0019034147262573 46.64892578125 -1
endloop
endfacet
facet normal -0.32102233977433714 0.6300355194150075 0.7071067116364205
outer loop
vertex -3.2419145107269287 45.7010612487793 -1
vertex -2.997415542602539 45.26447677612305 -0.5
vertex -2.8223767280578613 45.35366439819336 -0.5
endloop
endfacet
facet normal -0.32102264868961145 0.6300352675235473 0.707106795827079
outer loop
vertex -2.8223767280578613 45.35366439819336 -0.5
vertex -3.0318682193756104 45.80808639526367 -1
vertex -3.2419145107269287 45.7010612487793 -1
endloop
endfacet
facet normal -0.36946280343460713 0.6029086115953786 0.7071056801796841
outer loop
vertex -5.115350723266602 44.553016662597656 -1
vertex -4.837351322174072 44.136962890625 -0.5
vertex -2.997415542602539 45.26447677612305 -0.5
endloop
endfacet
facet normal -0.3694626772482943 0.6029075587046054 0.7071066438503992
outer loop
vertex -2.997415542602539 45.26447677612305 -0.5
vertex -3.2419145107269287 45.7010612487793 -1
vertex -5.115350723266602 44.553016662597656 -1
endloop
endfacet
facet normal -0.41562794950369497 0.5720619728803454 0.7071057253166606
outer loop
vertex -4.837351322174072 44.136962890625 -0.5
vertex -5.115350723266602 44.553016662597656 -1
vertex -5.3060688972473145 44.414451599121094 -1
endloop
endfacet
facet normal -0.41562737614956696 0.572062614005333 0.7071055436442372
outer loop
vertex -4.837351322174072 44.136962890625 -0.5
vertex -5.3060688972473145 44.414451599121094 -1
vertex -4.996283531188965 44.02149200439453 -0.5
endloop
endfacet
facet normal -0.45922855521871764 0.5376886927402801 0.7071067838530316
outer loop
vertex -5.717855453491211 44.0627555847168 -1
vertex -5.393131732940674 43.682552337646484 -0.5
vertex -4.996283531188965 44.02149200439453 -0.5
endloop
endfacet
facet normal -0.4592276406882736 0.5376909630646166 0.7071056514174718
outer loop
vertex -4.996283531188965 44.02149200439453 -0.5
vertex -5.3060688972473145 44.414451599121094 -1
vertex -5.717855453491211 44.0627555847168 -1
endloop
endfacet
facet normal -0.41122700857665473 0.5768987964008997 0.7057479196769122
outer loop
vertex -5.717855453491211 44.0627555847168 -1
vertex -5.431844711303711 43.65495681762695 -0.5
vertex -5.393131732940674 43.682552337646484 -0.5
endloop
endfacet
facet normal -0.40679921483238307 0.5800167043321771 0.70575847250132
outer loop
vertex -6.184909820556641 43.73518371582031 -1
vertex -5.898898601531982 43.32738494873047 -0.5
vertex -5.431844711303711 43.65495681762695 -0.5
endloop
endfacet
facet normal -0.4067990478315166 0.5800170583872978 0.7057582777857567
outer loop
vertex -6.184909820556641 43.73518371582031 -1
vertex -5.431844711303711 43.65495681762695 -0.5
vertex -5.717855453491211 44.0627555847168 -1
endloop
endfacet
facet normal -0.3559265636295426 0.6140741781011819 0.7044353661566283
outer loop
vertex -6.184909820556641 43.73518371582031 -1
vertex -5.973222732543945 43.284305572509766 -0.5
vertex -5.898898601531982 43.32738494873047 -0.5
endloop
endfacet
facet normal -0.3031337606354464 0.6388384679928044 0.7071034825084789
outer loop
vertex -6.605198860168457 43.53785705566406 -1
vertex -6.392704010009766 43.08525848388672 -0.5
vertex -5.973222732543945 43.284305572509766 -0.5
endloop
endfacet
facet normal -0.30108663109441147 0.6412889719129998 0.7057586663151828
outer loop
vertex -5.973222732543945 43.284305572509766 -0.5
vertex -6.184909820556641 43.73518371582031 -1
vertex -6.605198860168457 43.53785705566406 -1
endloop
endfacet
facet normal -0.23542987236077126 0.6686539103794797 0.705318880602541
outer loop
vertex -6.605198860168457 43.53785705566406 -1
vertex -6.465586185455322 43.05959701538086 -0.5
vertex -6.392704010009766 43.08525848388672 -0.5
endloop
endfacet
facet normal -0.1984982977633502 0.6799855799545669 0.705845618275628
outer loop
vertex -7.050902843475342 43.40774917602539 -1
vertex -6.465586185455322 43.05959701538086 -0.5
vertex -6.605198860168457 43.53785705566406 -1
endloop
endfacet
facet normal -0.20074728164856342 0.6780137045238064 0.7071053283554134
outer loop
vertex -7.050902843475342 43.40774917602539 -1
vertex -6.910790920257568 42.92778015136719 -0.5
vertex -6.465586185455322 43.05959701538086 -0.5
endloop
endfacet
facet normal -0.132201558740157 0.6963102276684116 0.7054607109620193
outer loop
vertex -7.050902843475342 43.40774917602539 -1
vertex -6.986719131469727 42.91336441040039 -0.5
vertex -6.910790920257568 42.92778015136719 -0.5
endloop
endfacet
facet normal -0.09116886458959372 0.7022511608041618 0.7060676633854943
outer loop
vertex -6.986719131469727 42.91336441040039 -0.5
vertex -7.050902843475342 43.40774917602539 -1
vertex -7.511344909667969 43.34797286987305 -1
endloop
endfacet
facet normal -0.09116886458959372 0.7022511608041618 0.7060676633854943
outer loop
vertex -7.511344909667969 43.34797286987305 -1
vertex -7.4471611976623535 42.85358810424805 -0.5
vertex -6.986719131469727 42.91336441040039 -0.5
endloop
endfacet
facet normal -0.06176489743476315 0.7057554022404471 0.7057580390284605
outer loop
vertex -7.511344909667969 43.34797286987305 -1
vertex -7.511192798614502 42.847984313964844 -0.5
vertex -7.4471611976623535 42.85358810424805 -0.5
endloop
endfacet
facet normal -0.00021548287625705275 0.707114849657218 0.7070986797904378
outer loop
vertex -7.511192798614502 42.847984313964844 -0.5
vertex -8.525190353393555 43.34766387939453 -1
vertex -20.64267921447754 43.343971252441406 -1
endloop
endfacet
facet normal -0.00021601232561363603 0.7071078691515728 0.7071056602252576
outer loop
vertex -20.64267921447754 43.343971252441406 -1
vertex -20.435508728027344 42.84403610229492 -0.5
vertex -7.511192798614502 42.847984313964844 -0.5
endloop
endfacet
facet normal -0.00021550794478123473 0.7071148242261172 0.7070987052144794
outer loop
vertex -7.511192798614502 42.847984313964844 -0.5
vertex -7.511344909667969 43.34797286987305 -1
vertex -8.525190353393555 43.34766387939453 -1
endloop
endfacet
facet normal -0.5009511367088817 0.5009517752682948 0.7057586538510335
outer loop
vertex -21.806900024414062 41.47533416748047 -0.5
vertex -20.64267921447754 43.343971252441406 -1
vertex -22.138999938964844 41.847652435302734 -1
endloop
endfacet
facet normal -0.4994080597478111 0.5003893463308154 0.7072496673293992
outer loop
vertex -20.64267921447754 43.343971252441406 -1
vertex -21.806900024414062 41.47533416748047 -0.5
vertex -20.435508728027344 42.84403610229492 -0.5
endloop
endfacet
facet normal -0.4712003102204469 0.5282626219930125 0.7063348142723974
outer loop
vertex -22.394222259521484 41.619998931884766 -1
vertex -21.806900024414062 41.47533416748047 -0.5
vertex -22.138999938964844 41.847652435302734 -1
endloop
endfacet
facet normal -0.4723663294235423 0.5261879024810343 0.7071041946626672
outer loop
vertex -22.394222259521484 41.619998931884766 -1
vertex -22.061397552490234 41.24686813354492 -0.5
vertex -21.806900024414062 41.47533416748047 -0.5
endloop
endfacet
facet normal -0.41975084924846934 0.5710029790314175 0.7055245016953241
outer loop
vertex -22.394222259521484 41.619998931884766 -1
vertex -22.115459442138672 41.20712661743164 -0.5
vertex -22.061397552490234 41.24686813354492 -0.5
endloop
endfacet
facet normal -0.39568024795961615 0.586034812035506 0.7071070219260489
outer loop
vertex -22.499242782592773 40.94579315185547 -0.5
vertex -22.394222259521484 41.619998931884766 -1
vertex -22.779029846191406 41.36018371582031 -1
endloop
endfacet
facet normal -0.3987198400928584 0.5855431940137819 0.70580567939091
outer loop
vertex -22.115459442138672 41.20712661743164 -0.5
vertex -22.394222259521484 41.619998931884766 -1
vertex -22.499242782592773 40.94579315185547 -0.5
endloop
endfacet
facet normal -0.3348185793893898 0.6249013360438459 0.7052622484624335
outer loop
vertex -22.499242782592773 40.94579315185547 -0.5
vertex -22.779029846191406 41.36018371582031 -1
vertex -22.56734275817871 40.909305572509766 -0.5
endloop
endfacet
facet normal -0.30108607129912907 0.6412892347372505 0.7057586663157367
outer loop
vertex -23.19931983947754 41.16285705566406 -1
vertex -22.56734275817871 40.909305572509766 -0.5
vertex -22.779029846191406 41.36018371582031 -1
endloop
endfacet
facet normal -0.3031336367039811 0.6388382068137551 0.7071037716018808
outer loop
vertex -23.19931983947754 41.16285705566406 -1
vertex -22.98682403564453 40.71025848388672 -0.5
vertex -22.56734275817871 40.909305572509766 -0.5
endloop
endfacet
facet normal -0.23543114404241397 0.6686531473914583 0.7053191794488343
outer loop
vertex -22.98682403564453 40.71025848388672 -0.5
vertex -23.19931983947754 41.16285705566406 -1
vertex -23.05970573425293 40.68459701538086 -0.5
endloop
endfacet
facet normal -0.19849841388243572 0.6799852502537006 0.7058459032420386
outer loop
vertex -23.645023345947266 41.03274917602539 -1
vertex -23.505409240722656 40.55448913574219 -0.5
vertex -23.05970573425293 40.68459701538086 -0.5
endloop
endfacet
facet normal -0.19849841388243572 0.6799852502537006 0.7058459032420386
outer loop
vertex -23.645023345947266 41.03274917602539 -1
vertex -23.05970573425293 40.68459701538086 -0.5
vertex -23.19931983947754 41.16285705566406 -1
endloop
endfacet
facet normal -0.14828114670904108 0.6936449620182691 0.7048896141931201
outer loop
vertex -23.505409240722656 40.55448913574219 -0.5
vertex -23.645023345947266 41.03274917602539 -1
vertex -23.580839157104492 40.53836441040039 -0.5
endloop
endfacet
facet normal -0.0932540171788999 0.7009301213354859 0.7071072431283804
outer loop
vertex -24.105464935302734 40.97297286987305 -1
vertex -24.041091918945312 40.47713088989258 -0.5
vertex -23.580839157104492 40.53836441040039 -0.5
endloop
endfacet
facet normal -0.09116895184309438 0.7022511056391307 0.7060677069859873
outer loop
vertex -23.580839157104492 40.53836441040039 -0.5
vertex -23.645023345947266 41.03274917602539 -1
vertex -24.105464935302734 40.97297286987305 -1
endloop
endfacet
facet normal -0.045531069079044674 0.7063796254274195 0.7063672886887795
outer loop
vertex -24.105464935302734 40.97297286987305 -1
vertex -24.105541229248047 40.47297668457031 -0.5
vertex -24.041091918945312 40.47713088989258 -0.5
endloop
endfacet
facet normal 0.00010743439058452184 0.7071121637263459 0.7071013904441831
outer loop
vertex -31.23609733581543 40.47406005859375 -0.5
vertex -24.105541229248047 40.47297668457031 -0.5
vertex -31.236021041870117 40.97405242919922 -1
endloop
endfacet
facet normal 0.00010705569209971254 0.7071094663702329 0.7071040878885394
outer loop
vertex -31.236021041870117 40.97405242919922 -1
vertex -24.105541229248047 40.47297668457031 -0.5
vertex -24.105464935302734 40.97297286987305 -1
endloop
endfacet
facet normal 0.06174037892095815 0.7057584673935546 0.7057571192081575
outer loop
vertex -31.236021041870117 40.97405242919922 -1
vertex -31.303468704223633 40.47995376586914 -0.5
vertex -31.23609733581543 40.47406005859375 -0.5
endloop
endfacet
facet normal 0.09576278491368008 0.7015342419416001 0.7061722144130289
outer loop
vertex -31.303468704223633 40.47995376586914 -0.5
vertex -31.236021041870117 40.97405242919922 -1
vertex -31.696060180664062 41.03684997558594 -1
endloop
endfacet
facet normal 0.09576237043658269 0.7015341141744966 0.7061723975473488
outer loop
vertex -31.303468704223633 40.47995376586914 -0.5
vertex -31.696060180664062 41.03684997558594 -1
vertex -31.76350975036621 40.54275131225586 -0.5
endloop
endfacet
facet normal 0.1534208809149816 0.6924454204679376 0.7049690581665639
outer loop
vertex -31.76350975036621 40.54275131225586 -0.5
vertex -31.696060180664062 41.03684997558594 -1
vertex -31.838834762573242 40.55944061279297 -0.5
endloop
endfacet
facet normal 0.20012619309812812 0.6781999454011534 0.7071027795829424
outer loop
vertex -32.140899658203125 41.169883728027344 -1
vertex -32.28416061401367 40.69084930419922 -0.5
vertex -31.838834762573242 40.55944061279297 -0.5
endloop
endfacet
facet normal 0.20294584377500746 0.678612167640396 0.7059026210638782
outer loop
vertex -31.838834762573242 40.55944061279297 -0.5
vertex -31.696060180664062 41.03684997558594 -1
vertex -32.140899658203125 41.169883728027344 -1
endloop
endfacet
facet normal 0.2710599529979979 0.65507322060402 0.705269861491472
outer loop
vertex -32.140899658203125 41.169883728027344 -1
vertex -32.355552673339844 40.72039031982422 -0.5
vertex -32.28416061401367 40.69084930419922 -0.5
endloop
endfacet
facet normal 0.3052792118898029 0.6392883936529697 0.7057725926447884
outer loop
vertex -32.355552673339844 40.72039031982422 -0.5
vertex -32.55988693237305 41.369964599609375 -1
vertex -32.7745361328125 40.920467376708984 -0.5
endloop
endfacet
facet normal 0.30528223725179343 0.6392883608875258 0.7057713137074079
outer loop
vertex -32.355552673339844 40.72039031982422 -0.5
vertex -32.140899658203125 41.169883728027344 -1
vertex -32.55988693237305 41.369964599609375 -1
endloop
endfacet
facet normal 0.35433120709396415 0.6146819681965935 0.7047094959295613
outer loop
vertex -32.7745361328125 40.920467376708984 -0.5
vertex -32.55988693237305 41.369964599609375 -1
vertex -32.84132766723633 40.95896911621094 -0.5
endloop
endfacet
facet normal 0.40026909839962477 0.5845197684438086 0.705777081779189
outer loop
vertex -32.84132766723633 40.95896911621094 -0.5
vertex -32.94297790527344 41.632301330566406 -1
vertex -33.224422454833984 41.22130584716797 -0.5
endloop
endfacet
facet normal 0.40027267447764864 0.5845191701965663 0.7057755491225435
outer loop
vertex -32.84132766723633 40.95896911621094 -0.5
vertex -32.55988693237305 41.369964599609375 -1
vertex -32.94297790527344 41.632301330566406 -1
endloop
endfacet
facet normal 0.4435206877348813 0.5536901455808726 0.7047812584325792
outer loop
vertex -32.94297790527344 41.632301330566406 -1
vertex -33.284603118896484 41.26951217651367 -0.5
vertex -33.224422454833984 41.22130584716797 -0.5
endloop
endfacet
facet normal 0.48370867714527177 0.5174080220761959 0.705914197580393
outer loop
vertex -33.284603118896484 41.26951217651367 -0.5
vertex -32.94297790527344 41.632301330566406 -1
vertex -33.623779296875 41.58659744262695 -0.5
endloop
endfacet
facet normal 0.48476443467431 0.5147854136819665 0.7071063715843489
outer loop
vertex -33.623779296875 41.58659744262695 -0.5
vertex -33.16482925415039 41.841209411621094 -1
vertex -33.281002044677734 41.95060729980469 -1
endloop
endfacet
facet normal 0.4847587285675452 0.5147928087302375 0.707104899684064
outer loop
vertex -33.623779296875 41.58659744262695 -0.5
vertex -32.94297790527344 41.632301330566406 -1
vertex -33.16482925415039 41.841209411621094 -1
endloop
endfacet
facet normal 0.5321338831455872 0.46802600225134716 0.7055389370013682
outer loop
vertex -33.623779296875 41.58659744262695 -0.5
vertex -33.281002044677734 41.95060729980469 -1
vertex -33.674827575683594 41.64463806152344 -0.5
endloop
endfacet
facet normal 0.5591052824522171 0.43438331773190014 0.7061957351968742
outer loop
vertex -33.674827575683594 41.64463806152344 -0.5
vertex -33.281002044677734 41.95060729980469 -1
vertex -33.56586456298828 42.3172607421875 -1
endloop
endfacet
facet normal 0.5591097849405143 0.4343809987998665 0.7061935968736917
outer loop
vertex -33.56586456298828 42.3172607421875 -1
vertex -33.959686279296875 42.01129150390625 -0.5
vertex -33.674827575683594 41.64463806152344 -0.5
endloop
endfacet
facet normal 0.5824827511429607 0.40342864420451396 0.7056622234867297
outer loop
vertex -33.959686279296875 42.01129150390625 -0.5
vertex -33.56586456298828 42.3172607421875 -1
vertex -33.999755859375 42.06914520263672 -0.5
endloop
endfacet
facet normal 0.6139399464248206 0.3510766680302114 0.706981552339729
outer loop
vertex -33.999755859375 42.06914520263672 -0.5
vertex -33.56586456298828 42.3172607421875 -1
vertex -33.97964859008789 43.04085922241211 -1
endloop
endfacet
facet normal 0.6137486626740652 0.35114788111711376 0.7071122574618246
outer loop
vertex -33.97964859008789 43.04085922241211 -1
vertex -34.39934158325195 42.767555236816406 -0.5
vertex -33.999755859375 42.06914520263672 -0.5
endloop
endfacet
facet normal 0.5692783993888975 0.41942920908740444 0.7071076598040282
outer loop
vertex -34.39934158325195 42.767555236816406 -0.5
vertex -33.97964859008789 43.04085922241211 -1
vertex -34.490272521972656 43.73391342163086 -1
endloop
endfacet
facet normal 0.5692776328738759 0.41942939821197406 0.7071081647280406
outer loop
vertex -34.490272521972656 43.73391342163086 -1
vertex -34.86948013305664 43.40565872192383 -0.5
vertex -34.39934158325195 42.767555236816406 -0.5
endloop
endfacet
facet normal 0.4966766207504331 0.5033008566883594 0.7071071927626631
outer loop
vertex -34.86948013305664 43.40565872192383 -0.5
vertex -35.159088134765625 44.393924713134766 -1
vertex -35.481903076171875 44.0100212097168 -0.5
endloop
endfacet
facet normal 0.4966754333999849 0.5033009110976069 0.7071079880366621
outer loop
vertex -35.159088134765625 44.393924713134766 -1
vertex -34.86948013305664 43.40565872192383 -0.5
vertex -34.490272521972656 43.73391342163086 -1
endloop
endfacet
facet normal 0.4106074961244916 0.5756739113263353 0.7071075108812058
outer loop
vertex -35.85992431640625 44.89380645751953 -1
vertex -36.11824035644531 44.463897705078125 -0.5
vertex -35.481903076171875 44.0100212097168 -0.5
endloop
endfacet
facet normal 0.41060792986441463 0.5756739407871602 0.7071072350294835
outer loop
vertex -35.481903076171875 44.0100212097168 -0.5
vertex -35.159088134765625 44.393924713134766 -1
vertex -35.85992431640625 44.89380645751953 -1
endloop
endfacet
facet normal 0.31552222766990945 0.6328070370889235 0.7071074724940726
outer loop
vertex -36.11824035644531 44.463897705078125 -0.5
vertex -35.85992431640625 44.89380645751953 -1
vertex -36.700836181640625 45.31309127807617 -1
endloop
endfacet
facet normal 0.3155244629880763 0.6328076568123141 0.7071059204502494
outer loop
vertex -36.700836181640625 45.31309127807617 -1
vertex -36.888248443603516 44.84783172607422 -0.5
vertex -36.11824035644531 44.463897705078125 -0.5
endloop
endfacet
facet normal 0.21121200875047993 0.6748238001258737 0.7071084260163092
outer loop
vertex -37.52238082885742 45.570228576660156 -1
vertex -37.63418960571289 45.081302642822266 -0.5
vertex -36.888248443603516 44.84783172607422 -0.5
endloop
endfacet
facet normal 0.21122264104116642 0.6748224134790715 0.7071065734229005
outer loop
vertex -36.888248443603516 44.84783172607422 -0.5
vertex -36.700836181640625 45.31309127807617 -1
vertex -36.839698791503906 45.3565559387207 -1
endloop
endfacet
facet normal 0.21121324475992984 0.674824299635474 0.707107580117392
outer loop
vertex -36.888248443603516 44.84783172607422 -0.5
vertex -36.839698791503906 45.3565559387207 -1
vertex -37.52238082885742 45.570228576660156 -1
endloop
endfacet
facet normal 0.10307373022345348 0.6995527319078595 0.7071080408382253
outer loop
vertex -38.451988220214844 45.70719909667969 -1
vertex -37.63418960571289 45.081302642822266 -0.5
vertex -37.52238082885742 45.570228576660156 -1
endloop
endfacet
facet normal 0.10307523200573988 0.6995537302514018 0.7071068342466448
outer loop
vertex -38.451988220214844 45.70719909667969 -1
vertex -38.488704681396484 45.207210540771484 -0.5
vertex -37.63418960571289 45.081302642822266 -0.5
endloop
endfacet
facet normal 0.00021703791017265448 0.7071062015495887 0.7071073275144716
outer loop
vertex -76.80233001708984 45.718971252441406 -1
vertex -76.79249572753906 45.21896743774414 -0.5
vertex -38.488704681396484 45.207210540771484 -0.5
endloop
endfacet
facet normal 0.0002170560163545411 0.7071068871967933 0.7071066418621362
outer loop
vertex -38.488704681396484 45.207210540771484 -0.5
vertex -38.451988220214844 45.70719909667969 -1
vertex -76.80233001708984 45.718971252441406 -1
endloop
endfacet
facet normal -0.028016231865909756 0.7065536531372659 0.7071046782410788
outer loop
vertex -77.25170135498047 45.70115280151367 -1
vertex -77.20194244384766 45.202735900878906 -0.5
vertex -76.80233001708984 45.718971252441406 -1
endloop
endfacet
facet normal -0.028009532263367873 0.7065511482858583 0.707107446544245
outer loop
vertex -76.79249572753906 45.21896743774414 -0.5
vertex -76.80233001708984 45.718971252441406 -1
vertex -77.20194244384766 45.202735900878906 -0.5
endloop
endfacet
facet normal -0.11222609644781234 0.6981430521351046 0.7071078998509117
outer loop
vertex -78.18135833740234 45.55171585083008 -1
vertex -78.06258392333984 45.064388275146484 -0.5
vertex -77.20194244384766 45.202735900878906 -0.5
endloop
endfacet
facet normal -0.11222304896998558 0.6981468812523961 0.7071046029247956
outer loop
vertex -77.25170135498047 45.70115280151367 -1
vertex -78.18135833740234 45.55171585083008 -1
vertex -77.20194244384766 45.202735900878906 -0.5
endloop
endfacet
facet normal -0.22158813851988032 0.6714887028028275 0.707107925903444
outer loop
vertex -78.06258392333984 45.064388275146484 -0.5
vertex -78.18135833740234 45.55171585083008 -1
vertex -78.99884796142578 45.28194808959961 -1
endloop
endfacet
facet normal -0.2215869311575751 0.6714906086887062 0.7071064943719856
outer loop
vertex -78.99884796142578 45.28194808959961 -1
vertex -78.80480194091797 44.819461822509766 -0.5
vertex -78.06258392333984 45.064388275146484 -0.5
endloop
endfacet
facet normal -0.32387844216942746 0.6285721635130032 0.7071066326619256
outer loop
vertex -79.29356384277344 45.13009262084961 -1
vertex -78.80480194091797 44.819461822509766 -0.5
vertex -78.99884796142578 45.28194808959961 -1
endloop
endfacet
facet normal -0.3238769168802588 0.6285736134141472 0.7071060424233555
outer loop
vertex -78.80480194091797 44.819461822509766 -0.5
vertex -79.29356384277344 45.13009262084961 -1
vertex -79.8341293334961 44.8515625 -1
endloop
endfacet
facet normal -0.32387818246911015 0.628570271717644 0.7071084332924569
outer loop
vertex -79.8341293334961 44.8515625 -1
vertex -79.56965637207031 44.42536163330078 -0.5
vertex -78.80480194091797 44.819461822509766 -0.5
endloop
endfacet
facet normal -0.41943180290863796 0.5692757108410793 0.7071082857350728
outer loop
vertex -80.52717590332031 44.340938568115234 -1
vertex -80.19892120361328 43.96173095703125 -0.5
vertex -79.56965637207031 44.42536163330078 -0.5
endloop
endfacet
facet normal -0.4194318138156282 0.5692756678425163 0.7071083138825262
outer loop
vertex -79.56965637207031 44.42536163330078 -0.5
vertex -79.8341293334961 44.8515625 -1
vertex -80.52717590332031 44.340938568115234 -1
endloop
endfacet
facet normal -0.5033041852251892 0.49667866442679226 0.707103388082695
outer loop
vertex -80.80329132080078 43.349308013916016 -0.5
vertex -80.52717590332031 44.340938568115234 -1
vertex -81.18718719482422 43.672122955322266 -1
endloop
endfacet
facet normal -0.503297006227189 0.4966790909014158 0.7071081983572896
outer loop
vertex -80.19892120361328 43.96173095703125 -0.5
vertex -80.52717590332031 44.340938568115234 -1
vertex -80.80329132080078 43.349308013916016 -0.5
endloop
endfacet
facet normal -0.5756770679707954 0.4106110588393759 0.7071028721277794
outer loop
vertex -81.68707275390625 42.971282958984375 -1
vertex -80.80329132080078 43.349308013916016 -0.5
vertex -81.18718719482422 43.672122955322266 -1
endloop
endfacet
facet normal -0.5756767280288547 0.41060605412604084 0.7071060550730951
outer loop
vertex -81.68707275390625 42.971282958984375 -1
vertex -81.25716400146484 42.71297073364258 -0.5
vertex -80.80329132080078 43.349308013916016 -0.5
endloop
endfacet
facet normal -0.632805496496441 0.315523385832169 0.707108334413403
outer loop
vertex -82.10636138916016 42.130374908447266 -1
vertex -81.64109802246094 41.942962646484375 -0.5
vertex -81.25716400146484 42.71297073364258 -0.5
endloop
endfacet
facet normal -0.6328062607832665 0.3155261425960559 0.7071064203158912
outer loop
vertex -81.25716400146484 42.71297073364258 -0.5
vertex -81.68707275390625 42.971282958984375 -1
vertex -82.10636138916016 42.130374908447266 -1
endloop
endfacet
facet normal -0.6748236309105187 0.21121159003707426 0.7071087125744915
outer loop
vertex -81.64109802246094 41.942962646484375 -0.5
vertex -82.10636138916016 42.130374908447266 -1
vertex -82.36349487304688 41.30883026123047 -1
endloop
endfacet
facet normal -0.6748253967350704 0.2112159594862192 0.7071057222082641
outer loop
vertex -82.36349487304688 41.30883026123047 -1
vertex -81.87457275390625 41.197021484375 -0.5
vertex -81.64109802246094 41.942962646484375 -0.5
endloop
endfacet
facet normal -0.6995547231816357 0.10307757442624535 0.7071055104612513
outer loop
vertex -82.36349487304688 41.30883026123047 -1
vertex -82.38996124267578 41.12921142578125 -1
vertex -81.87457275390625 41.197021484375 -0.5
endloop
endfacet
facet normal -0.6995550099042815 0.1030202982378291 0.7071135738117387
outer loop
vertex -82.38996124267578 41.12921142578125 -1
vertex -81.88456726074219 41.129154205322266 -0.5
vertex -81.87457275390625 41.197021484375 -0.5
endloop
endfacet
facet normal -0.7071067741763701 0.0000814853717113557 0.7071067835016309
outer loop
vertex -82.51005554199219 -44.57829284667969 -1
vertex -82.01005554199219 -44.57835006713867 -0.5
vertex -82.00994873046875 -43.65147018432617 -0.5
endloop
endfacet
facet normal -0.7071067741763701 0.0000814853717113557 0.7071067835016309
outer loop
vertex -82.50753021240234 -22.22453498840332 -1
vertex -82.50763702392578 -23.15141487121582 -1
vertex -82.00753021240234 -22.224592208862305 -0.5
endloop
endfacet
facet normal -0.7071067741763701 0.0000814853717113557 0.7071067835016309
outer loop
vertex -82.50994873046875 -43.65141296386719 -1
vertex -82.51005554199219 -44.57829284667969 -1
vertex -82.00994873046875 -43.65147018432617 -0.5
endloop
endfacet
facet normal -0.7071067742443614 0.0000814854188797624 0.7071067834336341
outer loop
vertex -82.00521850585938 -1.7245919704437256 -0.5
vertex -82.50511169433594 -0.797656238079071 -1
vertex -82.50521850585938 -1.724535584449768 -1
endloop
endfacet
facet normal -0.7071067741763701 0.0000814853717113557 0.7071067835016309
outer loop
vertex -82.50763702392578 -23.15141487121582 -1
vertex -82.00763702392578 -23.151472091674805 -0.5
vertex -82.00753021240234 -22.224592208862305 -0.5
endloop
endfacet
facet normal -0.7071067742443614 0.0000814854188797624 0.7071067834336341
outer loop
vertex -82.50511169433594 -0.797656238079071 -1
vertex -82.00521850585938 -1.7245919704437256 -0.5
vertex -82.00511169433594 -0.7977126240730286 -0.5
endloop
endfacet
facet normal -0.7071067743317911 0.00008148537172926606 0.7071067833462098
outer loop
vertex -82.00279998779297 19.702287673950195 -0.5
vertex -82.50269317626953 20.629222869873047 -1
vertex -82.50279998779297 19.702342987060547 -1
endloop
endfacet
facet normal -0.7071067741763508 0.00008148553939363361 0.7071067835016308
outer loop
vertex -82.50269317626953 20.629222869873047 -1
vertex -82.00279998779297 19.702287673950195 -0.5
vertex -82.00269317626953 20.629165649414062 -0.5
endloop
endfacet
facet normal -0.6978828018937376 -0.11382356018377535 0.7071094625077766
outer loop
vertex -82.4332046508789 -65.07830047607422 -1
vertex -82.41251373291016 -65.20516204833984 -1
vertex -81.9253921508789 -65.0856704711914 -0.5
endloop
endfacet
facet normal -0.6713369141347021 -0.22204196735644016 0.7071096891236728
outer loop
vertex -81.9253921508789 -65.0856704711914 -0.5
vertex -82.41251373291016 -65.20516204833984 -1
vertex -82.20738220214844 -65.82537078857422 -1
endloop
endfacet
facet normal -0.6713395219880108 -0.22203976668816838 0.7071079042310111
outer loop
vertex -82.20738220214844 -65.82537078857422 -1
vertex -81.74691009521484 -65.62531280517578 -0.5
vertex -81.9253921508789 -65.0856704711914 -0.5
endloop
endfacet
facet normal -0.6204390377033044 -0.3391870368371376 0.7071121230296084
outer loop
vertex -81.74691009521484 -65.62531280517578 -0.5
vertex -82.10859680175781 -66.0060806274414 -1
vertex -81.88186645507812 -66.42081451416016 -1
endloop
endfacet
facet normal -0.6204514409013357 -0.33917104014145466 0.7071089131193442
outer loop
vertex -81.74691009521484 -65.62531280517578 -0.5
vertex -82.20738220214844 -65.82537078857422 -1
vertex -82.10859680175781 -66.0060806274414 -1
endloop
endfacet
facet normal -0.6204454818096488 -0.3391834662145511 0.7071081815031386
outer loop
vertex -81.88186645507812 -66.42081451416016 -1
vertex -81.46472930908203 -66.14148712158203 -0.5
vertex -81.74691009521484 -65.62531280517578 -0.5
endloop
endfacet
facet normal -0.549914878236258 -0.44451207989839536 0.70710864619152
outer loop
vertex -81.46472930908203 -66.14148712158203 -0.5
vertex -81.88186645507812 -66.42081451416016 -1
vertex -81.47758483886719 -66.92095947265625 -1
endloop
endfacet
facet normal -0.549915969711054 -0.44451167904472033 0.7071080493457804
outer loop
vertex -81.47758483886719 -66.92095947265625 -1
vertex -81.11618041992188 -66.57268524169922 -0.5
vertex -81.46472930908203 -66.14148712158203 -0.5
endloop
endfacet
facet normal -0.4645462395945771 -0.5330996579315771 0.707107874366969
outer loop
vertex -81.11618041992188 -66.57268524169922 -0.5
vertex -81.47758483886719 -66.92095947265625 -1
vertex -80.98509216308594 -67.3501205444336 -1
endloop
endfacet
facet normal -0.4645463706931659 -0.5330996355144144 0.7071078051402108
outer loop
vertex -80.98509216308594 -67.3501205444336 -1
vertex -80.69078826904297 -66.94337463378906 -0.5
vertex -81.11618041992188 -66.57268524169922 -0.5
endloop
endfacet
facet normal -0.36107512135759706 -0.6079667581947501 0.707107613922211
outer loop
vertex -80.69078826904297 -66.94337463378906 -0.5
vertex -80.98509216308594 -67.3501205444336 -1
vertex -80.18499755859375 -67.24376678466797 -0.5
endloop
endfacet
facet normal -0.361070901915678 -0.6079750625466281 0.7071026284148734
outer loop
vertex -80.98509216308594 -67.3501205444336 -1
vertex -80.40161895751953 -67.69664001464844 -1
vertex -80.18499755859375 -67.24376678466797 -0.5
endloop
endfacet
facet normal -0.2467196280170007 -0.6626725964717618 0.7071028602944033
outer loop
vertex -80.40161895751953 -67.69664001464844 -1
vertex -79.7989273071289 -67.92102813720703 -1
vertex -80.18499755859375 -67.24376678466797 -0.5
endloop
endfacet
facet normal -0.24671394193815477 -0.6626715463653561 0.7071058283532137
outer loop
vertex -79.7989273071289 -67.92102813720703 -1
vertex -79.66539001464844 -67.43721771240234 -0.5
vertex -80.18499755859375 -67.24376678466797 -0.5
endloop
endfacet
facet normal -0.12813174505796104 -0.6954016835206865 0.707105900459752
outer loop
vertex -79.66539001464844 -67.43721771240234 -0.5
vertex -79.7989273071289 -67.92102813720703 -1
vertex -79.23041534423828 -68.0257797241211 -1
endloop
endfacet
facet normal -0.1281140259180707 -0.6954043681345586 0.7071064708673223
outer loop
vertex -79.156494140625 -68.03939819335938 -1
vertex -79.1107406616211 -67.53941345214844 -0.5
vertex -79.23041534423828 -68.0257797241211 -1
endloop
endfacet
facet normal -0.12812963800816105 -0.6954010118369018 0.7071069428312176
outer loop
vertex -79.66539001464844 -67.43721771240234 -0.5
vertex -79.23041534423828 -68.0257797241211 -1
vertex -79.1107406616211 -67.53941345214844 -0.5
endloop
endfacet
facet normal -0.00021293918405173134 -0.7071175227448406 0.70709600740218
outer loop
vertex -65.27218627929688 -68.0435791015625 -1
vertex -8.39443302154541 -68.06070709228516 -1
vertex -8.394282341003418 -67.56072235107422 -0.5
endloop
endfacet
facet normal -0.00021312507787125034 -0.7071067651273396 0.7071067651273396
outer loop
vertex -65.27218627929688 -67.5435791015625 -0.5
vertex -65.27218627929688 -68.0435791015625 -1
vertex -8.394282341003418 -67.56072235107422 -0.5
endloop
endfacet
facet normal -0.00021317191245296045 -0.7071078013716864 0.7071057288673565
outer loop
vertex -74.27218627929688 -68.0408706665039 -1
vertex -79.1107406616211 -67.53941345214844 -0.5
vertex -79.156494140625 -68.03939819335938 -1
endloop
endfacet
facet normal -0.0002129574347233998 -0.7071067651525939 0.7071067651525939
outer loop
vertex -79.1107406616211 -67.53941345214844 -0.5
vertex -74.27218627929688 -68.0408706665039 -1
vertex -74.27218627929688 -67.5408706665039 -0.5
endloop
endfacet
facet normal -0.0617129511125452 -0.7057604628469487 0.7057575226287294
outer loop
vertex -8.394282341003418 -67.56072235107422 -0.5
vertex -8.39443302154541 -68.06070709228516 -1
vertex -8.328145980834961 -67.5665054321289 -0.5
endloop
endfacet
facet normal -0.0941386393986966 -0.7017922998721937 0.7061341830079174
outer loop
vertex -8.328145980834961 -67.5665054321289 -0.5
vertex -8.39443302154541 -68.06070709228516 -1
vertex -7.9342474937438965 -68.1224365234375 -1
endloop
endfacet
facet normal -0.09413874118764054 -0.7017923315094377 0.7061341379951503
outer loop
vertex -8.328145980834961 -67.5665054321289 -0.5
vertex -7.9342474937438965 -68.1224365234375 -1
vertex -7.8679609298706055 -67.62823486328125 -0.5
endloop
endfacet
facet normal -0.1515815469695093 -0.6928797071347188 0.7049402428995218
outer loop
vertex -7.8679609298706055 -67.62823486328125 -0.5
vertex -7.9342474937438965 -68.1224365234375 -1
vertex -7.792598247528076 -67.64472198486328 -0.5
endloop
endfacet
facet normal -0.20135764676635007 -0.6791063067490571 0.7058822297114252
outer loop
vertex -7.792598247528076 -67.64472198486328 -0.5
vertex -7.489098072052002 -68.25442504882812 -1
vertex -7.347448825836182 -67.7767105102539 -0.5
endloop
endfacet
facet normal -0.20135764676635007 -0.6791063067490571 0.7058822297114252
outer loop
vertex -7.792598247528076 -67.64472198486328 -0.5
vertex -7.9342474937438965 -68.1224365234375 -1
vertex -7.489098072052002 -68.25442504882812 -1
endloop
endfacet
facet normal -0.25510332309732336 -0.6619945274184188 0.7047592072564693
outer loop
vertex -7.347448825836182 -67.7767105102539 -0.5
vertex -7.489098072052002 -68.25442504882812 -1
vertex -7.275501728057861 -67.80443572998047 -0.5
endloop
endfacet
facet normal -0.303795035721536 -0.6400015106202834 0.7057667055583636
outer loop
vertex -7.275501728057861 -67.80443572998047 -0.5
vertex -7.489098072052002 -68.25442504882812 -1
vertex -7.069647312164307 -68.45352935791016 -1
endloop
endfacet
facet normal -0.303795035721536 -0.6400015106202834 0.7057667055583636
outer loop
vertex -7.275501728057861 -67.80443572998047 -0.5
vertex -7.069647312164307 -68.45352935791016 -1
vertex -6.856050968170166 -68.0035400390625 -0.5
endloop
endfacet
facet normal -0.35268338289918894 -0.6156248886795195 0.704713010994627
outer loop
vertex -6.856050968170166 -68.0035400390625 -0.5
vertex -7.069647312164307 -68.45352935791016 -1
vertex -6.789157390594482 -68.04186248779297 -0.5
endloop
endfacet
facet normal -0.3988927169228205 -0.5854462451164271 0.7057884204667906
outer loop
vertex -6.789157390594482 -68.04186248779297 -0.5
vertex -7.069647312164307 -68.45352935791016 -1
vertex -6.685942649841309 -68.7149658203125 -1
endloop
endfacet
facet normal -0.3958127398052415 -0.5859503580742017 0.7071028587699127
outer loop
vertex -6.685942649841309 -68.7149658203125 -1
vertex -6.404404163360596 -68.30176544189453 -0.5
vertex -6.789157390594482 -68.04186248779297 -0.5
endloop
endfacet
facet normal -0.4548839716079509 -0.543616963261898 0.7053801596501628
outer loop
vertex -6.685942649841309 -68.7149658203125 -1
vertex -6.345139503479004 -68.35135650634766 -0.5
vertex -6.404404163360596 -68.30176544189453 -0.5
endloop
endfacet
facet normal -0.4843460692311888 -0.5167693067843225 0.7059450182457181
outer loop
vertex -6.347174644470215 -69.03248596191406 -1
vertex -6.006371974945068 -68.66886901855469 -0.5
vertex -6.345139503479004 -68.35135650634766 -0.5
endloop
endfacet
facet normal -0.4843544400531812 -0.5167665481686147 0.7059412943684936
outer loop
vertex -6.345139503479004 -68.35135650634766 -0.5
vertex -6.685942649841309 -68.7149658203125 -1
vertex -6.347174644470215 -69.03248596191406 -1
endloop
endfacet
facet normal -0.5210299297511064 -0.4811165550356149 0.7050210442066388
outer loop
vertex -6.347174644470215 -69.03248596191406 -1
vertex -5.954020977020264 -68.7255630493164 -0.5
vertex -6.006371974945068 -68.66886901855469 -0.5
endloop
endfacet
facet normal -0.558056603338779 -0.4356654369326701 0.7062354101376186
outer loop
vertex -5.954020977020264 -68.7255630493164 -0.5
vertex -6.347174644470215 -69.03248596191406 -1
vertex -6.061458587646484 -69.39846801757812 -1
endloop
endfacet
facet normal -0.558056603338779 -0.4356654369326701 0.7062354101376186
outer loop
vertex -6.061458587646484 -69.39846801757812 -1
vertex -5.668304920196533 -69.09154510498047 -0.5
vertex -5.954020977020264 -68.7255630493164 -0.5
endloop
endfacet
facet normal -0.5825159189047312 -0.40339095268696684 0.7056563919592013
outer loop
vertex -5.668304920196533 -69.09154510498047 -0.5
vertex -6.061458587646484 -69.39846801757812 -1
vertex -5.627538681030273 -69.1504135131836 -0.5
endloop
endfacet
facet normal -0.613990885611689 -0.35099535110711183 0.7069776912229757
outer loop
vertex -5.627538681030273 -69.1504135131836 -0.5
vertex -6.061458587646484 -69.39846801757812 -1
vertex -5.646838665008545 -70.1237564086914 -1
endloop
endfacet
facet normal -0.6137987309541801 -0.35106667529846125 0.7071091198492088
outer loop
vertex -5.646838665008545 -70.1237564086914 -1
vertex -5.224325180053711 -69.85538482666016 -0.5
vertex -5.627538681030273 -69.1504135131836 -0.5
endloop
endfacet
facet normal -0.5785811498661872 -0.40650335999715315 0.7071059830962723
outer loop
vertex -5.29032564163208 -70.63118743896484 -1
vertex -4.89686918258667 -70.32145690917969 -0.5
vertex -5.224325180053711 -69.85538482666016 -0.5
endloop
endfacet
facet normal -0.578582356466608 -0.40650282081692335 0.7071053057737802
outer loop
vertex -5.224325180053711 -69.85538482666016 -0.5
vertex -5.646838665008545 -70.1237564086914 -1
vertex -5.29032564163208 -70.63118743896484 -1
endloop
endfacet
facet normal -0.5309891083268294 -0.4669610070700682 0.707105356162988
outer loop
vertex -4.880788326263428 -71.09687805175781 -1
vertex -4.5233154296875 -70.74623107910156 -0.5
vertex -4.89686918258667 -70.32145690917969 -0.5
endloop
endfacet
facet normal -0.5309882233737523 -0.46696129472880826 0.7071058307379323
outer loop
vertex -4.89686918258667 -70.32145690917969 -0.5
vertex -5.29032564163208 -70.63118743896484 -1
vertex -4.880788326263428 -71.09687805175781 -1
endloop
endfacet
facet normal -0.477106634763263 -0.521892198304515 0.7071052201856206
outer loop
vertex -4.5233154296875 -70.74623107910156 -0.5
vertex -4.880788326263428 -71.09687805175781 -1
vertex -4.423076152801514 -71.51531219482422 -1
endloop
endfacet
facet normal -0.47710540712753163 -0.5218924540822918 0.7071058597279725
outer loop
vertex -4.423076152801514 -71.51531219482422 -1
vertex -4.105819225311279 -71.12789916992188 -0.5
vertex -4.5233154296875 -70.74623107910156 -0.5
endloop
endfacet
facet normal -0.41757709314526065 -0.5706407217207364 0.7071057473917117
outer loop
vertex -4.423076152801514 -71.51531219482422 -1
vertex -3.9226090908050537 -71.88153839111328 -1
vertex -4.105819225311279 -71.12789916992188 -0.5
endloop
endfacet
facet normal -0.41757389697239705 -0.5706410312454495 0.7071073850741596
outer loop
vertex -3.9226090908050537 -71.88153839111328 -1
vertex -3.649325132369995 -71.46194458007812 -0.5
vertex -4.105819225311279 -71.12789916992188 -0.5
endloop
endfacet
facet normal -0.35310252510124124 -0.6126339301344306 0.7071055610127591
outer loop
vertex -3.385313034057617 -72.19121551513672 -1
vertex -3.1592376232147217 -71.74441528320312 -0.5
vertex -3.649325132369995 -71.46194458007812 -0.5
endloop
endfacet
facet normal -0.35310204670589623 -0.6126320180394725 0.7071074565332983
outer loop
vertex -3.649325132369995 -71.46194458007812 -0.5
vertex -3.9226090908050537 -71.88153839111328 -1
vertex -3.5684664249420166 -72.08565521240234 -1
endloop
endfacet
facet normal -0.3530909680315817 -0.6126337876120923 0.7071114555503837
outer loop
vertex -3.649325132369995 -71.46194458007812 -0.5
vertex -3.5684664249420166 -72.08565521240234 -1
vertex -3.385313034057617 -72.19121551513672 -1
endloop
endfacet
facet normal -0.2844454888241733 -0.6473735379139305 0.707105555271897
outer loop
vertex -3.1592376232147217 -71.74441528320312 -0.5
vertex -3.385313034057617 -72.19121551513672 -1
vertex -2.81754994392395 -72.44068145751953 -1
endloop
endfacet
facet normal -0.284445011305966 -0.6473734797549201 0.7071058006077698
outer loop
vertex -2.81754994392395 -72.44068145751953 -1
vertex -2.64136004447937 -71.97196197509766 -0.5
vertex -3.1592376232147217 -71.74441528320312 -0.5
endloop
endfacet
facet normal -0.2124206986270031 -0.6744471031005062 0.7071057572344827
outer loop
vertex -2.64136004447937 -71.97196197509766 -0.5
vertex -2.81754994392395 -72.44068145751953 -1
vertex -2.1018247604370117 -72.14189147949219 -0.5
endloop
endfacet
facet normal -0.21242394711438878 -0.6744434767200503 0.7071082402306695
outer loop
vertex -2.1018247604370117 -72.14189147949219 -0.5
vertex -2.81754994392395 -72.44068145751953 -1
vertex -2.2260427474975586 -72.62698364257812 -1
endloop
endfacet
facet normal -0.1378813382250973 -0.6935318495775699 0.7071084147362209
outer loop
vertex -2.1018247604370117 -72.14189147949219 -0.5
vertex -2.2260427474975586 -72.62698364257812 -1
vertex -1.6177953481674194 -72.74790954589844 -1
endloop
endfacet
facet normal -0.1378775703970262 -0.6935305212554642 0.7071104522410464
outer loop
vertex -1.6177953481674194 -72.74790954589844 -1
vertex -1.5470199584960938 -72.25218963623047 -0.5
vertex -2.1018247604370117 -72.14189147949219 -0.5
endloop
endfacet
facet normal -0.061718326269163015 -0.7044134355192813 0.7071015203366886
outer loop
vertex -1.0000098943710327 -72.8020248413086 -1
vertex -0.9781457781791687 -72.30203247070312 -0.5
vertex -1.5470199584960938 -72.25218963623047 -0.5
endloop
endfacet
facet normal -0.06170287647987366 -0.7044060141914521 0.7071102617025306
outer loop
vertex -1.5470199584960938 -72.25218963623047 -0.5
vertex -1.6177953481674194 -72.74790954589844 -1
vertex -1.0000098943710327 -72.8020248413086 -1
endloop
endfacet
facet normal -0.000014178806925066164 -0.7071067811154697 0.7071067811154697
outer loop
vertex 42.67023468017578 -72.80289459228516 -1
vertex 42.67023468017578 -72.30289459228516 -0.5
vertex 22.885112762451172 -72.30249786376953 -0.5
endloop
endfacet
facet normal -0.000014082933820428451 -0.7071048850050625 0.7071086772227082
outer loop
vertex 22.885112762451172 -72.30249786376953 -0.5
vertex -1.0000098943710327 -72.8020248413086 -1
vertex 42.67023468017578 -72.80289459228516 -1
endloop
endfacet
facet normal -0.00001379044538148606 -0.7071118744205339 0.7071016877813988
outer loop
vertex -0.9781457781791687 -72.30203247070312 -0.5
vertex -1.0000098943710327 -72.8020248413086 -1
vertex 22.885112762451172 -72.30249786376953 -0.5
endloop
endfacet
facet normal -0.000013846546471573324 -0.7071067811187618 0.7071067811187618
outer loop
vertex 56.3455924987793 -72.80316162109375 -1
vertex 51.67023468017578 -72.30307006835938 -0.5
vertex 51.67023468017578 -72.80307006835938 -1
endloop
endfacet
facet normal -0.000013902724375567489 -0.7071070437459204 0.7071065184904035
outer loop
vertex 51.67023468017578 -72.30307006835938 -0.5
vertex 56.3455924987793 -72.80316162109375 -1
vertex 56.32670211791992 -72.30316162109375 -0.5
endloop
endfacet
facet normal 0.05336676613849962 -0.7050903008296922 0.7071065379048711
outer loop
vertex 56.32670211791992 -72.30316162109375 -0.5
vertex 56.3455924987793 -72.80316162109375 -1
vertex 56.88437271118164 -72.76238250732422 -1
endloop
endfacet
facet normal 0.05336721702837903 -0.7050900205370603 0.7071067833684626
outer loop
vertex 56.88437271118164 -72.76238250732422 -1
vertex 56.821327209472656 -72.2657241821289 -0.5
vertex 56.32670211791992 -72.30316162109375 -0.5
endloop
endfacet
facet normal 0.2364642939707924 -0.6180692810751892 -0.7497166141070196
outer loop
vertex 58.08982467651367 -72.47833251953125 -14.984664916992188
vertex 57.32402420043945 -71.46385192871094 -16.062543869018555
vertex 58.662288665771484 -72.23985290527344 -15.000710487365723
endloop
endfacet
facet normal 0.23343289921375973 -0.6404913551483764 -0.731628256387665
outer loop
vertex 57.49483871459961 -72.6531982421875 -15.021417617797852
vertex 57.49483871459961 -72.52098083496094 -15.137165069580078
vertex 58.08982467651367 -72.47833251953125 -14.984664916992188
endloop
endfacet
facet normal 0.2364627268360444 -0.6180712545265272 -0.7497154814629794
outer loop
vertex 57.32402420043945 -71.46385192871094 -16.062543869018555
vertex 58.17564392089844 -71.1623306274414 -16.042516708374023
vertex 58.662288665771484 -72.10763549804688 -15.109710693359375
endloop
endfacet
facet normal 0.23646190045658855 -0.6180706717977508 -0.7497162225108481
outer loop
vertex 57.49483871459961 -72.52098083496094 -15.137165069580078
vertex 57.32402420043945 -71.46385192871094 -16.062543869018555
vertex 58.08982467651367 -72.47833251953125 -14.984664916992188
endloop
endfacet
facet normal 0.23642118252534378 -0.6181129595826884 -0.7496942000904421
outer loop
vertex 58.662288665771484 -72.23985290527344 -15.000710487365723
vertex 57.32402420043945 -71.46385192871094 -16.062543869018555
vertex 58.70741271972656 -72.21499633789062 -15.006974220275879
endloop
endfacet
facet normal 0.236488528857996 -0.6180416700606689 -0.7497317318796105
outer loop
vertex 57.32402420043945 -71.46385192871094 -16.062543869018555
vertex 58.662288665771484 -72.10763549804688 -15.109710693359375
vertex 58.70741271972656 -72.21499633789062 -15.006974220275879
endloop
endfacet
facet normal 0.4378640021975565 -0.506973749557049 -0.7424639606335143
outer loop
vertex 60.17857360839844 -71.1745376586914 -14.852473258972168
vertex 60.64915466308594 -70.64556121826172 -14.936149597167969
vertex 60.597007751464844 -70.71682739257812 -14.918240547180176
endloop
endfacet
facet normal 0.4379696650237016 -0.5070598990462105 -0.7423427990479017
outer loop
vertex 58.662288665771484 -72.10763549804688 -15.109710693359375
vertex 58.17564392089844 -71.1623306274414 -16.042516708374023
vertex 59.20545196533203 -71.94058990478516 -14.90335464477539
endloop
endfacet
facet normal 0.4379744606825098 -0.5070547034457612 -0.7423435185299296
outer loop
vertex 58.17564392089844 -71.1623306274414 -16.042516708374023
vertex 59.85322189331055 -69.84172058105469 -15.954801559448242
vertex 59.71288299560547 -71.58407592773438 -14.847491264343262
endloop
endfacet
facet normal 0.4379745282536295 -0.5070545810598076 -0.7423435622589272
outer loop
vertex 59.20545196533203 -71.94058990478516 -14.90335464477539
vertex 58.17564392089844 -71.1623306274414 -16.042516708374023
vertex 59.71288299560547 -71.58407592773438 -14.847491264343262
endloop
endfacet
facet normal 0.4379840891789228 -0.5070629419788864 -0.7423322103329656
outer loop
vertex 60.64915466308594 -70.64556121826172 -14.936149597167969
vertex 59.71288299560547 -71.58407592773438 -14.847491264343262
vertex 60.597007751464844 -70.58460998535156 -15.008550643920898
endloop
endfacet
facet normal 0.4379666904506424 -0.5070475478513352 -0.7423529903446603
outer loop
vertex 59.71288299560547 -71.58407592773438 -14.847491264343262
vertex 60.64915466308594 -70.64556121826172 -14.936149597167969
vertex 60.17857360839844 -71.1745376586914 -14.852473258972168
endloop
endfacet
facet normal 0.4383731057780937 -0.5183718913887145 -0.7342476437473633
outer loop
vertex 58.70741271972656 -72.21499633789062 -15.006974220275879
vertex 58.662288665771484 -72.10763549804688 -15.109710693359375
vertex 59.20545196533203 -71.94058990478516 -14.90335464477539
endloop
endfacet
facet normal 0.43797294363861916 -0.5070550148812637 -0.7423442008423615
outer loop
vertex 59.71288299560547 -71.58407592773438 -14.847491264343262
vertex 59.85322189331055 -69.84172058105469 -15.954801559448242
vertex 60.597007751464844 -70.58460998535156 -15.008550643920898
endloop
endfacet
facet normal 0.5985074684489089 -0.346142721644706 -0.7224776996304274
outer loop
vertex 60.64915466308594 -70.64556121826172 -14.936149597167969
vertex 60.597007751464844 -70.58460998535156 -15.008550643920898
vertex 60.963233947753906 -70.21635437011719 -14.881598472595215
endloop
endfacet
facet normal 0.5929087359216385 -0.33759962702116614 -0.7310853046690067
outer loop
vertex 61.272911071777344 -69.67906188964844 -14.878567695617676
vertex 61.272911071777344 -69.54684448242188 -14.93962287902832
vertex 61.31867218017578 -69.57491302490234 -14.889549255371094
endloop
endfacet
facet normal 0.5929019737357389 -0.3376045980062873 -0.7310884932381841
outer loop
vertex 60.963233947753906 -70.21635437011719 -14.881598472595215
vertex 59.85322189331055 -69.84172058105469 -15.954801559448242
vertex 61.272911071777344 -69.67906188964844 -14.878567695617676
endloop
endfacet
facet normal 0.59290352933046 -0.3376010579241615 -0.731088866415001
outer loop
vertex 60.597007751464844 -70.58460998535156 -15.008550643920898
vertex 59.85322189331055 -69.84172058105469 -15.954801559448242
vertex 60.963233947753906 -70.21635437011719 -14.881598472595215
endloop
endfacet
facet normal 0.5929022233870918 -0.33760403801283495 -0.7310885493700962
outer loop
vertex 59.85322189331055 -69.84172058105469 -15.954801559448242
vertex 60.350887298583984 -69.07762145996094 -15.90404987335205
vertex 61.272911071777344 -69.54684448242188 -14.93962287902832
endloop
endfacet
facet normal 0.5929024140960656 -0.3376015784201255 -0.7310895305004015
outer loop
vertex 61.272911071777344 -69.67906188964844 -14.878567695617676
vertex 59.85322189331055 -69.84172058105469 -15.954801559448242
vertex 61.272911071777344 -69.54684448242188 -14.93962287902832
endloop
endfacet
facet normal 0.6850940399001125 -0.12780125193506803 -0.71715618696151
outer loop
vertex 61.708675384521484 -68.51979064941406 -14.706364631652832
vertex 61.88372802734375 -67.16154479980469 -14.781185150146484
vertex 61.8296012878418 -67.91154479980469 -14.699237823486328
endloop
endfacet
facet normal 0.6850967001095374 -0.12780062927732241 -0.7171537566347562
outer loop
vertex 61.272911071777344 -69.54684448242188 -14.93962287902832
vertex 60.350887298583984 -69.07762145996094 -15.90404987335205
vertex 61.522377014160156 -69.11129760742188 -14.778924942016602
endloop
endfacet
facet normal 0.6850966074117705 -0.12780151846016188 -0.7171536867312052
outer loop
vertex 61.522377014160156 -69.11129760742188 -14.778924942016602
vertex 60.350887298583984 -69.07762145996094 -15.90404987335205
vertex 61.708675384521484 -68.51979064941406 -14.706364631652832
endloop
endfacet
facet normal 0.6850966456228524 -0.12780179605319741 -0.7171536007592045
outer loop
vertex 60.350887298583984 -69.07762145996094 -15.90404987335205
vertex 60.890323638916016 -66.97105407714844 -15.764131546020508
vertex 61.708675384521484 -68.51979064941406 -14.706364631652832
endloop
endfacet
facet normal 0.6925014089125031 -0.13518391587041326 -0.7086375008028711
outer loop
vertex 61.31867218017578 -69.57491302490234 -14.889549255371094
vertex 61.272911071777344 -69.54684448242188 -14.93962287902832
vertex 61.522377014160156 -69.11129760742188 -14.778924942016602
endloop
endfacet
facet normal 0.6851934325180067 -0.12779811031234148 -0.7170617846704608
outer loop
vertex 61.8296012878418 -67.91154479980469 -14.699237823486328
vertex 61.88372802734375 -67.16154479980469 -14.781185150146484
vertex 61.88372039794922 -67.29375457763672 -14.75762939453125
endloop
endfacet
facet normal 0.6850969534847605 -0.12780147195875816 -0.7171533644145264
outer loop
vertex 61.708675384521484 -68.51979064941406 -14.706364631652832
vertex 60.890323638916016 -66.97105407714844 -15.764131546020508
vertex 61.88372802734375 -67.16154479980469 -14.781185150146484
endloop
endfacet
facet normal 0.7071072891579268 0.04682874790413503 -0.7055539313117453
outer loop
vertex 61.887760162353516 25.759065628051758 -8.609405517578125
vertex 60.89435577392578 25.902355194091797 -9.595486640930176
vertex 61.87586975097656 25.89206886291504 -8.612494468688965
endloop
endfacet
facet normal 0.7071068242753357 0.04683216873916972 -0.7055541701630255
outer loop
vertex 61.88372802734375 -67.16154479980469 -14.781185150146484
vertex 60.890323638916016 -66.97105407714844 -15.764131546020508
vertex 61.887760162353516 25.759065628051758 -8.609405517578125
endloop
endfacet
facet normal 0.7071074214724974 0.04683211640449448 -0.7055535751249455
outer loop
vertex 61.887760162353516 25.759065628051758 -8.609405517578125
vertex 60.890323638916016 -66.97105407714844 -15.764131546020508
vertex 60.89435577392578 25.902355194091797 -9.595486640930176
endloop
endfacet
facet normal 0.7061450676907217 0.1088082520955197 -0.6996569928557734
outer loop
vertex 61.4858283996582 28.09474754333496 -8.608969688415527
vertex 60.61859130859375 28.480627059936523 -9.424238204956055
vertex 61.4691162109375 28.518878936767578 -8.559877395629883
endloop
endfacet
facet normal 0.7026954497137372 0.12555091035414412 -0.7003256912757481
outer loop
vertex 61.79597854614258 26.7856502532959 -8.53246021270752
vertex 60.89435577392578 25.902355194091797 -9.595486640930176
vertex 61.57548141479492 27.639179229736328 -8.600687026977539
endloop
endfacet
facet normal 0.7026958856619826 0.1255501113236521 -0.7003253970979065
outer loop
vertex 61.87586975097656 25.89206886291504 -8.612494468688965
vertex 60.89435577392578 25.902355194091797 -9.595486640930176
vertex 61.79597854614258 26.7856502532959 -8.53246021270752
endloop
endfacet
facet normal 0.7068598756310486 0.12188328362421114 -0.6967736945349176
outer loop
vertex 60.89435577392578 25.902355194091797 -9.595486640930176
vertex 60.61859130859375 28.480627059936523 -9.424238204956055
vertex 61.57548141479492 27.639179229736328 -8.600687026977539
endloop
endfacet
facet normal 0.7087876110236715 0.1268688879443137 -0.6939195974542943
outer loop
vertex 61.57548141479492 27.639179229736328 -8.600687026977539
vertex 60.61859130859375 28.480627059936523 -9.424238204956055
vertex 61.4858283996582 28.09474754333496 -8.608969688415527
endloop
endfacet
facet normal 0.6213682142271143 -0.2935061877281149 -0.726467934676759
outer loop
vertex 60.967552185058594 30.242324829101562 -9.307226181030273
vertex 61.278289794921875 30.807292938232422 -9.26970100402832
vertex 62.10390090942383 30.29248046875 -8.355539321899414
endloop
endfacet
facet normal 0.6185125140468031 -0.3096053325826572 -0.7222096703893445
outer loop
vertex 61.836734771728516 29.8902587890625 -8.41191577911377
vertex 60.967552185058594 30.242324829101562 -9.307226181030273
vertex 62.10390090942383 30.29248046875 -8.355539321899414
endloop
endfacet
facet normal 0.6415268083008929 -0.25553193300469923 -0.7232888672212171
outer loop
vertex 60.967552185058594 30.242324829101562 -9.307226181030273
vertex 61.836734771728516 29.8902587890625 -8.41191577911377
vertex 61.76964569091797 29.742176055908203 -8.41910457611084
endloop
endfacet
facet normal 0.7053990462288526 -0.02258080563177844 -0.7084506283407792
outer loop
vertex 61.49000930786133 28.75224494934082 -8.500061988830566
vertex 60.58586883544922 28.812166213989258 -9.402217864990234
vertex 61.52107620239258 29.01990509033203 -8.477660179138184
endloop
endfacet
facet normal 0.6782904951512047 -0.15854847779782658 -0.7174847624692289
outer loop
vertex 61.55760192871094 29.151641845703125 -8.445489883422852
vertex 60.64338302612305 29.394866943359375 -9.36351490020752
vertex 61.64512634277344 29.46733283996582 -8.432507514953613
endloop
endfacet
facet normal 0.7053966312800576 -0.022575134090461156 -0.7084532136277908
outer loop
vertex 61.52107620239258 29.01990509033203 -8.477660179138184
vertex 60.64338302612305 29.394866943359375 -9.36351490020752
vertex 61.55760192871094 29.151641845703125 -8.445489883422852
endloop
endfacet
facet normal 0.6782831674482085 -0.15857487084251354 -0.7174858570687689
outer loop
vertex 61.64512634277344 29.46733283996582 -8.432507514953613
vertex 60.81372833251953 29.95517349243164 -9.326298713684082
vertex 61.676544189453125 29.53667449951172 -8.418131828308105
endloop
endfacet
facet normal 0.7053990699389048 0.11607930161091634 -0.6992408368129325
outer loop
vertex 61.46754837036133 28.55869483947754 -8.554851531982422
vertex 60.58586883544922 28.812166213989258 -9.402217864990234
vertex 61.49000930786133 28.75224494934082 -8.500061988830566
endloop
endfacet
facet normal 0.6251177438037963 -0.2866431190260857 -0.7259914108972974
outer loop
vertex 61.676544189453125 29.53667449951172 -8.418131828308105
vertex 60.81372833251953 29.95517349243164 -9.326298713684082
vertex 61.76964569091797 29.742176055908203 -8.41910457611084
endloop
endfacet
facet normal 0.7053981163059277 0.11606462233096573 -0.6992442355538006
outer loop
vertex 60.61859130859375 28.480627059936523 -9.424238204956055
vertex 60.58586883544922 28.812166213989258 -9.402217864990234
vertex 61.46754837036133 28.55869483947754 -8.554851531982422
endloop
endfacet
facet normal 0.7053979489199341 -0.022569383184254492 -0.7084520849021705
outer loop
vertex 60.58586883544922 28.812166213989258 -9.402217864990234
vertex 60.64338302612305 29.394866943359375 -9.36351490020752
vertex 61.52107620239258 29.01990509033203 -8.477660179138184
endloop
endfacet
facet normal 0.6782897696359717 -0.1585587224748784 -0.7174831844261682
outer loop
vertex 60.64338302612305 29.394866943359375 -9.36351490020752
vertex 60.81372833251953 29.95517349243164 -9.326298713684082
vertex 61.64512634277344 29.46733283996582 -8.432507514953613
endloop
endfacet
facet normal 0.6251162055334001 -0.28664779711493904 -0.725990888364776
outer loop
vertex 60.81372833251953 29.95517349243164 -9.326298713684082
vertex 60.967552185058594 30.242324829101562 -9.307226181030273
vertex 61.76964569091797 29.742176055908203 -8.41910457611084
endloop
endfacet
facet normal 0.7054011920709727 0.11604074757696271 -0.6992450951752399
outer loop
vertex 61.4691162109375 28.518878936767578 -8.559877395629883
vertex 60.61859130859375 28.480627059936523 -9.424238204956055
vertex 61.46754837036133 28.55869483947754 -8.554851531982422
endloop
endfacet
facet normal 0.35705817720119093 -0.5621249914064304 -0.7460060000630582
outer loop
vertex 79.94889831542969 40.865631103515625 -7.49762487411499
vertex 79.94889831542969 40.99784851074219 -7.597252368927002
vertex 80.00325012207031 40.90985107421875 -7.5049309730529785
endloop
endfacet
facet normal 0.3570748218705269 -0.562121162378736 -0.7460009184928059
outer loop
vertex 79.94889831542969 40.865631103515625 -7.49762487411499
vertex 79.34784698486328 41.861209869384766 -8.535500526428223
vertex 79.94889831542969 40.99784851074219 -7.597252368927002
endloop
endfacet
facet normal 0.35706960125022147 -0.5621243865237027 -0.7460009878936882
outer loop
vertex 62.378421783447266 31.955167770385742 -9.193459510803223
vertex 79.34784698486328 41.861209869384766 -8.535500526428223
vertex 79.94889831542969 40.865631103515625 -7.49762487411499
endloop
endfacet
facet normal 0.3570773507169788 -0.5621430502132702 -0.7459832147587935
outer loop
vertex 79.56864166259766 40.625511169433594 -7.498696327209473
vertex 62.378421783447266 31.955167770385742 -9.193459510803223
vertex 79.94889831542969 40.865631103515625 -7.49762487411499
endloop
endfacet
facet normal 0.355954909179422 -0.5594124357314944 -0.748567852221845
outer loop
vertex 62.90155792236328 30.994821548461914 -8.22702407836914
vertex 62.378421783447266 31.955167770385742 -9.193459510803223
vertex 79.56864166259766 40.625511169433594 -7.498696327209473
endloop
endfacet
facet normal 0.4496655161309243 -0.49996342381631587 -0.7401604545290003
outer loop
vertex 61.773353576660156 31.489137649536133 -9.22441291809082
vertex 62.22696304321289 31.86058807373047 -9.19974136352539
vertex 62.76359176635742 30.91510009765625 -8.235068321228027
endloop
endfacet
facet normal 0.547918718295103 -0.4019274618703531 -0.7336480038385625
outer loop
vertex 62.22238540649414 30.423490524291992 -8.305245399475098
vertex 61.401084899902344 31.036523818969727 -9.254475593566895
vertex 62.40274429321289 30.62291717529297 -8.279801368713379
endloop
endfacet
facet normal 0.5479176393322065 -0.4019282326310052 -0.7336483873919023
outer loop
vertex 62.40274429321289 30.62291717529297 -8.279801368713379
vertex 61.773353576660156 31.489137649536133 -9.22441291809082
vertex 62.49700927734375 30.69924545288086 -8.251216888427734
endloop
endfacet
facet normal 0.44966367087161796 -0.4999657874064983 -0.7401599790053913
outer loop
vertex 62.49700927734375 30.69924545288086 -8.251216888427734
vertex 61.773353576660156 31.489137649536133 -9.22441291809082
vertex 62.76359176635742 30.91510009765625 -8.235068321228027
endloop
endfacet
facet normal 0.4496817647744514 -0.49995200160775116 -0.7401582982833728
outer loop
vertex 62.76359176635742 30.91510009765625 -8.235068321228027
vertex 62.22696304321289 31.86058807373047 -9.19974136352539
vertex 62.800167083740234 30.936235427856445 -8.227123260498047
endloop
endfacet
facet normal 0.33191717490433664 -0.5731571182946049 -0.7492141928392362
outer loop
vertex 62.800167083740234 30.936235427856445 -8.227123260498047
vertex 62.378421783447266 31.955167770385742 -9.193459510803223
vertex 62.90155792236328 30.994821548461914 -8.22702407836914
endloop
endfacet
facet normal 0.6251165674503982 -0.28664747806191687 -0.7259907027089084
outer loop
vertex 62.10390090942383 30.29248046875 -8.355539321899414
vertex 61.278289794921875 30.807292938232422 -9.26970100402832
vertex 62.22238540649414 30.423490524291992 -8.305245399475098
endloop
endfacet
facet normal 0.3752084814099825 -0.5513637461903642 -0.7451285894830119
outer loop
vertex 62.378421783447266 31.955167770385742 -9.193459510803223
vertex 62.800167083740234 30.936235427856445 -8.227123260498047
vertex 62.22696304321289 31.86058807373047 -9.19974136352539
endloop
endfacet
facet normal 0.625117646665158 -0.2866449733446345 -0.7259907623958232
outer loop
vertex 61.278289794921875 30.807292938232422 -9.26970100402832
vertex 61.401084899902344 31.036523818969727 -9.254475593566895
vertex 62.22238540649414 30.423490524291992 -8.305245399475098
endloop
endfacet
facet normal 0.547919032159118 -0.401926888984306 -0.7336480832859941
outer loop
vertex 61.401084899902344 31.036523818969727 -9.254475593566895
vertex 61.773353576660156 31.489137649536133 -9.22441291809082
vertex 62.40274429321289 30.62291717529297 -8.279801368713379
endloop
endfacet
facet normal 0.48724105527366796 -0.46445238568924074 -0.7395134450998001
outer loop
vertex 79.94889831542969 40.99784851074219 -7.597252368927002
vertex 79.34784698486328 41.861209869384766 -8.535500526428223
vertex 80.67927551269531 41.45988464355469 -7.406213283538818
endloop
endfacet
facet normal 0.48724171510473274 -0.4644511525746653 -0.7395137848166615
outer loop
vertex 80.67927551269531 41.45988464355469 -7.406213283538818
vertex 79.34784698486328 41.861209869384766 -8.535500526428223
vertex 81.25234985351562 42.10226058959961 -7.432076930999756
endloop
endfacet
facet normal 0.4872406297336564 -0.4644636124263067 -0.7395066743908777
outer loop
vertex 79.34784698486328 41.861209869384766 -8.535500526428223
vertex 81.25234985351562 42.23447799682617 -7.515115261077881
vertex 81.30440521240234 42.1832275390625 -7.4486284255981445
endloop
endfacet
facet normal 0.48724207327368063 -0.46444971184557027 -0.7395144536779064
outer loop
vertex 79.34784698486328 41.861209869384766 -8.535500526428223
vertex 80.45304107666016 42.909751892089844 -8.46585750579834
vertex 81.25234985351562 42.23447799682617 -7.515115261077881
endloop
endfacet
facet normal 0.4872444932735289 -0.4644349760522557 -0.7395221137964454
outer loop
vertex 81.25234985351562 42.10226058959961 -7.432076930999756
vertex 79.34784698486328 41.861209869384766 -8.535500526428223
vertex 81.30440521240234 42.1832275390625 -7.4486284255981445
endloop
endfacet
facet normal 0.48914405775752007 -0.46923301552345725 -0.7352268139174951
outer loop
vertex 80.00325012207031 40.90985107421875 -7.5049309730529785
vertex 79.94889831542969 40.99784851074219 -7.597252368927002
vertex 80.67927551269531 41.45988464355469 -7.406213283538818
endloop
endfacet
facet normal 0.6224098040726518 -0.2879171155995639 -0.7278116310825697
outer loop
vertex 82.10540008544922 43.68137741088867 -7.357926368713379
vertex 82.10540008544922 43.813594818115234 -7.41023063659668
vertex 82.13600158691406 43.798683166503906 -7.378161907196045
endloop
endfacet
facet normal 0.6224411872531521 -0.2879071486689259 -0.7277887345625894
outer loop
vertex 80.45304107666016 42.909751892089844 -8.46585750579834
vertex 81.13590240478516 44.173824310302734 -8.38189697265625
vertex 82.10540008544922 43.68137741088867 -7.357926368713379
endloop
endfacet
facet normal 0.6224407414095185 -0.28790806529526597 -0.7277887532598355
outer loop
vertex 82.10540008544922 43.68137741088867 -7.357926368713379
vertex 81.13590240478516 44.173824310302734 -8.38189697265625
vertex 82.10540008544922 43.813594818115234 -7.41023063659668
endloop
endfacet
facet normal 0.6286949951559255 -0.2949130664572816 -0.7195615931236559
outer loop
vertex 81.25234985351562 42.23447799682617 -7.515115261077881
vertex 81.7605209350586 42.892635345458984 -7.34086275100708
vertex 81.30440521240234 42.1832275390625 -7.4486284255981445
endloop
endfacet
facet normal 0.622441394506727 -0.2879087651839464 -0.7277879178268738
outer loop
vertex 81.7605209350586 42.892635345458984 -7.34086275100708
vertex 80.45304107666016 42.909751892089844 -8.46585750579834
vertex 82.10540008544922 43.68137741088867 -7.357926368713379
endloop
endfacet
facet normal 0.6224417956430399 -0.28790679521857276 -0.7277883540588149
outer loop
vertex 81.25234985351562 42.23447799682617 -7.515115261077881
vertex 80.45304107666016 42.909751892089844 -8.46585750579834
vertex 81.7605209350586 42.892635345458984 -7.34086275100708
endloop
endfacet
facet normal 0.7038194914690209 -0.021094791198119595 -0.7100655837404011
outer loop
vertex 81.13590240478516 44.173824310302734 -8.38189697265625
vertex 81.35961151123047 46.48054885864258 -8.228684425354004
vertex 82.425048828125 45.44748306274414 -7.141928672790527
endloop
endfacet
facet normal 0.7038216432137485 -0.02109046359205218 -0.710063579469734
outer loop
vertex 82.425048828125 45.44748306274414 -7.141928672790527
vertex 81.35961151123047 46.48054885864258 -8.228684425354004
vertex 82.36769104003906 46.3853759765625 -7.226639747619629
endloop
endfacet
facet normal 0.7038184695609875 -0.021090855287377374 -0.7100667135756162
outer loop
vertex 82.10540008544922 43.813594818115234 -7.41023063659668
vertex 81.13590240478516 44.173824310302734 -8.38189697265625
vertex 82.34256744384766 44.590599060058594 -7.1982293128967285
endloop
endfacet
facet normal 0.7038189112495515 -0.021093609854569272 -0.7100661939501127
outer loop
vertex 82.34256744384766 44.590599060058594 -7.1982293128967285
vertex 81.13590240478516 44.173824310302734 -8.38189697265625
vertex 82.425048828125 45.44748306274414 -7.141928672790527
endloop
endfacet
facet normal 0.7165092415523386 -0.028531348601846047 -0.6969938801144903
outer loop
vertex 82.13600158691406 43.798683166503906 -7.378161907196045
vertex 82.10540008544922 43.813594818115234 -7.41023063659668
vertex 82.34256744384766 44.590599060058594 -7.1982293128967285
endloop
endfacet
facet normal 0.7038202276948318 -0.02111313551496894 -0.710064308775143
outer loop
vertex 81.35961151123047 46.48054885864258 -8.228684425354004
vertex 82.33818817138672 46.51715087890625 -7.259801387786865
vertex 82.36769104003906 46.3853759765625 -7.226639747619629
endloop
endfacet
facet normal 0.6751865122751479 0.2564585558894325 -0.6916300909827654
outer loop
vertex 82.33818817138672 46.51715087890625 -7.259801387786865
vertex 81.35961151123047 46.48054885864258 -8.228684425354004
vertex 81.83340454101562 48.09896469116211 -7.166042327880859
endloop
endfacet
facet normal 0.6751852288794511 0.2564636360636036 -0.6916294601013167
outer loop
vertex 81.83340454101562 48.09896469116211 -7.166042327880859
vertex 80.91764068603516 47.898048400878906 -8.13453483581543
vertex 81.77009582519531 48.208770751953125 -7.18712854385376
endloop
endfacet
facet normal 0.6751853631073969 0.25645826212232076 -0.6916313217565638
outer loop
vertex 82.17959594726562 47.22542190551758 -7.151994228363037
vertex 82.33818817138672 46.51715087890625 -7.259801387786865
vertex 81.83340454101562 48.09896469116211 -7.166042327880859
endloop
endfacet
facet normal 0.6751868290716 0.25645831800305485 -0.6916298699270311
outer loop
vertex 81.35961151123047 46.48054885864258 -8.228684425354004
vertex 80.91764068603516 47.898048400878906 -8.13453483581543
vertex 81.83340454101562 48.09896469116211 -7.166042327880859
endloop
endfacet
facet normal 0.6125971931461929 0.3992503497465968 -0.6821464924608397
outer loop
vertex 71.92829895019531 65.24291229248047 -6.055842399597168
vertex 72.16842651367188 64.86265563964844 -6.062756061553955
vertex 71.1262435913086 64.84518432617188 -7.008907318115234
endloop
endfacet
facet normal 0.6125989647414124 0.399247275867375 -0.6821467005785704
outer loop
vertex 71.1262435913086 64.84518432617188 -7.008907318115234
vertex 71.85801696777344 65.32929229736328 -6.068402290344238
vertex 71.92829895019531 65.24291229248047 -6.055842399597168
endloop
endfacet
facet normal 0.6126012213778965 0.39924501580455374 -0.6821459967789382
outer loop
vertex 81.77009582519531 48.208770751953125 -7.18712854385376
vertex 80.91764068603516 47.898048400878906 -8.13453483581543
vertex 72.16842651367188 64.86265563964844 -6.062756061553955
endloop
endfacet
facet normal 0.6125990519334295 0.3992441936433091 -0.6821484262331529
outer loop
vertex 72.16842651367188 64.86265563964844 -6.062756061553955
vertex 80.91764068603516 47.898048400878906 -8.13453483581543
vertex 71.1262435913086 64.84518432617188 -7.008907318115234
endloop
endfacet
facet normal 0.5135118587552606 0.531907465455243 -0.6733349976874042
outer loop
vertex 71.1262435913086 64.84518432617188 -7.008907318115234
vertex 71.33404541015625 65.9732894897461 -5.9592719078063965
vertex 71.85801696777344 65.32929229736328 -6.068402290344238
endloop
endfacet
facet normal 0.5135097860759057 0.5319084345444137 -0.6733358128488257
outer loop
vertex 71.1262435913086 64.84518432617188 -7.008907318115234
vertex 70.07926177978516 65.94873809814453 -6.935609340667725
vertex 70.61929321289062 66.5928955078125 -6.014903545379639
endloop
endfacet
facet normal 0.5134865026522308 0.5319107426023761 -0.6733517457452453
outer loop
vertex 71.1262435913086 64.84518432617188 -7.008907318115234
vertex 70.61929321289062 66.5928955078125 -6.014903545379639
vertex 70.6916732788086 66.5463638305664 -5.99646520614624
endloop
endfacet
facet normal 0.5135122399136584 0.5319072691004135 -0.6733348621131968
outer loop
vertex 71.33404541015625 65.9732894897461 -5.9592719078063965
vertex 71.1262435913086 64.84518432617188 -7.008907318115234
vertex 70.6916732788086 66.5463638305664 -5.99646520614624
endloop
endfacet
facet normal 0.33659593756483663 0.6673443000028595 -0.6643453620433742
outer loop
vertex 69.11255645751953 67.3994140625 -5.968311309814453
vertex 68.77912902832031 66.65107727050781 -6.888959884643555
vertex 69.0667953491211 67.41134643554688 -5.979510307312012
endloop
endfacet
facet normal 0.33665662233244315 0.6673177736079817 -0.6643412584407183
outer loop
vertex 70.61929321289062 66.5928955078125 -6.014903545379639
vertex 70.07926177978516 65.94873809814453 -6.935609340667725
vertex 69.90129852294922 67.05453491210938 -5.915041446685791
endloop
endfacet
facet normal 0.3366544359395247 0.6673181216458062 -0.6643420167995951
outer loop
vertex 69.90129852294922 67.05453491210938 -5.915041446685791
vertex 70.07926177978516 65.94873809814453 -6.935609340667725
vertex 69.11255645751953 67.3994140625 -5.968311309814453
endloop
endfacet
facet normal 0.336651783817044 0.6673175999038441 -0.6643438848302701
outer loop
vertex 70.07926177978516 65.94873809814453 -6.935609340667725
vertex 68.77912902832031 66.65107727050781 -6.888959884643555
vertex 69.11255645751953 67.3994140625 -5.968311309814453
endloop
endfacet
facet normal 0.12620497060856495 0.7410857528082402 -0.6594423495487193
outer loop
vertex 69.0667953491211 67.41134643554688 -5.979510307312012
vertex 68.77912902832031 66.65107727050781 -6.888959884643555
vertex 68.20333862304688 67.63658142089844 -5.891639232635498
endloop
endfacet
facet normal 0.1262030570048615 0.7410854030996533 -0.659443108778348
outer loop
vertex 68.77912902832031 66.65107727050781 -6.888959884643555
vertex 67.34645080566406 67.71906280517578 -5.962935924530029
vertex 68.20333862304688 67.63658142089844 -5.891639232635498
endloop
endfacet
facet normal 0.12620295455386282 0.7410853421020839 -0.6594431969345904
outer loop
vertex 68.77912902832031 66.65107727050781 -6.888959884643555
vertex 67.32534790039062 66.91419982910156 -6.871483325958252
vertex 67.34645080566406 67.71906280517578 -5.962935924530029
endloop
endfacet
facet normal -0.0962002222611359 0.7461633723479759 -0.658775939909165
outer loop
vertex 67.32534790039062 66.91419982910156 -6.871483325958252
vertex 66.40856170654297 67.66170501708984 -5.89094352722168
vertex 67.34645080566406 67.71906280517578 -5.962935924530029
endloop
endfacet
facet normal -0.09691381438106324 0.7457559779024884 -0.6591325617846656
outer loop
vertex 67.32534790039062 66.91419982910156 -6.871483325958252
vertex 65.61382293701172 67.48374938964844 -5.975433826446533
vertex 66.40856170654297 67.66170501708984 -5.89094352722168
endloop
endfacet
facet normal -0.09691118417718826 0.7457590398545835 -0.6591294841353592
outer loop
vertex 67.32534790039062 66.91419982910156 -6.871483325958252
vertex 65.89688873291016 66.71699523925781 -6.884581565856934
vertex 65.61382293701172 67.48374938964844 -5.975433826446533
endloop
endfacet
facet normal -0.3402083199746129 0.6816935830345369 -0.6477284599811763
outer loop
vertex 47.15540313720703 55.9273796081543 -7.601226806640625
vertex 46.81148147583008 55.744178771972656 -7.6133952140808105
vertex 46.97514724731445 55.945133209228516 -7.487865924835205
endloop
endfacet
facet normal -0.3533828840757991 0.6579901335098765 -0.6649582854931019
outer loop
vertex 65.89688873291016 66.71699523925781 -6.884581565856934
vertex 48.0358772277832 56.43427658081055 -7.567559242248535
vertex 48.0941162109375 56.543235778808594 -7.490692138671875
endloop
endfacet
facet normal -0.35329589684302704 0.6580289567252672 -0.6649660904023135
outer loop
vertex 65.61382293701172 67.48374938964844 -5.975433826446533
vertex 65.89688873291016 66.71699523925781 -6.884581565856934
vertex 65.56851196289062 67.4736099243164 -5.9613938331604
endloop
endfacet
facet normal -0.35338159593761076 0.6579869356647036 -0.6649621343709433
outer loop
vertex 65.89688873291016 66.71699523925781 -6.884581565856934
vertex 64.6949691772461 67.1274185180664 -5.839725971221924
vertex 65.56851196289062 67.4736099243164 -5.9613938331604
endloop
endfacet
facet normal -0.35338117926082324 0.6579874426021178 -0.664961854185753
outer loop
vertex 65.89688873291016 66.71699523925781 -6.884581565856934
vertex 48.001705169677734 57.48149108886719 -6.513168811798096
vertex 64.6949691772461 67.1274185180664 -5.839725971221924
endloop
endfacet
facet normal -0.35337884086194504 0.6579826717772166 -0.6649678176212619
outer loop
vertex 65.89688873291016 66.71699523925781 -6.884581565856934
vertex 48.0941162109375 57.30860137939453 -6.733351707458496
vertex 48.001705169677734 57.48149108886719 -6.513168811798096
endloop
endfacet
facet normal -0.35338343607456296 0.6579915473630995 -0.6649565930997672
outer loop
vertex 65.89688873291016 66.71699523925781 -6.884581565856934
vertex 48.15102005004883 57.121009826660156 -6.949219226837158
vertex 48.0941162109375 57.30860137939453 -6.733351707458496
endloop
endfacet
facet normal -0.35338069847315035 0.6579865279686377 -0.6649630147296957
outer loop
vertex 65.89688873291016 66.71699523925781 -6.884581565856934
vertex 48.17023468017578 56.92591857910156 -7.152474880218506
vertex 48.15102005004883 57.121009826660156 -6.949219226837158
endloop
endfacet
facet normal -0.3533806701350108 0.6579864784163202 -0.6649630788218397
outer loop
vertex 65.89688873291016 66.71699523925781 -6.884581565856934
vertex 48.15102005004883 56.73082733154297 -7.335308074951172
vertex 48.17023468017578 56.92591857910156 -7.152474880218506
endloop
endfacet
facet normal -0.3533818013943023 0.6579883767954707 -0.6649605991676346
outer loop
vertex 65.89688873291016 66.71699523925781 -6.884581565856934
vertex 48.0941162109375 56.543235778808594 -7.490692138671875
vertex 48.15102005004883 56.73082733154297 -7.335308074951172
endloop
endfacet
facet normal -0.3276557270865412 0.6826817343556504 -0.6531365661824112
outer loop
vertex 46.78755187988281 56.00204086303711 -7.331863880157471
vertex 46.81148147583008 55.744178771972656 -7.6133952140808105
vertex 46.61466598510742 56.09444808959961 -7.148545742034912
endloop
endfacet
facet normal -0.335512504742341 0.6803042628860599 -0.6516267866352451
outer loop
vertex 46.97514724731445 55.945133209228516 -7.487865924835205
vertex 46.81148147583008 55.744178771972656 -7.6133952140808105
vertex 46.78755187988281 56.00204086303711 -7.331863880157471
endloop
endfacet
facet normal -0.19614629429256222 0.7265673095600663 -0.6585032846645053
outer loop
vertex 28.933504104614258 49.6719970703125 -8.016709327697754
vertex 28.65794563293457 50.430538177490234 -7.097684383392334
vertex 28.847126007080078 50.508026123046875 -7.068537712097168
endloop
endfacet
facet normal -0.22754970490945317 0.7194708008960606 -0.6561881578126825
outer loop
vertex 28.933504104614258 49.6719970703125 -8.016709327697754
vertex 29.775299072265625 50.96009826660156 -6.896297454833984
vertex 46.00326919555664 56.2462043762207 -6.727856159210205
endloop
endfacet
facet normal -0.2262831425382447 0.7168324990954433 -0.6595051991027802
outer loop
vertex 46.27360916137695 55.50202560424805 -7.629478931427002
vertex 28.933504104614258 49.6719970703125 -8.016709327697754
vertex 46.00326919555664 56.2462043762207 -6.727856159210205
endloop
endfacet
facet normal -0.2289108763138348 0.7197151289652914 -0.6554463699218314
outer loop
vertex 28.933504104614258 49.6719970703125 -8.016709327697754
vertex 28.847126007080078 50.508026123046875 -7.068537712097168
vertex 29.775299072265625 50.96009826660156 -6.896297454833984
endloop
endfacet
facet normal -0.3341435770222472 0.6704877289473641 -0.6624154853758958
outer loop
vertex 46.56809616088867 56.13267135620117 -7.0974040031433105
vertex 46.46745300292969 55.56069564819336 -7.625582218170166
vertex 46.463130950927734 56.21881103515625 -6.957266807556152
endloop
endfacet
facet normal -0.20813538604258042 0.683077871314725 -0.7000601994093437
outer loop
vertex 46.61466598510742 56.09444808959961 -7.148545742034912
vertex 46.46745300292969 55.56069564819336 -7.625582218170166
vertex 46.56809616088867 56.13267135620117 -7.0974040031433105
endloop
endfacet
facet normal -0.33413269113652294 0.6704896134605398 -0.6624190689853372
outer loop
vertex 46.46745300292969 55.56069564819336 -7.625582218170166
vertex 46.149105072021484 56.29370880126953 -6.72305965423584
vertex 46.338768005371094 56.3703498840332 -6.741153240203857
endloop
endfacet
facet normal -0.21322644986099715 0.721147358221343 -0.6591517039423122
outer loop
vertex 46.149105072021484 56.29370880126953 -6.72305965423584
vertex 46.27360916137695 55.50202560424805 -7.629478931427002
vertex 46.00326919555664 56.2462043762207 -6.727856159210205
endloop
endfacet
facet normal -0.33412161760923753 0.6704933469056701 -0.6624208755779207
outer loop
vertex 46.463130950927734 56.21881103515625 -6.957266807556152
vertex 46.46745300292969 55.56069564819336 -7.625582218170166
vertex 46.338768005371094 56.3703498840332 -6.741153240203857
endloop
endfacet
facet normal -0.3380645578485418 0.677270051564355 -0.6534658613735578
outer loop
vertex 46.81148147583008 55.744178771972656 -7.6133952140808105
vertex 46.46745300292969 55.56069564819336 -7.625582218170166
vertex 46.61466598510742 56.09444808959961 -7.148545742034912
endloop
endfacet
facet normal -0.20554407828506002 0.7229227488581739 -0.6596471261707177
outer loop
vertex 46.46745300292969 55.56069564819336 -7.625582218170166
vertex 46.27360916137695 55.50202560424805 -7.629478931427002
vertex 46.149105072021484 56.29370880126953 -6.72305965423584
endloop
endfacet
facet normal -0.07876271824110749 0.7480237656925626 -0.6589816994229734
outer loop
vertex 28.31524658203125 49.52189636230469 -8.026679039001465
vertex 13.40620231628418 47.8544921875 -8.13742733001709
vertex 13.152132987976074 48.626949310302734 -7.230228424072266
endloop
endfacet
facet normal -0.07876272381372063 0.7480144296980437 -0.6589922960861941
outer loop
vertex 28.31524658203125 49.52189636230469 -8.026679039001465
vertex 13.152132987976074 48.626949310302734 -7.230228424072266
vertex 13.77302360534668 48.728721618652344 -7.1889166831970215
endloop
endfacet
facet normal -0.0787626156803455 0.7480244651051464 -0.6589809177626844
outer loop
vertex 28.31524658203125 49.52189636230469 -8.026679039001465
vertex 13.77302360534668 48.728721618652344 -7.1889166831970215
vertex 27.965791702270508 50.22446060180664 -7.187414646148682
endloop
endfacet
facet normal -0.10477463752142854 0.7406668629305979 -0.6636526753421551
outer loop
vertex 28.223371505737305 50.28581237792969 -7.159608840942383
vertex 28.31524658203125 49.52189636230469 -8.026679039001465
vertex 27.965791702270508 50.22446060180664 -7.187414646148682
endloop
endfacet
facet normal -0.08013296648970772 0.7478496659839375 -0.6590141005845568
outer loop
vertex 28.223371505737305 50.28581237792969 -7.159608840942383
vertex 28.417463302612305 50.33203887939453 -7.130751609802246
vertex 28.56580352783203 49.56070327758789 -8.024101257324219
endloop
endfacet
facet normal -0.2057587464534989 0.7235493201357962 -0.6588927982524256
outer loop
vertex 28.65794563293457 50.430538177490234 -7.097684383392334
vertex 28.56580352783203 49.56070327758789 -8.024101257324219
vertex 28.417463302612305 50.33203887939453 -7.130751609802246
endloop
endfacet
facet normal -0.20575464214658745 0.7235497489220608 -0.6588936090674674
outer loop
vertex 28.933504104614258 49.6719970703125 -8.016709327697754
vertex 28.56580352783203 49.56070327758789 -8.024101257324219
vertex 28.65794563293457 50.430538177490234 -7.097684383392334
endloop
endfacet
facet normal -0.10782599568752481 0.7402601692467453 -0.6636176884929862
outer loop
vertex 28.56580352783203 49.56070327758789 -8.024101257324219
vertex 28.31524658203125 49.52189636230469 -8.026679039001465
vertex 28.223371505737305 50.28581237792969 -7.159608840942383
endloop
endfacet
facet normal -0.3258638074301893 0.6759289030961325 -0.6610089991568644
outer loop
vertex 13.40620231628418 47.8544921875 -8.13742733001709
vertex 10.841938972473145 46.53239059448242 -8.225241661071777
vertex 11.44304084777832 47.956153869628906 -7.065672874450684
endloop
endfacet
facet normal -0.3277186771562177 0.6720638332132003 -0.6640261084699596
outer loop
vertex 13.40620231628418 47.8544921875 -8.13742733001709
vertex 13.110663414001465 48.62015151977539 -7.216641902923584
vertex 13.152132987976074 48.626949310302734 -7.230228424072266
endloop
endfacet
facet normal -0.3277102081663471 0.6720675746844373 -0.6640265013697478
outer loop
vertex 13.40620231628418 47.8544921875 -8.13742733001709
vertex 12.287496566772461 48.36825180053711 -7.065342903137207
vertex 13.110663414001465 48.62015151977539 -7.216641902923584
endloop
endfacet
facet normal -0.3277116165957926 0.6720661231106345 -0.6640272754301693
outer loop
vertex 13.40620231628418 47.8544921875 -8.13742733001709
vertex 11.44304084777832 47.956153869628906 -7.065672874450684
vertex 12.287496566772461 48.36825180053711 -7.065342903137207
endloop
endfacet
facet normal -0.32376813063299414 0.6759033946856733 -0.66206404421234
outer loop
vertex 11.44304084777832 47.956153869628906 -7.065672874450684
vertex 10.841938972473145 46.53239059448242 -8.225241661071777
vertex 10.439823150634766 47.24176788330078 -7.304389953613281
endloop
endfacet
facet normal -0.15196155489866045 0.7387762755977062 -0.6565952333414884
outer loop
vertex 9.741642951965332 46.910335540771484 -7.443626403808594
vertex 9.836190223693848 46.21646499633789 -8.246225357055664
vertex 9.634737968444824 46.87030792236328 -7.463922023773193
endloop
endfacet
facet normal -0.08976281644724374 0.7527008547415369 -0.6522147346195255
outer loop
vertex 9.836190223693848 46.21646499633789 -8.246225357055664
vertex 8.646053314208984 46.06586837768555 -8.25622844696045
vertex 8.71623420715332 46.75408172607422 -7.471641540527344
endloop
endfacet
facet normal -0.04591844455126983 0.7530086021821804 -0.6564065367511439
outer loop
vertex 8.71623420715332 46.75408172607422 -7.471641540527344
vertex 8.646053314208984 46.06586837768555 -8.25622844696045
vertex 8.549853324890137 46.771873474121094 -7.439592361450195
endloop
endfacet
facet normal -0.08867121019301195 0.7536349407891104 -0.6512847246056834
outer loop
vertex 9.836190223693848 46.21646499633789 -8.246225357055664
vertex 8.71623420715332 46.75408172607422 -7.471641540527344
vertex 9.179996490478516 46.77655029296875 -7.508782386779785
endloop
endfacet
facet normal -0.09079710390168375 0.7524942088033373 -0.6523100119119024
outer loop
vertex 9.179996490478516 46.77655029296875 -7.508782386779785
vertex 9.634737968444824 46.87030792236328 -7.463922023773193
vertex 9.836190223693848 46.21646499633789 -8.246225357055664
endloop
endfacet
facet normal -0.3341307294210473 0.670490396233422 -0.662419266186686
outer loop
vertex 10.841938972473145 46.53239059448242 -8.225241661071777
vertex 10.606785774230957 46.40697479248047 -8.233572006225586
vertex 10.439823150634766 47.24176788330078 -7.304389953613281
endloop
endfacet
facet normal -0.3341345949688541 0.6704890121538511 -0.6624187172974151
outer loop
vertex 10.439823150634766 47.24176788330078 -7.304389953613281
vertex 10.606785774230957 46.40697479248047 -8.233572006225586
vertex 10.274954795837402 47.14885711669922 -7.31527042388916
endloop
endfacet
facet normal -0.20575777778771995 0.723548056260697 -0.6588944886408039
outer loop
vertex 10.606785774230957 46.40697479248047 -8.233572006225586
vertex 10.045243263244629 46.23700714111328 -8.244860649108887
vertex 10.069565773010254 47.033111572265625 -7.378234386444092
endloop
endfacet
facet normal -0.06946632882937614 0.7505980239431015 -0.6570974323581552
outer loop
vertex 10.045243263244629 46.23700714111328 -8.244860649108887
vertex 9.836190223693848 46.21646499633789 -8.246225357055664
vertex 9.741642951965332 46.910335540771484 -7.443626403808594
endloop
endfacet
facet normal -0.20575944086547276 0.7235472017506748 -0.6588949076548523
outer loop
vertex 10.606785774230957 46.40697479248047 -8.233572006225586
vertex 10.069565773010254 47.033111572265625 -7.378234386444092
vertex 10.274954795837402 47.14885711669922 -7.31527042388916
endloop
endfacet
facet normal -0.06946637182063163 0.7505980134344922 -0.6570974398171642
outer loop
vertex 9.741642951965332 46.910335540771484 -7.443626403808594
vertex 9.889432907104492 46.965667724609375 -7.396044731140137
vertex 10.045243263244629 46.23700714111328 -8.244860649108887
endloop
endfacet
facet normal -0.2057577174238378 0.7235480647675103 -0.6588944981495314
outer loop
vertex 10.069565773010254 47.033111572265625 -7.378234386444092
vertex 10.045243263244629 46.23700714111328 -8.244860649108887
vertex 9.889432907104492 46.965667724609375 -7.396044731140137
endloop
endfacet
facet normal 0.10115784872033794 0.7489499356753951 -0.6548595906712331
outer loop
vertex 6.441114902496338 47.234703063964844 -7.141854763031006
vertex 7.847465515136719 46.070655822753906 -8.25590991973877
vertex 6.208276271820068 47.27157974243164 -7.135646820068359
endloop
endfacet
facet normal 0.10046189433953555 0.745257745599888 -0.6591648507081401
outer loop
vertex 3.7820911407470703 47.443973541259766 -7.31050968170166
vertex 4.017831802368164 47.443973541259766 -7.274580955505371
vertex 3.753984212875366 46.64533615112305 -8.217740058898926
endloop
endfacet
facet normal 0.09854014339895831 0.7456762482202097 -0.6589816180889608
outer loop
vertex 7.847465515136719 46.070655822753906 -8.25590991973877
vertex 3.753984212875366 46.64533615112305 -8.217740058898926
vertex 4.017831802368164 47.443973541259766 -7.274580955505371
endloop
endfacet
facet normal 0.10048447218969908 0.748551871337254 -0.6554181617610644
outer loop
vertex 7.847465515136719 46.070655822753906 -8.25590991973877
vertex 4.017831802368164 47.443973541259766 -7.274580955505371
vertex 6.208276271820068 47.27157974243164 -7.135646820068359
endloop
endfacet
facet normal 0.09729571272226871 0.7469855005429941 -0.6576824509323618
outer loop
vertex 6.441114902496338 47.234703063964844 -7.141854763031006
vertex 7.970893383026123 46.87090301513672 -7.328742027282715
vertex 7.847465515136719 46.070655822753906 -8.25590991973877
endloop
endfacet
facet normal 0.0694730121978109 0.7505970805737717 -0.6570978033826423
outer loop
vertex 8.271122932434082 46.029022216796875 -8.258675575256348
vertex 7.847465515136719 46.070655822753906 -8.25590991973877
vertex 8.254559516906738 46.80344772338867 -7.375807285308838
endloop
endfacet
facet normal -0.06947591929942494 0.7505974344800326 -0.6570970917524235
outer loop
vertex 8.646053314208984 46.06586837768555 -8.25622844696045
vertex 8.271122932434082 46.029022216796875 -8.258675575256348
vertex 8.549853324890137 46.771873474121094 -7.439592361450195
endloop
endfacet
facet normal -0.06214155640450516 0.7497365659072374 -0.6588121953252295
outer loop
vertex 8.549853324890137 46.771873474121094 -7.439592361450195
vertex 8.271122932434082 46.029022216796875 -8.258675575256348
vertex 8.254559516906738 46.80344772338867 -7.375807285308838
endloop
endfacet
facet normal 0.06946703781611305 0.7505987996832931 -0.6570964712818463
outer loop
vertex 8.254559516906738 46.80344772338867 -7.375807285308838
vertex 7.847465515136719 46.070655822753906 -8.25590991973877
vertex 7.970893383026123 46.87090301513672 -7.328742027282715
endloop
endfacet
facet normal -0.060967882003491555 0.7497920935575321 -0.6588586599587363
outer loop
vertex 3.753984212875366 46.64533615112305 -8.217740058898926
vertex 1.3873960971832275 47.23923110961914 -7.3228840827941895
vertex 1.5916463136672974 47.27157974243164 -7.304971218109131
endloop
endfacet
facet normal -0.06070361208337263 0.7501485671490112 -0.6584771815972948
outer loop
vertex 1.5916463136672974 47.27157974243164 -7.304971218109131
vertex 3.7820911407470703 47.443973541259766 -7.31050968170166
vertex 3.753984212875366 46.64533615112305 -8.217740058898926
endloop
endfacet
facet normal -0.060970869911010875 0.7497875542040584 -0.6588635492899806
outer loop
vertex 3.753984212875366 46.64533615112305 -8.217740058898926
vertex 1.561841368675232 46.45602798461914 -8.230313301086426
vertex 1.3873960971832275 47.23923110961914 -7.3228840827941895
endloop
endfacet
facet normal -0.22405449950053316 0.7160671851226244 -0.6610955813224944
outer loop
vertex 1.561841368675232 46.45602798461914 -8.230313301086426
vertex -1.0019034147262573 46.64892578125 -7.152486801147461
vertex -0.777700662612915 46.721771240234375 -7.149569511413574
endloop
endfacet
facet normal -0.22405937067721085 0.7160580086360449 -0.6611038698116313
outer loop
vertex 1.561841368675232 46.45602798461914 -8.230313301086426
vertex -0.777700662612915 46.721771240234375 -7.149569511413574
vertex 1.3873960971832275 47.23923110961914 -7.3228840827941895
endloop
endfacet
facet normal -0.22405951688001116 0.7160475773635687 -0.6611151184531027
outer loop
vertex 1.561841368675232 46.45602798461914 -8.230313301086426
vertex -3.1890342235565186 45.728004455566406 -7.408702373504639
vertex -3.0318682193756104 45.80808639526367 -7.375231742858887
endloop
endfacet
facet normal -0.22405916879150645 0.7160583925334464 -0.6611035224251012
outer loop
vertex 1.561841368675232 46.45602798461914 -8.230313301086426
vertex -2.8228375911712646 44.99440383911133 -8.327394485473633
vertex -3.1890342235565186 45.728004455566406 -7.408702373504639
endloop
endfacet
facet normal -0.2240589451834606 0.7160576127805967 -0.6611044427790727
outer loop
vertex 1.561841368675232 46.45602798461914 -8.230313301086426
vertex -3.0318682193756104 45.80808639526367 -7.375231742858887
vertex -1.0019034147262573 46.64892578125 -7.152486801147461
endloop
endfacet
facet normal -0.34866109373666004 0.6621598122092076 -0.6633097502746532
outer loop
vertex -6.070751667022705 43.05099105834961 -8.456476211547852
vertex -6.4406843185424805 43.61509704589844 -7.698897361755371
vertex -6.184909820556641 43.73518371582031 -7.71346378326416
endloop
endfacet
facet normal -0.3653123375218917 0.650963125044785 -0.6654276113043545
outer loop
vertex -2.8228375911712646 44.99440383911133 -8.327394485473633
vertex -3.2419145107269287 45.7010612487793 -7.406029224395752
vertex -3.1890342235565186 45.728004455566406 -7.408702373504639
endloop
endfacet
facet normal -0.3688283229348096 0.6548354240310088 -0.6596637292099853
outer loop
vertex -5.717855453491211 44.0627555847168 -7.6494269371032715
vertex -6.070751667022705 43.05099105834961 -8.456476211547852
vertex -6.184909820556641 43.73518371582031 -7.71346378326416
endloop
endfacet
facet normal -0.36564553588602766 0.6550037737730594 -0.6612665108938078
outer loop
vertex -2.8228375911712646 44.99440383911133 -8.327394485473633
vertex -6.070751667022705 43.05099105834961 -8.456476211547852
vertex -5.717855453491211 44.0627555847168 -7.6494269371032715
endloop
endfacet
facet normal -0.36531882676734884 0.6509629717715582 -0.6654241986820657
outer loop
vertex -2.8228375911712646 44.99440383911133 -8.327394485473633
vertex -5.717855453491211 44.0627555847168 -7.6494269371032715
vertex -5.3060688972473145 44.414451599121094 -7.531445503234863
endloop
endfacet
facet normal -0.3653191141965208 0.6509587474238909 -0.6654281734003967
outer loop
vertex -5.3060688972473145 44.414451599121094 -7.531445503234863
vertex -5.115350723266602 44.553016662597656 -7.5005974769592285
vertex -2.8228375911712646 44.99440383911133 -8.327394485473633
endloop
endfacet
facet normal -0.36531904466256 0.650959267165361 -0.6654277031341351
outer loop
vertex -5.115350723266602 44.553016662597656 -7.5005974769592285
vertex -3.2419145107269287 45.7010612487793 -7.406029224395752
vertex -2.8228375911712646 44.99440383911133 -8.327394485473633
endloop
endfacet
facet normal -0.0034007990744879288 0.7523929527937527 -0.6587057606791917
outer loop
vertex -7.597829341888428 42.614017486572266 -8.485499382019043
vertex -20.233226776123047 42.55337905883789 -8.489527702331543
vertex -20.583770751953125 43.343990325927734 -7.584658622741699
endloop
endfacet
facet normal -0.0033786016950240623 0.7525568665909775 -0.6585186007983042
outer loop
vertex -7.601534366607666 43.34794235229492 -7.646749019622803
vertex -7.597829341888428 42.614017486572266 -8.485499382019043
vertex -20.583770751953125 43.343990325927734 -7.584658622741699
endloop
endfacet
facet normal -0.0694742204566601 0.7505964889419167 -0.6570983514512927
outer loop
vertex -7.027915000915527 42.67002487182617 -8.481779098510742
vertex -7.597829341888428 42.614017486572266 -8.485499382019043
vertex -7.511344909667969 43.34797286987305 -7.656253814697266
endloop
endfacet
facet normal -0.3341332249238014 0.6704906867735234 -0.6624177133440721
outer loop
vertex -6.4406843185424805 43.61509704589844 -7.698897361755371
vertex -6.466372966766357 42.83999252319336 -8.470490455627441
vertex -6.605198860168457 43.53785705566406 -7.694095134735107
endloop
endfacet
facet normal -0.3341276615280755 0.6704926757504135 -0.6624185063589564
outer loop
vertex -6.466372966766357 42.83999252319336 -8.470490455627441
vertex -6.758499622344971 43.493106842041016 -7.662065029144287
vertex -6.605198860168457 43.53785705566406 -7.694095134735107
endloop
endfacet
facet normal -0.20575588032796213 0.7235480603066067 -0.6588950767284669
outer loop
vertex -6.758499622344971 43.493106842041016 -7.662065029144287
vertex -7.027915000915527 42.67002487182617 -8.481779098510742
vertex -7.050902843475342 43.40774917602539 -7.664488315582275
endloop
endfacet
facet normal -0.2057695349757131 0.723545737098537 -0.6588933637565442
outer loop
vertex -7.027915000915527 42.67002487182617 -8.481779098510742
vertex -7.182024002075195 43.390724182128906 -7.642235279083252
vertex -7.050902843475342 43.40774917602539 -7.664488315582275
endloop
endfacet
facet normal -0.06946881172368509 0.7505983932758673 -0.6570967479826587
outer loop
vertex -7.511344909667969 43.34797286987305 -7.656253814697266
vertex -7.182024002075195 43.390724182128906 -7.642235279083252
vertex -7.027915000915527 42.67002487182617 -8.481779098510742
endloop
endfacet
facet normal -0.06950327451539591 0.7505964680440435 -0.6570953028225394
outer loop
vertex -7.511344909667969 43.34797286987305 -7.656253814697266
vertex -7.597829341888428 42.614017486572266 -8.485499382019043
vertex -7.601534366607666 43.34794235229492 -7.646749019622803
endloop
endfacet
facet normal -0.20575796023512166 0.723548076526593 -0.6588944094121223
outer loop
vertex -6.466372966766357 42.83999252319336 -8.470490455627441
vertex -7.027915000915527 42.67002487182617 -8.481779098510742
vertex -6.758499622344971 43.493106842041016 -7.662065029144287
endloop
endfacet
facet normal -0.3341310680823828 0.6704911906222192 -0.6624182912934432
outer loop
vertex -6.070751667022705 43.05099105834961 -8.456476211547852
vertex -6.466372966766357 42.83999252319336 -8.470490455627441
vertex -6.4406843185424805 43.61509704589844 -7.698897361755371
endloop
endfacet
facet normal -0.49658121296770247 0.5491549347713863 -0.6721874415248771
outer loop
vertex -20.583770751953125 43.343990325927734 -7.584658622741699
vertex -20.233226776123047 42.55337905883789 -8.489527702331543
vertex -20.64267921447754 43.343971252441406 -7.5411553382873535
endloop
endfacet
facet normal -0.49615423193564784 0.5494575964087857 -0.6722554037574019
outer loop
vertex -20.233226776123047 42.55337905883789 -8.489527702331543
vertex -22.012187957763672 41.974464416503906 -7.649742603302002
vertex -20.64267921447754 43.343971252441406 -7.5411553382873535
endloop
endfacet
facet normal -0.4961344844932746 0.5498965499987588 -0.6719109744572233
outer loop
vertex -21.397193908691406 41.41045379638672 -8.56544017791748
vertex -22.012187957763672 41.974464416503906 -7.649742603302002
vertex -20.233226776123047 42.55337905883789 -8.489527702331543
endloop
endfacet
facet normal -0.25088017392514 0.7074106598268718 -0.6607793101290335
outer loop
vertex -23.405513763427734 40.38442611694336 -8.633588790893555
vertex -23.669315338134766 41.02959442138672 -7.8427324295043945
vertex -22.439952850341797 40.749507904052734 -8.60934066772461
endloop
endfacet
facet normal -0.24426963831418652 0.7164470311248194 -0.6534799120021124
outer loop
vertex -22.439952850341797 40.749507904052734 -8.60934066772461
vertex -23.669315338134766 41.02959442138672 -7.8427324295043945
vertex -23.19931983947754 41.16285705566406 -7.872312545776367
endloop
endfacet
facet normal -0.25237999864800326 0.7095134807361638 -0.6579475335739828
outer loop
vertex -23.19931983947754 41.16285705566406 -7.872312545776367
vertex -22.779029846191406 41.36018371582031 -7.820738315582275
vertex -22.439952850341797 40.749507904052734 -8.60934066772461
endloop
endfacet
facet normal -0.2960854486219626 0.689367913372973 -0.6611393855505241
outer loop
vertex -22.708988189697266 41.407474517822266 -7.802795886993408
vertex -22.439952850341797 40.749507904052734 -8.60934066772461
vertex -22.779029846191406 41.36018371582031 -7.820738315582275
endloop
endfacet
facet normal -0.2057458670347178 0.7235534729756588 -0.658892259738263
outer loop
vertex -22.708988189697266 41.407474517822266 -7.802795886993408
vertex -22.65208625793457 41.445892333984375 -7.77837610244751
vertex -22.352449417114258 40.77599334716797 -8.60758113861084
endloop
endfacet
facet normal -0.44966498140139616 0.5934626545727488 -0.6675353789341417
outer loop
vertex -21.397193908691406 41.41045379638672 -8.56544017791748
vertex -21.834930419921875 41.052001953125 -8.589248657226562
vertex -22.012187957763672 41.974464416503906 -7.649742603302002
endloop
endfacet
facet normal -0.33412706278993104 0.6704927212769066 -0.6624187622841475
outer loop
vertex -21.834930419921875 41.052001953125 -8.589248657226562
vertex -22.394222259521484 41.619998931884766 -7.732219219207764
vertex -22.30574607849121 41.698917388916016 -7.696966648101807
endloop
endfacet
facet normal -0.44966573937894216 0.5934623285435081 -0.6675351581965602
outer loop
vertex -21.834930419921875 41.052001953125 -8.589248657226562
vertex -22.30574607849121 41.698917388916016 -7.696966648101807
vertex -22.138999938964844 41.847652435302734 -7.677059650421143
endloop
endfacet
facet normal -0.4496659498127653 0.5934622082338398 -0.6675351234034044
outer loop
vertex -22.012187957763672 41.974464416503906 -7.649742603302002
vertex -21.834930419921875 41.052001953125 -8.589248657226562
vertex -22.138999938964844 41.847652435302734 -7.677059650421143
endloop
endfacet
facet normal -0.33412829806586564 0.6704918679841827 -0.6624190028967235
outer loop
vertex -22.352449417114258 40.77599334716797 -8.60758113861084
vertex -22.394222259521484 41.619998931884766 -7.732219219207764
vertex -21.834930419921875 41.052001953125 -8.589248657226562
endloop
endfacet
facet normal -0.20575425000637196 0.7235501101094665 -0.658893334891843
outer loop
vertex -22.352449417114258 40.77599334716797 -8.60758113861084
vertex -22.439952850341797 40.749507904052734 -8.60934066772461
vertex -22.708988189697266 41.407474517822266 -7.802795886993408
endloop
endfacet
facet normal -0.3341357322753552 0.6704897911045321 -0.6624173551782992
outer loop
vertex -22.394222259521484 41.619998931884766 -7.732219219207764
vertex -22.352449417114258 40.77599334716797 -8.60758113861084
vertex -22.65208625793457 41.445892333984375 -7.77837610244751
endloop
endfacet
facet normal 0.005966126960247445 0.7526513679547546 -0.658392226294426
outer loop
vertex -24.4887638092041 40.186031341552734 -8.646766662597656
vertex -31.17058753967285 40.97404479980469 -7.806485176086426
vertex -24.481637954711914 40.97303009033203 -7.747032165527344
endloop
endfacet
facet normal 0.0059657434432159595 0.7526499041068443 -0.65839390318648
outer loop
vertex -31.177213668823242 40.24231719970703 -8.643027305603027
vertex -31.17058753967285 40.97404479980469 -7.806485176086426
vertex -24.4887638092041 40.186031341552734 -8.646766662597656
endloop
endfacet
facet normal -0.06276040544718232 0.7514506138687266 -0.6567976145087766
outer loop
vertex -24.105464935302734 40.97297286987305 -7.783042907714844
vertex -24.4887638092041 40.186031341552734 -8.646766662597656
vertex -24.481637954711914 40.97303009033203 -7.747032165527344
endloop
endfacet
facet normal -0.06381886846055276 0.7516294898364965 -0.6564908697282414
outer loop
vertex -24.4887638092041 40.186031341552734 -8.646766662597656
vertex -24.105464935302734 40.97297286987305 -7.783042907714844
vertex -23.879552841186523 40.240943908691406 -8.643118858337402
endloop
endfacet
facet normal -0.20575754658566964 0.72354905880998 -0.6588934599146041
outer loop
vertex -23.405513763427734 40.38442611694336 -8.633588790893555
vertex -23.879552841186523 40.240943908691406 -8.643118858337402
vertex -23.669315338134766 41.02959442138672 -7.8427324295043945
endloop
endfacet
facet normal -0.06945840767626096 0.7506000262350369 -0.6570959825010653
outer loop
vertex -23.879552841186523 40.240943908691406 -8.643118858337402
vertex -24.105464935302734 40.97297286987305 -7.783042907714844
vertex -24.0379581451416 40.98173522949219 -7.780169486999512
endloop
endfacet
facet normal -0.20575689493037708 0.7235490743257628 -0.6588936463731774
outer loop
vertex -23.669315338134766 41.02959442138672 -7.8427324295043945
vertex -23.879552841186523 40.240943908691406 -8.643118858337402
vertex -24.0379581451416 40.98173522949219 -7.780169486999512
endloop
endfacet
facet normal 0.3537605502844008 0.6577713949668201 -0.6649738829652495
outer loop
vertex -32.55988693237305 41.369964599609375 -7.847311973571777
vertex -32.64955139160156 40.64049530029297 -8.616580963134766
vertex -32.94297790527344 41.632301330566406 -7.7916178703308105
endloop
endfacet
facet normal 0.43529532590872105 0.6018070970784294 -0.6695865867444285
outer loop
vertex -32.94297790527344 41.632301330566406 -7.7916178703308105
vertex -33.37981414794922 41.06150817871094 -8.588617324829102
vertex -32.9927978515625 41.67921447753906 -7.781841278076172
endloop
endfacet
facet normal 0.3329547583111897 0.6645440716663829 -0.6689710798913526
outer loop
vertex -32.277130126953125 41.23493957519531 -7.840712070465088
vertex -32.64955139160156 40.64049530029297 -8.616580963134766
vertex -32.55988693237305 41.369964599609375 -7.847311973571777
endloop
endfacet
facet normal 0.35375653775570354 0.6577717177830096 -0.6649756982626405
outer loop
vertex -32.64955139160156 40.64049530029297 -8.616580963134766
vertex -33.37981414794922 41.06150817871094 -8.588617324829102
vertex -32.94297790527344 41.632301330566406 -7.7916178703308105
endloop
endfacet
facet normal 0.06947472919269271 0.750597024476933 -0.6570976859265115
outer loop
vertex -31.236021041870117 40.97405242919922 -7.813392162322998
vertex -31.735971450805664 40.2972297668457 -8.63938045501709
vertex -31.5811710357666 41.02116775512695 -7.796065330505371
endloop
endfacet
facet normal 0.20576227336122682 0.7235478480637744 -0.6588933133850281
outer loop
vertex -31.696060180664062 41.03684997558594 -7.814720630645752
vertex -31.735971450805664 40.2972297668457 -8.63938045501709
vertex -32.0018196105957 41.128292083740234 -7.809789657592773
endloop
endfacet
facet normal 0.06944932567417063 0.7505966714754039 -0.6571007745646382
outer loop
vertex -31.17058753967285 40.97404479980469 -7.806485176086426
vertex -31.177213668823242 40.24231719970703 -8.643027305603027
vertex -31.236021041870117 40.97405242919922 -7.813392162322998
endloop
endfacet
facet normal 0.0694770176835373 0.7505961950265547 -0.6570983914342354
outer loop
vertex -31.177213668823242 40.24231719970703 -8.643027305603027
vertex -31.735971450805664 40.2972297668457 -8.63938045501709
vertex -31.236021041870117 40.97405242919922 -7.813392162322998
endloop
endfacet
facet normal 0.3341340070647701 0.6704901016419524 -0.6624179110825767
outer loop
vertex -32.29751205444336 40.46719741821289 -8.628090858459473
vertex -32.277130126953125 41.23493957519531 -7.840712070465088
vertex -32.140899658203125 41.169883728027344 -7.837843894958496
endloop
endfacet
facet normal 0.3341279447631013 0.6704923417597329 -0.662418701555093
outer loop
vertex -32.0018196105957 41.128292083740234 -7.809789657592773
vertex -32.29751205444336 40.46719741821289 -8.628090858459473
vertex -32.140899658203125 41.169883728027344 -7.837843894958496
endloop
endfacet
facet normal 0.20575257551670426 0.7235496013236811 -0.6588944164982619
outer loop
vertex -31.696060180664062 41.03684997558594 -7.814720630645752
vertex -31.5811710357666 41.02116775512695 -7.796065330505371
vertex -31.735971450805664 40.2972297668457 -8.63938045501709
endloop
endfacet
facet normal 0.20575728061115192 0.7235478286232463 -0.6588948938716167
outer loop
vertex -31.735971450805664 40.2972297668457 -8.63938045501709
vertex -32.29751205444336 40.46719741821289 -8.628090858459473
vertex -32.0018196105957 41.128292083740234 -7.809789657592773
endloop
endfacet
facet normal 0.3111441629555135 0.676400829825371 -0.6675861197405638
outer loop
vertex -32.29751205444336 40.46719741821289 -8.628090858459473
vertex -32.64955139160156 40.64049530029297 -8.616580963134766
vertex -32.277130126953125 41.23493957519531 -7.840712070465088
endloop
endfacet
facet normal 0.5851798886050478 0.44284446909392755 -0.6793035213842935
outer loop
vertex -34.3600959777832 41.974815368652344 -8.527955055236816
vertex -35.2368049621582 43.264732360839844 -8.442278861999512
vertex -34.564369201660156 43.80703353881836 -7.509483814239502
endloop
endfacet
facet normal 0.5859183172724657 0.44264510266106327 -0.6787967579288952
outer loop
vertex -34.3600959777832 41.974815368652344 -8.527955055236816
vertex -34.564369201660156 43.80703353881836 -7.509483814239502
vertex -34.490272521972656 43.73391342163086 -7.4932074546813965
endloop
endfacet
facet normal 0.5851871934984191 0.4432597807868886 -0.6790262994186627
outer loop
vertex -33.621402740478516 42.41438293457031 -7.604402542114258
vertex -34.3600959777832 41.974815368652344 -8.527955055236816
vertex -33.97964859008789 43.04085922241211 -7.504184246063232
endloop
endfacet
facet normal 0.5861155110145917 0.44258326590282104 -0.6786668258364312
outer loop
vertex -34.3600959777832 41.974815368652344 -8.527955055236816
vertex -34.490272521972656 43.73391342163086 -7.4932074546813965
vertex -33.97964859008789 43.04085922241211 -7.504184246063232
endloop
endfacet
facet normal 0.37359111713813054 0.646108408216235 -0.6655626206659796
outer loop
vertex -33.37981414794922 41.06150817871094 -8.588617324829102
vertex -33.5452995300293 41.164222717285156 -8.581794738769531
vertex -33.098236083984375 41.778499603271484 -7.7345290184021
endloop
endfacet
facet normal 0.4496567109403328 0.5934666727060475 -0.6675373777501418
outer loop
vertex -33.281002044677734 41.95060729980469 -7.704636096954346
vertex -33.5452995300293 41.164222717285156 -8.581794738769531
vertex -33.38784408569336 42.0881233215332 -7.654348373413086
endloop
endfacet
facet normal 0.3284122023882528 0.6673082264975936 -0.6684647755649761
outer loop
vertex -32.9927978515625 41.67921447753906 -7.781841278076172
vertex -33.37981414794922 41.06150817871094 -8.588617324829102
vertex -33.098236083984375 41.778499603271484 -7.7345290184021
endloop
endfacet
facet normal 0.4496699853222337 0.5934594247606151 -0.6675348795854057
outer loop
vertex -33.098236083984375 41.778499603271484 -7.7345290184021
vertex -33.5452995300293 41.164222717285156 -8.581794738769531
vertex -33.281002044677734 41.95060729980469 -7.704636096954346
endloop
endfacet
facet normal 0.5479180960875719 0.49542676153205695 -0.67404605476008
outer loop
vertex -33.56586456298828 42.3172607421875 -7.630641937255859
vertex -34.3600959777832 41.974815368652344 -8.527955055236816
vertex -33.621402740478516 42.41438293457031 -7.604402542114258
endloop
endfacet
facet normal 0.4496678918163797 0.593461670716795 -0.6675342930961998
outer loop
vertex -33.5452995300293 41.164222717285156 -8.581794738769531
vertex -33.99890899658203 41.535675048828125 -8.557123184204102
vertex -33.38784408569336 42.0881233215332 -7.654348373413086
endloop
endfacet
facet normal 0.547920564233189 0.4954245402045808 -0.674045681132565
outer loop
vertex -33.38784408569336 42.0881233215332 -7.654348373413086
vertex -33.99890899658203 41.535675048828125 -8.557123184204102
vertex -33.56586456298828 42.3172607421875 -7.630641937255859
endloop
endfacet
facet normal 0.5479184055562533 0.49542629094251167 -0.6740461490844961
outer loop
vertex -33.99890899658203 41.535675048828125 -8.557123184204102
vertex -34.3600959777832 41.974815368652344 -8.527955055236816
vertex -33.56586456298828 42.3172607421875 -7.630641937255859
endloop
endfacet
facet normal 0.45755444891919794 0.584790370584 -0.6698239684771491
outer loop
vertex -34.564369201660156 43.80703353881836 -7.509483814239502
vertex -35.2368049621582 43.264732360839844 -8.442278861999512
vertex -35.159088134765625 44.393924713134766 -7.403348445892334
endloop
endfacet
facet normal 0.4575564270666368 0.5847896056364447 -0.6698232850458284
outer loop
vertex -35.159088134765625 44.393924713134766 -7.403348445892334
vertex -35.2368049621582 43.264732360839844 -8.442278861999512
vertex -35.85992431640625 44.89380645751953 -7.445667743682861
endloop
endfacet
facet normal 0.4575520494190541 0.5847939207218775 -0.6698225081013311
outer loop
vertex -35.85992431640625 44.89380645751953 -7.445667743682861
vertex -36.3818473815918 44.23442077636719 -8.377872467041016
vertex -35.925819396972656 44.92666244506836 -7.4619951248168945
endloop
endfacet
facet normal 0.45755756938015407 0.5847895792780727 -0.6698225277420132
outer loop
vertex -35.2368049621582 43.264732360839844 -8.442278861999512
vertex -36.3818473815918 44.23442077636719 -8.377872467041016
vertex -35.85992431640625 44.89380645751953 -7.445667743682861
endloop
endfacet
facet normal 0.26699617976146733 0.7001858959303469 -0.6621576482477566
outer loop
vertex -36.3818473815918 44.23442077636719 -8.377872467041016
vertex -37.718719482421875 44.77836608886719 -8.341743469238281
vertex -37.549739837646484 45.574256896972656 -7.432007789611816
endloop
endfacet
facet normal 0.26699599042581573 0.7001857517260549 -0.6621578770779344
outer loop
vertex -36.700836181640625 45.31309127807617 -7.3658766746521
vertex -35.925819396972656 44.92666244506836 -7.4619951248168945
vertex -36.3818473815918 44.23442077636719 -8.377872467041016
endloop
endfacet
facet normal 0.2669957770362618 0.7001857605712366 -0.6621579537678919
outer loop
vertex -36.3818473815918 44.23442077636719 -8.377872467041016
vertex -37.549739837646484 45.574256896972656 -7.432007789611816
vertex -36.700836181640625 45.31309127807617 -7.3658766746521
endloop
endfacet
facet normal 0.00233536411650531 0.7524127187347638 -0.6586878219313036
outer loop
vertex -37.718719482421875 44.77836608886719 -8.341743469238281
vertex -68.94071197509766 45.1612434387207 -8.015083312988281
vertex -68.84830474853516 45.334129333496094 -7.817269802093506
endloop
endfacet
facet normal 0.002335419281721296 0.7524149968563356 -0.6586852194504285
outer loop
vertex -37.718719482421875 44.77836608886719 -8.341743469238281
vertex -69.06507873535156 45.009708404541016 -8.18862247467041
vertex -68.94071197509766 45.1612434387207 -8.015083312988281
endloop
endfacet
facet normal 0.0023351258598821507 0.7524108452070073 -0.6586899628824592
outer loop
vertex -70.47929382324219 45.009708404541016 -8.193635940551758
vertex -77.13555908203125 44.908260345458984 -8.333115577697754
vertex -76.80233001708984 45.718971252441406 -7.405872344970703
endloop
endfacet
facet normal 0.002335038819921305 0.7524130670706586 -0.6586874251836253
outer loop
vertex -70.3283462524414 44.88582992553711 -8.334606170654297
vertex -77.13555908203125 44.908260345458984 -8.333115577697754
vertex -70.47929382324219 45.009708404541016 -8.193635940551758
endloop
endfacet
facet normal 0.0023352961119354866 0.7524054931982259 -0.6586960757414636
outer loop
vertex -37.718719482421875 44.77836608886719 -8.341743469238281
vertex -69.22252655029297 44.88218307495117 -8.334848403930664
vertex -69.06507873535156 45.009708404541016 -8.18862247467041
endloop
endfacet
facet normal 0.002336114962981437 0.7524147301755089 -0.6586855216123975
outer loop
vertex -70.47929382324219 45.009708404541016 -8.193635940551758
vertex -76.80233001708984 45.718971252441406 -7.405872344970703
vertex -70.60365295410156 45.1612434387207 -8.020978927612305
endloop
endfacet
facet normal 0.0023384232121580863 0.752410251790655 -0.6586906290339982
outer loop
vertex -76.80233001708984 45.718971252441406 -7.405872344970703
vertex -77.13555908203125 44.908260345458984 -8.333115577697754
vertex -77.23511505126953 45.701812744140625 -7.427008628845215
endloop
endfacet
facet normal 0.0023355830792189274 0.7524121151952906 -0.6586885105715968
outer loop
vertex -70.60365295410156 45.1612434387207 -8.020978927612305
vertex -76.80233001708984 45.718971252441406 -7.405872344970703
vertex -70.69606018066406 45.334129333496094 -7.823821067810059
endloop
endfacet
facet normal 0.002335476360579872 0.7524120638699311 -0.6586885695783401
outer loop
vertex -37.549739837646484 45.574256896972656 -7.432007789611816
vertex -37.718719482421875 44.77836608886719 -8.341743469238281
vertex -38.451988220214844 45.70719909667969 -7.283348560333252
endloop
endfacet
facet normal 0.0023351652897031084 0.7524073596186979 -0.6586939442523281
outer loop
vertex -37.718719482421875 44.77836608886719 -8.341743469238281
vertex -68.84830474853516 45.334129333496094 -7.817269802093506
vertex -68.79139709472656 45.521724700927734 -7.602783203125
endloop
endfacet
facet normal 0.002335456796556153 0.7524130650467569 -0.6586874260136566
outer loop
vertex -37.718719482421875 44.77836608886719 -8.341743469238281
vertex -68.79139709472656 45.521724700927734 -7.602783203125
vertex -68.772216796875 45.71650695800781 -7.3802170753479
endloop
endfacet
facet normal 0.0023353891811899023 0.752412034120641 -0.658688603869698
outer loop
vertex -37.718719482421875 44.77836608886719 -8.341743469238281
vertex -68.772216796875 45.71650695800781 -7.3802170753479
vertex -38.451988220214844 45.70719909667969 -7.283348560333252
endloop
endfacet
facet normal 0.0023352753065604102 0.7524123764575503 -0.6586882132259118
outer loop
vertex -70.75296783447266 45.521724700927734 -7.609737873077393
vertex -76.80233001708984 45.718971252441406 -7.405872344970703
vertex -70.77215576171875 45.71712112426758 -7.386606693267822
endloop
endfacet
facet normal 0.002334925830164146 0.7524074618623068 -0.6586938283112184
outer loop
vertex -70.69606018066406 45.334129333496094 -7.823821067810059
vertex -76.80233001708984 45.718971252441406 -7.405872344970703
vertex -70.75296783447266 45.521724700927734 -7.609737873077393
endloop
endfacet
facet normal -0.16532188190073935 0.7328595704681358 -0.6599890342559168
outer loop
vertex -77.13555908203125 44.908260345458984 -8.333115577697754
vertex -78.61225128173828 44.55394744873047 -8.356649398803711
vertex -78.18135833740234 45.55171585083008 -7.3566508293151855
endloop
endfacet
facet normal -0.16532247163435276 0.7328591300123268 -0.6599893756192473
outer loop
vertex -77.13555908203125 44.908260345458984 -8.333115577697754
vertex -78.18135833740234 45.55171585083008 -7.3566508293151855
vertex -77.23511505126953 45.701812744140625 -7.427008628845215
endloop
endfacet
facet normal -0.16532313946737365 0.7328596780802176 -0.6599885997506404
outer loop
vertex -78.18135833740234 45.55171585083008 -7.3566508293151855
vertex -78.61225128173828 44.55394744873047 -8.356649398803711
vertex -78.9468765258789 45.29909896850586 -7.445402145385742
endloop
endfacet
facet normal -0.37132677028433747 0.6473005974791142 -0.6656713649943075
outer loop
vertex -78.61225128173828 44.55394744873047 -8.356649398803711
vertex -79.87065887451172 43.77913284301758 -8.408112525939941
vertex -80.4531478881836 44.39548110961914 -7.4838480949401855
endloop
endfacet
facet normal -0.37132742657472323 0.6472995643393548 -0.6656720035268684
outer loop
vertex -78.61225128173828 44.55394744873047 -8.356649398803711
vertex -78.99884796142578 45.28194808959961 -7.433088779449463
vertex -78.9468765258789 45.29909896850586 -7.445402145385742
endloop
endfacet
facet normal -0.3713259110159486 0.6473004048309562 -0.6656720316446051
outer loop
vertex -78.99884796142578 45.28194808959961 -7.433088779449463
vertex -78.61225128173828 44.55394744873047 -8.356649398803711
vertex -79.8341293334961 44.8515625 -7.3856587409973145
endloop
endfacet
facet normal -0.3713274940216029 0.6472981567660361 -0.6656733346251211
outer loop
vertex -78.61225128173828 44.55394744873047 -8.356649398803711
vertex -80.4531478881836 44.39548110961914 -7.4838480949401855
vertex -79.8341293334961 44.8515625 -7.3856587409973145
endloop
endfacet
facet normal -0.540106001478496 0.5022424795598857 -0.6753058558108678
outer loop
vertex -80.52717590332031 44.340938568115234 -7.465204238891602
vertex -79.87065887451172 43.77913284301758 -8.408112525939941
vertex -81.18718719482422 43.672122955322266 -7.434746265411377
endloop
endfacet
facet normal -0.5401051733211851 0.5022449340292539 -0.6753046927081456
outer loop
vertex -79.87065887451172 43.77913284301758 -8.408112525939941
vertex -80.82615661621094 42.65084457397461 -8.483053207397461
vertex -81.61817169189453 43.0678825378418 -7.539439678192139
endloop
endfacet
facet normal -0.5401051820815987 0.5022452622227601 -0.6753044416138504
outer loop
vertex -79.87065887451172 43.77913284301758 -8.408112525939941
vertex -81.61817169189453 43.0678825378418 -7.539439678192139
vertex -81.18718719482422 43.672122955322266 -7.434746265411377
endloop
endfacet
facet normal -0.540112782781957 0.502234905862536 -0.6753060648393291
outer loop
vertex -80.4531478881836 44.39548110961914 -7.4838480949401855
vertex -79.87065887451172 43.77913284301758 -8.408112525939941
vertex -80.52717590332031 44.340938568115234 -7.465204238891602
endloop
endfacet
facet normal -0.6551726615031319 0.3122685063871701 -0.687922352840514
outer loop
vertex -80.82615661621094 42.65084457397461 -8.483053207397461
vertex -81.37033081054688 41.313411712646484 -8.57188606262207
vertex -82.32351684570312 41.43654251098633 -7.608185291290283
endloop
endfacet
facet normal -0.6551701895783695 0.3122614565248291 -0.6879279071653043
outer loop
vertex -80.82615661621094 42.65084457397461 -8.483053207397461
vertex -82.32351684570312 41.43654251098633 -7.608185291290283
vertex -82.10636138916016 42.130374908447266 -7.500058650970459
endloop
endfacet
facet normal -0.6551705216257333 0.31227136639977165 -0.68792309259065
outer loop
vertex -80.82615661621094 42.65084457397461 -8.483053207397461
vertex -82.10636138916016 42.130374908447266 -7.500058650970459
vertex -81.68707275390625 42.971282958984375 -7.5176682472229
endloop
endfacet
facet normal -0.6551719130258007 0.31226810120190357 -0.6879232496099186
outer loop
vertex -81.61817169189453 43.0678825378418 -7.539439678192139
vertex -80.82615661621094 42.65084457397461 -8.483053207397461
vertex -81.68707275390625 42.971282958984375 -7.5176682472229
endloop
endfacet
facet normal -0.707105732357202 0.04774062980005724 -0.705494376684803
outer loop
vertex -81.37033081054688 41.313411712646484 -8.57188606262207
vertex -82.5004653930664 40.37922286987305 -7.502386569976807
vertex -82.36349487304688 41.30883026123047 -7.57676362991333
endloop
endfacet
facet normal -0.7071067186055268 0.04774314982863843 -0.7054932176480256
outer loop
vertex -81.37033081054688 41.313411712646484 -8.57188606262207
vertex -82.51228332519531 -64.32829284667969 -14.576458930969238
vertex -82.5004653930664 40.37922286987305 -7.502386569976807
endloop
endfacet
facet normal -0.7071047890430558 0.04777053966543981 -0.7054932975248228
outer loop
vertex -82.32351684570312 41.43654251098633 -7.608185291290283
vertex -81.37033081054688 41.313411712646484 -8.57188606262207
vertex -82.36349487304688 41.30883026123047 -7.57676362991333
endloop
endfacet
facet normal -0.707105614689642 0.04774320058933677 -0.705494320651747
outer loop
vertex -81.37033081054688 41.313411712646484 -8.57188606262207
vertex -81.50250244140625 -64.37146759033203 -15.59146785736084
vertex -82.51228332519531 -64.32829284667969 -14.576458930969238
endloop
endfacet
facet normal -0.7071057873510542 0.04774007169295516 -0.7054943593320908
outer loop
vertex -81.50250244140625 -64.37146759033203 -15.59146785736084
vertex -82.49606323242188 -64.560791015625 -14.60844898223877
vertex -82.51228332519531 -64.32829284667969 -14.576458930969238
endloop
endfacet
facet normal -0.6852818341224144 -0.1270746047209728 -0.7171058866421528
outer loop
vertex -81.50250244140625 -64.37146759033203 -15.59146785736084
vertex -81.28636169433594 -65.21928405761719 -15.64777946472168
vertex -82.20738220214844 -65.69315338134766 -14.683660507202148
endloop
endfacet
facet normal -0.6853009425421072 -0.1270543378607053 -0.7170912169185154
outer loop
vertex -82.20738220214844 -65.69315338134766 -14.683660507202148
vertex -82.2458267211914 -65.7091293334961 -14.644089698791504
vertex -81.50250244140625 -64.37146759033203 -15.59146785736084
endloop
endfacet
facet normal -0.6852806284504339 -0.12707658345244266 -0.7171066881633673
outer loop
vertex -81.50250244140625 -64.37146759033203 -15.59146785736084
vertex -82.2458267211914 -65.7091293334961 -14.644089698791504
vertex -82.41251373291016 -65.20516204833984 -14.57410717010498
endloop
endfacet
facet normal -0.6852827398356703 -0.12707266413032592 -0.7171053650016422
outer loop
vertex -81.50250244140625 -64.37146759033203 -15.59146785736084
vertex -82.41251373291016 -65.20516204833984 -14.57410717010498
vertex -82.49606323242188 -64.69300842285156 -14.585020065307617
endloop
endfacet
facet normal -0.685283162810017 -0.12707100962536813 -0.7171052539773288
outer loop
vertex -82.49606323242188 -64.560791015625 -14.60844898223877
vertex -81.50250244140625 -64.37146759033203 -15.59146785736084
vertex -82.49606323242188 -64.69300842285156 -14.585020065307617
endloop
endfacet
facet normal -0.5889060812867719 -0.3436997806274148 -0.7314780162247699
outer loop
vertex -82.20738220214844 -65.82537078857422 -14.621539115905762
vertex -81.53987884521484 -66.8438949584961 -14.680365562438965
vertex -81.88186645507812 -66.42081451416016 -14.603827476501465
endloop
endfacet
facet normal -0.5888927606712547 -0.34368974091838145 -0.7314934575349558
outer loop
vertex -81.28636169433594 -65.21928405761719 -15.64777946472168
vertex -81.47758483886719 -66.78874206542969 -14.756429672241211
vertex -82.20738220214844 -65.82537078857422 -14.621539115905762
endloop
endfacet
facet normal -0.5888945544774576 -0.343686860962166 -0.7314933665514468
outer loop
vertex -82.20738220214844 -65.69315338134766 -14.683660507202148
vertex -81.28636169433594 -65.21928405761719 -15.64777946472168
vertex -82.20738220214844 -65.82537078857422 -14.621539115905762
endloop
endfacet
facet normal -0.5888948056881751 -0.3436916459619005 -0.7314909160949891
outer loop
vertex -82.20738220214844 -65.82537078857422 -14.621539115905762
vertex -81.47758483886719 -66.78874206542969 -14.756429672241211
vertex -81.53987884521484 -66.8438949584961 -14.680365562438965
endloop
endfacet
facet normal -0.6024898190369216 -0.3393989888218908 -0.7223671811091196
outer loop
vertex -82.20738220214844 -65.69315338134766 -14.683660507202148
vertex -82.20738220214844 -65.82537078857422 -14.621539115905762
vertex -82.2458267211914 -65.7091293334961 -14.644089698791504
endloop
endfacet
facet normal -0.5888898716652947 -0.34369106144622236 -0.7314951628903651
outer loop
vertex -80.74989318847656 -66.0246353149414 -15.701271057128906
vertex -81.47758483886719 -66.78874206542969 -14.756429672241211
vertex -81.28636169433594 -65.21928405761719 -15.64777946472168
endloop
endfacet
facet normal -0.41408785173629875 -0.5250370753635815 -0.7435504828443554
outer loop
vertex -80.74989318847656 -66.0246353149414 -15.701271057128906
vertex -80.40161895751953 -67.56442260742188 -14.807950019836426
vertex -80.45669555664062 -67.66393280029297 -14.707011222839355
endloop
endfacet
facet normal -0.4141102566040756 -0.5250345823106086 -0.7435397654148912
outer loop
vertex -80.98509216308594 -67.3501205444336 -14.634315490722656
vertex -80.74989318847656 -66.0246353149414 -15.701271057128906
vertex -80.45669555664062 -67.66393280029297 -14.707011222839355
endloop
endfacet
facet normal -0.41411078476178365 -0.5250343715868553 -0.7435396200582559
outer loop
vertex -81.47758483886719 -66.92095947265625 -14.663066864013672
vertex -80.74989318847656 -66.0246353149414 -15.701271057128906
vertex -80.98509216308594 -67.3501205444336 -14.634315490722656
endloop
endfacet
facet normal -0.4141083163299284 -0.52503634991962 -0.7435395978759128
outer loop
vertex -81.47758483886719 -66.78874206542969 -14.756429672241211
vertex -80.74989318847656 -66.0246353149414 -15.701271057128906
vertex -81.47758483886719 -66.92095947265625 -14.663066864013672
endloop
endfacet
facet normal -0.43765524390088517 -0.5186424597407877 -0.7344847761799302
outer loop
vertex -81.53987884521484 -66.8438949584961 -14.680365562438965
vertex -81.47758483886719 -66.78874206542969 -14.756429672241211
vertex -81.47758483886719 -66.92095947265625 -14.663066864013672
endloop
endfacet
facet normal -0.41411444465958114 -0.5250352469220957 -0.7435369635826726
outer loop
vertex -80.74989318847656 -66.0246353149414 -15.701271057128906
vertex -79.96490478515625 -66.5905532836914 -15.738859176635742
vertex -80.40161895751953 -67.56442260742188 -14.807950019836426
endloop
endfacet
facet normal -0.1880586793505407 -0.6332809029717873 -0.7507258028416023
outer loop
vertex -79.96490478515625 -66.5905532836914 -15.738859176635742
vertex -79.156494140625 -67.90718078613281 -14.830716133117676
vertex -79.18103790283203 -68.03487396240234 -14.716851234436035
endloop
endfacet
facet normal -0.18807504316294307 -0.6332728458856225 -0.7507285000605624
outer loop
vertex -80.40161895751953 -67.56442260742188 -14.807950019836426
vertex -79.96490478515625 -66.5905532836914 -15.738859176635742
vertex -80.40161895751953 -67.69664001464844 -14.696418762207031
endloop
endfacet
facet normal -0.18805631073150594 -0.6332794301092636 -0.7507276386243825
outer loop
vertex -80.40161895751953 -67.69664001464844 -14.696418762207031
vertex -79.96490478515625 -66.5905532836914 -15.738859176635742
vertex -79.7989273071289 -67.92102813720703 -14.658108711242676
endloop
endfacet
facet normal -0.18805293319524033 -0.6332795878979699 -0.7507283515816116
outer loop
vertex -79.7989273071289 -67.92102813720703 -14.658108711242676
vertex -79.96490478515625 -66.5905532836914 -15.738859176635742
vertex -79.18103790283203 -68.03487396240234 -14.716851234436035
endloop
endfacet
facet normal -0.2295949165967455 -0.6275546958955878 -0.7439497818618739
outer loop
vertex -80.40161895751953 -67.56442260742188 -14.807950019836426
vertex -80.40161895751953 -67.69664001464844 -14.696418762207031
vertex -80.45669555664062 -67.66393280029297 -14.707011222839355
endloop
endfacet
facet normal -0.18805777070739915 -0.6332806495274275 -0.7507262442533116
outer loop
vertex -79.96490478515625 -66.5905532836914 -15.738859176635742
vertex -79.0218276977539 -66.85016632080078 -15.756102561950684
vertex -79.156494140625 -67.90718078613281 -14.830716133117676
endloop
endfacet
facet normal -0.000214019340183486 -0.6586902145633567 -0.7524142179904638
outer loop
vertex -79.156494140625 -67.90718078613281 -14.830716133117676
vertex -79.0218276977539 -66.85016632080078 -15.756102561950684
vertex -8.764769554138184 -68.06060028076172 -14.716429710388184
endloop
endfacet
facet normal -0.0002143254636721489 -0.6587003565577719 -0.7524053391193206
outer loop
vertex -8.764769554138184 -68.06060028076172 -14.716429710388184
vertex -79.0218276977539 -66.85016632080078 -15.756102561950684
vertex -8.764431953430176 -66.87141418457031 -15.757513999938965
endloop
endfacet
facet normal -0.0002386744503949643 -0.6655124091498955 -0.7463867471371719
outer loop
vertex -79.156494140625 -67.90718078613281 -14.830716133117676
vertex -8.764769554138184 -68.06060028076172 -14.716429710388184
vertex -79.18103790283203 -68.03487396240234 -14.716851234436035
endloop
endfacet
facet normal -0.265006122827901 -0.6136697142028436 -0.7437615456138639
outer loop
vertex -7.695173263549805 -67.07587432861328 -15.77109432220459
vertex -7.190622806549072 -68.39610290527344 -14.86156177520752
vertex -7.489098072052002 -68.25442504882812 -14.872110366821289
endloop
endfacet
facet normal -0.25364279947178997 -0.6126340409357975 -0.7485618626157686
outer loop
vertex -7.695173263549805 -67.07587432861328 -15.77109432220459
vertex -6.834893226623535 -67.40531158447266 -15.792975425720215
vertex -7.190622806549072 -68.39610290527344 -14.86156177520752
endloop
endfacet
facet normal -0.23079849125443158 -0.6211717932704699 -0.7489176588115858
outer loop
vertex -7.695173263549805 -67.07587432861328 -15.77109432220459
vertex -7.9342474937438965 -68.1224365234375 -14.829371452331543
vertex -8.06464672088623 -68.10494232177734 -14.803695678710938
endloop
endfacet
facet normal -0.2538710066848317 -0.6142894315678811 -0.7471264994824101
outer loop
vertex -7.9342474937438965 -68.1224365234375 -14.829371452331543
vertex -7.695173263549805 -67.07587432861328 -15.77109432220459
vertex -7.489098072052002 -68.25442504882812 -14.872110366821289
endloop
endfacet
facet normal -0.06946848839628975 -0.6571006914904622 -0.7505949709148675
outer loop
vertex -8.181350708007812 -66.92871856689453 -15.761320114135742
vertex -8.39443302154541 -68.06070709228516 -14.750611305236816
vertex -8.764769554138184 -68.06060028076172 -14.716429710388184
endloop
endfacet
facet normal -0.2057572545031796 -0.630050897564376 -0.7487989173988153
outer loop
vertex -8.06464672088623 -68.10494232177734 -14.803695678710938
vertex -8.181350708007812 -66.92871856689453 -15.761320114135742
vertex -7.695173263549805 -67.07587432861328 -15.77109432220459
endloop
endfacet
facet normal -0.0694781774354592 -0.6570974716307442 -0.7505968929037278
outer loop
vertex -8.764769554138184 -68.06060028076172 -14.716429710388184
vertex -8.764431953430176 -66.87141418457031 -15.757513999938965
vertex -8.181350708007812 -66.92871856689453 -15.761320114135742
endloop
endfacet
facet normal -0.20507196384148357 -0.6301013697575367 -0.7489444261598276
outer loop
vertex -8.181350708007812 -66.92871856689453 -15.761320114135742
vertex -8.06464672088623 -68.10494232177734 -14.803695678710938
vertex -8.39443302154541 -68.06070709228516 -14.750611305236816
endloop
endfacet
facet normal -0.5557151892089297 -0.39841334317267346 -0.7296899591363836
outer loop
vertex -6.061458587646484 -69.39846801757812 -14.903800010681152
vertex -5.585899829864502 -68.32178497314453 -15.85384750366211
vertex -5.646838665008545 -70.1237564086914 -14.823554992675781
endloop
endfacet
facet normal -0.5504659134541249 -0.3959934688019939 -0.7349669725853536
outer loop
vertex -3.783590078353882 -70.52944946289062 -16.00048065185547
vertex -4.423076152801514 -71.38310241699219 -15.061586380004883
vertex -5.29032564163208 -70.63118743896484 -14.817170143127441
endloop
endfacet
facet normal -0.5545705523187917 -0.398822116375109 -0.730337197458071
outer loop
vertex -5.646838665008545 -70.1237564086914 -14.823554992675781
vertex -5.585899829864502 -68.32178497314453 -15.85384750366211
vertex -5.29032564163208 -70.63118743896484 -14.817170143127441
endloop
endfacet
facet normal -0.5493118219340326 -0.39971116478003293 -0.7338170800912874
outer loop
vertex -5.29032564163208 -70.63118743896484 -14.817170143127441
vertex -5.585899829864502 -68.32178497314453 -15.85384750366211
vertex -3.783590078353882 -70.52944946289062 -16.00048065185547
endloop
endfacet
facet normal -0.5544688301395262 -0.39934902315617543 -0.7301264781583489
outer loop
vertex -6.347174644470215 -69.03248596191406 -14.88700008392334
vertex -5.585899829864502 -68.32178497314453 -15.85384750366211
vertex -6.061458587646484 -69.39846801757812 -14.903800010681152
endloop
endfacet
facet normal -0.5504741368113752 -0.3960073946054926 -0.7349533101629931
outer loop
vertex -5.29032564163208 -70.63118743896484 -14.817170143127441
vertex -4.423076152801514 -71.38310241699219 -15.061586380004883
vertex -4.489089012145996 -71.45496368408203 -14.97342300415039
endloop
endfacet
facet normal -0.5504600620616262 -0.39598991950414697 -0.7349732673548132
outer loop
vertex -5.29032564163208 -70.63118743896484 -14.817170143127441
vertex -4.489089012145996 -71.45496368408203 -14.97342300415039
vertex -4.880788326263428 -71.09687805175781 -14.8729887008667
endloop
endfacet
facet normal -0.5504280272737841 -0.40420294391980116 -0.7305128109198746
outer loop
vertex -5.788398265838623 -68.0755844116211 -15.837494850158691
vertex -5.585899829864502 -68.32178497314453 -15.85384750366211
vertex -6.347174644470215 -69.03248596191406 -14.88700008392334
endloop
endfacet
facet normal -0.4496689143183969 -0.49996100108876695 -0.7401600265388777
outer loop
vertex -6.685942649841309 -68.7149658203125 -14.860322952270508
vertex -5.788398265838623 -68.0755844116211 -15.837494850158691
vertex -6.518202304840088 -68.87218475341797 -14.856032371520996
endloop
endfacet
facet normal -0.33413156222544704 -0.5769918415835954 -0.7452761326318946
outer loop
vertex -7.069647312164307 -68.45352935791016 -14.861586570739746
vertex -6.759528636932373 -67.4281234741211 -15.794490814208984
vertex -6.814516067504883 -68.62736511230469 -14.841386795043945
endloop
endfacet
facet normal -0.33415725876667174 -0.5769811317825096 -0.7452729030231261
outer loop
vertex -7.14314079284668 -68.41864013671875 -14.855645179748535
vertex -6.759528636932373 -67.4281234741211 -15.794490814208984
vertex -7.069647312164307 -68.45352935791016 -14.861586570739746
endloop
endfacet
facet normal -0.20574809545080452 -0.6300540285693734 -0.7487987996130001
outer loop
vertex -7.190622806549072 -68.39610290527344 -14.86156177520752
vertex -6.759528636932373 -67.4281234741211 -15.794490814208984
vertex -7.14314079284668 -68.41864013671875 -14.855645179748535
endloop
endfacet
facet normal -0.4496546505007204 -0.49997098354511893 -0.7401619491003313
outer loop
vertex -6.814516067504883 -68.62736511230469 -14.841386795043945
vertex -6.242008686065674 -67.70413208007812 -15.812823295593262
vertex -6.685942649841309 -68.7149658203125 -14.860322952270508
endloop
endfacet
facet normal -0.5290385617833794 -0.42223688978067386 -0.736093886032561
outer loop
vertex -6.518202304840088 -68.87218475341797 -14.856032371520996
vertex -5.788398265838623 -68.0755844116211 -15.837494850158691
vertex -6.347174644470215 -69.03248596191406 -14.88700008392334
endloop
endfacet
facet normal -0.4496667137084076 -0.49996352645118053 -0.7401596576423093
outer loop
vertex -6.242008686065674 -67.70413208007812 -15.812823295593262
vertex -5.788398265838623 -68.0755844116211 -15.837494850158691
vertex -6.685942649841309 -68.7149658203125 -14.860322952270508
endloop
endfacet
facet normal -0.20576380610619682 -0.6300478674362073 -0.7487996666904831
outer loop
vertex -7.190622806549072 -68.39610290527344 -14.86156177520752
vertex -6.834893226623535 -67.40531158447266 -15.792975425720215
vertex -6.759528636932373 -67.4281234741211 -15.794490814208984
endloop
endfacet
facet normal -0.33412771233059596 -0.5769928001000318 -0.7452771165717132
outer loop
vertex -6.242008686065674 -67.70413208007812 -15.812823295593262
vertex -6.814516067504883 -68.62736511230469 -14.841386795043945
vertex -6.759528636932373 -67.4281234741211 -15.794490814208984
endloop
endfacet
facet normal -0.31980034065947155 -0.5824069592455041 -0.7473485638820024
outer loop
vertex -3.783590078353882 -70.52944946289062 -16.00048065185547
vertex -3.9226090908050537 -71.88153839111328 -14.887312889099121
vertex -4.423076152801514 -71.38310241699219 -15.061586380004883
endloop
endfacet
facet normal -0.3197991493652266 -0.5824022944123783 -0.747352708918938
outer loop
vertex -3.783590078353882 -70.52944946289062 -16.00048065185547
vertex -2.2260427474975586 -72.49476623535156 -15.13542366027832
vertex -2.267082929611206 -72.61405944824219 -15.024898529052734
endloop
endfacet
facet normal -0.3198049642926261 -0.5824056773763047 -0.7473475843097641
outer loop
vertex -3.9226090908050537 -71.88153839111328 -14.887312889099121
vertex -3.783590078353882 -70.52944946289062 -16.00048065185547
vertex -3.385313034057617 -72.19121551513672 -14.87590217590332
endloop
endfacet
facet normal -0.3198047427534193 -0.5824048106435546 -0.7473483545520552
outer loop
vertex -3.783590078353882 -70.52944946289062 -16.00048065185547
vertex -1.9883536100387573 -71.43781280517578 -16.060813903808594
vertex -2.2260427474975586 -72.49476623535156 -15.13542366027832
endloop
endfacet
facet normal -0.3198056219486118 -0.5824056558824227 -0.7473473196354066
outer loop
vertex -3.385313034057617 -72.19121551513672 -14.87590217590332
vertex -3.783590078353882 -70.52944946289062 -16.00048065185547
vertex -2.81754994392395 -72.44068145751953 -14.92445182800293
endloop
endfacet
facet normal -0.35868642643061094 -0.5738027190525052 -0.7362706615792792
outer loop
vertex -4.489089012145996 -71.45496368408203 -14.97342300415039
vertex -4.423076152801514 -71.38310241699219 -15.061586380004883
vertex -4.423076152801514 -71.51531219482422 -14.958550453186035
endloop
endfacet
facet normal -0.3198098745027632 -0.5824064377669317 -0.7473448905412816
outer loop
vertex -3.783590078353882 -70.52944946289062 -16.00048065185547
vertex -2.267082929611206 -72.61405944824219 -15.024898529052734
vertex -2.81754994392395 -72.44068145751953 -14.92445182800293
endloop
endfacet
facet normal -0.3198209910513026 -0.5824208256798273 -0.7473289205546582
outer loop
vertex -4.423076152801514 -71.38310241699219 -15.061586380004883
vertex -3.9226090908050537 -71.88153839111328 -14.887312889099121
vertex -4.423076152801514 -71.51531219482422 -14.958550453186035
endloop
endfacet
facet normal -0.0003111264730228849 -0.658690310138711 -0.7524141004325254
outer loop
vertex -1.0000098943710327 -72.8020248413086 -14.866942405700684
vertex -1.9883536100387573 -71.43781280517578 -16.060813903808594
vertex 56.3455924987793 -72.80316162109375 -14.889659881591797
endloop
endfacet
facet normal -0.000308661356888118 -0.6586904250697362 -0.7524140008330632
outer loop
vertex 56.88437271118164 -72.76238250732422 -14.925582885742188
vertex 57.32402420043945 -71.46385192871094 -16.062543869018555
vertex 57.49483871459961 -72.52098083496094 -15.137165069580078
endloop
endfacet
facet normal -0.00031220246929740874 -0.6586897456420163 -0.7524145941671214
outer loop
vertex 56.3455924987793 -72.80316162109375 -14.889659881591797
vertex 57.32402420043945 -71.46385192871094 -16.062543869018555
vertex 56.88437271118164 -72.76238250732422 -14.925582885742188
endloop
endfacet
facet normal -0.00030476304389756115 -0.6586877010934309 -0.7524163870808092
outer loop
vertex -1.6177953481674194 -72.74790954589844 -14.914066314697266
vertex -1.9883536100387573 -71.43781280517578 -16.060813903808594
vertex -1.0000098943710327 -72.8020248413086 -14.866942405700684
endloop
endfacet
facet normal -0.00030966944157858657 -0.6586889823865074 -0.7524152633934695
outer loop
vertex 57.49483871459961 -72.52098083496094 -15.137165069580078
vertex 57.49483871459961 -72.6531982421875 -15.021417617797852
vertex 56.88437271118164 -72.76238250732422 -14.925582885742188
endloop
endfacet
facet normal -0.0003111216642778321 -0.6586901928005844 -0.7524142031565055
outer loop
vertex 56.3455924987793 -72.80316162109375 -14.889659881591797
vertex -1.9883536100387573 -71.43781280517578 -16.060813903808594
vertex 57.32402420043945 -71.46385192871094 -16.062543869018555
endloop
endfacet
facet normal -0.00031247834790162974 -0.6586889818109598 -0.752415262736026
outer loop
vertex -2.2260427474975586 -72.62698364257812 -15.019676208496094
vertex -2.2260427474975586 -72.49476623535156 -15.13542366027832
vertex -1.6177953481674194 -72.74790954589844 -14.914066314697266
endloop
endfacet
facet normal -0.11099724440854554 -0.6546187862191202 -0.747765910203665
outer loop
vertex -2.267082929611206 -72.61405944824219 -15.024898529052734
vertex -2.2260427474975586 -72.49476623535156 -15.13542366027832
vertex -2.2260427474975586 -72.62698364257812 -15.019676208496094
endloop
endfacet
facet normal -0.00031243939647701525 -0.6586889288078202 -0.7524153091528839
outer loop
vertex -2.2260427474975586 -72.49476623535156 -15.13542366027832
vertex -1.9883536100387573 -71.43781280517578 -16.060813903808594
vertex -1.6177953481674194 -72.74790954589844 -14.914066314697266
endloop
endfacet
facet normal 0 -1 0
outer loop
vertex -17.098098754882812 -66.5560302734375 -4.375974655151367
vertex -16.772939682006836 -66.5560302734375 -11.010660171508789
vertex -16.772939682006836 -66.5560302734375 -3.8893399238586426
endloop
endfacet
facet normal -0.5555702815824776 0 -0.8314695798538672
outer loop
vertex -2.6516196727752686 -66.5560302734375 -3.8893399238586426
vertex -2.6516196727752686 -72.4929428100586 -3.8893399238586426
vertex -2.81754994392395 -72.44068145751953 -3.7784688472747803
endloop
endfacet
facet normal 0 -1 0
outer loop
vertex -17.098098754882812 -66.5560302734375 -10.524024963378906
vertex -16.772939682006836 -66.5560302734375 -11.010660171508789
vertex -17.098098754882812 -66.5560302734375 -4.375974655151367
endloop
endfacet
facet normal 0 -1 0
outer loop
vertex -17.2122802734375 -66.5560302734375 -4.949999809265137
vertex -17.098098754882812 -66.5560302734375 -10.524024963378906
vertex -17.098098754882812 -66.5560302734375 -4.375974655151367
endloop
endfacet
facet normal 1 0 0
outer loop
vertex -17.2122802734375 -68.05805206298828 -4.949999809265137
vertex -17.2122802734375 -66.5560302734375 -9.949999809265137
vertex -17.2122802734375 -66.5560302734375 -4.949999809265137
endloop
endfacet
facet normal 0 -1 0
outer loop
vertex -16.772939682006836 -66.5560302734375 -11.010660171508789
vertex -16.286304473876953 -66.5560302734375 -11.335819244384766
vertex -16.772939682006836 -66.5560302734375 -3.8893399238586426
endloop
endfacet
facet normal 0 -1 0
outer loop
vertex -15.7122802734375 -66.5560302734375 -11.449999809265137
vertex -14.4622802734375 -66.5560302734375 -8.199999809265137
vertex -15.7122802734375 -66.5560302734375 -3.450000047683716
endloop
endfacet
facet normal 0 -1 0
outer loop
vertex -15.7122802734375 -66.5560302734375 -11.449999809265137
vertex -14.386159896850586 -66.5560302734375 -8.582683563232422
vertex -14.4622802734375 -66.5560302734375 -8.199999809265137
endloop
endfacet
facet normal 0 0 -1
outer loop
vertex -7.489098072052002 -68.25442504882812 -3.450000047683716
vertex -3.712280035018921 -66.5560302734375 -3.450000047683716
vertex -7.069647312164307 -68.45352935791016 -3.450000047683716
endloop
endfacet
facet normal 0 -1 0
outer loop
vertex -17.2122802734375 -66.5560302734375 -9.949999809265137
vertex -17.098098754882812 -66.5560302734375 -10.524024963378906
vertex -17.2122802734375 -66.5560302734375 -4.949999809265137
endloop
endfacet
facet normal -1 0 0
outer loop
vertex -2.212280035018921 -66.5560302734375 -4.949999809265137
vertex -2.212280035018921 -72.62971496582031 -9.949999809265137
vertex -2.212280035018921 -72.62971496582031 -4.949999809265137
endloop
endfacet
facet normal 0 -1 0
outer loop
vertex -4.962279796600342 -66.5560302734375 -6.699999809265137
vertex -3.712280035018921 -66.5560302734375 -11.449999809265137
vertex -3.712280035018921 -66.5560302734375 -3.450000047683716
endloop
endfacet
facet normal 0 0 -1
outer loop
vertex -6.347174644470215 -69.03248596191406 -3.450000047683716
vertex -3.712280035018921 -66.5560302734375 -3.450000047683716
vertex -6.061458587646484 -69.39846801757812 -3.450000047683716
endloop
endfacet
facet normal 0 0 -1
outer loop
vertex -7.069647312164307 -68.45352935791016 -3.450000047683716
vertex -3.712280035018921 -66.5560302734375 -3.450000047683716
vertex -6.685942649841309 -68.7149658203125 -3.450000047683716
endloop
endfacet
facet normal 0 0 -1
outer loop
vertex -3.712280035018921 -66.5560302734375 -3.450000047683716
vertex -6.347174644470215 -69.03248596191406 -3.450000047683716
vertex -6.685942649841309 -68.7149658203125 -3.450000047683716
endloop
endfacet
facet normal 0 -1 0
outer loop
vertex -2.326460599899292 -66.5560302734375 -4.375974655151367
vertex -2.212280035018921 -66.5560302734375 -9.949999809265137
vertex -2.212280035018921 -66.5560302734375 -4.949999809265137
endloop
endfacet
facet normal 0 -1 0
outer loop
vertex -16.772939682006836 -66.5560302734375 -3.8893399238586426
vertex -16.286304473876953 -66.5560302734375 -11.335819244384766
vertex -16.286304473876953 -66.5560302734375 -3.564180612564087
endloop
endfacet
facet normal 0 -1 0
outer loop
vertex -16.286304473876953 -66.5560302734375 -3.564180612564087
vertex -15.7122802734375 -66.5560302734375 -11.449999809265137
vertex -15.7122802734375 -66.5560302734375 -3.450000047683716
endloop
endfacet
facet normal 0 -1 0
outer loop
vertex -15.7122802734375 -66.5560302734375 -3.450000047683716
vertex -14.4622802734375 -66.5560302734375 -8.199999809265137
vertex -14.4622802734375 -66.5560302734375 -6.699999809265137
endloop
endfacet
facet normal 0 0 -1
outer loop
vertex -8.39443302154541 -68.06070709228516 -3.450000047683716
vertex -15.7122802734375 -66.5560302734375 -3.450000047683716
vertex -3.712280035018921 -66.5560302734375 -3.450000047683716
endloop
endfacet
facet normal 0 0 -1
outer loop
vertex -8.39443302154541 -68.06070709228516 -3.450000047683716
vertex -15.7122802734375 -68.05850219726562 -3.450000047683716
vertex -15.7122802734375 -66.5560302734375 -3.450000047683716
endloop
endfacet
facet normal 0 -1 0
outer loop
vertex -15.7122802734375 -66.5560302734375 -3.450000047683716
vertex -13.4622802734375 -66.5560302734375 -5.699999809265137
vertex -3.712280035018921 -66.5560302734375 -3.450000047683716
endloop
endfacet
facet normal 1 0 0
outer loop
vertex -17.2122802734375 -68.05805206298828 -9.949999809265137
vertex -17.2122802734375 -66.5560302734375 -9.949999809265137
vertex -17.2122802734375 -68.05805206298828 -4.949999809265137
endloop
endfacet
facet normal 0.19509040787318932 0 -0.9807852633251952
outer loop
vertex -15.7122802734375 -68.05850219726562 -3.450000047683716
vertex -16.286304473876953 -66.5560302734375 -3.564180612564087
vertex -15.7122802734375 -66.5560302734375 -3.450000047683716
endloop
endfacet
facet normal 0.19509040787318935 0 -0.9807852633251952
outer loop
vertex -15.7122802734375 -68.05850219726562 -3.450000047683716
vertex -16.286304473876953 -68.05833435058594 -3.564180612564087
vertex -16.286304473876953 -66.5560302734375 -3.564180612564087
endloop
endfacet
facet normal 0 -1 0
outer loop
vertex -15.7122802734375 -66.5560302734375 -3.450000047683716
vertex -14.4622802734375 -66.5560302734375 -6.699999809265137
vertex -14.386159896850586 -66.5560302734375 -6.31731653213501
endloop
endfacet
facet normal 0.5555703047945764 0 -0.8314695643440363
outer loop
vertex -16.286304473876953 -68.05833435058594 -3.564180612564087
vertex -16.772939682006836 -66.5560302734375 -3.8893399238586426
vertex -16.286304473876953 -66.5560302734375 -3.564180612564087
endloop
endfacet
facet normal 0.980785013558684 0 -0.1950916635294606
outer loop
vertex -17.2122802734375 -66.5560302734375 -4.949999809265137
vertex -17.098098754882812 -68.05809020996094 -4.375974655151367
vertex -17.2122802734375 -68.05805206298828 -4.949999809265137
endloop
endfacet
facet normal 0.980785013558684 0 -0.1950916635294606
outer loop
vertex -17.098098754882812 -68.05809020996094 -4.375974655151367
vertex -17.2122802734375 -66.5560302734375 -4.949999809265137
vertex -17.098098754882812 -66.5560302734375 -4.375974655151367
endloop
endfacet
facet normal 0 -1 0
outer loop
vertex -15.7122802734375 -66.5560302734375 -3.450000047683716
vertex -14.386159896850586 -66.5560302734375 -6.31731653213501
vertex -14.169386863708496 -66.5560302734375 -5.992893218994141
endloop
endfacet
facet normal 0 -1 0
outer loop
vertex -15.7122802734375 -66.5560302734375 -3.450000047683716
vertex -14.169386863708496 -66.5560302734375 -5.992893218994141
vertex -13.844963073730469 -66.5560302734375 -5.776120662689209
endloop
endfacet
facet normal -0.1950900960897925 4.427296001979658e-9 -0.9807853253427458
outer loop
vertex -3.712280035018921 -66.5560302734375 -3.450000047683716
vertex -3.1382548809051514 -66.5560302734375 -3.564180612564087
vertex -3.385313034057617 -72.19121551513672 -3.515037775039673
endloop
endfacet
facet normal 0 0 -1
outer loop
vertex -3.712280035018921 -66.5560302734375 -3.450000047683716
vertex -5.646838665008545 -70.1237564086914 -3.450000047683716
vertex -6.061458587646484 -69.39846801757812 -3.450000047683716
endloop
endfacet
facet normal 0 -1 0
outer loop
vertex -15.7122802734375 -66.5560302734375 -3.450000047683716
vertex -13.844963073730469 -66.5560302734375 -5.776120662689209
vertex -13.4622802734375 -66.5560302734375 -5.699999809265137
endloop
endfacet
facet normal 0 0 -1
outer loop
vertex -3.712280035018921 -66.5560302734375 -3.450000047683716
vertex -4.423076152801514 -71.51531219482422 -3.450000047683716
vertex -4.880788326263428 -71.09687805175781 -3.450000047683716
endloop
endfacet
facet normal 0 0 -1
outer loop
vertex -3.712280035018921 -66.5560302734375 -3.450000047683716
vertex -5.29032564163208 -70.63118743896484 -3.450000047683716
vertex -5.646838665008545 -70.1237564086914 -3.450000047683716
endloop
endfacet
facet normal 0.5555703047945764 0 -0.8314695643440363
outer loop
vertex -16.286304473876953 -68.05833435058594 -3.564180612564087
vertex -16.772939682006836 -68.05818939208984 -3.8893399238586426
vertex -16.772939682006836 -66.5560302734375 -3.8893399238586426
endloop
endfacet
facet normal 0 0 -1
outer loop
vertex -3.712280035018921 -66.5560302734375 -3.450000047683716
vertex -7.9342474937438965 -68.1224365234375 -3.450000047683716
vertex -8.39443302154541 -68.06070709228516 -3.450000047683716
endloop
endfacet
facet normal 0 0 -1
outer loop
vertex -5.29032564163208 -70.63118743896484 -3.450000047683716
vertex -3.712280035018921 -66.5560302734375 -3.450000047683716
vertex -4.880788326263428 -71.09687805175781 -3.450000047683716
endloop
endfacet
facet normal -0.5555703047945764 9.467309622691771e-10 -0.8314695643440364
outer loop
vertex -3.1382548809051514 -66.5560302734375 -3.564180612564087
vertex -2.6516196727752686 -66.5560302734375 -3.8893399238586426
vertex -2.81754994392395 -72.44068145751953 -3.7784688472747803
endloop
endfacet
facet normal -0.8314695010489662 0 -0.5555703995223135
outer loop
vertex -2.6516196727752686 -66.5560302734375 -3.8893399238586426
vertex -2.326460599899292 -66.5560302734375 -4.375974655151367
vertex -2.326460599899292 -72.59535217285156 -4.375974655151367
endloop
endfacet
facet normal -0.19509016948889357 0 -0.9807853107427714
outer loop
vertex -3.385313034057617 -72.19121551513672 -3.515037775039673
vertex -3.712280035018921 -72.00276947021484 -3.450000047683716
vertex -3.712280035018921 -66.5560302734375 -3.450000047683716
endloop
endfacet
facet normal 0 0 -1
outer loop
vertex -3.712280035018921 -66.5560302734375 -3.450000047683716
vertex -3.712280035018921 -72.00276947021484 -3.450000047683716
vertex -3.9226090908050537 -71.88153839111328 -3.450000047683716
endloop
endfacet
facet normal -0.19508999895037457 0 -0.980785344664949
outer loop
vertex -3.1382548809051514 -66.5560302734375 -3.564180612564087
vertex -3.1382548809051514 -72.29977416992188 -3.564180612564087
vertex -3.385313034057617 -72.19121551513672 -3.515037775039673
endloop
endfacet
facet normal -0.5555703168043373 0 -0.8314695563193688
outer loop
vertex -2.81754994392395 -72.44068145751953 -3.7784688472747803
vertex -3.1382548809051514 -72.29977416992188 -3.564180612564087
vertex -3.1382548809051514 -66.5560302734375 -3.564180612564087
endloop
endfacet
facet normal 0.8314695010489662 0 -0.5555703995223135
outer loop
vertex -16.772939682006836 -68.05818939208984 -3.8893399238586426
vertex -17.098098754882812 -66.5560302734375 -4.375974655151367
vertex -16.772939682006836 -66.5560302734375 -3.8893399238586426
endloop
endfacet
facet normal 0 -1 0
outer loop
vertex -15.7122802734375 -66.5560302734375 -11.449999809265137
vertex -14.169386863708496 -66.5560302734375 -8.907106399536133
vertex -14.386159896850586 -66.5560302734375 -8.582683563232422
endloop
endfacet
facet normal -0.980785246858075 -3.898683324311929e-8 0.19509049065893314
outer loop
vertex -2.326460599899292 -72.59535217285156 -10.524024963378906
vertex -2.2260427474975586 -72.62698364257812 -10.019190788269043
vertex -2.212280035018921 -66.5560302734375 -9.949999809265137
endloop
endfacet
facet normal 0 -1 0
outer loop
vertex -13.4622802734375 -66.5560302734375 -9.199999809265137
vertex -15.7122802734375 -66.5560302734375 -11.449999809265137
vertex -5.962279796600342 -66.5560302734375 -9.199999809265137
endloop
endfacet
facet normal 0.8314695010489663 0 -0.5555703995223136
outer loop
vertex -17.098098754882812 -66.5560302734375 -4.375974655151367
vertex -16.772939682006836 -68.05818939208984 -3.8893399238586426
vertex -17.098098754882812 -68.05809020996094 -4.375974655151367
endloop
endfacet
facet normal 0 -1 0
outer loop
vertex -2.326460599899292 -66.5560302734375 -10.524024963378906
vertex -2.212280035018921 -66.5560302734375 -9.949999809265137
vertex -2.326460599899292 -66.5560302734375 -4.375974655151367
endloop
endfacet
facet normal 0 -1 0
outer loop
vertex -2.6516196727752686 -66.5560302734375 -11.010660171508789
vertex -2.326460599899292 -66.5560302734375 -10.524024963378906
vertex -2.6516196727752686 -66.5560302734375 -3.8893399238586426
endloop
endfacet
facet normal -1 0 0
outer loop
vertex -2.212280035018921 -66.5560302734375 -9.949999809265137
vertex -2.212280035018921 -72.62971496582031 -9.949999809265137
vertex -2.212280035018921 -66.5560302734375 -4.949999809265137
endloop
endfacet
facet normal 0.19509040787318932 0 0.9807852633251952
outer loop
vertex -16.286304473876953 -68.05833435058594 -11.335819244384766
vertex -15.7122802734375 -68.05850219726562 -11.449999809265137
vertex -15.7122802734375 -66.5560302734375 -11.449999809265137
endloop
endfacet
facet normal 0.19509040787318935 0 0.9807852633251952
outer loop
vertex -16.286304473876953 -68.05833435058594 -11.335819244384766
vertex -15.7122802734375 -66.5560302734375 -11.449999809265137
vertex -16.286304473876953 -66.5560302734375 -11.335819244384766
endloop
endfacet
facet normal 0.5555700231666056 0 0.8314697525217963
outer loop
vertex -16.286304473876953 -66.5560302734375 -11.335819244384766
vertex -16.772939682006836 -68.05818939208984 -11.010660171508789
vertex -16.286304473876953 -68.05833435058594 -11.335819244384766
endloop
endfacet
facet normal 0 0 1
outer loop
vertex -15.7122802734375 -66.5560302734375 -11.449999809265137
vertex -15.7122802734375 -68.05850219726562 -11.449999809265137
vertex -3.712280035018921 -66.5560302734375 -11.449999809265137
endloop
endfacet
facet normal 0 -1 0
outer loop
vertex -15.7122802734375 -66.5560302734375 -11.449999809265137
vertex -13.844963073730469 -66.5560302734375 -9.123879432678223
vertex -14.169386863708496 -66.5560302734375 -8.907106399536133
endloop
endfacet
facet normal -0.9807859013918099 0 0.19508720006975075
outer loop
vertex -2.212280035018921 -66.5560302734375 -9.949999809265137
vertex -2.2260427474975586 -72.62698364257812 -10.019190788269043
vertex -2.212280035018921 -72.62971496582031 -9.949999809265137
endloop
endfacet
facet normal 0 -1 0
outer loop
vertex -3.1382548809051514 -66.5560302734375 -11.335819244384766
vertex -2.6516196727752686 -66.5560302734375 -11.010660171508789
vertex -3.1382548809051514 -66.5560302734375 -3.564180612564087
endloop
endfacet
facet normal 0.5555700231666058 0 0.8314697525217963
outer loop
vertex -16.772939682006836 -68.05818939208984 -11.010660171508789
vertex -16.286304473876953 -66.5560302734375 -11.335819244384766
vertex -16.772939682006836 -66.5560302734375 -11.010660171508789
endloop
endfacet
facet normal 0.8314697525217963 0 0.5555700231666058
outer loop
vertex -16.772939682006836 -66.5560302734375 -11.010660171508789
vertex -17.098098754882812 -68.05809020996094 -10.524024963378906
vertex -16.772939682006836 -68.05818939208984 -11.010660171508789
endloop
endfacet
facet normal 0 -1 0
outer loop
vertex -3.712280035018921 -66.5560302734375 -11.449999809265137
vertex -3.1382548809051514 -66.5560302734375 -11.335819244384766
vertex -3.712280035018921 -66.5560302734375 -3.450000047683716
endloop
endfacet
facet normal 0 -1 0
outer loop
vertex -5.962279796600342 -66.5560302734375 -9.199999809265137
vertex -3.712280035018921 -66.5560302734375 -11.449999809265137
vertex -5.579596519470215 -66.5560302734375 -9.123879432678223
endloop
endfacet
facet normal 0 -1 0
outer loop
vertex -5.579596519470215 -66.5560302734375 -9.123879432678223
vertex -3.712280035018921 -66.5560302734375 -11.449999809265137
vertex -5.255173206329346 -66.5560302734375 -8.907106399536133
endloop
endfacet
facet normal 0 -1 0
outer loop
vertex -4.962279796600342 -66.5560302734375 -8.199999809265137
vertex -3.712280035018921 -66.5560302734375 -11.449999809265137
vertex -4.962279796600342 -66.5560302734375 -6.699999809265137
endloop
endfacet
facet normal 0 -1 0
outer loop
vertex -5.255173206329346 -66.5560302734375 -8.907106399536133
vertex -3.712280035018921 -66.5560302734375 -11.449999809265137
vertex -5.038400173187256 -66.5560302734375 -8.582683563232422
endloop
endfacet
facet normal -0.8314695010489662 0 -0.5555703995223135
outer loop
vertex -2.326460599899292 -72.59535217285156 -4.375974655151367
vertex -2.6516196727752686 -72.4929428100586 -3.8893399238586426
vertex -2.6516196727752686 -66.5560302734375 -3.8893399238586426
endloop
endfacet
facet normal -0.9807853253427457 -3.665659109607511e-9 -0.1950900960897925
outer loop
vertex -2.326460599899292 -66.5560302734375 -4.375974655151367
vertex -2.212280035018921 -66.5560302734375 -4.949999809265137
vertex -2.2260427474975586 -72.62698364257812 -4.880809783935547
endloop
endfacet
facet normal 0 -1 0
outer loop
vertex -5.962279796600342 -66.5560302734375 -5.699999809265137
vertex -5.579596519470215 -66.5560302734375 -5.776120662689209
vertex -3.712280035018921 -66.5560302734375 -3.450000047683716
endloop
endfacet
facet normal 0.8314697525217962 0 0.5555700231666056
outer loop
vertex -17.098098754882812 -68.05809020996094 -10.524024963378906
vertex -16.772939682006836 -66.5560302734375 -11.010660171508789
vertex -17.098098754882812 -66.5560302734375 -10.524024963378906
endloop
endfacet
facet normal 0.980785013558684 0 0.1950916635294606
outer loop
vertex -17.098098754882812 -66.5560302734375 -10.524024963378906
vertex -17.2122802734375 -68.05805206298828 -9.949999809265137
vertex -17.098098754882812 -68.05809020996094 -10.524024963378906
endloop
endfacet
facet normal 0 0 1
outer loop
vertex -3.712280035018921 -66.5560302734375 -11.449999809265137
vertex -15.7122802734375 -68.05850219726562 -11.449999809265137
vertex -8.39443302154541 -68.06070709228516 -11.449999809265137
endloop
endfacet
facet normal 0 0 1
outer loop
vertex -7.9342474937438965 -68.1224365234375 -11.449999809265137
vertex -7.489098072052002 -68.25442504882812 -11.449999809265137
vertex -3.712280035018921 -66.5560302734375 -11.449999809265137
endloop
endfacet
facet normal 0 0 1
outer loop
vertex -3.712280035018921 -66.5560302734375 -11.449999809265137
vertex -7.489098072052002 -68.25442504882812 -11.449999809265137
vertex -7.069647312164307 -68.45352935791016 -11.449999809265137
endloop
endfacet
facet normal 0 -1 0
outer loop
vertex -16.286304473876953 -66.5560302734375 -11.335819244384766
vertex -15.7122802734375 -66.5560302734375 -11.449999809265137
vertex -16.286304473876953 -66.5560302734375 -3.564180612564087
endloop
endfacet
facet normal 0 0 1
outer loop
vertex -3.712280035018921 -66.5560302734375 -11.449999809265137
vertex -7.069647312164307 -68.45352935791016 -11.449999809265137
vertex -6.685942649841309 -68.7149658203125 -11.449999809265137
endloop
endfacet
facet normal 0 -1 0
outer loop
vertex -5.579596519470215 -66.5560302734375 -5.776120662689209
vertex -5.255173206329346 -66.5560302734375 -5.992893218994141
vertex -3.712280035018921 -66.5560302734375 -3.450000047683716
endloop
endfacet
facet normal 0 -1 0
outer loop
vertex -5.038400173187256 -66.5560302734375 -8.582683563232422
vertex -3.712280035018921 -66.5560302734375 -11.449999809265137
vertex -4.962279796600342 -66.5560302734375 -8.199999809265137
endloop
endfacet
facet normal 0 -1 0
outer loop
vertex -3.712280035018921 -66.5560302734375 -3.450000047683716
vertex -3.1382548809051514 -66.5560302734375 -11.335819244384766
vertex -3.1382548809051514 -66.5560302734375 -3.564180612564087
endloop
endfacet
facet normal 0 0 1
outer loop
vertex -3.712280035018921 -66.5560302734375 -11.449999809265137
vertex -6.685942649841309 -68.7149658203125 -11.449999809265137
vertex -6.347174644470215 -69.03248596191406 -11.449999809265137
endloop
endfacet
facet normal 0 0 1
outer loop
vertex -3.712280035018921 -66.5560302734375 -11.449999809265137
vertex -8.39443302154541 -68.06070709228516 -11.449999809265137
vertex -7.9342474937438965 -68.1224365234375 -11.449999809265137
endloop
endfacet
facet normal 0 0 1
outer loop
vertex -4.423076152801514 -71.51531219482422 -11.449999809265137
vertex -3.9226090908050537 -71.88153839111328 -11.449999809265137
vertex -3.712280035018921 -66.5560302734375 -11.449999809265137
endloop
endfacet
facet normal 0 0 1
outer loop
vertex -3.712280035018921 -66.5560302734375 -11.449999809265137
vertex -3.9226090908050537 -71.88153839111328 -11.449999809265137
vertex -3.712280035018921 -72.00276947021484 -11.449999809265137
endloop
endfacet
facet normal -0.19509016528589657 7.581027479555547e-9 0.9807853115787989
outer loop
vertex -3.712280035018921 -72.00276947021484 -11.449999809265137
vertex -3.385313034057617 -72.19121551513672 -11.38496208190918
vertex -3.1382548809051514 -66.5560302734375 -11.335819244384766
endloop
endfacet
facet normal -0.19508999895037457 0 0.980785344664949
outer loop
vertex -3.1382548809051514 -66.5560302734375 -11.335819244384766
vertex -3.385313034057617 -72.19121551513672 -11.38496208190918
vertex -3.1382548809051514 -72.29977416992188 -11.335819244384766
endloop
endfacet
facet normal 0 0 1
outer loop
vertex -5.29032564163208 -70.63118743896484 -11.449999809265137
vertex -4.880788326263428 -71.09687805175781 -11.449999809265137
vertex -3.712280035018921 -66.5560302734375 -11.449999809265137
endloop
endfacet
facet normal 0 0 1
outer loop
vertex -5.646838665008545 -70.1237564086914 -11.449999809265137
vertex -5.29032564163208 -70.63118743896484 -11.449999809265137
vertex -3.712280035018921 -66.5560302734375 -11.449999809265137
endloop
endfacet
facet normal 0 0 1
outer loop
vertex -3.712280035018921 -66.5560302734375 -11.449999809265137
vertex -4.880788326263428 -71.09687805175781 -11.449999809265137
vertex -4.423076152801514 -71.51531219482422 -11.449999809265137
endloop
endfacet
facet normal 0 0 1
outer loop
vertex -6.061458587646484 -69.39846801757812 -11.449999809265137
vertex -5.646838665008545 -70.1237564086914 -11.449999809265137
vertex -3.712280035018921 -66.5560302734375 -11.449999809265137
endloop
endfacet
facet normal -0.1950900960897925 0 0.9807853253427458
outer loop
vertex -3.712280035018921 -66.5560302734375 -11.449999809265137
vertex -3.712280035018921 -72.00276947021484 -11.449999809265137
vertex -3.1382548809051514 -66.5560302734375 -11.335819244384766
endloop
endfacet
facet normal -0.5555700231666056 0 0.8314697525217963
outer loop
vertex -3.1382548809051514 -66.5560302734375 -11.335819244384766
vertex -3.1382548809051514 -72.29977416992188 -11.335819244384766
vertex -2.6516196727752686 -66.5560302734375 -11.010660171508789
endloop
endfacet
facet normal 0 -1 0
outer loop
vertex -3.1382548809051514 -66.5560302734375 -3.564180612564087
vertex -2.6516196727752686 -66.5560302734375 -11.010660171508789
vertex -2.6516196727752686 -66.5560302734375 -3.8893399238586426
endloop
endfacet
facet normal 0 -1 0
outer loop
vertex -2.6516196727752686 -66.5560302734375 -3.8893399238586426
vertex -2.326460599899292 -66.5560302734375 -10.524024963378906
vertex -2.326460599899292 -66.5560302734375 -4.375974655151367
endloop
endfacet
facet normal 0 -1 0
outer loop
vertex -15.7122802734375 -66.5560302734375 -11.449999809265137
vertex -3.712280035018921 -66.5560302734375 -11.449999809265137
vertex -5.962279796600342 -66.5560302734375 -9.199999809265137
endloop
endfacet
facet normal -0.5555694822589066 -6.628856500749676e-8 0.8314701139443115
outer loop
vertex -3.1382548809051514 -72.29977416992188 -11.335819244384766
vertex -2.81754994392395 -72.44068145751953 -11.12153148651123
vertex -2.6516196727752686 -66.5560302734375 -11.010660171508789
endloop
endfacet
facet normal 0 -1 0
outer loop
vertex -4.962279796600342 -66.5560302734375 -6.699999809265137
vertex -3.712280035018921 -66.5560302734375 -3.450000047683716
vertex -5.038400173187256 -66.5560302734375 -6.31731653213501
endloop
endfacet
facet normal 0 -1 0
outer loop
vertex -3.712280035018921 -66.5560302734375 -3.450000047683716
vertex -13.4622802734375 -66.5560302734375 -5.699999809265137
vertex -5.962279796600342 -66.5560302734375 -5.699999809265137
endloop
endfacet
facet normal -0.5555711075312926 0 0.83146902797185
outer loop
vertex -2.6516196727752686 -66.5560302734375 -11.010660171508789
vertex -2.81754994392395 -72.44068145751953 -11.12153148651123
vertex -2.6516196727752686 -72.4929428100586 -11.010660171508789
endloop
endfacet
facet normal -0.8314697525217963 0 0.5555700231666056
outer loop
vertex -2.6516196727752686 -72.4929428100586 -11.010660171508789
vertex -2.326460599899292 -72.59535217285156 -10.524024963378906
vertex -2.326460599899292 -66.5560302734375 -10.524024963378906
endloop
endfacet
facet normal -0.8314697525217963 0 0.5555700231666056
outer loop
vertex -2.6516196727752686 -66.5560302734375 -11.010660171508789
vertex -2.6516196727752686 -72.4929428100586 -11.010660171508789
vertex -2.326460599899292 -66.5560302734375 -10.524024963378906
endloop
endfacet
facet normal -0.9807853253427457 0 0.1950900960897925
outer loop
vertex -2.326460599899292 -66.5560302734375 -10.524024963378906
vertex -2.326460599899292 -72.59535217285156 -10.524024963378906
vertex -2.212280035018921 -66.5560302734375 -9.949999809265137
endloop
endfacet
facet normal -0.9807853868851341 0 -0.195089786694685
outer loop
vertex -2.212280035018921 -66.5560302734375 -4.949999809265137
vertex -2.212280035018921 -72.62971496582031 -4.949999809265137
vertex -2.2260427474975586 -72.62698364257812 -4.880809783935547
endloop
endfacet
facet normal -0.9807853169080654 0 -0.1950901384938405
outer loop
vertex -2.2260427474975586 -72.62698364257812 -4.880809783935547
vertex -2.326460599899292 -72.59535217285156 -4.375974655151367
vertex -2.326460599899292 -66.5560302734375 -4.375974655151367
endloop
endfacet
facet normal 0.980785013558684 0 0.1950916635294606
outer loop
vertex -17.2122802734375 -68.05805206298828 -9.949999809265137
vertex -17.098098754882812 -66.5560302734375 -10.524024963378906
vertex -17.2122802734375 -66.5560302734375 -9.949999809265137
endloop
endfacet
facet normal 0 -1 0
outer loop
vertex -5.255173206329346 -66.5560302734375 -5.992893218994141
vertex -5.038400173187256 -66.5560302734375 -6.31731653213501
vertex -3.712280035018921 -66.5560302734375 -3.450000047683716
endloop
endfacet
facet normal 0 -1 0
outer loop
vertex -13.4622802734375 -66.5560302734375 -9.199999809265137
vertex -13.844963073730469 -66.5560302734375 -9.123879432678223
vertex -15.7122802734375 -66.5560302734375 -11.449999809265137
endloop
endfacet
facet normal 0 0 -1
outer loop
vertex -7.9342474937438965 -68.1224365234375 -3.450000047683716
vertex -3.712280035018921 -66.5560302734375 -3.450000047683716
vertex -7.489098072052002 -68.25442504882812 -3.450000047683716
endloop
endfacet
facet normal 0 0 -1
outer loop
vertex -4.423076152801514 -71.51531219482422 -3.450000047683716
vertex -3.712280035018921 -66.5560302734375 -3.450000047683716
vertex -3.9226090908050537 -71.88153839111328 -3.450000047683716
endloop
endfacet
facet normal 0 0 1
outer loop
vertex -6.347174644470215 -69.03248596191406 -11.449999809265137
vertex -6.061458587646484 -69.39846801757812 -11.449999809265137
vertex -3.712280035018921 -66.5560302734375 -11.449999809265137
endloop
endfacet
facet normal 0 0 1
outer loop
vertex -5.962279796600342 -65.35602569580078 -9.199999809265137
vertex -13.4622802734375 -66.5560302734375 -9.199999809265137
vertex -5.962279796600342 -66.5560302734375 -9.199999809265137
endloop
endfacet
facet normal -0.19509017403555015 0 0.980785309838386
outer loop
vertex -5.579596519470215 -65.35602569580078 -9.123879432678223
vertex -5.962279796600342 -66.5560302734375 -9.199999809265137
vertex -5.579596519470215 -66.5560302734375 -9.123879432678223
endloop
endfacet
facet normal -0.19509017403555015 0 0.980785309838386
outer loop
vertex -5.962279796600342 -65.35602569580078 -9.199999809265137
vertex -5.962279796600342 -66.5560302734375 -9.199999809265137
vertex -5.579596519470215 -65.35602569580078 -9.123879432678223
endloop
endfacet
facet normal -0.5555707746001807 0 0.831469250429717
outer loop
vertex -5.579596519470215 -65.35602569580078 -9.123879432678223
vertex -5.579596519470215 -66.5560302734375 -9.123879432678223
vertex -5.255173206329346 -65.35602569580078 -8.907106399536133
endloop
endfacet
facet normal -0.5555707746001807 0 0.831469250429717
outer loop
vertex -5.255173206329346 -65.35602569580078 -8.907106399536133
vertex -5.579596519470215 -66.5560302734375 -9.123879432678223
vertex -5.255173206329346 -66.5560302734375 -8.907106399536133
endloop
endfacet
facet normal -0.8314688732193027 0 0.5555713391342493
outer loop
vertex -5.255173206329346 -65.35602569580078 -8.907106399536133
vertex -5.255173206329346 -66.5560302734375 -8.907106399536133
vertex -5.038400173187256 -65.35602569580078 -8.582683563232422
endloop
endfacet
facet normal -0.8314688732193027 0 0.5555713391342493
outer loop
vertex -5.038400173187256 -65.35602569580078 -8.582683563232422
vertex -5.255173206329346 -66.5560302734375 -8.907106399536133
vertex -5.038400173187256 -66.5560302734375 -8.582683563232422
endloop
endfacet
facet normal -0.9807853563514094 0 0.19508994019846038
outer loop
vertex -5.038400173187256 -65.35602569580078 -8.582683563232422
vertex -5.038400173187256 -66.5560302734375 -8.582683563232422
vertex -4.962279796600342 -65.35602569580078 -8.199999809265137
endloop
endfacet
facet normal -0.9807853563514094 0 0.19508994019846038
outer loop
vertex -4.962279796600342 -65.35602569580078 -8.199999809265137
vertex -5.038400173187256 -66.5560302734375 -8.582683563232422
vertex -4.962279796600342 -66.5560302734375 -8.199999809265137
endloop
endfacet
facet normal -0.831469250429717 0 -0.5555707746001807
outer loop
vertex -5.038400173187256 -65.35602569580078 -6.31731653213501
vertex -5.038400173187256 -66.5560302734375 -6.31731653213501
vertex -5.255173206329346 -65.35602569580078 -5.992893218994141
endloop
endfacet
facet normal -0.831469250429717 0 -0.5555707746001807
outer loop
vertex -5.255173206329346 -65.35602569580078 -5.992893218994141
vertex -5.038400173187256 -66.5560302734375 -6.31731653213501
vertex -5.255173206329346 -66.5560302734375 -5.992893218994141
endloop
endfacet
facet normal -0.19509134961587388 0 -0.9807850760003727
outer loop
vertex -5.579596519470215 -66.5560302734375 -5.776120662689209
vertex -5.962279796600342 -66.5560302734375 -5.699999809265137
vertex -5.962279796600342 -65.35602569580078 -5.699999809265137
endloop
endfacet
facet normal 0.9807853563514094 0 0.19508994019846038
outer loop
vertex -14.4622802734375 -66.5560302734375 -8.199999809265137
vertex -14.386159896850586 -65.35602569580078 -8.582683563232422
vertex -14.4622802734375 -65.35602569580078 -8.199999809265137
endloop
endfacet
facet normal 0.9807853563514094 0 0.19508994019846038
outer loop
vertex -14.386159896850586 -66.5560302734375 -8.582683563232422
vertex -14.386159896850586 -65.35602569580078 -8.582683563232422
vertex -14.4622802734375 -66.5560302734375 -8.199999809265137
endloop
endfacet
facet normal -0.19509134961587388 0 -0.9807850760003727
outer loop
vertex -5.579596519470215 -65.35602569580078 -5.776120662689209
vertex -5.579596519470215 -66.5560302734375 -5.776120662689209
vertex -5.962279796600342 -65.35602569580078 -5.699999809265137
endloop
endfacet
facet normal -0.555569929716238 0 -0.831469814963294
outer loop
vertex -5.579596519470215 -65.35602569580078 -5.776120662689209
vertex -5.255173206329346 -66.5560302734375 -5.992893218994141
vertex -5.579596519470215 -66.5560302734375 -5.776120662689209
endloop
endfacet
facet normal 0 0 -1
outer loop
vertex -5.962279796600342 -66.5560302734375 -5.699999809265137
vertex -13.4622802734375 -65.35602569580078 -5.699999809265137
vertex -5.962279796600342 -65.35602569580078 -5.699999809265137
endloop
endfacet
facet normal 0.8314688732193027 0 0.5555713391342493
outer loop
vertex -14.386159896850586 -66.5560302734375 -8.582683563232422
vertex -14.169386863708496 -65.35602569580078 -8.907106399536133
vertex -14.386159896850586 -65.35602569580078 -8.582683563232422
endloop
endfacet
facet normal 0 0 1
outer loop
vertex -13.4622802734375 -65.35602569580078 -9.199999809265137
vertex -13.4622802734375 -66.5560302734375 -9.199999809265137
vertex -5.962279796600342 -65.35602569580078 -9.199999809265137
endloop
endfacet
facet normal 0.5555702100670031 0 0.8314696276389811
outer loop
vertex -14.169386863708496 -65.35602569580078 -8.907106399536133
vertex -14.169386863708496 -66.5560302734375 -8.907106399536133
vertex -13.844963073730469 -65.35602569580078 -9.123879432678223
endloop
endfacet
facet normal -0.555569929716238 0 -0.831469814963294
outer loop
vertex -5.255173206329346 -65.35602569580078 -5.992893218994141
vertex -5.255173206329346 -66.5560302734375 -5.992893218994141
vertex -5.579596519470215 -65.35602569580078 -5.776120662689209
endloop
endfacet
facet normal 0.8314688732193027 0 0.5555713391342493
outer loop
vertex -14.386159896850586 -66.5560302734375 -8.582683563232422
vertex -14.169386863708496 -66.5560302734375 -8.907106399536133
vertex -14.169386863708496 -65.35602569580078 -8.907106399536133
endloop
endfacet
facet normal 0.5555702100670031 0 0.8314696276389811
outer loop
vertex -14.169386863708496 -66.5560302734375 -8.907106399536133
vertex -13.844963073730469 -66.5560302734375 -9.123879432678223
vertex -13.844963073730469 -65.35602569580078 -9.123879432678223
endloop
endfacet
facet normal 0.19509040787318935 0 0.9807852633251952
outer loop
vertex -13.844963073730469 -65.35602569580078 -9.123879432678223
vertex -13.844963073730469 -66.5560302734375 -9.123879432678223
vertex -13.4622802734375 -65.35602569580078 -9.199999809265137
endloop
endfacet
facet normal 0.19509040787318935 0 0.9807852633251952
outer loop
vertex -13.844963073730469 -66.5560302734375 -9.123879432678223
vertex -13.4622802734375 -66.5560302734375 -9.199999809265137
vertex -13.4622802734375 -65.35602569580078 -9.199999809265137
endloop
endfacet
facet normal 0 0 -1
outer loop
vertex -13.4622802734375 -66.5560302734375 -5.699999809265137
vertex -13.4622802734375 -65.35602569580078 -5.699999809265137
vertex -5.962279796600342 -66.5560302734375 -5.699999809265137
endloop
endfacet
facet normal 0.19509158345481065 0 -0.9807850294866325
outer loop
vertex -13.4622802734375 -66.5560302734375 -5.699999809265137
vertex -13.844963073730469 -65.35602569580078 -5.776120662689209
vertex -13.4622802734375 -65.35602569580078 -5.699999809265137
endloop
endfacet
facet normal 0.5555693651831525 0 -0.8314701921716671
outer loop
vertex -13.844963073730469 -66.5560302734375 -5.776120662689209
vertex -14.169386863708496 -65.35602569580078 -5.992893218994141
vertex -13.844963073730469 -65.35602569580078 -5.776120662689209
endloop
endfacet
facet normal 0.19509158345481065 0 -0.9807850294866325
outer loop
vertex -13.844963073730469 -66.5560302734375 -5.776120662689209
vertex -13.844963073730469 -65.35602569580078 -5.776120662689209
vertex -13.4622802734375 -66.5560302734375 -5.699999809265137
endloop
endfacet
facet normal 0.5555693651831525 0 -0.8314701921716671
outer loop
vertex -14.169386863708496 -66.5560302734375 -5.992893218994141
vertex -14.169386863708496 -65.35602569580078 -5.992893218994141
vertex -13.844963073730469 -66.5560302734375 -5.776120662689209
endloop
endfacet
facet normal 0.831469250429717 0 -0.5555707746001807
outer loop
vertex -14.169386863708496 -66.5560302734375 -5.992893218994141
vertex -14.386159896850586 -65.35602569580078 -6.31731653213501
vertex -14.169386863708496 -65.35602569580078 -5.992893218994141
endloop
endfacet
facet normal 0.831469250429717 0 -0.5555707746001807
outer loop
vertex -14.386159896850586 -66.5560302734375 -6.31731653213501
vertex -14.386159896850586 -65.35602569580078 -6.31731653213501
vertex -14.169386863708496 -66.5560302734375 -5.992893218994141
endloop
endfacet
facet normal -0.980785309838386 0 -0.19509017403555015
outer loop
vertex -5.038400173187256 -65.35602569580078 -6.31731653213501
vertex -4.962279796600342 -66.5560302734375 -6.699999809265137
vertex -5.038400173187256 -66.5560302734375 -6.31731653213501
endloop
endfacet
facet normal -0.980785309838386 0 -0.19509017403555015
outer loop
vertex -4.962279796600342 -65.35602569580078 -6.699999809265137
vertex -4.962279796600342 -66.5560302734375 -6.699999809265137
vertex -5.038400173187256 -65.35602569580078 -6.31731653213501
endloop
endfacet
facet normal -1 0 0
outer loop
vertex -4.962279796600342 -65.35602569580078 -6.699999809265137
vertex -4.962279796600342 -66.5560302734375 -8.199999809265137
vertex -4.962279796600342 -66.5560302734375 -6.699999809265137
endloop
endfacet
facet normal -1 0 0
outer loop
vertex -4.962279796600342 -65.35602569580078 -8.199999809265137
vertex -4.962279796600342 -66.5560302734375 -8.199999809265137
vertex -4.962279796600342 -65.35602569580078 -6.699999809265137
endloop
endfacet
facet normal 0.980785309838386 0 -0.19509017403555015
outer loop
vertex -14.386159896850586 -66.5560302734375 -6.31731653213501
vertex -14.4622802734375 -65.35602569580078 -6.699999809265137
vertex -14.386159896850586 -65.35602569580078 -6.31731653213501
endloop
endfacet
facet normal 0.980785309838386 0 -0.19509017403555015
outer loop
vertex -14.4622802734375 -66.5560302734375 -6.699999809265137
vertex -14.4622802734375 -65.35602569580078 -6.699999809265137
vertex -14.386159896850586 -66.5560302734375 -6.31731653213501
endloop
endfacet
facet normal 1 0 0
outer loop
vertex -14.4622802734375 -66.5560302734375 -6.699999809265137
vertex -14.4622802734375 -65.35602569580078 -8.199999809265137
vertex -14.4622802734375 -65.35602569580078 -6.699999809265137
endloop
endfacet
facet normal 1 0 0
outer loop
vertex -14.4622802734375 -66.5560302734375 -8.199999809265137
vertex -14.4622802734375 -65.35602569580078 -8.199999809265137
vertex -14.4622802734375 -66.5560302734375 -6.699999809265137
endloop
endfacet
facet normal -0.42261948047228126 -0.9063072187317825 0
outer loop
vertex 43.17023468017578 -73.2342300415039 -1.5
vertex 44.43407440185547 -73.82357025146484 -1.5
vertex 44.43407440185547 -73.82357025146484 -0.5
endloop
endfacet
facet normal 0.06811983569434892 -0.09728563161847714 -0.9929225517962459
outer loop
vertex 51.17023468017578 -73.2342300415039 -1.5
vertex 50.921295166015625 -72.80305480957031 -1.5593247413635254
vertex 51.67023468017578 -72.80307006835938 -1.5079419612884521
endloop
endfacet
facet normal -0.5735781035076711 -0.8191508769308272 0
outer loop
vertex 42.67023468017578 -72.88412475585938 -0.5
vertex 42.67023468017578 -72.88412475585938 -1.5
vertex 43.17023468017578 -73.2342300415039 -0.5
endloop
endfacet
facet normal -0.25881548273982163 -0.965926780814236 0
outer loop
vertex 44.43407440185547 -73.82357025146484 -0.5
vertex 44.43407440185547 -73.82357025146484 -1.5
vertex 45.78105163574219 -74.18448638916016 -0.5
endloop
endfacet
facet normal -0.009265480075163791 -0.10590870107028719 -0.9943326897555874
outer loop
vertex 45.91935348510742 -73.400146484375 -1.5949000120162964
vertex 46.77023696899414 -72.80297088623047 -1.6664353609085083
vertex 46.77023696899414 -73.4745864868164 -1.5949000120162964
endloop
endfacet
facet normal 1 0 0
outer loop
vertex 51.67023468017578 -72.80307006835938 -1
vertex 51.67023468017578 -72.30307006835938 -0.5
vertex 51.67023468017578 -72.88412475585938 -0.5
endloop
endfacet
facet normal -0.009265961482112717 -0.10590802325028273 -0.9943327574655427
outer loop
vertex 45.91935348510742 -73.400146484375 -1.5949000120162964
vertex 46.02465057373047 -72.8029556274414 -1.6594890356063843
vertex 46.77023696899414 -72.80297088623047 -1.6664353609085083
endloop
endfacet
facet normal -0.010350484642439484 -0.11831080257429008 -0.9929226664055434
outer loop
vertex 46.77023696899414 -74.27103424072266 -1.5
vertex 45.91935348510742 -73.400146484375 -1.5949000120162964
vertex 46.77023696899414 -73.4745864868164 -1.5949000120162964
endloop
endfacet
facet normal 0.009265474481318618 -0.10590863713006267 -0.9943326966181333
outer loop
vertex 47.57023620605469 -73.4745864868164 -1.5949000120162964
vertex 47.57023620605469 -72.80298614501953 -1.6664336919784546
vertex 48.421119689941406 -73.400146484375 -1.5949000120162964
endloop
endfacet
facet normal 0.010351493626400865 -0.11831080133852177 -0.9929226560343657
outer loop
vertex 47.57023620605469 -73.4745864868164 -1.5949000120162964
vertex 48.55942153930664 -74.18448638916016 -1.5
vertex 47.57023620605469 -74.27103424072266 -1.5
endloop
endfacet
facet normal -0.027515702833227542 -0.10269021527480648 -0.9943327439969014
outer loop
vertex 45.91935348510742 -73.400146484375 -1.5949000120162964
vertex 44.70647430419922 -73.07515716552734 -1.5949000120162964
vertex 46.02465057373047 -72.8029556274414 -1.6594890356063843
endloop
endfacet
facet normal -0.02751578260613587 -0.1026898376917567 -0.9943327807843874
outer loop
vertex 44.70647430419922 -73.07515716552734 -1.5949000120162964
vertex 44.80555725097656 -72.80293273925781 -1.6257559061050415
vertex 46.02465057373047 -72.8029556274414 -1.6594890356063843
endloop
endfacet
facet normal -0.01035158662083029 -0.11831186420402334 -0.9929225284195138
outer loop
vertex 45.78105163574219 -74.18448638916016 -1.5
vertex 45.91935348510742 -73.400146484375 -1.5949000120162964
vertex 46.77023696899414 -74.27103424072266 -1.5
endloop
endfacet
facet normal -0.030738289537328156 -0.11471709768415557 -0.9929225272171254
outer loop
vertex 45.78105163574219 -74.18448638916016 -1.5
vertex 44.70647430419922 -73.07515716552734 -1.5949000120162964
vertex 45.91935348510742 -73.400146484375 -1.5949000120162964
endloop
endfacet
facet normal -0.044929993042509546 -0.09635149686412 -0.9943327837184308
outer loop
vertex 44.70647430419922 -73.07515716552734 -1.5949000120162964
vertex 44.12266159057617 -72.80291748046875 -1.5949000120162964
vertex 44.80555725097656 -72.80293273925781 -1.6257559061050415
endloop
endfacet
facet normal -0.030737766054245212 -0.11471659693575967 -0.99292260127639
outer loop
vertex 44.43407440185547 -73.82357025146484 -1.5
vertex 44.70647430419922 -73.07515716552734 -1.5949000120162964
vertex 45.78105163574219 -74.18448638916016 -1.5
endloop
endfacet
facet normal -0.050192028258733014 -0.10763582911752481 -0.9929225994957801
outer loop
vertex 44.43407440185547 -73.82357025146484 -1.5
vertex 44.12266159057617 -72.80291748046875 -1.5949000120162964
vertex 44.70647430419922 -73.07515716552734 -1.5949000120162964
endloop
endfacet
facet normal -0.05019151667220231 -0.10763567696472312 -0.9929226418500536
outer loop
vertex 43.17023468017578 -73.2342300415039 -1.5
vertex 44.12266159057617 -72.80291748046875 -1.5949000120162964
vertex 44.43407440185547 -73.82357025146484 -1.5
endloop
endfacet
facet normal 1 0 0
outer loop
vertex 51.67023468017578 -72.88412475585938 -0.5
vertex 51.67023468017578 -72.88412475585938 -1.5
vertex 51.67023468017578 -72.80307006835938 -1
endloop
endfacet
facet normal 0.5735781035076711 -0.8191508769308272 0
outer loop
vertex 51.67023468017578 -72.88412475585938 -0.5
vertex 51.17023468017578 -73.2342300415039 -1.5
vertex 51.67023468017578 -72.88412475585938 -1.5
endloop
endfacet
facet normal 1 0 0
outer loop
vertex 51.67023468017578 -72.88412475585938 -1.5
vertex 51.67023468017578 -72.80307006835938 -1.5079419612884521
vertex 51.67023468017578 -72.80307006835938 -1
endloop
endfacet
facet normal -0.05019062226739159 -0.10763761570016762 -0.9929224768947449
outer loop
vertex 43.17023468017578 -73.2342300415039 -1.5
vertex 43.41926193237305 -72.80290985107422 -1.5593451261520386
vertex 44.12266159057617 -72.80291748046875 -1.5949000120162964
endloop
endfacet
facet normal -0.06811972989686527 -0.09729180321902711 -0.9929219543474543
outer loop
vertex 42.67023468017578 -72.80289459228516 -1.5079593658447266
vertex 43.41926193237305 -72.80290985107422 -1.5593451261520386
vertex 42.67023468017578 -72.88412475585938 -1.5
endloop
endfacet
facet normal -0.06812044091761198 -0.09728565050396867 -0.9929225084241015
outer loop
vertex 43.41926193237305 -72.80290985107422 -1.5593451261520386
vertex 43.17023468017578 -73.2342300415039 -1.5
vertex 42.67023468017578 -72.88412475585938 -1.5
endloop
endfacet
facet normal 0.06812294594283697 -0.09728922803525385 -0.9929219860313163
outer loop
vertex 51.67023468017578 -72.80307006835938 -1.5079419612884521
vertex 51.67023468017578 -72.88412475585938 -1.5
vertex 51.17023468017578 -73.2342300415039 -1.5
endloop
endfacet
facet normal 0.010350592741722543 -0.11831203819884084 -0.9929225180481762
outer loop
vertex 48.55942153930664 -74.18448638916016 -1.5
vertex 47.57023620605469 -73.4745864868164 -1.5949000120162964
vertex 48.421119689941406 -73.400146484375 -1.5949000120162964
endloop
endfacet
facet normal 0.00926582411101874 -0.10590814483960499 -0.9943327457949762
outer loop
vertex 48.421119689941406 -73.400146484375 -1.5949000120162964
vertex 47.57023620605469 -72.80298614501953 -1.6664336919784546
vertex 48.31583023071289 -72.8030014038086 -1.6594841480255127
endloop
endfacet
facet normal 0.027515989693991723 -0.1026902485885797 -0.9943327326181994
outer loop
vertex 48.421119689941406 -73.400146484375 -1.5949000120162964
vertex 48.31583023071289 -72.8030014038086 -1.6594841480255127
vertex 49.534950256347656 -72.80302429199219 -1.6257452964782715
endloop
endfacet
facet normal 0.030737917911201697 -0.11471716368199743 -0.9929225310965816
outer loop
vertex 48.55942153930664 -74.18448638916016 -1.5
vertex 48.421119689941406 -73.400146484375 -1.5949000120162964
vertex 49.90639877319336 -73.82357025146484 -1.5
endloop
endfacet
facet normal 0.5735781035076711 -0.8191508769308272 0
outer loop
vertex 51.17023468017578 -73.2342300415039 -0.5
vertex 51.17023468017578 -73.2342300415039 -1.5
vertex 51.67023468017578 -72.88412475585938 -0.5
endloop
endfacet
facet normal 0.42262052825064694 -0.9063067301422538 0
outer loop
vertex 49.90639877319336 -73.82357025146484 -0.5
vertex 49.90639877319336 -73.82357025146484 -1.5
vertex 51.17023468017578 -73.2342300415039 -0.5
endloop
endfacet
facet normal 0.03073812088894997 -0.11471646827852612 -0.9929226051560707
outer loop
vertex 49.90639877319336 -73.82357025146484 -1.5
vertex 48.421119689941406 -73.400146484375 -1.5949000120162964
vertex 49.63399887084961 -73.07515716552734 -1.5949000120162964
endloop
endfacet
facet normal 0.25881548273982163 -0.965926780814236 0
outer loop
vertex 48.55942153930664 -74.18448638916016 -0.5
vertex 48.55942153930664 -74.18448638916016 -1.5
vertex 49.90639877319336 -73.82357025146484 -0.5
endloop
endfacet
facet normal 0.027515437382501586 -0.10268922459714296 -0.9943328536547945
outer loop
vertex 49.63399887084961 -73.07515716552734 -1.5949000120162964
vertex 48.421119689941406 -73.400146484375 -1.5949000120162964
vertex 49.534950256347656 -72.80302429199219 -1.6257452964782715
endloop
endfacet
facet normal 0.04492956761577002 -0.09635097717809767 -0.9943328532994802
outer loop
vertex 49.63399887084961 -73.07515716552734 -1.5949000120162964
vertex 49.534950256347656 -72.80302429199219 -1.6257452964782715
vertex 50.217552185058594 -72.80303955078125 -1.5949000120162964
endloop
endfacet
facet normal 0.050191781208217705 -0.10763591937932698 -0.9929226021994432
outer loop
vertex 49.90639877319336 -73.82357025146484 -1.5
vertex 49.63399887084961 -73.07515716552734 -1.5949000120162964
vertex 51.17023468017578 -73.2342300415039 -1.5
endloop
endfacet
facet normal 0.05019179734515559 -0.10763577254710484 -0.9929226173007897
outer loop
vertex 51.17023468017578 -73.2342300415039 -1.5
vertex 49.63399887084961 -73.07515716552734 -1.5949000120162964
vertex 50.217552185058594 -72.80303955078125 -1.5949000120162964
endloop
endfacet
facet normal 0.08716108850428063 -0.9961942303841902 0
outer loop
vertex 47.57023620605469 -74.27103424072266 -0.5
vertex 47.57023620605469 -74.27103424072266 -1.5
vertex 48.55942153930664 -74.18448638916016 -0.5
endloop
endfacet
facet normal 0.42262052825064694 -0.9063067301422538 0
outer loop
vertex 49.90639877319336 -73.82357025146484 -1.5
vertex 51.17023468017578 -73.2342300415039 -1.5
vertex 51.17023468017578 -73.2342300415039 -0.5
endloop
endfacet
facet normal 0.25881548273982163 -0.965926780814236 0
outer loop
vertex 48.55942153930664 -74.18448638916016 -1.5
vertex 49.90639877319336 -73.82357025146484 -1.5
vertex 49.90639877319336 -73.82357025146484 -0.5
endloop
endfacet
facet normal 0.08716108850428063 -0.9961942303841902 0
outer loop
vertex 48.55942153930664 -74.18448638916016 -1.5
vertex 48.55942153930664 -74.18448638916016 -0.5
vertex 47.57023620605469 -74.27103424072266 -1.5
endloop
endfacet
facet normal -0.08716108850428063 -0.9961942303841902 0
outer loop
vertex 45.78105163574219 -74.18448638916016 -1.5
vertex 46.77023696899414 -74.27103424072266 -1.5
vertex 46.77023696899414 -74.27103424072266 -0.5
endloop
endfacet
facet normal -0.08716108850428063 -0.9961942303841902 0
outer loop
vertex 45.78105163574219 -74.18448638916016 -0.5
vertex 45.78105163574219 -74.18448638916016 -1.5
vertex 46.77023696899414 -74.27103424072266 -0.5
endloop
endfacet
facet normal -1 0 0
outer loop
vertex 42.67023468017578 -72.30289459228516 -0.5
vertex 42.67023468017578 -72.80289459228516 -1
vertex 42.67023468017578 -72.88412475585938 -0.5
endloop
endfacet
facet normal -0.42261948047228126 -0.9063072187317825 0
outer loop
vertex 43.17023468017578 -73.2342300415039 -0.5
vertex 43.17023468017578 -73.2342300415039 -1.5
vertex 44.43407440185547 -73.82357025146484 -0.5
endloop
endfacet
facet normal -0.25881548273982163 -0.965926780814236 0
outer loop
vertex 44.43407440185547 -73.82357025146484 -1.5
vertex 45.78105163574219 -74.18448638916016 -1.5
vertex 45.78105163574219 -74.18448638916016 -0.5
endloop
endfacet
facet normal -1 0 0
outer loop
vertex 42.67023468017578 -72.80289459228516 -1
vertex 42.67023468017578 -72.88412475585938 -1.5
vertex 42.67023468017578 -72.88412475585938 -0.5
endloop
endfacet
facet normal -0.5735781035076711 -0.8191508769308272 0
outer loop
vertex 42.67023468017578 -72.88412475585938 -1.5
vertex 43.17023468017578 -73.2342300415039 -1.5
vertex 43.17023468017578 -73.2342300415039 -0.5
endloop
endfacet
facet normal -1 0 0
outer loop
vertex 42.67023468017578 -72.80289459228516 -1
vertex 42.67023468017578 -72.80289459228516 -1.5079593658447266
vertex 42.67023468017578 -72.88412475585938 -1.5
endloop
endfacet
facet normal 0.05019140054479375 -0.10763663312970187 -0.9929225440686972
outer loop
vertex 51.17023468017578 -73.2342300415039 -1.5
vertex 50.217552185058594 -72.80303955078125 -1.5949000120162964
vertex 50.921295166015625 -72.80305480957031 -1.5593247413635254
endloop
endfacet
facet normal -0.42261948047228126 -0.9063072187317825 0
outer loop
vertex -72.50834655761719 -69.07357025146484 -1.5
vertex -72.50834655761719 -69.07357025146484 -0.5
vertex -73.77218627929688 -68.4842300415039 -1.5
endloop
endfacet
facet normal 0.42261948047228126 -0.9063072187317825 0
outer loop
vertex -67.03602600097656 -69.07357025146484 -0.5
vertex -67.03602600097656 -69.07357025146484 -1.5
vertex -65.77218627929688 -68.4842300415039 -0.5
endloop
endfacet
facet normal -0.06812055246191419 -0.0972858098050515 -0.9929224851632976
outer loop
vertex -73.51634216308594 -68.04109954833984 -1.5609700679779053
vertex -73.77218627929688 -68.4842300415039 -1.5
vertex -74.27218627929688 -68.13412475585938 -1.5
endloop
endfacet
facet normal -0.04492978212716025 -0.09635159534381181 -0.9943327837060933
outer loop
vertex -72.23594665527344 -68.32515716552734 -1.5949000120162964
vertex -72.84468078613281 -68.04129791259766 -1.5949000120162964
vertex -72.13270568847656 -68.04151153564453 -1.627050518989563
endloop
endfacet
facet normal -0.050191783107801355 -0.10763591868529954 -0.9929226021786548
outer loop
vertex -72.50834655761719 -69.07357025146484 -1.5
vertex -72.84468078613281 -68.04129791259766 -1.5949000120162964
vertex -72.23594665527344 -68.32515716552734 -1.5949000120162964
endloop
endfacet
facet normal -0.05019160262543346 -0.107635861291375 -0.9929226175236187
outer loop
vertex -73.77218627929688 -68.4842300415039 -1.5
vertex -72.84468078613281 -68.04129791259766 -1.5949000120162964
vertex -72.50834655761719 -69.07357025146484 -1.5
endloop
endfacet
facet normal 0.2588168505023403 -0.9659264143277424 0
outer loop
vertex -68.38299560546875 -69.43448638916016 -1.5
vertex -67.03602600097656 -69.07357025146484 -1.5
vertex -67.03602600097656 -69.07357025146484 -0.5
endloop
endfacet
facet normal -0.5735781035076711 -0.8191508769308272 0
outer loop
vertex -74.27218627929688 -68.13412475585938 -0.5
vertex -74.27218627929688 -68.13412475585938 -1.5
vertex -73.77218627929688 -68.4842300415039 -0.5
endloop
endfacet
facet normal -0.42261948047228126 -0.9063072187317825 0
outer loop
vertex -73.77218627929688 -68.4842300415039 -0.5
vertex -73.77218627929688 -68.4842300415039 -1.5
vertex -72.50834655761719 -69.07357025146484 -0.5
endloop
endfacet
facet normal -1 0 0
outer loop
vertex -74.27218627929688 -67.5408706665039 -0.5
vertex -74.27218627929688 -68.0408706665039 -1
vertex -74.27218627929688 -68.13412475585938 -0.5
endloop
endfacet
facet normal -0.5735781035076711 -0.8191508769308272 0
outer loop
vertex -74.27218627929688 -68.13412475585938 -1.5
vertex -73.77218627929688 -68.4842300415039 -1.5
vertex -73.77218627929688 -68.4842300415039 -0.5
endloop
endfacet
facet normal -1 0 0
outer loop
vertex -74.27218627929688 -68.0408706665039 -1.5091373920440674
vertex -74.27218627929688 -68.13412475585938 -1.5
vertex -74.27218627929688 -68.13412475585938 -0.5
endloop
endfacet
facet normal -0.25881548273982163 -0.965926780814236 0
outer loop
vertex -72.50834655761719 -69.07357025146484 -0.5
vertex -72.50834655761719 -69.07357025146484 -1.5
vertex -71.16136932373047 -69.43448638916016 -0.5
endloop
endfacet
facet normal -0.08716075493085619 -0.9961942595698307 0
outer loop
vertex -71.16136932373047 -69.43448638916016 -0.5
vertex -71.16136932373047 -69.43448638916016 -1.5
vertex -70.17218017578125 -69.52103424072266 -0.5
endloop
endfacet
facet normal -0.0501907005546652 -0.10763771691010225 -0.9929224619657935
outer loop
vertex -73.77218627929688 -68.4842300415039 -1.5
vertex -73.51634216308594 -68.04109954833984 -1.5609700679779053
vertex -72.84468078613281 -68.04129791259766 -1.5949000120162964
endloop
endfacet
facet normal -0.030737766054245212 -0.11471659693575967 -0.99292260127639
outer loop
vertex -72.50834655761719 -69.07357025146484 -1.5
vertex -72.23594665527344 -68.32515716552734 -1.5949000120162964
vertex -71.16136932373047 -69.43448638916016 -1.5
endloop
endfacet
facet normal -0.030738419534266304 -0.1147172220353652 -0.992922508825852
outer loop
vertex -71.16136932373047 -69.43448638916016 -1.5
vertex -72.23594665527344 -68.32515716552734 -1.5949000120162964
vertex -71.0230712890625 -68.650146484375 -1.5949000120162964
endloop
endfacet
facet normal -0.027515905631843873 -0.10268987427635828 -0.9943327736016575
outer loop
vertex -72.13270568847656 -68.04151153564453 -1.627050518989563
vertex -70.91581726074219 -68.04187774658203 -1.6606873273849487
vertex -72.23594665527344 -68.32515716552734 -1.5949000120162964
endloop
endfacet
facet normal -0.027515812153280604 -0.10269030028536354 -0.994332732192221
outer loop
vertex -71.0230712890625 -68.650146484375 -1.5949000120162964
vertex -72.23594665527344 -68.32515716552734 -1.5949000120162964
vertex -70.91581726074219 -68.04187774658203 -1.6606873273849487
endloop
endfacet
facet normal 0.08716075493085619 -0.9961942595698307 0
outer loop
vertex -68.38299560546875 -69.43448638916016 -1.5
vertex -68.38299560546875 -69.43448638916016 -0.5
vertex -69.37218475341797 -69.52103424072266 -1.5
endloop
endfacet
facet normal -0.010350391846228813 -0.11831080268793759 -0.9929226673593293
outer loop
vertex -70.17218017578125 -69.52103424072266 -1.5
vertex -71.0230712890625 -68.650146484375 -1.5949000120162964
vertex -70.17218017578125 -68.7245864868164 -1.5949000120162964
endloop
endfacet
facet normal -0.010351551580138818 -0.11831191996852065 -0.992922522140195
outer loop
vertex -71.16136932373047 -69.43448638916016 -1.5
vertex -71.0230712890625 -68.650146484375 -1.5949000120162964
vertex -70.17218017578125 -69.52103424072266 -1.5
endloop
endfacet
facet normal -0.08716075493085619 -0.9961942595698307 0
outer loop
vertex -71.16136932373047 -69.43448638916016 -1.5
vertex -70.17218017578125 -69.52103424072266 -1.5
vertex -70.17218017578125 -69.52103424072266 -0.5
endloop
endfacet
facet normal -0.25881548273982163 -0.965926780814236 0
outer loop
vertex -72.50834655761719 -69.07357025146484 -1.5
vertex -71.16136932373047 -69.43448638916016 -1.5
vertex -71.16136932373047 -69.43448638916016 -0.5
endloop
endfacet
facet normal -0.009266319905792908 -0.10590817393851276 -0.9943327380753453
outer loop
vertex -71.0230712890625 -68.650146484375 -1.5949000120162964
vertex -70.91581726074219 -68.04187774658203 -1.6606873273849487
vertex -70.17218017578125 -68.04210662841797 -1.667593002319336
endloop
endfacet
facet normal -0.009265455464336554 -0.10590936937855151 -0.994332618801614
outer loop
vertex -70.17218017578125 -68.7245864868164 -1.5949000120162964
vertex -71.0230712890625 -68.650146484375 -1.5949000120162964
vertex -70.17218017578125 -68.04210662841797 -1.667593002319336
endloop
endfacet
facet normal 0.01035145371130143 -0.1183108013874107 -0.9929226564446656
outer loop
vertex -69.37218475341797 -68.7245864868164 -1.5949000120162964
vertex -68.38299560546875 -69.43448638916016 -1.5
vertex -69.37218475341797 -69.52103424072266 -1.5
endloop
endfacet
facet normal 0.010350588465705433 -0.11831198932199752 -0.9929225239166877
outer loop
vertex -68.38299560546875 -69.43448638916016 -1.5
vertex -69.37218475341797 -68.7245864868164 -1.5949000120162964
vertex -68.52130126953125 -68.650146484375 -1.5949000120162964
endloop
endfacet
facet normal 0.08716075493085619 -0.9961942595698307 0
outer loop
vertex -69.37218475341797 -69.52103424072266 -1.5
vertex -68.38299560546875 -69.43448638916016 -0.5
vertex -69.37218475341797 -69.52103424072266 -0.5
endloop
endfacet
facet normal 0.009265483259680235 -0.10590873747077562 -0.9943326858488114
outer loop
vertex -68.52130126953125 -68.650146484375 -1.5949000120162964
vertex -69.37218475341797 -68.7245864868164 -1.5949000120162964
vertex -69.37218475341797 -68.04234313964844 -1.6675673723220825
endloop
endfacet
facet normal 0.009265051218948847 -0.10590933516852033 -0.9943326262122109
outer loop
vertex -69.37218475341797 -68.04234313964844 -1.6675673723220825
vertex -68.62843322753906 -68.04257202148438 -1.6606128215789795
vertex -68.52130126953125 -68.650146484375 -1.5949000120162964
endloop
endfacet
facet normal 0.030738046395481947 -0.11471699342836718 -0.9929225467892978
outer loop
vertex -68.38299560546875 -69.43448638916016 -1.5
vertex -68.52130126953125 -68.650146484375 -1.5949000120162964
vertex -67.03602600097656 -69.07357025146484 -1.5
endloop
endfacet
facet normal 0.02751576622598809 -0.10269123720055195 -0.9943326367022339
outer loop
vertex -68.52130126953125 -68.650146484375 -1.5949000120162964
vertex -68.62843322753906 -68.04257202148438 -1.6606128215789795
vertex -67.41114044189453 -68.04293823242188 -1.6268893480300903
endloop
endfacet
facet normal 0.027516007654575233 -0.10269167586651871 -0.994332584717246
outer loop
vertex -68.52130126953125 -68.650146484375 -1.5949000120162964
vertex -67.41114044189453 -68.04293823242188 -1.6268893480300903
vertex -67.30841827392578 -68.32515716552734 -1.5949000120162964
endloop
endfacet
facet normal 0.2588168505023403 -0.9659264143277424 0
outer loop
vertex -68.38299560546875 -69.43448638916016 -0.5
vertex -68.38299560546875 -69.43448638916016 -1.5
vertex -67.03602600097656 -69.07357025146484 -0.5
endloop
endfacet
facet normal 1 0 0
outer loop
vertex -65.27218627929688 -68.13412475585938 -1.5
vertex -65.27218627929688 -68.0435791015625 -1.5088717937469482
vertex -65.27218627929688 -68.0435791015625 -1
endloop
endfacet
facet normal 0.42261948047228126 -0.9063072187317825 0
outer loop
vertex -67.03602600097656 -69.07357025146484 -1.5
vertex -65.77218627929688 -68.4842300415039 -1.5
vertex -65.77218627929688 -68.4842300415039 -0.5
endloop
endfacet
facet normal 0.04492996491966649 -0.09635333872391645 -0.9943326065100508
outer loop
vertex -67.30841827392578 -68.32515716552734 -1.5949000120162964
vertex -67.41114044189453 -68.04293823242188 -1.6268893480300903
vertex -66.70365142822266 -68.04315185546875 -1.5949000120162964
endloop
endfacet
facet normal 0.5735781035076711 -0.8191508769308272 0
outer loop
vertex -65.77218627929688 -68.4842300415039 -1.5
vertex -65.27218627929688 -68.13412475585938 -1.5
vertex -65.27218627929688 -68.13412475585938 -0.5
endloop
endfacet
facet normal 0.03073810819471458 -0.11471678170422214 -0.9929225693376277
outer loop
vertex -67.03602600097656 -69.07357025146484 -1.5
vertex -68.52130126953125 -68.650146484375 -1.5949000120162964
vertex -67.30841827392578 -68.32515716552734 -1.5949000120162964
endloop
endfacet
facet normal -0.06811996753467513 -0.09729030035382244 -0.9929220853018316
outer loop
vertex -74.27218627929688 -68.0408706665039 -1.5091373920440674
vertex -73.51634216308594 -68.04109954833984 -1.5609700679779053
vertex -74.27218627929688 -68.13412475585938 -1.5
endloop
endfacet
facet normal 0.05019185286171867 -0.1076363979229364 -0.9929225467016464
outer loop
vertex -67.03602600097656 -69.07357025146484 -1.5
vertex -67.30841827392578 -68.32515716552734 -1.5949000120162964
vertex -65.77218627929688 -68.4842300415039 -1.5
endloop
endfacet
facet normal 0.050192439676440395 -0.10763883635722417 -0.992922252700074
outer loop
vertex -67.30841827392578 -68.32515716552734 -1.5949000120162964
vertex -66.70365142822266 -68.04315185546875 -1.5949000120162964
vertex -66.02672576904297 -68.04335021972656 -1.5606597661972046
endloop
endfacet
facet normal 0.05019187253085587 -0.10763621895123539 -0.9929225651085425
outer loop
vertex -65.77218627929688 -68.4842300415039 -1.5
vertex -67.30841827392578 -68.32515716552734 -1.5949000120162964
vertex -66.02672576904297 -68.04335021972656 -1.5606597661972046
endloop
endfacet
facet normal 1 0 0
outer loop
vertex -65.27218627929688 -68.13412475585938 -0.5
vertex -65.27218627929688 -68.13412475585938 -1.5
vertex -65.27218627929688 -68.0435791015625 -1
endloop
endfacet
facet normal 0.06811993224726563 -0.09728555265407017 -0.9929225529090474
outer loop
vertex -65.77218627929688 -68.4842300415039 -1.5
vertex -66.02672576904297 -68.04335021972656 -1.5606597661972046
vertex -65.27218627929688 -68.0435791015625 -1.5088717937469482
endloop
endfacet
facet normal 0.06812204826314824 -0.09728794602134898 -0.9929221732338241
outer loop
vertex -65.77218627929688 -68.4842300415039 -1.5
vertex -65.27218627929688 -68.0435791015625 -1.5088717937469482
vertex -65.27218627929688 -68.13412475585938 -1.5
endloop
endfacet
facet normal 0.5735781035076711 -0.8191508769308272 0
outer loop
vertex -65.77218627929688 -68.4842300415039 -0.5
vertex -65.77218627929688 -68.4842300415039 -1.5
vertex -65.27218627929688 -68.13412475585938 -0.5
endloop
endfacet
facet normal 1 0 0
outer loop
vertex -65.27218627929688 -68.0435791015625 -1
vertex -65.27218627929688 -67.5435791015625 -0.5
vertex -65.27218627929688 -68.13412475585938 -0.5
endloop
endfacet
facet normal -1 0 0
outer loop
vertex -74.27218627929688 -68.0408706665039 -1
vertex -74.27218627929688 -68.0408706665039 -1.5091373920440674
vertex -74.27218627929688 -68.13412475585938 -0.5
endloop
endfacet
facet normal 1 0 0
outer loop
vertex 46.77023696899414 -71.60602569580078 -4
vertex 46.77023696899414 -71.60602569580078 -0.5
vertex 46.77023696899414 -72.80297088623047 -1.6664353609085083
endloop
endfacet
facet normal 0 0 -1
outer loop
vertex 53.17023468017578 -72.8031005859375 -4
vertex 47.57023620605469 -71.60602569580078 -4
vertex 52.86157989501953 -71.5679702758789 -4
endloop
endfacet
facet normal 0 0 -1
outer loop
vertex 53.17023468017578 -72.8031005859375 -4
vertex 52.86157989501953 -71.5679702758789 -4
vertex 53.02378845214844 -71.45957946777344 -4
endloop
endfacet
facet normal 0 0 -1
outer loop
vertex 53.17023468017578 -72.8031005859375 -4
vertex 53.02378845214844 -71.45957946777344 -4
vertex 53.13217544555664 -71.29737091064453 -4
endloop
endfacet
facet normal 0 0 -1
outer loop
vertex 53.17023468017578 -71.10602569580078 -4
vertex 53.17023468017578 -72.8031005859375 -4
vertex 53.13217544555664 -71.29737091064453 -4
endloop
endfacet
facet normal -0.007191828387517285 0.9999741384678128 0
outer loop
vertex 52.86157989501953 -71.5679702758789 -0.5
vertex 47.57023620605469 -71.60602569580078 -4
vertex 47.57023620605469 -71.60602569580078 -0.5
endloop
endfacet
facet normal -0.9807854544678392 -0.19508944693220684 0
outer loop
vertex 53.13217544555664 -69.91468811035156 -0.5
vertex 53.13217544555664 -69.91468811035156 -5
vertex 53.17023468017578 -70.10602569580078 -5
endloop
endfacet
facet normal 0.555566285064051 -0.8314722502285506 0
outer loop
vertex 41.4788932800293 -69.64408874511719 -5
vertex 41.4788932800293 -69.64408874511719 -0.5
vertex 41.31668472290039 -69.75247192382812 -0.5
endloop
endfacet
facet normal -0.555566285064051 -0.8314722502285506 0
outer loop
vertex 52.86157989501953 -69.64408874511719 -0.5
vertex 52.86157989501953 -69.64408874511719 -5
vertex 53.02378845214844 -69.75247192382812 -5
endloop
endfacet
facet normal 1 0 0
outer loop
vertex 46.77023696899414 -72.80297088623047 -1.6664353609085083
vertex 46.77023696899414 -74.27103424072266 -0.5
vertex 46.77023696899414 -73.4745864868164 -1.5949000120162964
endloop
endfacet
facet normal 1 0 0
outer loop
vertex 41.17023468017578 -72.80286407470703 -5
vertex 41.17023468017578 -71.10602569580078 -4
vertex 41.17023468017578 -72.80286407470703 -4
endloop
endfacet
facet normal 1 0 0
outer loop
vertex 46.77023696899414 -72.80297088623047 -4
vertex 46.77023696899414 -71.60602569580078 -4
vertex 46.77023696899414 -72.80297088623047 -1.6664353609085083
endloop
endfacet
facet normal 0.007191828387517285 0.9999741384678128 0
outer loop
vertex 41.4788932800293 -71.5679702758789 -4
vertex 46.77023696899414 -71.60602569580078 -0.5
vertex 46.77023696899414 -71.60602569580078 -4
endloop
endfacet
facet normal 0.9807832014732842 0.19510077321173105 0
outer loop
vertex 41.20829772949219 -71.29737091064453 -0.5
vertex 41.20829772949219 -71.29737091064453 -4
vertex 41.17023468017578 -71.10602569580078 -4
endloop
endfacet
facet normal -1 0 0
outer loop
vertex 53.17023468017578 -71.10602569580078 -4
vertex 53.17023468017578 -72.8031005859375 -5
vertex 53.17023468017578 -72.8031005859375 -4
endloop
endfacet
facet normal -0.007191828387517285 0.9999741384678128 0
outer loop
vertex 52.86157989501953 -71.5679702758789 -0.5
vertex 52.86157989501953 -71.5679702758789 -4
vertex 47.57023620605469 -71.60602569580078 -4
endloop
endfacet
facet normal 0.8314632175140401 0.5555798033776967 0
outer loop
vertex 41.31668472290039 -71.45957946777344 -0.5
vertex 41.31668472290039 -71.45957946777344 -4
vertex 41.20829772949219 -71.29737091064453 -4
endloop
endfacet
facet normal -1 0 0
outer loop
vertex 53.17023468017578 -70.10602569580078 -5
vertex 53.17023468017578 -72.8031005859375 -5
vertex 53.17023468017578 -71.10602569580078 -4
endloop
endfacet
facet normal 0 0 -1
outer loop
vertex 46.77023696899414 -72.80297088623047 -4
vertex 41.17023468017578 -72.80286407470703 -4
vertex 41.4788932800293 -71.5679702758789 -4
endloop
endfacet
facet normal 0.5555933212507748 0.8314541847760064 0
outer loop
vertex 41.4788932800293 -71.5679702758789 -0.5
vertex 41.4788932800293 -71.5679702758789 -4
vertex 41.31668472290039 -71.45957946777344 -4
endloop
endfacet
facet normal -1 0 0
outer loop
vertex 47.57023620605469 -71.60602569580078 -0.5
vertex 47.57023620605469 -72.80298614501953 -1.6664336919784546
vertex 47.57023620605469 -73.4745864868164 -1.5949000120162964
endloop
endfacet
facet normal 1 0 0
outer loop
vertex 46.77023696899414 -74.27103424072266 -0.5
vertex 46.77023696899414 -74.27103424072266 -1.5
vertex 46.77023696899414 -73.4745864868164 -1.5949000120162964
endloop
endfacet
facet normal -0.831475288175546 -0.5555617383814266 0
outer loop
vertex 53.02378845214844 -69.75247192382812 -0.5
vertex 53.02378845214844 -69.75247192382812 -5
vertex 53.13217544555664 -69.91468811035156 -5
endloop
endfacet
facet normal -1 0 0
outer loop
vertex 47.57023620605469 -74.27103424072266 -1.5
vertex 47.57023620605469 -71.60602569580078 -0.5
vertex 47.57023620605469 -73.4745864868164 -1.5949000120162964
endloop
endfacet
facet normal -1 0 0
outer loop
vertex 53.17023468017578 -70.10602569580078 -0.5
vertex 53.17023468017578 -70.10602569580078 -5
vertex 53.17023468017578 -71.10602569580078 -4
endloop
endfacet
facet normal -0.5555933212507748 0.8314541847760064 0
outer loop
vertex 53.02378845214844 -71.45957946777344 -0.5
vertex 53.02378845214844 -71.45957946777344 -4
vertex 52.86157989501953 -71.5679702758789 -4
endloop
endfacet
facet normal -0.8314632175140401 0.5555798033776967 0
outer loop
vertex 53.13217544555664 -71.29737091064453 -0.5
vertex 53.13217544555664 -71.29737091064453 -4
vertex 53.02378845214844 -71.45957946777344 -4
endloop
endfacet
facet normal -1 0 0
outer loop
vertex 47.57023620605469 -71.60602569580078 -0.5
vertex 47.57023620605469 -74.27103424072266 -1.5
vertex 47.57023620605469 -74.27103424072266 -0.5
endloop
endfacet
facet normal 1 0 0
outer loop
vertex 46.77023696899414 -74.27103424072266 -0.5
vertex 46.77023696899414 -72.80297088623047 -1.6664353609085083
vertex 46.77023696899414 -71.60602569580078 -0.5
endloop
endfacet
facet normal -0.9807869428222867 0.19508196428504695 0
outer loop
vertex 53.17023468017578 -71.10602569580078 -0.5
vertex 53.17023468017578 -71.10602569580078 -4
vertex 53.13217544555664 -71.29737091064453 -4
endloop
endfacet
facet normal -1 0 0
outer loop
vertex 47.57023620605469 -71.60602569580078 -0.5
vertex 47.57023620605469 -72.80298614501953 -4
vertex 47.57023620605469 -72.80298614501953 -1.6664336919784546
endloop
endfacet
facet normal 0 0 -1
outer loop
vertex 41.4788932800293 -71.5679702758789 -4
vertex 41.17023468017578 -72.80286407470703 -4
vertex 41.31668472290039 -71.45957946777344 -4
endloop
endfacet
facet normal -1 0 0
outer loop
vertex 47.57023620605469 -72.80298614501953 -4
vertex 47.57023620605469 -71.60602569580078 -0.5
vertex 47.57023620605469 -71.60602569580078 -4
endloop
endfacet
facet normal -0.831475288175546 -0.5555617383814266 0
outer loop
vertex 53.13217544555664 -69.91468811035156 -5
vertex 53.13217544555664 -69.91468811035156 -0.5
vertex 53.02378845214844 -69.75247192382812 -0.5
endloop
endfacet
facet normal 0 0 1
outer loop
vertex 41.17023468017578 -72.80286407470703 -5
vertex 41.20829772949219 -69.91468811035156 -5
vertex 41.17023468017578 -70.10602569580078 -5
endloop
endfacet
facet normal 0 -1 0
outer loop
vertex 52.86157989501953 -69.64408874511719 -5
vertex 52.86157989501953 -69.64408874511719 -0.5
vertex 41.4788932800293 -69.64408874511719 -0.5
endloop
endfacet
facet normal 0 0 -1
outer loop
vertex 41.31668472290039 -71.45957946777344 -4
vertex 41.17023468017578 -72.80286407470703 -4
vertex 41.20829772949219 -71.29737091064453 -4
endloop
endfacet
facet normal 0 0 -1
outer loop
vertex 46.77023696899414 -72.80297088623047 -4
vertex 41.4788932800293 -71.5679702758789 -4
vertex 46.77023696899414 -71.60602569580078 -4
endloop
endfacet
facet normal 0.831475288175546 -0.5555617383814266 0
outer loop
vertex 41.20829772949219 -69.91468811035156 -0.5
vertex 41.20829772949219 -69.91468811035156 -5
vertex 41.31668472290039 -69.75247192382812 -5
endloop
endfacet
facet normal 0.555566285064051 -0.8314722502285506 0
outer loop
vertex 41.31668472290039 -69.75247192382812 -0.5
vertex 41.31668472290039 -69.75247192382812 -5
vertex 41.4788932800293 -69.64408874511719 -5
endloop
endfacet
facet normal 1 0 0
outer loop
vertex 41.17023468017578 -71.10602569580078 -0.5
vertex 41.17023468017578 -71.10602569580078 -4
vertex 41.17023468017578 -70.10602569580078 -0.5
endloop
endfacet
facet normal 0.9807832014732842 0.19510077321173105 0
outer loop
vertex 41.17023468017578 -71.10602569580078 -4
vertex 41.17023468017578 -71.10602569580078 -0.5
vertex 41.20829772949219 -71.29737091064453 -0.5
endloop
endfacet
facet normal 0 -1 0
outer loop
vertex 41.4788932800293 -69.64408874511719 -0.5
vertex 41.4788932800293 -69.64408874511719 -5
vertex 52.86157989501953 -69.64408874511719 -5
endloop
endfacet
facet normal 0 0 1
outer loop
vertex 53.02378845214844 -69.75247192382812 -5
vertex 41.17023468017578 -72.80286407470703 -5
vertex 53.13217544555664 -69.91468811035156 -5
endloop
endfacet
facet normal 0 0 1
outer loop
vertex 41.17023468017578 -72.80286407470703 -5
vertex 53.17023468017578 -70.10602569580078 -5
vertex 53.13217544555664 -69.91468811035156 -5
endloop
endfacet
facet normal 0 0 1
outer loop
vertex 52.86157989501953 -69.64408874511719 -5
vertex 41.17023468017578 -72.80286407470703 -5
vertex 53.02378845214844 -69.75247192382812 -5
endloop
endfacet
facet normal 0 0 1
outer loop
vertex 53.17023468017578 -72.8031005859375 -5
vertex 53.17023468017578 -70.10602569580078 -5
vertex 41.17023468017578 -72.80286407470703 -5
endloop
endfacet
facet normal 0 0 1
outer loop
vertex 41.4788932800293 -69.64408874511719 -5
vertex 41.17023468017578 -72.80286407470703 -5
vertex 52.86157989501953 -69.64408874511719 -5
endloop
endfacet
facet normal 0 0 1
outer loop
vertex 41.31668472290039 -69.75247192382812 -5
vertex 41.17023468017578 -72.80286407470703 -5
vertex 41.4788932800293 -69.64408874511719 -5
endloop
endfacet
facet normal 0 0 1
outer loop
vertex 41.20829772949219 -69.91468811035156 -5
vertex 41.17023468017578 -72.80286407470703 -5
vertex 41.31668472290039 -69.75247192382812 -5
endloop
endfacet
facet normal -0.9807854544678392 -0.19508944693220684 0
outer loop
vertex 53.17023468017578 -70.10602569580078 -5
vertex 53.17023468017578 -70.10602569580078 -0.5
vertex 53.13217544555664 -69.91468811035156 -0.5
endloop
endfacet
facet normal 0.9807817128375009 -0.19510825652323827 0
outer loop
vertex 41.20829772949219 -69.91468811035156 -5
vertex 41.20829772949219 -69.91468811035156 -0.5
vertex 41.17023468017578 -70.10602569580078 -0.5
endloop
endfacet
facet normal 1 0 0
outer loop
vertex 41.17023468017578 -72.80286407470703 -5
vertex 41.17023468017578 -70.10602569580078 -5
vertex 41.17023468017578 -71.10602569580078 -4
endloop
endfacet
facet normal 0.831475288175546 -0.5555617383814266 0
outer loop
vertex 41.31668472290039 -69.75247192382812 -5
vertex 41.31668472290039 -69.75247192382812 -0.5
vertex 41.20829772949219 -69.91468811035156 -0.5
endloop
endfacet
facet normal 0.007191828387517285 0.9999741384678128 0
outer loop
vertex 41.4788932800293 -71.5679702758789 -4
vertex 41.4788932800293 -71.5679702758789 -0.5
vertex 46.77023696899414 -71.60602569580078 -0.5
endloop
endfacet
facet normal 0.5555933212507748 0.8314541847760064 0
outer loop
vertex 41.31668472290039 -71.45957946777344 -4
vertex 41.31668472290039 -71.45957946777344 -0.5
vertex 41.4788932800293 -71.5679702758789 -0.5
endloop
endfacet
facet normal 0.8314632175140401 0.5555798033776967 0
outer loop
vertex 41.20829772949219 -71.29737091064453 -4
vertex 41.20829772949219 -71.29737091064453 -0.5
vertex 41.31668472290039 -71.45957946777344 -0.5
endloop
endfacet
facet normal -0.555566285064051 -0.8314722502285506 0
outer loop
vertex 53.02378845214844 -69.75247192382812 -5
vertex 53.02378845214844 -69.75247192382812 -0.5
vertex 52.86157989501953 -69.64408874511719 -0.5
endloop
endfacet
facet normal -1 0 0
outer loop
vertex 53.17023468017578 -71.10602569580078 -4
vertex 53.17023468017578 -71.10602569580078 -0.5
vertex 53.17023468017578 -70.10602569580078 -0.5
endloop
endfacet
facet normal 1 0 0
outer loop
vertex 41.17023468017578 -70.10602569580078 -5
vertex 41.17023468017578 -70.10602569580078 -0.5
vertex 41.17023468017578 -71.10602569580078 -4
endloop
endfacet
facet normal 0.9807817128375009 -0.19510825652323827 0
outer loop
vertex 41.17023468017578 -70.10602569580078 -0.5
vertex 41.17023468017578 -70.10602569580078 -5
vertex 41.20829772949219 -69.91468811035156 -5
endloop
endfacet
facet normal -0.9807869428222867 0.19508196428504695 0
outer loop
vertex 53.13217544555664 -71.29737091064453 -4
vertex 53.13217544555664 -71.29737091064453 -0.5
vertex 53.17023468017578 -71.10602569580078 -0.5
endloop
endfacet
facet normal -0.8314632175140401 0.5555798033776967 0
outer loop
vertex 53.02378845214844 -71.45957946777344 -4
vertex 53.02378845214844 -71.45957946777344 -0.5
vertex 53.13217544555664 -71.29737091064453 -0.5
endloop
endfacet
facet normal -0.5555933212507748 0.8314541847760064 0
outer loop
vertex 52.86157989501953 -71.5679702758789 -4
vertex 52.86157989501953 -71.5679702758789 -0.5
vertex 53.02378845214844 -71.45957946777344 -0.5
endloop
endfacet
facet normal 0 0 -1
outer loop
vertex 47.57023620605469 -71.60602569580078 -4
vertex 53.17023468017578 -72.8031005859375 -4
vertex 47.57023620605469 -72.80298614501953 -4
endloop
endfacet
facet normal 0 0 -1
outer loop
vertex 41.17023468017578 -72.80286407470703 -4
vertex 41.17023468017578 -71.10602569580078 -4
vertex 41.20829772949219 -71.29737091064453 -4
endloop
endfacet
facet normal -1 0 0
outer loop
vertex -63.77218246459961 -65.35602569580078 -0.5
vertex -63.77218246459961 -65.35602569580078 -5
vertex -63.77218246459961 -66.35602569580078 -4
endloop
endfacet
facet normal 0.9807832014732842 0.19510077321173105 0
outer loop
vertex -75.77218627929688 -66.35602569580078 -4
vertex -75.77218627929688 -66.35602569580078 -0.5
vertex -75.73412322998047 -66.54737091064453 -0.5
endloop
endfacet
facet normal -1 0 0
outer loop
vertex -69.37218475341797 -66.85602569580078 -0.5
vertex -69.37218475341797 -66.85602569580078 -4
vertex -69.37218475341797 -68.04234313964844 -1.6675673723220825
endloop
endfacet
facet normal 1 0 0
outer loop
vertex -70.17218017578125 -68.04210662841797 -4
vertex -70.17218017578125 -66.85602569580078 -0.5
vertex -70.17218017578125 -68.04210662841797 -1.667593002319336
endloop
endfacet
facet normal 0 0 -1
outer loop
vertex -75.4635238647461 -66.8179702758789 -4
vertex -70.17218017578125 -68.04210662841797 -4
vertex -75.77218627929688 -68.04042053222656 -4
endloop
endfacet
facet normal 1 0 0
outer loop
vertex -75.77218627929688 -65.35602569580078 -5
vertex -75.77218627929688 -65.35602569580078 -0.5
vertex -75.77218627929688 -66.35602569580078 -4
endloop
endfacet
facet normal 0.8314722502285506 0.5555662850640511 0
outer loop
vertex -75.62574005126953 -66.70957946777344 -0.5
vertex -75.62574005126953 -66.70957946777344 -4
vertex -75.73412322998047 -66.54737091064453 -4
endloop
endfacet
facet normal 0.5555752562074558 0.8314662558937794 0
outer loop
vertex -75.4635238647461 -66.8179702758789 -0.5
vertex -75.4635238647461 -66.8179702758789 -4
vertex -75.62574005126953 -66.70957946777344 -4
endloop
endfacet
facet normal 0.9807832014732842 0.19510077321173105 0
outer loop
vertex -75.73412322998047 -66.54737091064453 -0.5
vertex -75.73412322998047 -66.54737091064453 -4
vertex -75.77218627929688 -66.35602569580078 -4
endloop
endfacet
facet normal 0 0 -1
outer loop
vertex -70.17218017578125 -68.04210662841797 -4
vertex -75.4635238647461 -66.8179702758789 -4
vertex -70.17218017578125 -66.85602569580078 -4
endloop
endfacet
facet normal -0.9807832014732842 0.19510077321173105 0
outer loop
vertex -63.77218246459961 -66.35602569580078 -0.5
vertex -63.77218246459961 -66.35602569580078 -4
vertex -63.810245513916016 -66.54737091064453 -4
endloop
endfacet
facet normal -1 0 0
outer loop
vertex -69.37218475341797 -66.85602569580078 -0.5
vertex -69.37218475341797 -68.04234313964844 -1.6675673723220825
vertex -69.37218475341797 -68.7245864868164 -1.5949000120162964
endloop
endfacet
facet normal 1 0 0
outer loop
vertex -70.17218017578125 -69.52103424072266 -0.5
vertex -70.17218017578125 -69.52103424072266 -1.5
vertex -70.17218017578125 -68.7245864868164 -1.5949000120162964
endloop
endfacet
facet normal 1 0 0
outer loop
vertex -70.17218017578125 -69.52103424072266 -0.5
vertex -70.17218017578125 -68.7245864868164 -1.5949000120162964
vertex -70.17218017578125 -68.04210662841797 -1.667593002319336
endloop
endfacet
facet normal -1 0 0
outer loop
vertex -63.77218246459961 -66.35602569580078 -4
vertex -63.77218246459961 -66.35602569580078 -0.5
vertex -63.77218246459961 -65.35602569580078 -0.5
endloop
endfacet
facet normal 0 0 -1
outer loop
vertex -75.73412322998047 -66.54737091064453 -4
vertex -75.77218627929688 -68.04042053222656 -4
vertex -75.77218627929688 -66.35602569580078 -4
endloop
endfacet
facet normal 0 0 -1
outer loop
vertex -69.37218475341797 -66.85602569580078 -4
vertex -63.77218246459961 -68.04402923583984 -4
vertex -69.37218475341797 -68.04234313964844 -4
endloop
endfacet
facet normal 0 0 -1
outer loop
vertex -63.77218246459961 -68.04402923583984 -4
vertex -69.37218475341797 -66.85602569580078 -4
vertex -64.08084106445312 -66.8179702758789 -4
endloop
endfacet
facet normal 0 0 -1
outer loop
vertex -75.62574005126953 -66.70957946777344 -4
vertex -75.77218627929688 -68.04042053222656 -4
vertex -75.73412322998047 -66.54737091064453 -4
endloop
endfacet
facet normal 1 0 0
outer loop
vertex -70.17218017578125 -66.85602569580078 -0.5
vertex -70.17218017578125 -68.04210662841797 -4
vertex -70.17218017578125 -66.85602569580078 -4
endloop
endfacet
facet normal 0 0 -1
outer loop
vertex -75.77218627929688 -68.04042053222656 -4
vertex -75.62574005126953 -66.70957946777344 -4
vertex -75.4635238647461 -66.8179702758789 -4
endloop
endfacet
facet normal 1 0 0
outer loop
vertex -75.77218627929688 -68.04042053222656 -4
vertex -75.77218627929688 -68.04042053222656 -5
vertex -75.77218627929688 -66.35602569580078 -4
endloop
endfacet
facet normal -1 0 0
outer loop
vertex -63.77218246459961 -65.35602569580078 -5
vertex -63.77218246459961 -68.04402923583984 -5
vertex -63.77218246459961 -66.35602569580078 -4
endloop
endfacet
facet normal 0 0 1
outer loop
vertex -63.77218246459961 -65.35602569580078 -5
vertex -75.77218627929688 -68.04042053222656 -5
vertex -63.77218246459961 -68.04402923583984 -5
endloop
endfacet
facet normal -1 0 0
outer loop
vertex -63.77218246459961 -66.35602569580078 -4
vertex -63.77218246459961 -68.04402923583984 -5
vertex -63.77218246459961 -68.04402923583984 -4
endloop
endfacet
facet normal 0 0 -1
outer loop
vertex -63.77218246459961 -68.04402923583984 -4
vertex -64.08084106445312 -66.8179702758789 -4
vertex -63.91862869262695 -66.70957946777344 -4
endloop
endfacet
facet normal 0 0 1
outer loop
vertex -63.77218246459961 -65.35602569580078 -5
vertex -75.77218627929688 -65.35602569580078 -5
vertex -75.77218627929688 -68.04042053222656 -5
endloop
endfacet
facet normal 1 0 0
outer loop
vertex -75.77218627929688 -68.04042053222656 -5
vertex -75.77218627929688 -65.35602569580078 -5
vertex -75.77218627929688 -66.35602569580078 -4
endloop
endfacet
facet normal 1 0 0
outer loop
vertex -70.17218017578125 -69.52103424072266 -0.5
vertex -70.17218017578125 -68.04210662841797 -1.667593002319336
vertex -70.17218017578125 -66.85602569580078 -0.5
endloop
endfacet
facet normal 0.5555752562074558 0.8314662558937794 0
outer loop
vertex -75.62574005126953 -66.70957946777344 -4
vertex -75.62574005126953 -66.70957946777344 -0.5
vertex -75.4635238647461 -66.8179702758789 -0.5
endloop
endfacet
facet normal -1 0 0
outer loop
vertex -69.37218475341797 -66.85602569580078 -0.5
vertex -69.37218475341797 -69.52103424072266 -1.5
vertex -69.37218475341797 -69.52103424072266 -0.5
endloop
endfacet
facet normal 0.007191828387517285 0.9999741384678128 0
outer loop
vertex -75.4635238647461 -66.8179702758789 -4
vertex -70.17218017578125 -66.85602569580078 -0.5
vertex -70.17218017578125 -66.85602569580078 -4
endloop
endfacet
facet normal -1 0 0
outer loop
vertex -69.37218475341797 -66.85602569580078 -4
vertex -69.37218475341797 -68.04234313964844 -4
vertex -69.37218475341797 -68.04234313964844 -1.6675673723220825
endloop
endfacet
facet normal -0.8314722502285506 0.5555662850640511 0
outer loop
vertex -63.810245513916016 -66.54737091064453 -0.5
vertex -63.810245513916016 -66.54737091064453 -4
vertex -63.91862869262695 -66.70957946777344 -4
endloop
endfacet
facet normal -0.007191828387517285 0.9999741384678128 0
outer loop
vertex -64.08084106445312 -66.8179702758789 -0.5
vertex -69.37218475341797 -66.85602569580078 -4
vertex -69.37218475341797 -66.85602569580078 -0.5
endloop
endfacet
facet normal -0.5555842886150507 0.8314602204820793 0
outer loop
vertex -63.91862869262695 -66.70957946777344 -0.5
vertex -63.91862869262695 -66.70957946777344 -4
vertex -64.08084106445312 -66.8179702758789 -4
endloop
endfacet
facet normal -0.5555842886150507 0.8314602204820793 0
outer loop
vertex -64.08084106445312 -66.8179702758789 -4
vertex -64.08084106445312 -66.8179702758789 -0.5
vertex -63.91862869262695 -66.70957946777344 -0.5
endloop
endfacet
facet normal -0.8314722502285506 0.5555662850640511 0
outer loop
vertex -63.91862869262695 -66.70957946777344 -4
vertex -63.91862869262695 -66.70957946777344 -0.5
vertex -63.810245513916016 -66.54737091064453 -0.5
endloop
endfacet
facet normal -0.9807832014732842 0.19510077321173105 0
outer loop
vertex -63.810245513916016 -66.54737091064453 -4
vertex -63.810245513916016 -66.54737091064453 -0.5
vertex -63.77218246459961 -66.35602569580078 -0.5
endloop
endfacet
facet normal -1 0 0
outer loop
vertex -69.37218475341797 -69.52103424072266 -1.5
vertex -69.37218475341797 -66.85602569580078 -0.5
vertex -69.37218475341797 -68.7245864868164 -1.5949000120162964
endloop
endfacet
facet normal -0.007191828387517285 0.9999741384678128 0
outer loop
vertex -64.08084106445312 -66.8179702758789 -0.5
vertex -64.08084106445312 -66.8179702758789 -4
vertex -69.37218475341797 -66.85602569580078 -4
endloop
endfacet
facet normal 0.007191828387517285 0.9999741384678128 0
outer loop
vertex -75.4635238647461 -66.8179702758789 -4
vertex -75.4635238647461 -66.8179702758789 -0.5
vertex -70.17218017578125 -66.85602569580078 -0.5
endloop
endfacet
facet normal 0 0 -1
outer loop
vertex -63.77218246459961 -68.04402923583984 -4
vertex -63.91862869262695 -66.70957946777344 -4
vertex -63.810245513916016 -66.54737091064453 -4
endloop
endfacet
facet normal 0 0 -1
outer loop
vertex -63.77218246459961 -66.35602569580078 -4
vertex -63.77218246459961 -68.04402923583984 -4
vertex -63.810245513916016 -66.54737091064453 -4
endloop
endfacet
facet normal 1 0 0
outer loop
vertex -75.77218627929688 -66.35602569580078 -0.5
vertex -75.77218627929688 -66.35602569580078 -4
vertex -75.77218627929688 -65.35602569580078 -0.5
endloop
endfacet
facet normal 0.8314722502285506 0.5555662850640511 0
outer loop
vertex -75.73412322998047 -66.54737091064453 -4
vertex -75.73412322998047 -66.54737091064453 -0.5
vertex -75.62574005126953 -66.70957946777344 -0.5
endloop
endfacet
facet normal -0.09801622777686082 0.9951848165503705 0
outer loop
vertex -69.57709503173828 44.73603057861328 -8.344555854797363
vertex -69.77218627929688 44.71681594848633 -8.345831871032715
vertex -69.77218627929688 44.71681594848633 -3.5
endloop
endfacet
facet normal 0.6343902519983676 0.7730129417865187 0
outer loop
vertex -70.47929382324219 45.009708404541016 -3.5
vertex -70.3283462524414 44.88582992553711 -8.334606170654297
vertex -70.47929382324219 45.009708404541016 -8.193635940551758
endloop
endfacet
facet normal 0 0 -1
outer loop
vertex -70.60365295410156 45.1612434387207 -3.5
vertex -70.69606018066406 45.334129333496094 -3.5
vertex -70.75296783447266 45.521724700927734 -3.5
endloop
endfacet
facet normal 0 0 -1
outer loop
vertex -70.77218627929688 45.71681594848633 -3.5
vertex -70.60365295410156 45.1612434387207 -3.5
vertex -70.75296783447266 45.521724700927734 -3.5
endloop
endfacet
facet normal -0.9951867598486162 0.09799649494758901 0
outer loop
vertex -68.772216796875 45.71650695800781 -7.3802170753479
vertex -68.79139709472656 45.521724700927734 -3.5
vertex -68.772216796875 45.71650695800781 -3.5
endloop
endfacet
facet normal 0 0 -1
outer loop
vertex -70.32775115966797 44.885345458984375 -3.5
vertex -70.47929382324219 45.009708404541016 -3.5
vertex -70.77218627929688 45.71681594848633 -3.5
endloop
endfacet
facet normal 0 0 -1
outer loop
vertex -69.96727752685547 44.73603057861328 -3.5
vertex -70.15486907958984 44.79293441772461 -3.5
vertex -70.77218627929688 45.71681594848633 -3.5
endloop
endfacet
facet normal 0.09801622777686082 0.9951848165503705 0
outer loop
vertex -69.77218627929688 44.71681594848633 -8.345831871032715
vertex -69.96727752685547 44.73603057861328 -8.344555854797363
vertex -69.96727752685547 44.73603057861328 -3.5
endloop
endfacet
facet normal 0.290277967867665 0.9569423709767578 0
outer loop
vertex -69.96727752685547 44.73603057861328 -8.344555854797363
vertex -70.15486907958984 44.79293441772461 -8.340776443481445
vertex -70.15486907958984 44.79293441772461 -3.5
endloop
endfacet
facet normal 0.47206946468535865 0.8815613532804619 0.0000302324238404488
outer loop
vertex -70.15486907958984 44.79293441772461 -8.340776443481445
vertex -70.3283462524414 44.88582992553711 -8.334606170654297
vertex -70.32775115966797 44.885345458984375 -3.5
endloop
endfacet
facet normal 0.8819259499769285 0.471387970526712 0
outer loop
vertex -70.60365295410156 45.1612434387207 -8.020978927612305
vertex -70.69606018066406 45.334129333496094 -7.823821067810059
vertex -70.69606018066406 45.334129333496094 -3.5
endloop
endfacet
facet normal -0.2902779678676651 0.9569423709767578 0
outer loop
vertex -69.3895034790039 44.79293441772461 -8.340776443481445
vertex -69.57709503173828 44.73603057861328 -8.344555854797363
vertex -69.57709503173828 44.73603057861328 -3.5
endloop
endfacet
facet normal -0.47138699819110386 0.8819264696880235 0
outer loop
vertex -69.22252655029297 44.88218307495117 -8.334848403930664
vertex -69.3895034790039 44.79293441772461 -8.340776443481445
vertex -69.3895034790039 44.79293441772461 -3.5
endloop
endfacet
facet normal 0 0 -1
outer loop
vertex -70.15486907958984 44.79293441772461 -3.5
vertex -70.32775115966797 44.885345458984375 -3.5
vertex -70.77218627929688 45.71681594848633 -3.5
endloop
endfacet
facet normal 0 0 -1
outer loop
vertex -69.77218627929688 44.71681594848633 -3.5
vertex -69.96727752685547 44.73603057861328 -3.5
vertex -70.77218627929688 45.71681594848633 -3.5
endloop
endfacet
facet normal 0 0 -1
outer loop
vertex -69.57709503173828 44.73603057861328 -3.5
vertex -69.77218627929688 44.71681594848633 -3.5
vertex -70.77218627929688 45.71681594848633 -3.5
endloop
endfacet
facet normal -0.6295464235277469 0.7769628254509406 0.0002617073054486221
outer loop
vertex -69.06507873535156 45.009708404541016 -8.18862247467041
vertex -69.22252655029297 44.88218307495117 -8.334848403930664
vertex -69.21661376953125 44.885345458984375 -3.5
endloop
endfacet
facet normal -0.7729975161039842 0.6344090479312781 0
outer loop
vertex -68.94071197509766 45.1612434387207 -8.015083312988281
vertex -69.06507873535156 45.009708404541016 -8.18862247467041
vertex -69.06507873535156 45.009708404541016 -3.5
endloop
endfacet
facet normal -0.8819259499769285 0.47138797052671205 0
outer loop
vertex -68.84830474853516 45.334129333496094 -7.817269802093506
vertex -68.94071197509766 45.1612434387207 -8.015083312988281
vertex -68.94071197509766 45.1612434387207 -3.5
endloop
endfacet
facet normal 0.9569386052164731 0.29029038193910456 0
outer loop
vertex -70.69606018066406 45.334129333496094 -7.823821067810059
vertex -70.75296783447266 45.521724700927734 -7.609737873077393
vertex -70.75296783447266 45.521724700927734 -3.5
endloop
endfacet
facet normal -0.9569386052164731 0.29029038193910456 0
outer loop
vertex -68.84830474853516 45.334129333496094 -7.817269802093506
vertex -68.84830474853516 45.334129333496094 -3.5
vertex -68.79139709472656 45.521724700927734 -7.602783203125
endloop
endfacet
facet normal 0 0 -1
outer loop
vertex -69.3895034790039 44.79293441772461 -3.5
vertex -69.57709503173828 44.73603057861328 -3.5
vertex -70.77218627929688 45.71681594848633 -3.5
endloop
endfacet
facet normal 0 0 -1
outer loop
vertex -69.21661376953125 44.885345458984375 -3.5
vertex -69.3895034790039 44.79293441772461 -3.5
vertex -70.77218627929688 45.71681594848633 -3.5
endloop
endfacet
facet normal 0.7730166016834488 0.6343857923391509 0
outer loop
vertex -70.47929382324219 45.009708404541016 -8.193635940551758
vertex -70.60365295410156 45.1612434387207 -8.020978927612305
vertex -70.60365295410156 45.1612434387207 -3.5
endloop
endfacet
facet normal 0 0 -1
outer loop
vertex -69.06507873535156 45.009708404541016 -3.5
vertex -69.21661376953125 44.885345458984375 -3.5
vertex -70.77218627929688 45.71681594848633 -3.5
endloop
endfacet
facet normal 0.9952146947008418 0.0977123902668955 0.000015486773420743964
outer loop
vertex -70.75296783447266 45.521724700927734 -7.609737873077393
vertex -70.77215576171875 45.71712112426758 -7.386606693267822
vertex -70.77218627929688 45.71681594848633 -3.5
endloop
endfacet
facet normal 0 0 -1
outer loop
vertex -68.94071197509766 45.1612434387207 -3.5
vertex -69.06507873535156 45.009708404541016 -3.5
vertex -70.77218627929688 45.71681594848633 -3.5
endloop
endfacet
facet normal -0.995186759848616 0.097996494947589 0
outer loop
vertex -68.79139709472656 45.521724700927734 -7.602783203125
vertex -68.79139709472656 45.521724700927734 -3.5
vertex -68.772216796875 45.71650695800781 -7.3802170753479
endloop
endfacet
facet normal 0.6343783351517595 0.773022721457587 -6.226587477785898e-7
outer loop
vertex -70.32775115966797 44.885345458984375 -3.5
vertex -70.3283462524414 44.88582992553711 -8.334606170654297
vertex -70.47929382324219 45.009708404541016 -3.5
endloop
endfacet
facet normal 0 0 -1
outer loop
vertex -68.84830474853516 45.334129333496094 -3.5
vertex -68.94071197509766 45.1612434387207 -3.5
vertex -70.77218627929688 45.71681594848633 -3.5
endloop
endfacet
facet normal 0 0 -1
outer loop
vertex -68.79139709472656 45.521724700927734 -3.5
vertex -68.84830474853516 45.334129333496094 -3.5
vertex -70.77218627929688 45.71681594848633 -3.5
endloop
endfacet
facet normal 0 0 -1
outer loop
vertex -68.772216796875 45.71650695800781 -3.5
vertex -68.79139709472656 45.521724700927734 -3.5
vertex -70.77218627929688 45.71681594848633 -3.5
endloop
endfacet
facet normal 0.7730166016834488 0.6343857923391509 0
outer loop
vertex -70.47929382324219 45.009708404541016 -3.5
vertex -70.47929382324219 45.009708404541016 -8.193635940551758
vertex -70.60365295410156 45.1612434387207 -3.5
endloop
endfacet
facet normal 0.8819259499769284 0.471387970526712 0
outer loop
vertex -70.60365295410156 45.1612434387207 -3.5
vertex -70.60365295410156 45.1612434387207 -8.020978927612305
vertex -70.69606018066406 45.334129333496094 -3.5
endloop
endfacet
facet normal 0.47141119595445236 0.8819135356307856 0
outer loop
vertex -70.15486907958984 44.79293441772461 -3.5
vertex -70.15486907958984 44.79293441772461 -8.340776443481445
vertex -70.32775115966797 44.885345458984375 -3.5
endloop
endfacet
facet normal 0.2902779678676651 0.9569423709767578 0
outer loop
vertex -69.96727752685547 44.73603057861328 -3.5
vertex -69.96727752685547 44.73603057861328 -8.344555854797363
vertex -70.15486907958984 44.79293441772461 -3.5
endloop
endfacet
facet normal 0.09801622777686082 0.9951848165503705 0
outer loop
vertex -69.77218627929688 44.71681594848633 -3.5
vertex -69.77218627929688 44.71681594848633 -8.345831871032715
vertex -69.96727752685547 44.73603057861328 -3.5
endloop
endfacet
facet normal -0.09801622777686082 0.9951848165503705 0
outer loop
vertex -69.57709503173828 44.73603057861328 -3.5
vertex -69.57709503173828 44.73603057861328 -8.344555854797363
vertex -69.77218627929688 44.71681594848633 -3.5
endloop
endfacet
facet normal 0.956938605216473 0.29029038193910456 0
outer loop
vertex -70.69606018066406 45.334129333496094 -3.5
vertex -70.69606018066406 45.334129333496094 -7.823821067810059
vertex -70.75296783447266 45.521724700927734 -3.5
endloop
endfacet
facet normal -0.290277967867665 0.9569423709767578 0
outer loop
vertex -69.3895034790039 44.79293441772461 -3.5
vertex -69.3895034790039 44.79293441772461 -8.340776443481445
vertex -69.57709503173828 44.73603057861328 -3.5
endloop
endfacet
facet normal -0.47139501592798805 0.8819221841852745 -3.560095999342531e-7
outer loop
vertex -69.21661376953125 44.885345458984375 -3.5
vertex -69.22252655029297 44.88218307495117 -8.334848403930664
vertex -69.3895034790039 44.79293441772461 -3.5
endloop
endfacet
facet normal -0.6343974203505326 0.7730070588633648 0
outer loop
vertex -69.06507873535156 45.009708404541016 -3.5
vertex -69.06507873535156 45.009708404541016 -8.18862247467041
vertex -69.21661376953125 44.885345458984375 -3.5
endloop
endfacet
facet normal -0.7729975161039842 0.6344090479312781 0
outer loop
vertex -68.94071197509766 45.1612434387207 -3.5
vertex -68.94071197509766 45.1612434387207 -8.015083312988281
vertex -69.06507873535156 45.009708404541016 -3.5
endloop
endfacet
facet normal -0.8819259499769284 0.471387970526712 0
outer loop
vertex -68.84830474853516 45.334129333496094 -3.5
vertex -68.84830474853516 45.334129333496094 -7.817269802093506
vertex -68.94071197509766 45.1612434387207 -3.5
endloop
endfacet
facet normal -0.956938605216473 0.29029038193910456 0
outer loop
vertex -68.79139709472656 45.521724700927734 -3.5
vertex -68.79139709472656 45.521724700927734 -7.602783203125
vertex -68.84830474853516 45.334129333496094 -3.5
endloop
endfacet
facet normal 0.9951829182294891 0.09803550002033878 0
outer loop
vertex -70.75296783447266 45.521724700927734 -3.5
vertex -70.75296783447266 45.521724700927734 -7.609737873077393
vertex -70.77218627929688 45.71681594848633 -3.5
endloop
endfacet
facet normal 0 0 -1
outer loop
vertex -70.47929382324219 45.009708404541016 -3.5
vertex -70.60365295410156 45.1612434387207 -3.5
vertex -70.77218627929688 45.71681594848633 -3.5
endloop
endfacet
facet normal 0.773014890337251 0.634387877656003 0
outer loop
vertex 46.463130950927734 56.21881103515625 -6.957266807556152
vertex 46.338768005371094 56.3703498840332 -3.5
vertex 46.463130950927734 56.21881103515625 -3.5
endloop
endfacet
facet normal 0 0 -1
outer loop
vertex 47.552921295166016 56.00204086303711 -3.5
vertex 47.365325927734375 55.945133209228516 -3.5
vertex 46.568538665771484 56.49284744262695 -3.5
endloop
endfacet
facet normal 0 0 -1
outer loop
vertex 47.725807189941406 56.09444808959961 -3.5
vertex 47.552921295166016 56.00204086303711 -3.5
vertex 46.568538665771484 56.49284744262695 -3.5
endloop
endfacet
facet normal -0.8819243653022768 0.4713909353033596 0
outer loop
vertex 48.0358772277832 56.43427658081055 -7.567559242248535
vertex 48.0941162109375 56.543235778808594 -3.5
vertex 48.0941162109375 56.543235778808594 -7.490692138671875
endloop
endfacet
facet normal -0.881906771991237 0.4714238491166906 0
outer loop
vertex 48.0358772277832 56.43427658081055 -7.567559242248535
vertex 48.001705169677734 56.3703498840332 -7.571805000305176
vertex 48.001705169677734 56.3703498840332 -3.5
endloop
endfacet
facet normal -0.773014890337251 0.634387877656003 0
outer loop
vertex 48.001705169677734 56.3703498840332 -7.571805000305176
vertex 47.877342224121094 56.21881103515625 -7.581870079040527
vertex 47.877342224121094 56.21881103515625 -3.5
endloop
endfacet
facet normal -0.6343974203505326 0.7730070588633648 0
outer loop
vertex 47.877342224121094 56.21881103515625 -7.581870079040527
vertex 47.725807189941406 56.09444808959961 -7.59013032913208
vertex 47.725807189941406 56.09444808959961 -3.5
endloop
endfacet
facet normal 0.09801684241193942 0.9951847560144765 0
outer loop
vertex 47.15540313720703 55.9273796081543 -7.601226806640625
vertex 46.97514724731445 55.945133209228516 -7.487865924835205
vertex 46.97514724731445 55.945133209228516 -3.5
endloop
endfacet
facet normal 0.29029038193910456 0.956938605216473 0
outer loop
vertex 46.97514724731445 55.945133209228516 -7.487865924835205
vertex 46.78755187988281 56.00204086303711 -7.331863880157471
vertex 46.78755187988281 56.00204086303711 -3.5
endloop
endfacet
facet normal -0.471387970526712 0.8819259499769284 0
outer loop
vertex 47.725807189941406 56.09444808959961 -7.59013032913208
vertex 47.552921295166016 56.00204086303711 -7.596268177032471
vertex 47.552921295166016 56.00204086303711 -3.5
endloop
endfacet
facet normal -0.2902903819391045 0.9569386052164729 0
outer loop
vertex 47.552921295166016 56.00204086303711 -7.596268177032471
vertex 47.365325927734375 55.945133209228516 -7.600047588348389
vertex 47.365325927734375 55.945133209228516 -3.5
endloop
endfacet
facet normal -0.08427487788353467 0.9964423263271444 0.0006597434836505212
outer loop
vertex 47.365325927734375 55.945133209228516 -7.600047588348389
vertex 47.15540313720703 55.9273796081543 -7.601226806640625
vertex 47.17023468017578 55.92591857910156 -3.5
endloop
endfacet
facet normal 0.471387970526712 0.8819259499769284 0
outer loop
vertex 46.78755187988281 56.00204086303711 -7.331863880157471
vertex 46.61466598510742 56.09444808959961 -7.148545742034912
vertex 46.61466598510742 56.09444808959961 -3.5
endloop
endfacet
facet normal 0.6344369188453053 0.772974641243861 0
outer loop
vertex 46.61466598510742 56.09444808959961 -3.5
vertex 46.61466598510742 56.09444808959961 -7.148545742034912
vertex 46.56809616088867 56.13267135620117 -7.0974040031433105
endloop
endfacet
facet normal 0 0 -1
outer loop
vertex 47.877342224121094 56.21881103515625 -3.5
vertex 47.725807189941406 56.09444808959961 -3.5
vertex 47.84315872192383 57.410255432128906 -3.5
endloop
endfacet
facet normal 0.6343808633992318 0.7730206466527076 0.0000012144783498845852
outer loop
vertex 46.61466598510742 56.09444808959961 -3.5
vertex 46.56809616088867 56.13267135620117 -7.0974040031433105
vertex 46.463130950927734 56.21881103515625 -6.957266807556152
endloop
endfacet
facet normal 0 0 -1
outer loop
vertex 47.17023468017578 55.92591857910156 -3.5
vertex 46.97514724731445 55.945133209228516 -3.5
vertex 46.568538665771484 56.49284744262695 -3.5
endloop
endfacet
facet normal 0 0 -1
outer loop
vertex 46.97514724731445 55.945133209228516 -3.5
vertex 46.78755187988281 56.00204086303711 -3.5
vertex 46.568538665771484 56.49284744262695 -3.5
endloop
endfacet
facet normal 0 0 -1
outer loop
vertex 46.463130950927734 56.21881103515625 -3.5
vertex 46.338768005371094 56.3703498840332 -3.5
vertex 46.568538665771484 56.49284744262695 -3.5
endloop
endfacet
facet normal 0 0 -1
outer loop
vertex 47.725807189941406 56.09444808959961 -3.5
vertex 46.568538665771484 56.49284744262695 -3.5
vertex 47.84315872192383 57.410255432128906 -3.5
endloop
endfacet
facet normal 0 0 -1
outer loop
vertex 47.877342224121094 56.21881103515625 -3.5
vertex 47.84315872192383 57.410255432128906 -3.5
vertex 48.001705169677734 57.48149108886719 -3.5
endloop
endfacet
facet normal 0 0 -1
outer loop
vertex 48.001705169677734 56.3703498840332 -3.5
vertex 47.877342224121094 56.21881103515625 -3.5
vertex 48.001705169677734 57.48149108886719 -3.5
endloop
endfacet
facet normal 0 0 -1
outer loop
vertex 48.0941162109375 56.543235778808594 -3.5
vertex 48.001705169677734 56.3703498840332 -3.5
vertex 48.0941162109375 57.30860137939453 -3.5
endloop
endfacet
facet normal 0 0 -1
outer loop
vertex 48.15102005004883 56.73082733154297 -3.5
vertex 48.0941162109375 56.543235778808594 -3.5
vertex 48.17023468017578 56.92591857910156 -3.5
endloop
endfacet
facet normal 0 0 -1
outer loop
vertex 46.61466598510742 56.09444808959961 -3.5
vertex 46.463130950927734 56.21881103515625 -3.5
vertex 46.568538665771484 56.49284744262695 -3.5
endloop
endfacet
facet normal 0 0 -1
outer loop
vertex 48.17023468017578 56.92591857910156 -3.5
vertex 48.0941162109375 56.543235778808594 -3.5
vertex 48.15102005004883 57.121009826660156 -3.5
endloop
endfacet
facet normal 0 0 -1
outer loop
vertex 46.61466598510742 56.09444808959961 -3.5
vertex 46.568538665771484 56.49284744262695 -3.5
vertex 46.78755187988281 56.00204086303711 -3.5
endloop
endfacet
facet normal -0.9951848165503705 0.09801622777686082 0
outer loop
vertex 48.17023468017578 56.92591857910156 -7.152474880218506
vertex 48.15102005004883 56.73082733154297 -7.335308074951172
vertex 48.15102005004883 56.73082733154297 -3.5
endloop
endfacet
facet normal -0.9951848165503705 -0.09801622777686082 0
outer loop
vertex 48.15102005004883 57.121009826660156 -6.949219226837158
vertex 48.17023468017578 56.92591857910156 -7.152474880218506
vertex 48.17023468017578 56.92591857910156 -3.5
endloop
endfacet
facet normal 0 0 -1
outer loop
vertex 48.0941162109375 57.30860137939453 -3.5
vertex 48.15102005004883 57.121009826660156 -3.5
vertex 48.0941162109375 56.543235778808594 -3.5
endloop
endfacet
facet normal 0.773014890337251 0.634387877656003 0
outer loop
vertex 46.463130950927734 56.21881103515625 -6.957266807556152
vertex 46.338768005371094 56.3703498840332 -6.741153240203857
vertex 46.338768005371094 56.3703498840332 -3.5
endloop
endfacet
facet normal -0.9569423709767578 -0.290277967867665 0
outer loop
vertex 48.0941162109375 57.30860137939453 -6.733351707458496
vertex 48.15102005004883 57.121009826660156 -6.949219226837158
vertex 48.15102005004883 57.121009826660156 -3.5
endloop
endfacet
facet normal -0.8819221841853303 -0.47139501592801786 0
outer loop
vertex 48.001705169677734 57.48149108886719 -6.513168811798096
vertex 48.0941162109375 57.30860137939453 -6.733351707458496
vertex 48.0941162109375 57.30860137939453 -3.5
endloop
endfacet
facet normal 0 0 -1
outer loop
vertex 48.001705169677734 57.48149108886719 -3.5
vertex 48.0941162109375 57.30860137939453 -3.5
vertex 48.001705169677734 56.3703498840332 -3.5
endloop
endfacet
facet normal -0.9569423709767578 0.2902779678676651 0
outer loop
vertex 48.0941162109375 56.543235778808594 -7.490692138671875
vertex 48.0941162109375 56.543235778808594 -3.5
vertex 48.15102005004883 56.73082733154297 -7.335308074951172
endloop
endfacet
facet normal 0.29029038193910456 0.956938605216473 0
outer loop
vertex 46.97514724731445 55.945133209228516 -3.5
vertex 46.97514724731445 55.945133209228516 -7.487865924835205
vertex 46.78755187988281 56.00204086303711 -3.5
endloop
endfacet
facet normal 0.47138797052671194 0.8819259499769283 0
outer loop
vertex 46.78755187988281 56.00204086303711 -3.5
vertex 46.78755187988281 56.00204086303711 -7.331863880157471
vertex 46.61466598510742 56.09444808959961 -3.5
endloop
endfacet
facet normal 0.09801812595133497 0.9951846295964306 5.6960983267431556e-8
outer loop
vertex 47.17023468017578 55.92591857910156 -3.5
vertex 47.15540313720703 55.9273796081543 -7.601226806640625
vertex 46.97514724731445 55.945133209228516 -3.5
endloop
endfacet
facet normal -0.09801622777686082 0.9951848165503705 0
outer loop
vertex 47.365325927734375 55.945133209228516 -3.5
vertex 47.365325927734375 55.945133209228516 -7.600047588348389
vertex 47.17023468017578 55.92591857910156 -3.5
endloop
endfacet
facet normal -0.29029038193910456 0.956938605216473 0
outer loop
vertex 47.552921295166016 56.00204086303711 -3.5
vertex 47.552921295166016 56.00204086303711 -7.596268177032471
vertex 47.365325927734375 55.945133209228516 -3.5
endloop
endfacet
facet normal -0.8819221841853303 -0.4713950159280179 0
outer loop
vertex 48.001705169677734 57.48149108886719 -6.513168811798096
vertex 48.0941162109375 57.30860137939453 -3.5
vertex 48.001705169677734 57.48149108886719 -3.5
endloop
endfacet
facet normal -0.9569423709767578 -0.290277967867665 0
outer loop
vertex 48.0941162109375 57.30860137939453 -3.5
vertex 48.0941162109375 57.30860137939453 -6.733351707458496
vertex 48.15102005004883 57.121009826660156 -3.5
endloop
endfacet
facet normal -0.9951848165503705 -0.09801622777686082 0
outer loop
vertex 48.15102005004883 57.121009826660156 -3.5
vertex 48.15102005004883 57.121009826660156 -6.949219226837158
vertex 48.17023468017578 56.92591857910156 -3.5
endloop
endfacet
facet normal -0.9951848165503705 0.09801622777686082 0
outer loop
vertex 48.17023468017578 56.92591857910156 -3.5
vertex 48.17023468017578 56.92591857910156 -7.152474880218506
vertex 48.15102005004883 56.73082733154297 -3.5
endloop
endfacet
facet normal -0.9569423709767578 0.2902779678676651 0
outer loop
vertex 48.15102005004883 56.73082733154297 -3.5
vertex 48.15102005004883 56.73082733154297 -7.335308074951172
vertex 48.0941162109375 56.543235778808594 -3.5
endloop
endfacet
facet normal -0.8819178600192976 0.47140310582219025 -4.1915825567822576e-7
outer loop
vertex 48.0941162109375 56.543235778808594 -3.5
vertex 48.0358772277832 56.43427658081055 -7.567559242248535
vertex 48.001705169677734 56.3703498840332 -3.5
endloop
endfacet
facet normal -0.7730148903372509 0.6343878776560029 0
outer loop
vertex 48.001705169677734 56.3703498840332 -3.5
vertex 48.001705169677734 56.3703498840332 -7.571805000305176
vertex 47.877342224121094 56.21881103515625 -3.5
endloop
endfacet
facet normal -0.6343974203505326 0.7730070588633648 0
outer loop
vertex 47.877342224121094 56.21881103515625 -3.5
vertex 47.877342224121094 56.21881103515625 -7.581870079040527
vertex 47.725807189941406 56.09444808959961 -3.5
endloop
endfacet
facet normal -0.471387970526712 0.8819259499769284 0
outer loop
vertex 47.725807189941406 56.09444808959961 -3.5
vertex 47.725807189941406 56.09444808959961 -7.59013032913208
vertex 47.552921295166016 56.00204086303711 -3.5
endloop
endfacet
facet normal 0.6343974203505327 0.7730070588633648 0
outer loop
vertex 46.61466598510742 56.09444808959961 -3.5
vertex 46.463130950927734 56.21881103515625 -6.957266807556152
vertex 46.463130950927734 56.21881103515625 -3.5
endloop
endfacet
facet normal 0 0 -1
outer loop
vertex 47.365325927734375 55.945133209228516 -3.5
vertex 47.17023468017578 55.92591857910156 -3.5
vertex 46.568538665771484 56.49284744262695 -3.5
endloop
endfacet
facet normal 0.00030708311540383643 0.9999999528499789 0
outer loop
vertex -68.77193450927734 46.51650619506836 -2.4000000953674316
vertex -70.77193450927734 46.517120361328125 -2.4000000953674316
vertex -68.77193450927734 46.51650619506836 -1.2000000476837158
endloop
endfacet
facet normal 0.00003808895302091527 0.12403466460515294 -0.9922778847306429
outer loop
vertex -70.97218322753906 45.71718215942383 -2.5
vertex -70.77193450927734 46.517120361328125 -2.4000000953674316
vertex -68.77193450927734 46.51650619506836 -2.4000000953674316
endloop
endfacet
facet normal 0.00003804953204678975 0.12403477144616364 -0.9922778713770307
outer loop
vertex -68.57218170166016 45.71644592285156 -2.5
vertex -70.97218322753906 45.71718215942383 -2.5
vertex -68.77193450927734 46.51650619506836 -2.4000000953674316
endloop
endfacet
facet normal 0.00003808903351565322 0.12403492673201735 0.9922778519647653
outer loop
vertex -68.77193450927734 46.51650619506836 -1.2000000476837158
vertex -70.77193450927734 46.517120361328125 -1.2000000476837158
vertex -68.57218170166016 45.71644592285156 -1.100000023841858
endloop
endfacet
facet normal 0.000038049546915433177 0.12403481991532186 0.9922778653183822
outer loop
vertex -70.77193450927734 46.517120361328125 -1.2000000476837158
vertex -70.97218322753906 45.71718215942383 -1.100000023841858
vertex -68.57218170166016 45.71644592285156 -1.100000023841858
endloop
endfacet
facet normal 0.9702172864499223 0.24223628356162766 0
outer loop
vertex -68.57218170166016 45.71644592285156 -2.5
vertex -68.77193450927734 46.51650619506836 -1.2000000476837158
vertex -68.57218170166016 45.71644592285156 -1.100000023841858
endloop
endfacet
facet normal -0.9700670767438598 0.24283711952175344 0
outer loop
vertex -70.77193450927734 46.517120361328125 -2.4000000953674316
vertex -70.97218322753906 45.71718215942383 -1.100000023841858
vertex -70.77193450927734 46.517120361328125 -1.2000000476837158
endloop
endfacet
facet normal 0.00030708311540383643 0.9999999528499789 0
outer loop
vertex -70.77193450927734 46.517120361328125 -2.4000000953674316
vertex -70.77193450927734 46.517120361328125 -1.2000000476837158
vertex -68.77193450927734 46.51650619506836 -1.2000000476837158
endloop
endfacet
facet normal 0.9702172864499223 0.24223628356162769 0
outer loop
vertex -68.57218170166016 45.71644592285156 -2.5
vertex -68.77193450927734 46.51650619506836 -2.4000000953674316
vertex -68.77193450927734 46.51650619506836 -1.2000000476837158
endloop
endfacet
facet normal -0.97006707674386 0.24283711952175346 0
outer loop
vertex -70.77193450927734 46.517120361328125 -2.4000000953674316
vertex -70.97218322753906 45.71718215942383 -2.5
vertex -70.97218322753906 45.71718215942383 -1.100000023841858
endloop
endfacet
facet normal -0.07245804637763704 0.10066955034360375 0.9922779213248437
outer loop
vertex 48.17448425292969 57.6013069152832 -1.0951887369155884
vertex 47.5145263671875 58.15939712524414 -1.2000000476837158
vertex 47.84315872192383 57.410255432128906 -1.100000023841858
endloop
endfacet
facet normal -0.07245759660768952 0.10066986764078133 -0.992277921977016
outer loop
vertex 47.5145263671875 58.15939712524414 -2.4000000953674316
vertex 46.16574478149414 56.30160903930664 -2.4899888038635254
vertex 45.89126968383789 56.991050720214844 -2.4000000953674316
endloop
endfacet
facet normal -0.5841735251111267 0.8116287898782546 0
outer loop
vertex 47.5145263671875 58.15939712524414 -2.4000000953674316
vertex 45.89126968383789 56.991050720214844 -2.4000000953674316
vertex 47.5145263671875 58.15939712524414 -1.2000000476837158
endloop
endfacet
facet normal 0.6457158693201258 0.7635777734508479 0
outer loop
vertex 48.17448425292969 57.6013069152832 -2.5048112869262695
vertex 47.5145263671875 58.15939712524414 -2.4000000953674316
vertex 47.5145263671875 58.15939712524414 -1.2000000476837158
endloop
endfacet
facet normal 0.6457158693201258 0.7635777734508479 0
outer loop
vertex 48.17448425292969 57.6013069152832 -2.5048112869262695
vertex 47.5145263671875 58.15939712524414 -1.2000000476837158
vertex 48.17448425292969 57.6013069152832 -1.0951887369155884
endloop
endfacet
facet normal -0.07245761954117536 0.10067019707329462 0.9922778868803085
outer loop
vertex 45.89126968383789 56.991050720214844 -1.2000000476837158
vertex 46.16574478149414 56.30160903930664 -1.110011100769043
vertex 47.84315872192383 57.410255432128906 -1.100000023841858
endloop
endfacet
facet normal -0.9290802806000267 -0.36987813155169846 0
outer loop
vertex 46.16574478149414 56.30160903930664 -1.110011100769043
vertex 45.89126968383789 56.991050720214844 -1.2000000476837158
vertex 45.89126968383789 56.991050720214844 -2.4000000953674316
endloop
endfacet
facet normal -0.07245753202433215 0.1006697779110864 0.9922779357963553
outer loop
vertex 47.5145263671875 58.15939712524414 -1.2000000476837158
vertex 45.89126968383789 56.991050720214844 -1.2000000476837158
vertex 47.84315872192383 57.410255432128906 -1.100000023841858
endloop
endfacet
facet normal -0.9290802806000268 -0.3698781315516985 0
outer loop
vertex 45.89126968383789 56.991050720214844 -2.4000000953674316
vertex 46.16574478149414 56.30160903930664 -2.4899888038635254
vertex 46.16574478149414 56.30160903930664 -1.110011100769043
endloop
endfacet
facet normal -0.0724571107821611 0.10066980849374667 -0.9922779634532523
outer loop
vertex 47.84315872192383 57.410255432128906 -2.5
vertex 46.568538665771484 56.49284744262695 -2.5
vertex 47.5145263671875 58.15939712524414 -2.4000000953674316
endloop
endfacet
facet normal -0.07245893435983361 0.10067082941043166 -0.9922777267162924
outer loop
vertex 46.568538665771484 56.49284744262695 -2.5
vertex 46.16574478149414 56.30160903930664 -2.4899888038635254
vertex 47.5145263671875 58.15939712524414 -2.4000000953674316
endloop
endfacet
facet normal -0.07246015146005842 0.10067403312343877 0.9922773128037575
outer loop
vertex 47.84315872192383 57.410255432128906 -1.100000023841858
vertex 46.16574478149414 56.30160903930664 -1.110011100769043
vertex 46.568538665771484 56.49284744262695 -1.100000023841858
endloop
endfacet
facet normal -0.5841735251111267 0.8116287898782546 0
outer loop
vertex 47.5145263671875 58.15939712524414 -1.2000000476837158
vertex 45.89126968383789 56.991050720214844 -2.4000000953674316
vertex 45.89126968383789 56.991050720214844 -1.2000000476837158
endloop
endfacet
facet normal -0.0724579750109648 0.10066942612941444 -0.9922779391380646
outer loop
vertex 48.17448425292969 57.6013069152832 -2.5048112869262695
vertex 47.84315872192383 57.410255432128906 -2.5
vertex 47.5145263671875 58.15939712524414 -2.4000000953674316
endloop
endfacet
facet normal 0 0 1
outer loop
vertex -80.50279998779297 19.702117919921875 -0.5
vertex -79.48348999023438 -64.5547103881836 -0.5
vertex -80.50269317626953 20.628997802734375 -0.5
endloop
endfacet
facet normal 0 0 1
outer loop
vertex 61.72141647338867 30.613079071044922 -0.5
vertex 62.03285598754883 30.957443237304688 -0.5
vertex 58.32773208618164 32.578556060791016 -0.5
endloop
endfacet
facet normal 0 0 1
outer loop
vertex 61.674556732177734 30.551780700683594 -0.5
vertex 61.72141647338867 30.613079071044922 -0.5
vertex 58.32773208618164 32.578556060791016 -0.5
endloop
endfacet
facet normal 0 0 1
outer loop
vertex 58.4451789855957 33.07638168334961 -0.5
vertex 58.32773208618164 32.578556060791016 -0.5
vertex 62.03285598754883 30.957443237304688 -0.5
endloop
endfacet
facet normal 0 0 1
outer loop
vertex 58.11850357055664 32.111812591552734 -0.5
vertex 61.419986724853516 30.163484573364258 -0.5
vertex 58.32773208618164 32.578556060791016 -0.5
endloop
endfacet
facet normal 0 0 1
outer loop
vertex 61.419986724853516 30.163484573364258 -0.5
vertex 61.674556732177734 30.551780700683594 -0.5
vertex 58.32773208618164 32.578556060791016 -0.5
endloop
endfacet
facet normal 0 0 1
outer loop
vertex 58.11850357055664 32.111812591552734 -0.5
vertex 61.38129425048828 30.096595764160156 -0.5
vertex 61.419986724853516 30.163484573364258 -0.5
endloop
endfacet
facet normal 0 0 1
outer loop
vertex 61.1913948059082 29.672895431518555 -0.5
vertex 61.38129425048828 30.096595764160156 -0.5
vertex 57.45774841308594 31.336885452270508 -0.5
endloop
endfacet
facet normal 0 0 1
outer loop
vertex 61.16511917114258 29.600418090820312 -0.5
vertex 61.1913948059082 29.672895431518555 -0.5
vertex 57.45774841308594 31.336885452270508 -0.5
endloop
endfacet
facet normal 0 0 1
outer loop
vertex 61.04106521606445 29.152990341186523 -0.5
vertex 61.16511917114258 29.600418090820312 -0.5
vertex 57.45774841308594 31.336885452270508 -0.5
endloop
endfacet
facet normal 0 0 1
outer loop
vertex 20.7877197265625 -65.35602569580078 -0.5
vertex -8.394282341003418 -67.56072235107422 -0.5
vertex -8.328145980834961 -67.5665054321289 -0.5
endloop
endfacet
facet normal 0 0 1
outer loop
vertex 20.7877197265625 -65.35602569580078 -0.5
vertex -8.328145980834961 -67.5665054321289 -0.5
vertex -7.8679609298706055 -67.62823486328125 -0.5
endloop
endfacet
facet normal 0 0 1
outer loop
vertex 20.7877197265625 -65.35602569580078 -0.5
vertex -7.8679609298706055 -67.62823486328125 -0.5
vertex -7.792598247528076 -67.64472198486328 -0.5
endloop
endfacet
facet normal 0 0 1
outer loop
vertex 20.7877197265625 -65.35602569580078 -0.5
vertex -7.792598247528076 -67.64472198486328 -0.5
vertex -7.347448825836182 -67.7767105102539 -0.5
endloop
endfacet
facet normal 0 0 1
outer loop
vertex 20.7877197265625 -65.35602569580078 -0.5
vertex -6.789157390594482 -68.04186248779297 -0.5
vertex -6.404404163360596 -68.30176544189453 -0.5
endloop
endfacet
facet normal 0 0 1
outer loop
vertex 62.08135223388672 31.005939483642578 -0.5
vertex 62.449378967285156 31.303152084350586 -0.5
vertex 61.45231628417969 33.63834762573242 -0.5
endloop
endfacet
facet normal 0 0 1
outer loop
vertex 62.449378967285156 31.303152084350586 -0.5
vertex 62.51344299316406 31.348011016845703 -0.5
vertex 61.45231628417969 33.63834762573242 -0.5
endloop
endfacet
facet normal 0 0 1
outer loop
vertex 20.7877197265625 -65.35602569580078 -0.5
vertex -6.856050968170166 -68.0035400390625 -0.5
vertex -6.789157390594482 -68.04186248779297 -0.5
endloop
endfacet
facet normal 0 0 1
outer loop
vertex 61.026100158691406 29.077350616455078 -0.5
vertex 61.04106521606445 29.152990341186523 -0.5
vertex 57.45774841308594 31.336885452270508 -0.5
endloop
endfacet
facet normal 0 0 1
outer loop
vertex 60.972572326660156 28.616140365600586 -0.5
vertex 61.026100158691406 29.077350616455078 -0.5
vertex 57.45774841308594 31.336885452270508 -0.5
endloop
endfacet
facet normal 0 0 1
outer loop
vertex 57.02994155883789 31.056516647338867 -0.5
vertex 60.96793746948242 28.53900718688965 -0.5
vertex 60.972572326660156 28.616140365600586 -0.5
endloop
endfacet
facet normal 0 0 1
outer loop
vertex 57.02994155883789 31.056516647338867 -0.5
vertex 60.987548828125 28.07511329650879 -0.5
vertex 60.96793746948242 28.53900718688965 -0.5
endloop
endfacet
facet normal 0 0 1
outer loop
vertex 57.02994155883789 31.056516647338867 -0.5
vertex 60.9952392578125 27.998205184936523 -0.5
vertex 60.987548828125 28.07511329650879 -0.5
endloop
endfacet
facet normal 0 0 1
outer loop
vertex 57.02994155883789 31.056516647338867 -0.5
vertex 61.093196868896484 27.51458740234375 -0.5
vertex 60.9952392578125 27.998205184936523 -0.5
endloop
endfacet
facet normal 0 0 1
outer loop
vertex 57.02994155883789 31.056516647338867 -0.5
vertex 61.30161666870117 26.700286865234375 -0.5
vertex 61.093196868896484 27.51458740234375 -0.5
endloop
endfacet
facet normal 0 0 1
outer loop
vertex 20.7877197265625 -65.35602569580078 -0.5
vertex -7.347448825836182 -67.7767105102539 -0.5
vertex -7.275501728057861 -67.80443572998047 -0.5
endloop
endfacet
facet normal 0 0 1
outer loop
vertex 20.7877197265625 -65.35602569580078 -0.5
vertex -7.275501728057861 -67.80443572998047 -0.5
vertex -6.856050968170166 -68.0035400390625 -0.5
endloop
endfacet
facet normal 0 0 1
outer loop
vertex -4.89686918258667 -70.32145690917969 -0.5
vertex -4.5233154296875 -70.74623107910156 -0.5
vertex 20.7877197265625 -65.35602569580078 -0.5
endloop
endfacet
facet normal 0 0 1
outer loop
vertex 20.7877197265625 -65.35602569580078 -0.5
vertex -5.668304920196533 -69.09154510498047 -0.5
vertex -5.627538681030273 -69.1504135131836 -0.5
endloop
endfacet
facet normal 0 0 1
outer loop
vertex 20.7877197265625 -65.35602569580078 -0.5
vertex -5.954020977020264 -68.7255630493164 -0.5
vertex -5.668304920196533 -69.09154510498047 -0.5
endloop
endfacet
facet normal 0 0 1
outer loop
vertex 58.11850357055664 32.111812591552734 -0.5
vertex 57.82499313354492 31.69291114807129 -0.5
vertex 61.38129425048828 30.096595764160156 -0.5
endloop
endfacet
facet normal 0 0 1
outer loop
vertex 57.82499313354492 31.69291114807129 -0.5
vertex 57.45774841308594 31.336885452270508 -0.5
vertex 61.38129425048828 30.096595764160156 -0.5
endloop
endfacet
facet normal 0 0 1
outer loop
vertex 57.45774841308594 31.336885452270508 -0.5
vertex 57.02994155883789 31.056516647338867 -0.5
vertex 60.972572326660156 28.616140365600586 -0.5
endloop
endfacet
facet normal 0 0 1
outer loop
vertex 57.80150604248047 27.933324813842773 -0.5
vertex 61.30161666870117 26.700286865234375 -0.5
vertex 57.02994155883789 31.056516647338867 -0.5
endloop
endfacet
facet normal 0 0 1
outer loop
vertex 57.36433029174805 28.1988468170166 -0.5
vertex 57.80150604248047 27.933324813842773 -0.5
vertex 57.02994155883789 31.056516647338867 -0.5
endloop
endfacet
facet normal 0 0 1
outer loop
vertex 56.884918212890625 28.377145767211914 -0.5
vertex 57.36433029174805 28.1988468170166 -0.5
vertex 57.02994155883789 31.056516647338867 -0.5
endloop
endfacet
facet normal 0 0 1
outer loop
vertex 56.38048553466797 28.461824417114258 -0.5
vertex 56.884918212890625 28.377145767211914 -0.5
vertex 57.02994155883789 31.056516647338867 -0.5
endloop
endfacet
facet normal 0 0 1
outer loop
vertex -5.224325180053711 -69.85538482666016 -0.5
vertex -4.89686918258667 -70.32145690917969 -0.5
vertex 20.7877197265625 -65.35602569580078 -0.5
endloop
endfacet
facet normal 0 0 1
outer loop
vertex -5.627538681030273 -69.1504135131836 -0.5
vertex -5.224325180053711 -69.85538482666016 -0.5
vertex 20.7877197265625 -65.35602569580078 -0.5
endloop
endfacet
facet normal 0 0 1
outer loop
vertex -4.105819225311279 -71.12789916992188 -0.5
vertex -3.649325132369995 -71.46194458007812 -0.5
vertex 20.7877197265625 -65.35602569580078 -0.5
endloop
endfacet
facet normal 0 0 1
outer loop
vertex -4.5233154296875 -70.74623107910156 -0.5
vertex -4.105819225311279 -71.12789916992188 -0.5
vertex 20.7877197265625 -65.35602569580078 -0.5
endloop
endfacet
facet normal 0 0 1
outer loop
vertex -3.649325132369995 -71.46194458007812 -0.5
vertex -3.1592376232147217 -71.74441528320312 -0.5
vertex 20.7877197265625 -65.35602569580078 -0.5
endloop
endfacet
facet normal 0 0 1
outer loop
vertex -3.1592376232147217 -71.74441528320312 -0.5
vertex -2.64136004447937 -71.97196197509766 -0.5
vertex 20.7877197265625 -65.35602569580078 -0.5
endloop
endfacet
facet normal 0 0 1
outer loop
vertex 20.7877197265625 -65.35602569580078 -0.5
vertex -6.345139503479004 -68.35135650634766 -0.5
vertex -6.006371974945068 -68.66886901855469 -0.5
endloop
endfacet
facet normal 0 0 1
outer loop
vertex 20.7877197265625 -65.35602569580078 -0.5
vertex -6.404404163360596 -68.30176544189453 -0.5
vertex -6.345139503479004 -68.35135650634766 -0.5
endloop
endfacet
facet normal 0 0 1
outer loop
vertex 20.7877197265625 -65.35602569580078 -0.5
vertex -6.006371974945068 -68.66886901855469 -0.5
vertex -5.954020977020264 -68.7255630493164 -0.5
endloop
endfacet
facet normal 0 0 1
outer loop
vertex 22.885112762451172 -72.30249786376953 -0.5
vertex -1.5470199584960938 -72.25218963623047 -0.5
vertex -0.9781457781791687 -72.30203247070312 -0.5
endloop
endfacet
facet normal 0 0 1
outer loop
vertex 20.7877197265625 -65.35602569580078 -0.5
vertex -2.1018247604370117 -72.14189147949219 -0.5
vertex -1.5470199584960938 -72.25218963623047 -0.5
endloop
endfacet
facet normal 0 0 1
outer loop
vertex -2.64136004447937 -71.97196197509766 -0.5
vertex -2.1018247604370117 -72.14189147949219 -0.5
vertex 20.7877197265625 -65.35602569580078 -0.5
endloop
endfacet
facet normal 0 0 1
outer loop
vertex 59.887794494628906 26.509151458740234 -0.5
vertex 61.31871032714844 26.50908851623535 -0.5
vertex 61.30161666870117 26.700286865234375 -0.5
endloop
endfacet
facet normal 0 0 1
outer loop
vertex 22.885112762451172 -72.30249786376953 -0.5
vertex 20.7877197265625 -65.35602569580078 -0.5
vertex -1.5470199584960938 -72.25218963623047 -0.5
endloop
endfacet
facet normal 0 0 1
outer loop
vertex 69.56541442871094 63.37120056152344 -0.5
vertex 80.30039978027344 46.75372314453125 -0.5
vertex 70.06116485595703 64.5134506225586 -0.5
endloop
endfacet
facet normal 0 0 1
outer loop
vertex 58.48847198486328 27.181535720825195 -0.5
vertex 59.887794494628906 26.509151458740234 -0.5
vertex 61.30161666870117 26.700286865234375 -0.5
endloop
endfacet
facet normal 0 0 1
outer loop
vertex 58.18075942993164 27.59011459350586 -0.5
vertex 58.48847198486328 27.181535720825195 -0.5
vertex 61.30161666870117 26.700286865234375 -0.5
endloop
endfacet
facet normal 0 0 1
outer loop
vertex 80.30039978027344 46.75372314453125 -0.5
vertex 69.56541442871094 63.37120056152344 -0.5
vertex 79.15558624267578 46.7463264465332 -0.5
endloop
endfacet
facet normal 0 0 1
outer loop
vertex 57.80150604248047 27.933324813842773 -0.5
vertex 58.18075942993164 27.59011459350586 -0.5
vertex 61.30161666870117 26.700286865234375 -0.5
endloop
endfacet
facet normal 0 0 1
outer loop
vertex 58.48847198486328 27.181535720825195 -0.5
vertex 58.713600158691406 26.72224998474121 -0.5
vertex 59.887794494628906 26.509151458740234 -0.5
endloop
endfacet
facet normal 0 0 1
outer loop
vertex 58.713600158691406 26.72224998474121 -0.5
vertex 58.84806442260742 26.228748321533203 -0.5
vertex 59.887794494628906 26.509151458740234 -0.5
endloop
endfacet
facet normal 0 0 1
outer loop
vertex -17.2122802734375 -65.35602569580078 -0.5
vertex -63.77218246459961 -66.35602569580078 -0.5
vertex -8.394282341003418 -67.56072235107422 -0.5
endloop
endfacet
facet normal 0 0 1
outer loop
vertex 11.04996109008789 19.5598087310791 -0.5
vertex 9.782907485961914 18.968971252441406 -0.5
vertex 15.507699012756348 18.968971252441406 -0.5
endloop
endfacet
facet normal 0 0 1
outer loop
vertex 51.69717025756836 28.468971252441406 -0.5
vertex 56.38048553466797 28.461824417114258 -0.5
vertex 57.02994155883789 31.056516647338867 -0.5
endloop
endfacet
facet normal 0 0 1
outer loop
vertex 51.60871887207031 28.54490089416504 -0.5
vertex 51.69717025756836 28.468971252441406 -0.5
vertex 57.02994155883789 31.056516647338867 -0.5
endloop
endfacet
facet normal 0 0 1
outer loop
vertex 51.5822639465332 29.244760513305664 -0.5
vertex 51.51520538330078 29.13532829284668 -0.5
vertex 57.02994155883789 31.056516647338867 -0.5
endloop
endfacet
facet normal 0 0 1
outer loop
vertex 51.51520538330078 29.13532829284668 -0.5
vertex 51.60871887207031 28.54490089416504 -0.5
vertex 57.02994155883789 31.056516647338867 -0.5
endloop
endfacet
facet normal 0 0 1
outer loop
vertex 22.885112762451172 -72.30249786376953 -0.5
vertex 20.7877197265625 -65.0560302734375 -0.5
vertex 20.7877197265625 -65.35602569580078 -0.5
endloop
endfacet
facet normal 0 0 1
outer loop
vertex 22.885112762451172 -72.30249786376953 -0.5
vertex 21.187889099121094 -64.93036651611328 -0.5
vertex 20.98640251159668 -65.02723693847656 -0.5
endloop
endfacet
facet normal 0 0 1
outer loop
vertex 22.885112762451172 -72.30249786376953 -0.5
vertex 20.98640251159668 -65.02723693847656 -0.5
vertex 20.7877197265625 -65.0560302734375 -0.5
endloop
endfacet
facet normal 0 0 1
outer loop
vertex 22.885112762451172 -72.30249786376953 -0.5
vertex 21.322612762451172 -64.8060302734375 -0.5
vertex 21.187889099121094 -64.93036651611328 -0.5
endloop
endfacet
facet normal 0 0 1
outer loop
vertex 22.885112762451172 -72.30249786376953 -0.5
vertex 41.17023468017578 -70.10602569580078 -0.5
vertex 21.322612762451172 -64.8060302734375 -0.5
endloop
endfacet
facet normal 0 0 1
outer loop
vertex -80.51236724853516 -65.07852172851562 -0.5
vertex -81.74691009521484 -65.62531280517578 -0.5
vertex -81.46472930908203 -66.14148712158203 -0.5
endloop
endfacet
facet normal 0 0 1
outer loop
vertex 58.84806442260742 26.228748321533203 -0.5
vertex 59.886905670166016 6.009151458740234 -0.5
vertex 59.887794494628906 26.509151458740234 -0.5
endloop
endfacet
facet normal 0 0 1
outer loop
vertex 13.091824531555176 20.98953628540039 -0.5
vertex 11.04996109008789 19.5598087310791 -0.5
vertex 15.507699012756348 18.968971252441406 -0.5
endloop
endfacet
facet normal 0 0 1
outer loop
vertex 13.091824531555176 20.98953628540039 -0.5
vertex 15.507699012756348 18.968971252441406 -0.5
vertex 15.628867149353027 19.504589080810547 -0.5
endloop
endfacet
facet normal 0 0 1
outer loop
vertex -80.69078826904297 -66.94337463378906 -0.5
vertex -80.51236724853516 -65.07852172851562 -0.5
vertex -81.11618041992188 -66.57268524169922 -0.5
endloop
endfacet
facet normal 0 0 1
outer loop
vertex -80.51236724853516 -65.07852172851562 -0.5
vertex -81.46472930908203 -66.14148712158203 -0.5
vertex -81.11618041992188 -66.57268524169922 -0.5
endloop
endfacet
facet normal 0 0 1
outer loop
vertex -80.69078826904297 -66.94337463378906 -0.5
vertex -80.18499755859375 -67.24376678466797 -0.5
vertex -80.51236724853516 -65.07852172851562 -0.5
endloop
endfacet
facet normal 0 0 1
outer loop
vertex 22.885112762451172 -72.30249786376953 -0.5
vertex 41.4788932800293 -71.5679702758789 -0.5
vertex 41.31668472290039 -71.45957946777344 -0.5
endloop
endfacet
facet normal 0 0 1
outer loop
vertex 22.885112762451172 -72.30249786376953 -0.5
vertex 41.31668472290039 -71.45957946777344 -0.5
vertex 41.20829772949219 -71.29737091064453 -0.5
endloop
endfacet
facet normal 0 0 1
outer loop
vertex 22.885112762451172 -72.30249786376953 -0.5
vertex 41.20829772949219 -71.29737091064453 -0.5
vertex 41.17023468017578 -71.10602569580078 -0.5
endloop
endfacet
facet normal 0 0 1
outer loop
vertex -79.66539001464844 -67.43721771240234 -0.5
vertex -78.2122802734375 -65.35602569580078 -0.5
vertex -80.18499755859375 -67.24376678466797 -0.5
endloop
endfacet
facet normal 0 0 1
outer loop
vertex -79.66539001464844 -67.43721771240234 -0.5
vertex -79.1107406616211 -67.53941345214844 -0.5
vertex -78.2122802734375 -65.35602569580078 -0.5
endloop
endfacet
facet normal 0 0 1
outer loop
vertex -79.3866195678711 -64.75619506835938 -0.5
vertex -79.48348999023438 -64.5547103881836 -0.5
vertex -80.18499755859375 -67.24376678466797 -0.5
endloop
endfacet
facet normal 0 0 1
outer loop
vertex -79.03297424316406 -65.02032470703125 -0.5
vertex -79.23116302490234 -64.91686248779297 -0.5
vertex -80.18499755859375 -67.24376678466797 -0.5
endloop
endfacet
facet normal 0 0 1
outer loop
vertex -79.23116302490234 -64.91686248779297 -0.5
vertex -79.3866195678711 -64.75619506835938 -0.5
vertex -80.18499755859375 -67.24376678466797 -0.5
endloop
endfacet
facet normal 0 0 1
outer loop
vertex -78.2122802734375 -65.0560302734375 -0.5
vertex -79.03297424316406 -65.02032470703125 -0.5
vertex -80.18499755859375 -67.24376678466797 -0.5
endloop
endfacet
facet normal 0 0 1
outer loop
vertex -78.2122802734375 -65.35602569580078 -0.5
vertex -78.2122802734375 -65.0560302734375 -0.5
vertex -80.18499755859375 -67.24376678466797 -0.5
endloop
endfacet
facet normal 0 0 1
outer loop
vertex -79.1107406616211 -67.53941345214844 -0.5
vertex -75.73412322998047 -66.54737091064453 -0.5
vertex -78.2122802734375 -65.35602569580078 -0.5
endloop
endfacet
facet normal 0 0 1
outer loop
vertex 22.885112762451172 -72.30249786376953 -0.5
vertex 41.17023468017578 -71.10602569580078 -0.5
vertex 41.17023468017578 -70.10602569580078 -0.5
endloop
endfacet
facet normal 0 0 1
outer loop
vertex -79.1107406616211 -67.53941345214844 -0.5
vertex -75.4635238647461 -66.8179702758789 -0.5
vertex -75.62574005126953 -66.70957946777344 -0.5
endloop
endfacet
facet normal 0 0 1
outer loop
vertex -79.1107406616211 -67.53941345214844 -0.5
vertex -75.62574005126953 -66.70957946777344 -0.5
vertex -75.73412322998047 -66.54737091064453 -0.5
endloop
endfacet
facet normal 0 0 1
outer loop
vertex -75.73412322998047 -66.54737091064453 -0.5
vertex -75.77218627929688 -66.35602569580078 -0.5
vertex -78.2122802734375 -65.35602569580078 -0.5
endloop
endfacet
facet normal 0 0 1
outer loop
vertex -75.77218627929688 -66.35602569580078 -0.5
vertex -75.77218627929688 -65.35602569580078 -0.5
vertex -78.2122802734375 -65.35602569580078 -0.5
endloop
endfacet
facet normal 0 0 1
outer loop
vertex -79.1107406616211 -67.53941345214844 -0.5
vertex -70.17218017578125 -66.85602569580078 -0.5
vertex -75.4635238647461 -66.8179702758789 -0.5
endloop
endfacet
facet normal 0 0 1
outer loop
vertex -74.27218627929688 -67.5408706665039 -0.5
vertex -74.27218627929688 -68.13412475585938 -0.5
vertex -73.77218627929688 -68.4842300415039 -0.5
endloop
endfacet
facet normal 0 0 1
outer loop
vertex -74.27218627929688 -67.5408706665039 -0.5
vertex -73.77218627929688 -68.4842300415039 -0.5
vertex -70.17218017578125 -66.85602569580078 -0.5
endloop
endfacet
facet normal 0 0 1
outer loop
vertex -79.1107406616211 -67.53941345214844 -0.5
vertex -74.27218627929688 -67.5408706665039 -0.5
vertex -70.17218017578125 -66.85602569580078 -0.5
endloop
endfacet
facet normal 0 0 1
outer loop
vertex 41.17023468017578 -70.10602569580078 -0.5
vertex 41.20829772949219 -69.91468811035156 -0.5
vertex 21.322612762451172 -64.8060302734375 -0.5
endloop
endfacet
facet normal 0 0 1
outer loop
vertex 41.31668472290039 -69.75247192382812 -0.5
vertex 41.4788932800293 -69.64408874511719 -0.5
vertex 21.322612762451172 -64.8060302734375 -0.5
endloop
endfacet
facet normal 0 0 1
outer loop
vertex 41.20829772949219 -69.91468811035156 -0.5
vertex 41.31668472290039 -69.75247192382812 -0.5
vertex 21.322612762451172 -64.8060302734375 -0.5
endloop
endfacet
facet normal 0 0 1
outer loop
vertex 13.091824531555176 20.98953628540039 -0.5
vertex 15.628867149353027 19.504589080810547 -0.5
vertex 15.837112426757812 19.971771240234375 -0.5
endloop
endfacet
facet normal 0 0 1
outer loop
vertex 13.091824531555176 20.98953628540039 -0.5
vertex 15.837112426757812 19.971771240234375 -0.5
vertex 16.12973403930664 20.39129066467285 -0.5
endloop
endfacet
facet normal 0 0 1
outer loop
vertex 15.591238021850586 21.570619583129883 -0.5
vertex 13.091824531555176 20.98953628540039 -0.5
vertex 16.49622917175293 20.748090744018555 -0.5
endloop
endfacet
facet normal 0 0 1
outer loop
vertex 59.886722564697266 1.824877381324768 -0.5
vertex 59.886905670166016 6.009151458740234 -0.5
vertex 58.84806442260742 26.228748321533203 -0.5
endloop
endfacet
facet normal 0 0 1
outer loop
vertex 13.091824531555176 20.98953628540039 -0.5
vertex 16.12973403930664 20.39129066467285 -0.5
vertex 16.49622917175293 20.748090744018555 -0.5
endloop
endfacet
facet normal 0 0 1
outer loop
vertex 70.06116485595703 64.5134506225586 -0.5
vertex 71.2973403930664 65.22615814208984 -0.5
vertex 70.97139739990234 65.62676239013672 -0.5
endloop
endfacet
facet normal 0 0 1
outer loop
vertex 70.06116485595703 64.5134506225586 -0.5
vertex 70.97139739990234 65.62676239013672 -0.5
vertex 70.38817596435547 66.14706420898438 -0.5
endloop
endfacet
facet normal 0 0 1
outer loop
vertex 68.93793487548828 64.10968017578125 -0.5
vertex 70.06116485595703 64.5134506225586 -0.5
vertex 70.38817596435547 66.14706420898438 -0.5
endloop
endfacet
facet normal 0 0 1
outer loop
vertex 61.386905670166016 6.009086608886719 -0.5
vertex 59.886905670166016 6.009151458740234 -0.5
vertex 61.386722564697266 1.8248122930526733 -0.5
endloop
endfacet
facet normal 0 0 1
outer loop
vertex 22.885112762451172 -72.30249786376953 -0.5
vertex 42.67023468017578 -72.30289459228516 -0.5
vertex 46.77023696899414 -71.60602569580078 -0.5
endloop
endfacet
facet normal 0 0 1
outer loop
vertex 69.56541442871094 63.37120056152344 -0.5
vertex 70.06116485595703 64.5134506225586 -0.5
vertex 69.30113983154297 63.74952697753906 -0.5
endloop
endfacet
facet normal 0 0 1
outer loop
vertex 59.886722564697266 1.824877381324768 -0.5
vertex 61.386722564697266 1.8248122930526733 -0.5
vertex 59.886905670166016 6.009151458740234 -0.5
endloop
endfacet
facet normal 0 0 1
outer loop
vertex 59.885833740234375 -18.67512321472168 -0.5
vertex 59.886722564697266 1.824877381324768 -0.5
vertex 58.84806442260742 26.228748321533203 -0.5
endloop
endfacet
facet normal 0 0 1
outer loop
vertex 22.885112762451172 -72.30249786376953 -0.5
vertex 46.77023696899414 -71.60602569580078 -0.5
vertex 41.4788932800293 -71.5679702758789 -0.5
endloop
endfacet
facet normal 0 0 1
outer loop
vertex 14.684532165527344 22.034292221069336 -0.5
vertex 14.402864456176758 22.30057716369629 -0.5
vertex 13.091824531555176 20.98953628540039 -0.5
endloop
endfacet
facet normal 0 0 1
outer loop
vertex 41.4788932800293 -69.64408874511719 -0.5
vertex 56.64749526977539 -64.76632690429688 -0.5
vertex 21.322612762451172 -64.8060302734375 -0.5
endloop
endfacet
facet normal 0 0 1
outer loop
vertex 15.115824699401855 21.759315490722656 -0.5
vertex 14.684532165527344 22.034292221069336 -0.5
vertex 13.091824531555176 20.98953628540039 -0.5
endloop
endfacet
facet normal 0 0 1
outer loop
vertex 64.91311645507812 66.67603302001953 -0.5
vertex 70.38817596435547 66.14706420898438 -0.5
vertex 69.66444396972656 66.61238861083984 -0.5
endloop
endfacet
facet normal 0 0 1
outer loop
vertex 1.4564284086227417 46.74393081665039 -0.5
vertex -0.6418757438659668 46.24017333984375 -0.5
vertex -0.9909266829490662 45.38157653808594 -0.5
endloop
endfacet
facet normal 0 0 1
outer loop
vertex -80.51236724853516 -65.07852172851562 -0.5
vertex -81.9253921508789 -65.0856704711914 -0.5
vertex -81.74691009521484 -65.62531280517578 -0.5
endloop
endfacet
facet normal 0 0 1
outer loop
vertex -0.6418757438659668 46.24017333984375 -0.5
vertex -0.8287113308906555 46.179466247558594 -0.5
vertex -0.9909266829490662 45.38157653808594 -0.5
endloop
endfacet
facet normal 0 0 1
outer loop
vertex 68.94828796386719 66.92552947998047 -0.5
vertex 64.91311645507812 66.67603302001953 -0.5
vertex 69.66444396972656 66.61238861083984 -0.5
endloop
endfacet
facet normal 0 0 1
outer loop
vertex -80.18499755859375 -67.24376678466797 -0.5
vertex -80.51005554199219 -44.57851791381836 -0.5
vertex -80.51236724853516 -65.07852172851562 -0.5
endloop
endfacet
facet normal 0 0 1
outer loop
vertex -79.48348999023438 -64.5547103881836 -0.5
vertex -80.51005554199219 -44.57851791381836 -0.5
vertex -80.18499755859375 -67.24376678466797 -0.5
endloop
endfacet
facet normal 0 0 1
outer loop
vertex 64.91311645507812 66.67603302001953 -0.5
vertex 68.94828796386719 66.92552947998047 -0.5
vertex 68.11573028564453 67.1427001953125 -0.5
endloop
endfacet
facet normal 0 0 1
outer loop
vertex 15.591238021850586 21.570619583129883 -0.5
vertex 15.115824699401855 21.759315490722656 -0.5
vertex 13.091824531555176 20.98953628540039 -0.5
endloop
endfacet
facet normal 0 0 1
outer loop
vertex 67.0311279296875 64.71378326416016 -0.5
vertex 70.38817596435547 66.14706420898438 -0.5
vertex 64.91311645507812 66.67603302001953 -0.5
endloop
endfacet
facet normal 0 0 1
outer loop
vertex 16.77077293395996 20.97413444519043 -0.5
vertex 16.49622917175293 20.748090744018555 -0.5
vertex 16.76243019104004 20.936697006225586 -0.5
endloop
endfacet
facet normal 0 0 1
outer loop
vertex 30.56998062133789 48.031429290771484 -0.5
vertex 46.30359649658203 55.819435119628906 -0.5
vertex 29.963098526000977 50.49541473388672 -0.5
endloop
endfacet
facet normal 0 0 1
outer loop
vertex -80.50269317626953 20.628997802734375 -0.5
vertex -82.00269317626953 20.629165649414062 -0.5
vertex -80.50279998779297 19.702117919921875 -0.5
endloop
endfacet
facet normal 0 0 1
outer loop
vertex 16.77077293395996 20.97413444519043 -0.5
vertex 16.608251571655273 21.423704147338867 -0.5
vertex 16.49622917175293 20.748090744018555 -0.5
endloop
endfacet
facet normal 0 0 1
outer loop
vertex 16.09370994567871 21.4749755859375 -0.5
vertex 15.591238021850586 21.570619583129883 -0.5
vertex 16.49622917175293 20.748090744018555 -0.5
endloop
endfacet
facet normal 0 0 1
outer loop
vertex -82.00279998779297 19.702287673950195 -0.5
vertex -80.50279998779297 19.702117919921875 -0.5
vertex -82.00269317626953 20.629165649414062 -0.5
endloop
endfacet
facet normal 0 0 1
outer loop
vertex -0.8287113308906555 46.179466247558594 -0.5
vertex -3.2500386238098145 44.3281364440918 -0.5
vertex -0.9909266829490662 45.38157653808594 -0.5
endloop
endfacet
facet normal 0 0 1
outer loop
vertex -3.2500386238098145 44.3281364440918 -0.5
vertex -0.8287113308906555 46.179466247558594 -0.5
vertex -2.8223767280578613 45.35366439819336 -0.5
endloop
endfacet
facet normal 0 0 1
outer loop
vertex -2.8223767280578613 45.35366439819336 -0.5
vertex -2.997415542602539 45.26447677612305 -0.5
vertex -3.2500386238098145 44.3281364440918 -0.5
endloop
endfacet
facet normal 0 0 1
outer loop
vertex -2.997415542602539 45.26447677612305 -0.5
vertex -5.291901588439941 42.898406982421875 -0.5
vertex -3.2500386238098145 44.3281364440918 -0.5
endloop
endfacet
facet normal 0 0 1
outer loop
vertex -5.291901588439941 42.898406982421875 -0.5
vertex -2.997415542602539 45.26447677612305 -0.5
vertex -4.837351322174072 44.136962890625 -0.5
endloop
endfacet
facet normal 0 0 1
outer loop
vertex -4.996283531188965 44.02149200439453 -0.5
vertex -5.291901588439941 42.898406982421875 -0.5
vertex -4.837351322174072 44.136962890625 -0.5
endloop
endfacet
facet normal 0 0 1
outer loop
vertex -4.996283531188965 44.02149200439453 -0.5
vertex -5.393131732940674 43.682552337646484 -0.5
vertex -5.291901588439941 42.898406982421875 -0.5
endloop
endfacet
facet normal 0 0 1
outer loop
vertex -5.393131732940674 43.682552337646484 -0.5
vertex -5.431844711303711 43.65495681762695 -0.5
vertex -5.291901588439941 42.898406982421875 -0.5
endloop
endfacet
facet normal 0 0 1
outer loop
vertex -5.431844711303711 43.65495681762695 -0.5
vertex -5.898898601531982 43.32738494873047 -0.5
vertex -5.291901588439941 42.898406982421875 -0.5
endloop
endfacet
facet normal 0 0 1
outer loop
vertex -5.898898601531982 43.32738494873047 -0.5
vertex -5.973222732543945 43.284305572509766 -0.5
vertex -5.291901588439941 42.898406982421875 -0.5
endloop
endfacet
facet normal 0 0 1
outer loop
vertex -5.973222732543945 43.284305572509766 -0.5
vertex -7.054474353790283 41.135833740234375 -0.5
vertex -5.291901588439941 42.898406982421875 -0.5
endloop
endfacet
facet normal 0 0 1
outer loop
vertex -5.973222732543945 43.284305572509766 -0.5
vertex -6.392704010009766 43.08525848388672 -0.5
vertex -7.054474353790283 41.135833740234375 -0.5
endloop
endfacet
facet normal 0 0 1
outer loop
vertex -6.392704010009766 43.08525848388672 -0.5
vertex -6.465586185455322 43.05959701538086 -0.5
vertex -7.054474353790283 41.135833740234375 -0.5
endloop
endfacet
facet normal 0 0 1
outer loop
vertex -6.465586185455322 43.05959701538086 -0.5
vertex -6.910790920257568 42.92778015136719 -0.5
vertex -7.054474353790283 41.135833740234375 -0.5
endloop
endfacet
facet normal 0 0 1
outer loop
vertex -6.910790920257568 42.92778015136719 -0.5
vertex -6.986719131469727 42.91336441040039 -0.5
vertex -7.054474353790283 41.135833740234375 -0.5
endloop
endfacet
facet normal 0 0 1
outer loop
vertex -6.986719131469727 42.91336441040039 -0.5
vertex -7.4471611976623535 42.85358810424805 -0.5
vertex -7.054474353790283 41.135833740234375 -0.5
endloop
endfacet
facet normal 0 0 1
outer loop
vertex -7.4471611976623535 42.85358810424805 -0.5
vertex -7.511192798614502 42.847984313964844 -0.5
vertex -7.054474353790283 41.135833740234375 -0.5
endloop
endfacet
facet normal 0 0 1
outer loop
vertex -7.511192798614502 42.847984313964844 -0.5
vertex -7.60894250869751 40.343971252441406 -0.5
vertex -7.054474353790283 41.135833740234375 -0.5
endloop
endfacet
facet normal 0 0 1
outer loop
vertex -7.511192798614502 42.847984313964844 -0.5
vertex -19.40003776550293 40.343971252441406 -0.5
vertex -7.60894250869751 40.343971252441406 -0.5
endloop
endfacet
facet normal 0 0 1
outer loop
vertex -19.40003776550293 40.343971252441406 -0.5
vertex -7.511192798614502 42.847984313964844 -0.5
vertex -20.435508728027344 42.84403610229492 -0.5
endloop
endfacet
facet normal 0 0 1
outer loop
vertex -19.40003776550293 40.343971252441406 -0.5
vertex -20.435508728027344 42.84403610229492 -0.5
vertex -19.619516372680664 37.96182632446289 -0.5
endloop
endfacet
facet normal 0 0 1
outer loop
vertex -19.619516372680664 37.96182632446289 -0.5
vertex -20.435508728027344 42.84403610229492 -0.5
vertex -21.806900024414062 41.47533416748047 -0.5
endloop
endfacet
facet normal 0 0 1
outer loop
vertex -19.40003776550293 37.92498016357422 -0.5
vertex -19.40003776550293 40.343971252441406 -0.5
vertex -19.619516372680664 37.96182632446289 -0.5
endloop
endfacet
facet normal 0 0 1
outer loop
vertex 16.54698944091797 21.471555709838867 -0.5
vertex 16.09370994567871 21.4749755859375 -0.5
vertex 16.49622917175293 20.748090744018555 -0.5
endloop
endfacet
facet normal 0 0 1
outer loop
vertex 68.04254150390625 64.59484100341797 -0.5
vertex 68.51332092285156 64.39485931396484 -0.5
vertex 70.38817596435547 66.14706420898438 -0.5
endloop
endfacet
facet normal 0 0 1
outer loop
vertex 68.51332092285156 64.39485931396484 -0.5
vertex 68.93793487548828 64.10968017578125 -0.5
vertex 70.38817596435547 66.14706420898438 -0.5
endloop
endfacet
facet normal 0 0 1
outer loop
vertex 67.54249572753906 64.70243072509766 -0.5
vertex 68.04254150390625 64.59484100341797 -0.5
vertex 70.38817596435547 66.14706420898438 -0.5
endloop
endfacet
facet normal 0 0 1
outer loop
vertex 67.0311279296875 64.71378326416016 -0.5
vertex 67.54249572753906 64.70243072509766 -0.5
vertex 70.38817596435547 66.14706420898438 -0.5
endloop
endfacet
facet normal 0 0 1
outer loop
vertex -81.87457275390625 41.197021484375 -0.5
vertex -81.88456726074219 41.129154205322266 -0.5
vertex -80.50038146972656 41.128997802734375 -0.5
endloop
endfacet
facet normal 0 0 1
outer loop
vertex -81.64109802246094 41.942962646484375 -0.5
vertex -81.87457275390625 41.197021484375 -0.5
vertex -80.50038146972656 41.128997802734375 -0.5
endloop
endfacet
facet normal 0 0 1
outer loop
vertex -21.806900024414062 41.47533416748047 -0.5
vertex -22.061397552490234 41.24686813354492 -0.5
vertex -19.619516372680664 37.96182632446289 -0.5
endloop
endfacet
facet normal 0 0 1
outer loop
vertex -22.061397552490234 41.24686813354492 -0.5
vertex -22.115459442138672 41.20712661743164 -0.5
vertex -19.619516372680664 37.96182632446289 -0.5
endloop
endfacet
facet normal 0 0 1
outer loop
vertex -22.115459442138672 41.20712661743164 -0.5
vertex -22.499242782592773 40.94579315185547 -0.5
vertex -19.619516372680664 37.96182632446289 -0.5
endloop
endfacet
facet normal 0 0 1
outer loop
vertex -19.619516372680664 37.96182632446289 -0.5
vertex -22.499242782592773 40.94579315185547 -0.5
vertex -22.56734275817871 40.909305572509766 -0.5
endloop
endfacet
facet normal 0 0 1
outer loop
vertex -19.619516372680664 37.96182632446289 -0.5
vertex -22.56734275817871 40.909305572509766 -0.5
vertex -22.98682403564453 40.71025848388672 -0.5
endloop
endfacet
facet normal 0 0 1
outer loop
vertex -19.619516372680664 37.96182632446289 -0.5
vertex -22.98682403564453 40.71025848388672 -0.5
vertex -23.05970573425293 40.68459701538086 -0.5
endloop
endfacet
facet normal 0 0 1
outer loop
vertex -19.619516372680664 37.96182632446289 -0.5
vertex -23.05970573425293 40.68459701538086 -0.5
vertex -23.505409240722656 40.55448913574219 -0.5
endloop
endfacet
facet normal 0 0 1
outer loop
vertex 70.06116485595703 64.5134506225586 -0.5
vertex 68.93793487548828 64.10968017578125 -0.5
vertex 69.30113983154297 63.74952697753906 -0.5
endloop
endfacet
facet normal 0 0 1
outer loop
vertex 16.608251571655273 21.423704147338867 -0.5
vertex 16.54698944091797 21.471555709838867 -0.5
vertex 16.49622917175293 20.748090744018555 -0.5
endloop
endfacet
facet normal 0 0 1
outer loop
vertex 30.142175674438477 47.75105667114258 -0.5
vertex 29.963098526000977 50.49541473388672 -0.5
vertex 29.0361328125 50.046573638916016 -0.5
endloop
endfacet
facet normal 0 0 1
outer loop
vertex 30.142175674438477 47.75105667114258 -0.5
vertex 30.56998062133789 48.031429290771484 -0.5
vertex 29.963098526000977 50.49541473388672 -0.5
endloop
endfacet
facet normal 0 0 1
outer loop
vertex 29.774927139282227 47.3950309753418 -0.5
vertex 30.142175674438477 47.75105667114258 -0.5
vertex 29.0361328125 50.046573638916016 -0.5
endloop
endfacet
facet normal 0 0 1
outer loop
vertex 29.774927139282227 47.3950309753418 -0.5
vertex 29.0361328125 50.046573638916016 -0.5
vertex 28.60647201538086 49.87058639526367 -0.5
endloop
endfacet
facet normal 0 0 1
outer loop
vertex 29.774927139282227 47.3950309753418 -0.5
vertex 28.60647201538086 49.87058639526367 -0.5
vertex 28.532917022705078 49.84730911254883 -0.5
endloop
endfacet
facet normal 0 0 1
outer loop
vertex 29.774927139282227 47.3950309753418 -0.5
vertex 28.532917022705078 49.84730911254883 -0.5
vertex 28.081642150878906 49.738067626953125 -0.5
endloop
endfacet
facet normal 0 0 1
outer loop
vertex 29.774927139282227 47.3950309753418 -0.5
vertex 28.081642150878906 49.738067626953125 -0.5
vertex 28.01800537109375 49.72903060913086 -0.5
endloop
endfacet
facet normal 0 0 1
outer loop
vertex 59.885650634765625 -22.85939598083496 -0.5
vertex 59.885833740234375 -18.67512321472168 -0.5
vertex 58.84806442260742 26.228748321533203 -0.5
endloop
endfacet
facet normal 0 0 1
outer loop
vertex 59.45737838745117 33.493106842041016 -0.5
vertex 58.738800048828125 33.84532928466797 -0.5
vertex 58.46129608154297 33.65976333618164 -0.5
endloop
endfacet
facet normal 0 0 1
outer loop
vertex 58.46129608154297 33.65976333618164 -0.5
vertex 58.4451789855957 33.07638168334961 -0.5
vertex 62.03285598754883 30.957443237304688 -0.5
endloop
endfacet
facet normal 0 0 1
outer loop
vertex 59.45737838745117 33.493106842041016 -0.5
vertex 58.46129608154297 33.65976333618164 -0.5
vertex 62.03285598754883 30.957443237304688 -0.5
endloop
endfacet
facet normal 0 0 1
outer loop
vertex 59.957427978515625 33.3855094909668 -0.5
vertex 59.45737838745117 33.493106842041016 -0.5
vertex 62.03285598754883 30.957443237304688 -0.5
endloop
endfacet
facet normal 0 0 1
outer loop
vertex 62.03285598754883 30.957443237304688 -0.5
vertex 60.46879577636719 33.3741569519043 -0.5
vertex 59.957427978515625 33.3855094909668 -0.5
endloop
endfacet
facet normal 0 0 1
outer loop
vertex 62.03285598754883 30.957443237304688 -0.5
vertex 60.97312545776367 33.45945739746094 -0.5
vertex 60.46879577636719 33.3741569519043 -0.5
endloop
endfacet
facet normal 0 0 1
outer loop
vertex 62.08135223388672 31.005939483642578 -0.5
vertex 61.45231628417969 33.63834762573242 -0.5
vertex 60.97312545776367 33.45945739746094 -0.5
endloop
endfacet
facet normal 0 0 1
outer loop
vertex 64.91311645507812 66.67603302001953 -0.5
vertex 68.11573028564453 67.1427001953125 -0.5
vertex 67.33769989013672 67.21759033203125 -0.5
endloop
endfacet
facet normal 0 0 1
outer loop
vertex 64.91311645507812 66.67603302001953 -0.5
vertex 67.33769989013672 67.21759033203125 -0.5
vertex 66.47888946533203 67.16506958007812 -0.5
endloop
endfacet
facet normal 0 0 1
outer loop
vertex 64.91311645507812 66.67603302001953 -0.5
vertex 66.47888946533203 67.16506958007812 -0.5
vertex 65.71615600585938 66.9942855834961 -0.5
endloop
endfacet
facet normal 0 0 1
outer loop
vertex 13.623648643493652 45.656578063964844 -0.5
vertex 29.774927139282227 47.3950309753418 -0.5
vertex 28.01800537109375 49.72903060913086 -0.5
endloop
endfacet
facet normal 0 0 1
outer loop
vertex -2.0765581130981445 18.65436363220215 -0.5
vertex -1.6696021556854248 18.822839736938477 -0.5
vertex -3.2500386238098145 19.5598087310791 -0.5
endloop
endfacet
facet normal 0 0 1
outer loop
vertex 13.623648643493652 45.656578063964844 -0.5
vertex 28.01800537109375 49.72903060913086 -0.5
vertex 13.83971881866455 48.23297882080078 -0.5
endloop
endfacet
facet normal 0 0 1
outer loop
vertex -2.5037708282470703 18.373090744018555 -0.5
vertex -2.0765581130981445 18.65436363220215 -0.5
vertex -3.2500386238098145 19.5598087310791 -0.5
endloop
endfacet
facet normal 0 0 1
outer loop
vertex -79.48348999023438 -64.5547103881836 -0.5
vertex -79.50508880615234 40.21169662475586 -0.5
vertex -80.50038146972656 41.128997802734375 -0.5
endloop
endfacet
facet normal 0 0 1
outer loop
vertex -80.50269317626953 20.628997802734375 -0.5
vertex -79.48348999023438 -64.5547103881836 -0.5
vertex -80.50038146972656 41.128997802734375 -0.5
endloop
endfacet
facet normal 0 0 1
outer loop
vertex -2.8702659606933594 18.01629066467285 -0.5
vertex -2.5037708282470703 18.373090744018555 -0.5
vertex -3.2500386238098145 19.5598087310791 -0.5
endloop
endfacet
facet normal 0 0 1
outer loop
vertex 13.83971881866455 48.23297882080078 -0.5
vertex 13.224771499633789 48.13218307495117 -0.5
vertex 13.623648643493652 45.656578063964844 -0.5
endloop
endfacet
facet normal 0 0 1
outer loop
vertex 13.224771499633789 48.13218307495117 -0.5
vertex 12.47142505645752 47.901649475097656 -0.5
vertex 13.623648643493652 45.656578063964844 -0.5
endloop
endfacet
facet normal 0 0 1
outer loop
vertex 13.146904945373535 45.47126770019531 -0.5
vertex 13.623648643493652 45.656578063964844 -0.5
vertex 12.47142505645752 47.901649475097656 -0.5
endloop
endfacet
facet normal 0 0 1
outer loop
vertex -2.8702659606933594 18.01629066467285 -0.5
vertex -3.2500386238098145 19.5598087310791 -0.5
vertex -3.1628878116607666 17.596771240234375 -0.5
endloop
endfacet
facet normal 0 0 1
outer loop
vertex -80.50511169433594 -0.7978818416595459 -0.5
vertex -82.00511169433594 -0.7977126240730286 -0.5
vertex -80.50521850585938 -1.7247612476348877 -0.5
endloop
endfacet
facet normal 0 0 1
outer loop
vertex -3.2500386238098145 19.5598087310791 -0.5
vertex -3.3711328506469727 17.129589080810547 -0.5
vertex -3.1628878116607666 17.596771240234375 -0.5
endloop
endfacet
facet normal 0 0 1
outer loop
vertex -82.00521850585938 -1.7245919704437256 -0.5
vertex -80.50521850585938 -1.7247612476348877 -0.5
vertex -82.00511169433594 -0.7977126240730286 -0.5
endloop
endfacet
facet normal 0 0 1
outer loop
vertex 12.713668823242188 45.199363708496094 -0.5
vertex 12.47142505645752 47.901649475097656 -0.5
vertex 11.700220108032227 47.525299072265625 -0.5
endloop
endfacet
facet normal 0 0 1
outer loop
vertex 12.713668823242188 45.199363708496094 -0.5
vertex 13.146904945373535 45.47126770019531 -0.5
vertex 12.47142505645752 47.901649475097656 -0.5
endloop
endfacet
facet normal 0 0 1
outer loop
vertex 12.33949089050293 44.85062789916992 -0.5
vertex 12.713668823242188 45.199363708496094 -0.5
vertex 11.700220108032227 47.525299072265625 -0.5
endloop
endfacet
facet normal 0 0 1
outer loop
vertex 12.33949089050293 44.85062789916992 -0.5
vertex 11.700220108032227 47.525299072265625 -0.5
vertex 12.037803649902344 44.43758010864258 -0.5
endloop
endfacet
facet normal 0 0 1
outer loop
vertex 66.52679443359375 64.62848663330078 -0.5
vertex 67.0311279296875 64.71378326416016 -0.5
vertex 64.91311645507812 66.67603302001953 -0.5
endloop
endfacet
facet normal 0 0 1
outer loop
vertex 11.819435119628906 43.975040435791016 -0.5
vertex 11.700220108032227 47.525299072265625 -0.5
vertex 10.76550579071045 46.85478591918945 -0.5
endloop
endfacet
facet normal 0 0 1
outer loop
vertex 11.819435119628906 43.975040435791016 -0.5
vertex 10.76550579071045 46.85478591918945 -0.5
vertex 10.719327926635742 46.825843811035156 -0.5
endloop
endfacet
facet normal 0 0 1
outer loop
vertex 11.04996109008789 44.3281364440918 -0.5
vertex 10.719327926635742 46.825843811035156 -0.5
vertex 10.31482982635498 46.59789276123047 -0.5
endloop
endfacet
facet normal 0 0 1
outer loop
vertex 11.04996109008789 44.3281364440918 -0.5
vertex 10.31482982635498 46.59789276123047 -0.5
vertex 10.244752883911133 46.565216064453125 -0.5
endloop
endfacet
facet normal 0 0 1
outer loop
vertex 11.04996109008789 44.3281364440918 -0.5
vertex 10.244752883911133 46.565216064453125 -0.5
vertex 9.81005859375 46.40205383300781 -0.5
endloop
endfacet
facet normal 0 0 1
outer loop
vertex 11.700220108032227 47.525299072265625 -0.5
vertex 11.819435119628906 43.975040435791016 -0.5
vertex 12.037803649902344 44.43758010864258 -0.5
endloop
endfacet
facet normal 0 0 1
outer loop
vertex 11.04996109008789 44.3281364440918 -0.5
vertex 11.819435119628906 43.975040435791016 -0.5
vertex 10.719327926635742 46.825843811035156 -0.5
endloop
endfacet
facet normal 0 0 1
outer loop
vertex 11.04996109008789 44.3281364440918 -0.5
vertex 11.779019355773926 43.81764221191406 -0.5
vertex 11.819435119628906 43.975040435791016 -0.5
endloop
endfacet
facet normal 0 0 1
outer loop
vertex 11.04996109008789 44.3281364440918 -0.5
vertex 9.81005859375 46.40205383300781 -0.5
vertex 9.735492706298828 46.38163757324219 -0.5
endloop
endfacet
facet normal 0 0 1
outer loop
vertex 8.790849685668945 45.38157653808594 -0.5
vertex 9.735492706298828 46.38163757324219 -0.5
vertex 9.280962944030762 46.28684997558594 -0.5
endloop
endfacet
facet normal 0 0 1
outer loop
vertex 8.790849685668945 45.38157653808594 -0.5
vertex 9.280962944030762 46.28684997558594 -0.5
vertex 9.204116821289062 46.27865982055664 -0.5
endloop
endfacet
facet normal 0 0 1
outer loop
vertex 9.204116821289062 46.27865982055664 -0.5
vertex 8.740428924560547 46.254669189453125 -0.5
vertex 8.790849685668945 45.38157653808594 -0.5
endloop
endfacet
facet normal 0 0 1
outer loop
vertex 8.740428924560547 46.254669189453125 -0.5
vertex 8.66326904296875 46.25871658325195 -0.5
vertex 8.790849685668945 45.38157653808594 -0.5
endloop
endfacet
facet normal 0 0 1
outer loop
vertex 8.201594352722168 46.30807876586914 -0.5
vertex 6.3831305503845215 46.0267219543457 -0.5
vertex 8.66326904296875 46.25871658325195 -0.5
endloop
endfacet
facet normal 0 0 1
outer loop
vertex 8.66326904296875 46.25871658325195 -0.5
vertex 6.3831305503845215 46.0267219543457 -0.5
vertex 8.790849685668945 45.38157653808594 -0.5
endloop
endfacet
facet normal 0 0 1
outer loop
vertex 8.201594352722168 46.30807876586914 -0.5
vertex 8.139274597167969 46.318668365478516 -0.5
vertex 6.3831305503845215 46.0267219543457 -0.5
endloop
endfacet
facet normal 0 0 1
outer loop
vertex 6.3831305503845215 46.0267219543457 -0.5
vertex 8.139274597167969 46.318668365478516 -0.5
vertex 6.344025135040283 46.74384689331055 -0.5
endloop
endfacet
facet normal 0 0 1
outer loop
vertex 3.899961471557617 46.24397277832031 -0.5
vertex 6.344025135040283 46.74384689331055 -0.5
vertex 6.1494622230529785 46.774662017822266 -0.5
endloop
endfacet
facet normal 0 0 1
outer loop
vertex 3.899961471557617 46.24397277832031 -0.5
vertex 6.3831305503845215 46.0267219543457 -0.5
vertex 6.344025135040283 46.74384689331055 -0.5
endloop
endfacet
facet normal 0 0 1
outer loop
vertex 20.7877197265625 -65.35602569580078 -0.5
vertex -17.2122802734375 -65.35602569580078 -0.5
vertex -8.394282341003418 -67.56072235107422 -0.5
endloop
endfacet
facet normal 0 0 1
outer loop
vertex 8.790849685668945 45.38157653808594 -0.5
vertex 11.04996109008789 44.3281364440918 -0.5
vertex 9.735492706298828 46.38163757324219 -0.5
endloop
endfacet
facet normal 0 0 1
outer loop
vertex 3.899961471557617 46.24397277832031 -0.5
vertex 6.1494622230529785 46.774662017822266 -0.5
vertex 3.9981865882873535 46.943973541259766 -0.5
endloop
endfacet
facet normal 0 0 1
outer loop
vertex 3.899961471557617 46.24397277832031 -0.5
vertex 3.9981865882873535 46.943973541259766 -0.5
vertex 3.8017361164093018 46.943973541259766 -0.5
endloop
endfacet
facet normal 0 0 1
outer loop
vertex 46.30359649658203 55.819435119628906 -0.5
vertex 30.56998062133789 48.031429290771484 -0.5
vertex 48.35171127319336 53.85078048706055 -0.5
endloop
endfacet
facet normal 0 0 1
outer loop
vertex 1.6504603624343872 46.774662017822266 -0.5
vertex 3.899961471557617 46.24397277832031 -0.5
vertex 3.8017361164093018 46.943973541259766 -0.5
endloop
endfacet
facet normal 0 0 1
outer loop
vertex -23.580839157104492 40.53836441040039 -0.5
vertex -19.619516372680664 37.96182632446289 -0.5
vertex -23.505409240722656 40.55448913574219 -0.5
endloop
endfacet
facet normal 0 0 1
outer loop
vertex 1.6504603624343872 46.774662017822266 -0.5
vertex 1.4167925119400024 46.0267219543457 -0.5
vertex 3.899961471557617 46.24397277832031 -0.5
endloop
endfacet
facet normal 0 0 1
outer loop
vertex -23.580839157104492 40.53836441040039 -0.5
vertex -33.925235748291016 37.96802520751953 -0.5
vertex -19.619516372680664 37.96182632446289 -0.5
endloop
endfacet
facet normal 0 0 1
outer loop
vertex 1.4167925119400024 46.0267219543457 -0.5
vertex 1.6504603624343872 46.774662017822266 -0.5
vertex 1.4564284086227417 46.74393081665039 -0.5
endloop
endfacet
facet normal 0 0 1
outer loop
vertex -0.9909266829490662 45.38157653808594 -0.5
vertex 1.4167925119400024 46.0267219543457 -0.5
vertex 1.4564284086227417 46.74393081665039 -0.5
endloop
endfacet
facet normal 0 0 1
outer loop
vertex -73.77218627929688 -68.4842300415039 -0.5
vertex -72.50834655761719 -69.07357025146484 -0.5
vertex -70.17218017578125 -69.52103424072266 -0.5
endloop
endfacet
facet normal 0 0 1
outer loop
vertex -72.50834655761719 -69.07357025146484 -0.5
vertex -71.16136932373047 -69.43448638916016 -0.5
vertex -70.17218017578125 -69.52103424072266 -0.5
endloop
endfacet
facet normal 0 0 1
outer loop
vertex -70.17218017578125 -69.52103424072266 -0.5
vertex -70.17218017578125 -66.85602569580078 -0.5
vertex -73.77218627929688 -68.4842300415039 -0.5
endloop
endfacet
facet normal 0 0 1
outer loop
vertex -69.37218475341797 -66.85602569580078 -0.5
vertex -69.37218475341797 -69.52103424072266 -0.5
vertex -68.38299560546875 -69.43448638916016 -0.5
endloop
endfacet
facet normal 0 0 1
outer loop
vertex -23.580839157104492 40.53836441040039 -0.5
vertex -24.041091918945312 40.47713088989258 -0.5
vertex -33.925235748291016 37.96802520751953 -0.5
endloop
endfacet
facet normal 0 0 1
outer loop
vertex -69.37218475341797 -66.85602569580078 -0.5
vertex -68.38299560546875 -69.43448638916016 -0.5
vertex -67.03602600097656 -69.07357025146484 -0.5
endloop
endfacet
facet normal 0 0 1
outer loop
vertex 62.03285598754883 30.957443237304688 -0.5
vertex 62.08135223388672 31.005939483642578 -0.5
vertex 60.97312545776367 33.45945739746094 -0.5
endloop
endfacet
facet normal 0 0 1
outer loop
vertex -69.37218475341797 -66.85602569580078 -0.5
vertex -65.77218627929688 -68.4842300415039 -0.5
vertex -65.27218627929688 -67.5435791015625 -0.5
endloop
endfacet
facet normal 0 0 1
outer loop
vertex -24.041091918945312 40.47713088989258 -0.5
vertex -24.105541229248047 40.47297668457031 -0.5
vertex -33.925235748291016 37.96802520751953 -0.5
endloop
endfacet
facet normal 0 0 1
outer loop
vertex -33.925235748291016 37.96802520751953 -0.5
vertex -24.105541229248047 40.47297668457031 -0.5
vertex -31.23609733581543 40.47406005859375 -0.5
endloop
endfacet
facet normal 0 0 1
outer loop
vertex 46.36355209350586 55.8420295715332 -0.5
vertex 46.30359649658203 55.819435119628906 -0.5
vertex 48.35171127319336 53.85078048706055 -0.5
endloop
endfacet
facet normal 0 0 1
outer loop
vertex 46.78217315673828 56.042877197265625 -0.5
vertex 46.36355209350586 55.8420295715332 -0.5
vertex 48.35171127319336 53.85078048706055 -0.5
endloop
endfacet
facet normal 0 0 1
outer loop
vertex 48.35171127319336 53.85078048706055 -0.5
vertex 46.85953903198242 56.08854293823242 -0.5
vertex 46.818538665771484 56.05983352661133 -0.5
endloop
endfacet
facet normal 0 0 1
outer loop
vertex 48.35171127319336 53.85078048706055 -0.5
vertex 46.818538665771484 56.05983352661133 -0.5
vertex 46.78217315673828 56.042877197265625 -0.5
endloop
endfacet
facet normal 0 0 1
outer loop
vertex -34.86948013305664 43.40565872192383 -0.5
vertex -35.481903076171875 44.0100212097168 -0.5
vertex -33.925235748291016 37.96802520751953 -0.5
endloop
endfacet
facet normal 0 0 1
outer loop
vertex 48.35171127319336 53.85078048706055 -0.5
vertex 48.98978042602539 54.54838180541992 -0.5
vertex 46.85953903198242 56.08854293823242 -0.5
endloop
endfacet
facet normal 0 0 1
outer loop
vertex 48.11477279663086 56.989707946777344 -0.5
vertex 48.98978042602539 54.54838180541992 -0.5
vertex 49.40412902832031 54.84828186035156 -0.5
endloop
endfacet
facet normal 0 0 1
outer loop
vertex 48.98978042602539 54.54838180541992 -0.5
vertex 48.11477279663086 56.989707946777344 -0.5
vertex 46.85953903198242 56.08854293823242 -0.5
endloop
endfacet
facet normal 0 0 1
outer loop
vertex -34.39934158325195 42.767555236816406 -0.5
vertex -34.86948013305664 43.40565872192383 -0.5
vertex -33.925235748291016 37.96802520751953 -0.5
endloop
endfacet
facet normal 0 0 1
outer loop
vertex -35.481903076171875 44.0100212097168 -0.5
vertex -36.51152801513672 41.43153381347656 -0.5
vertex -36.286399841308594 40.972251892089844 -0.5
endloop
endfacet
facet normal 0 0 1
outer loop
vertex 49.40412902832031 54.84828186035156 -0.5
vertex 49.88053512573242 55.06891632080078 -0.5
vertex 48.11477279663086 56.989707946777344 -0.5
endloop
endfacet
facet normal 0 0 1
outer loop
vertex -65.77218627929688 -68.4842300415039 -0.5
vertex -65.27218627929688 -68.13412475585938 -0.5
vertex -65.27218627929688 -67.5435791015625 -0.5
endloop
endfacet
facet normal 0 0 1
outer loop
vertex -64.08084106445312 -66.8179702758789 -0.5
vertex -69.37218475341797 -66.85602569580078 -0.5
vertex -65.27218627929688 -67.5435791015625 -0.5
endloop
endfacet
facet normal 0 0 1
outer loop
vertex 66.047607421875 64.44960021972656 -0.5
vertex 66.52679443359375 64.62848663330078 -0.5
vertex 64.91311645507812 66.67603302001953 -0.5
endloop
endfacet
facet normal 0 0 1
outer loop
vertex -3.2500386238098145 19.5598087310791 -0.5
vertex -3.492300510406494 16.593971252441406 -0.5
vertex -3.3711328506469727 17.129589080810547 -0.5
endloop
endfacet
facet normal 0 0 1
outer loop
vertex 59.884761810302734 -43.359397888183594 -0.5
vertex 59.885650634765625 -22.85939598083496 -0.5
vertex 58.84806442260742 26.228748321533203 -0.5
endloop
endfacet
facet normal 0 0 1
outer loop
vertex -35.481903076171875 44.0100212097168 -0.5
vertex -36.11824035644531 44.463897705078125 -0.5
vertex -37.63566970825195 42.44884490966797 -0.5
endloop
endfacet
facet normal 0 0 1
outer loop
vertex 42.67023468017578 -72.30289459228516 -0.5
vertex 42.67023468017578 -72.88412475585938 -0.5
vertex 43.17023468017578 -73.2342300415039 -0.5
endloop
endfacet
facet normal 0 0 1
outer loop
vertex -36.11824035644531 44.463897705078125 -0.5
vertex -36.888248443603516 44.84783172607422 -0.5
vertex -38.115081787109375 42.62714767456055 -0.5
endloop
endfacet
facet normal 0 0 1
outer loop
vertex 49.88053512573242 55.06891632080078 -0.5
vertex 64.91311645507812 66.67603302001953 -0.5
vertex 48.11477279663086 56.989707946777344 -0.5
endloop
endfacet
facet normal 0 0 1
outer loop
vertex -36.888248443603516 44.84783172607422 -0.5
vertex -37.63418960571289 45.081302642822266 -0.5
vertex -38.115081787109375 42.62714767456055 -0.5
endloop
endfacet
facet normal 0 0 1
outer loop
vertex 64.91311645507812 66.67603302001953 -0.5
vertex 49.88053512573242 55.06891632080078 -0.5
vertex 66.047607421875 64.44960021972656 -0.5
endloop
endfacet
facet normal 0 0 1
outer loop
vertex -80.51005554199219 -44.57851791381836 -0.5
vertex -79.48348999023438 -64.5547103881836 -0.5
vertex -80.50994873046875 -43.651641845703125 -0.5
endloop
endfacet
facet normal 0 0 1
outer loop
vertex 61.385650634765625 -22.85946273803711 -0.5
vertex 61.385833740234375 -18.675188064575195 -0.5
vertex 59.885833740234375 -18.67512321472168 -0.5
endloop
endfacet
facet normal 0 0 1
outer loop
vertex 43.17023468017578 -73.2342300415039 -0.5
vertex 44.43407440185547 -73.82357025146484 -0.5
vertex 46.77023696899414 -74.27103424072266 -0.5
endloop
endfacet
facet normal 0 0 1
outer loop
vertex 59.885650634765625 -22.85939598083496 -0.5
vertex 61.385650634765625 -22.85946273803711 -0.5
vertex 59.885833740234375 -18.67512321472168 -0.5
endloop
endfacet
facet normal 0 0 1
outer loop
vertex 42.67023468017578 -72.30289459228516 -0.5
vertex 43.17023468017578 -73.2342300415039 -0.5
vertex 46.77023696899414 -71.60602569580078 -0.5
endloop
endfacet
facet normal 0 0 1
outer loop
vertex 59.884578704833984 -47.543670654296875 -0.5
vertex 59.884761810302734 -43.359397888183594 -0.5
vertex 58.84806442260742 26.228748321533203 -0.5
endloop
endfacet
facet normal 0 0 1
outer loop
vertex -82.01005554199219 -44.57835006713867 -0.5
vertex -80.51005554199219 -44.57851791381836 -0.5
vertex -82.00994873046875 -43.65147018432617 -0.5
endloop
endfacet
facet normal 0 0 1
outer loop
vertex 59.883689880371094 -68.04367065429688 -0.5
vertex 59.884578704833984 -47.543670654296875 -0.5
vertex 58.84806442260742 26.228748321533203 -0.5
endloop
endfacet
facet normal 0 0 1
outer loop
vertex -80.50994873046875 -43.651641845703125 -0.5
vertex -82.00994873046875 -43.65147018432617 -0.5
vertex -80.51005554199219 -44.57851791381836 -0.5
endloop
endfacet
facet normal 0 0 1
outer loop
vertex -80.50994873046875 -43.651641845703125 -0.5
vertex -79.48348999023438 -64.5547103881836 -0.5
vertex -80.50763702392578 -23.151639938354492 -0.5
endloop
endfacet
facet normal 0 0 1
outer loop
vertex -17.2122802734375 -65.35602569580078 -0.5
vertex -63.77218246459961 -65.35602569580078 -0.5
vertex -63.77218246459961 -66.35602569580078 -0.5
endloop
endfacet
facet normal 0 0 1
outer loop
vertex 44.43407440185547 -73.82357025146484 -0.5
vertex 45.78105163574219 -74.18448638916016 -0.5
vertex 46.77023696899414 -74.27103424072266 -0.5
endloop
endfacet
facet normal 0 0 1
outer loop
vertex 43.17023468017578 -73.2342300415039 -0.5
vertex 46.77023696899414 -74.27103424072266 -0.5
vertex 46.77023696899414 -71.60602569580078 -0.5
endloop
endfacet
facet normal 0 0 1
outer loop
vertex -64.08084106445312 -66.8179702758789 -0.5
vertex -65.27218627929688 -67.5435791015625 -0.5
vertex -8.394282341003418 -67.56072235107422 -0.5
endloop
endfacet
facet normal 0 0 1
outer loop
vertex -63.91862869262695 -66.70957946777344 -0.5
vertex -64.08084106445312 -66.8179702758789 -0.5
vertex -8.394282341003418 -67.56072235107422 -0.5
endloop
endfacet
facet normal 0 0 1
outer loop
vertex -63.810245513916016 -66.54737091064453 -0.5
vertex -63.91862869262695 -66.70957946777344 -0.5
vertex -8.394282341003418 -67.56072235107422 -0.5
endloop
endfacet
facet normal 0 0 1
outer loop
vertex -63.77218246459961 -66.35602569580078 -0.5
vertex -63.810245513916016 -66.54737091064453 -0.5
vertex -8.394282341003418 -67.56072235107422 -0.5
endloop
endfacet
facet normal 0 0 1
outer loop
vertex 59.883689880371094 -68.04367065429688 -0.5
vertex 58.84806442260742 26.228748321533203 -0.5
vertex 58.88057327270508 -62.29875183105469 -0.5
endloop
endfacet
facet normal 0 0 1
outer loop
vertex 61.384761810302734 -43.35946273803711 -0.5
vertex 59.884761810302734 -43.359397888183594 -0.5
vertex 61.384578704833984 -47.54373550415039 -0.5
endloop
endfacet
facet normal 0 0 1
outer loop
vertex 59.884578704833984 -47.543670654296875 -0.5
vertex 61.384578704833984 -47.54373550415039 -0.5
vertex 59.884761810302734 -43.359397888183594 -0.5
endloop
endfacet
facet normal 0 0 1
outer loop
vertex 47.57023620605469 -71.60602569580078 -0.5
vertex 47.57023620605469 -74.27103424072266 -0.5
vertex 48.55942153930664 -74.18448638916016 -0.5
endloop
endfacet
facet normal 0 0 1
outer loop
vertex 47.57023620605469 -71.60602569580078 -0.5
vertex 48.55942153930664 -74.18448638916016 -0.5
vertex 49.90639877319336 -73.82357025146484 -0.5
endloop
endfacet
facet normal 0 0 1
outer loop
vertex 47.57023620605469 -71.60602569580078 -0.5
vertex 49.90639877319336 -73.82357025146484 -0.5
vertex 51.17023468017578 -73.2342300415039 -0.5
endloop
endfacet
facet normal 0 0 1
outer loop
vertex 47.57023620605469 -71.60602569580078 -0.5
vertex 51.17023468017578 -73.2342300415039 -0.5
vertex 51.67023468017578 -72.30307006835938 -0.5
endloop
endfacet
facet normal 0 0 1
outer loop
vertex 52.86157989501953 -71.5679702758789 -0.5
vertex 47.57023620605469 -71.60602569580078 -0.5
vertex 51.67023468017578 -72.30307006835938 -0.5
endloop
endfacet
facet normal 0 0 1
outer loop
vertex 41.4788932800293 -69.64408874511719 -0.5
vertex 52.86157989501953 -69.64408874511719 -0.5
vertex 56.64749526977539 -64.76632690429688 -0.5
endloop
endfacet
facet normal 0 0 1
outer loop
vertex -37.63418960571289 45.081302642822266 -0.5
vertex -38.488704681396484 45.207210540771484 -0.5
vertex -38.61951446533203 42.71182632446289 -0.5
endloop
endfacet
facet normal 0 0 1
outer loop
vertex -37.63418960571289 45.081302642822266 -0.5
vertex -38.61951446533203 42.71182632446289 -0.5
vertex -38.115081787109375 42.62714767456055 -0.5
endloop
endfacet
facet normal 0 0 1
outer loop
vertex -35.481903076171875 44.0100212097168 -0.5
vertex -36.81924057006836 41.84011459350586 -0.5
vertex -36.51152801513672 41.43153381347656 -0.5
endloop
endfacet
facet normal 0 0 1
outer loop
vertex -35.481903076171875 44.0100212097168 -0.5
vertex -37.19849395751953 42.183326721191406 -0.5
vertex -36.81924057006836 41.84011459350586 -0.5
endloop
endfacet
facet normal 0 0 1
outer loop
vertex -35.481903076171875 44.0100212097168 -0.5
vertex -37.63566970825195 42.44884490966797 -0.5
vertex -37.19849395751953 42.183326721191406 -0.5
endloop
endfacet
facet normal 0 0 1
outer loop
vertex -36.11824035644531 44.463897705078125 -0.5
vertex -38.115081787109375 42.62714767456055 -0.5
vertex -37.63566970825195 42.44884490966797 -0.5
endloop
endfacet
facet normal 0 0 1
outer loop
vertex 58.795894622802734 -62.803184509277344 -0.5
vertex 59.883689880371094 -68.04367065429688 -0.5
vertex 58.88057327270508 -62.29875183105469 -0.5
endloop
endfacet
facet normal 0 0 1
outer loop
vertex -81.25716400146484 42.71297073364258 -0.5
vertex -81.64109802246094 41.942962646484375 -0.5
vertex -80.50038146972656 41.128997802734375 -0.5
endloop
endfacet
facet normal 0 0 1
outer loop
vertex -80.50038146972656 41.128997802734375 -0.5
vertex -79.50508880615234 40.21169662475586 -0.5
vertex -81.25716400146484 42.71297073364258 -0.5
endloop
endfacet
facet normal 0 0 1
outer loop
vertex -79.42041015625 40.716129302978516 -0.5
vertex -81.25716400146484 42.71297073364258 -0.5
vertex -79.50508880615234 40.21169662475586 -0.5
endloop
endfacet
facet normal 0 0 1
outer loop
vertex -80.50763702392578 -23.151639938354492 -0.5
vertex -79.48348999023438 -64.5547103881836 -0.5
vertex -80.50753021240234 -22.224761962890625 -0.5
endloop
endfacet
facet normal 0 0 1
outer loop
vertex 58.795894622802734 -62.803184509277344 -0.5
vertex 58.61759567260742 -63.282596588134766 -0.5
vertex 59.883689880371094 -68.04367065429688 -0.5
endloop
endfacet
facet normal 0 0 1
outer loop
vertex 58.61759567260742 -63.282596588134766 -0.5
vertex 58.352073669433594 -63.71977233886719 -0.5
vertex 59.883689880371094 -68.04367065429688 -0.5
endloop
endfacet
facet normal 0 0 1
outer loop
vertex 58.352073669433594 -63.71977233886719 -0.5
vertex 58.00886154174805 -64.0990219116211 -0.5
vertex 59.883689880371094 -68.04367065429688 -0.5
endloop
endfacet
facet normal 0 0 1
outer loop
vertex -80.50753021240234 -22.224761962890625 -0.5
vertex -79.48348999023438 -64.5547103881836 -0.5
vertex -80.50521850585938 -1.7247612476348877 -0.5
endloop
endfacet
facet normal 0 0 1
outer loop
vertex 51.17023468017578 -73.2342300415039 -0.5
vertex 51.67023468017578 -72.88412475585938 -0.5
vertex 51.67023468017578 -72.30307006835938 -0.5
endloop
endfacet
facet normal 0 0 1
outer loop
vertex -79.42041015625 40.716129302978516 -0.5
vertex -79.24211120605469 41.19554138183594 -0.5
vertex -81.25716400146484 42.71297073364258 -0.5
endloop
endfacet
facet normal 0 0 1
outer loop
vertex 62.51344299316406 31.348011016845703 -0.5
vertex 78.45551300048828 43.492794036865234 -0.5
vertex 61.45231628417969 33.63834762573242 -0.5
endloop
endfacet
facet normal 0 0 1
outer loop
vertex -33.925235748291016 37.96802520751953 -0.5
vertex -31.23609733581543 40.47406005859375 -0.5
vertex -31.303468704223633 40.47995376586914 -0.5
endloop
endfacet
facet normal 0 0 1
outer loop
vertex 78.45551300048828 43.492794036865234 -0.5
vertex 62.51344299316406 31.348011016845703 -0.5
vertex 79.30998229980469 41.05352020263672 -0.5
endloop
endfacet
facet normal 0 0 1
outer loop
vertex -32.84132766723633 40.95896911621094 -0.5
vertex -33.224422454833984 41.22130584716797 -0.5
vertex -33.925235748291016 37.96802520751953 -0.5
endloop
endfacet
facet normal 0 0 1
outer loop
vertex -33.224422454833984 41.22130584716797 -0.5
vertex -33.284603118896484 41.26951217651367 -0.5
vertex -33.925235748291016 37.96802520751953 -0.5
endloop
endfacet
facet normal 0 0 1
outer loop
vertex -33.925235748291016 37.96802520751953 -0.5
vertex -31.303468704223633 40.47995376586914 -0.5
vertex -31.76350975036621 40.54275131225586 -0.5
endloop
endfacet
facet normal 0 0 1
outer loop
vertex -33.925235748291016 37.96802520751953 -0.5
vertex -31.76350975036621 40.54275131225586 -0.5
vertex -31.838834762573242 40.55944061279297 -0.5
endloop
endfacet
facet normal 0 0 1
outer loop
vertex -33.925235748291016 37.96802520751953 -0.5
vertex -31.838834762573242 40.55944061279297 -0.5
vertex -32.28416061401367 40.69084930419922 -0.5
endloop
endfacet
facet normal 0 0 1
outer loop
vertex -33.925235748291016 37.96802520751953 -0.5
vertex -32.28416061401367 40.69084930419922 -0.5
vertex -32.355552673339844 40.72039031982422 -0.5
endloop
endfacet
facet normal 0 0 1
outer loop
vertex 52.86157989501953 -71.5679702758789 -0.5
vertex 51.67023468017578 -72.30307006835938 -0.5
vertex 56.32670211791992 -72.30316162109375 -0.5
endloop
endfacet
facet normal 0 0 1
outer loop
vertex 53.02378845214844 -71.45957946777344 -0.5
vertex 52.86157989501953 -71.5679702758789 -0.5
vertex 56.32670211791992 -72.30316162109375 -0.5
endloop
endfacet
facet normal 0 0 1
outer loop
vertex 53.13217544555664 -71.29737091064453 -0.5
vertex 53.02378845214844 -71.45957946777344 -0.5
vertex 56.32670211791992 -72.30316162109375 -0.5
endloop
endfacet
facet normal 0 0 1
outer loop
vertex 53.17023468017578 -71.10602569580078 -0.5
vertex 53.13217544555664 -71.29737091064453 -0.5
vertex 56.32670211791992 -72.30316162109375 -0.5
endloop
endfacet
facet normal 0 0 1
outer loop
vertex 53.17023468017578 -70.10602569580078 -0.5
vertex 53.17023468017578 -71.10602569580078 -0.5
vertex 56.32670211791992 -72.30316162109375 -0.5
endloop
endfacet
facet normal 0 0 1
outer loop
vertex 53.13217544555664 -69.91468811035156 -0.5
vertex 53.17023468017578 -70.10602569580078 -0.5
vertex 56.64749526977539 -64.76632690429688 -0.5
endloop
endfacet
facet normal 0 0 1
outer loop
vertex 52.86157989501953 -69.64408874511719 -0.5
vertex 53.02378845214844 -69.75247192382812 -0.5
vertex 56.64749526977539 -64.76632690429688 -0.5
endloop
endfacet
facet normal 0 0 1
outer loop
vertex -32.7745361328125 40.920467376708984 -0.5
vertex -33.925235748291016 37.96802520751953 -0.5
vertex -32.355552673339844 40.72039031982422 -0.5
endloop
endfacet
facet normal 0 0 1
outer loop
vertex -32.7745361328125 40.920467376708984 -0.5
vertex -32.84132766723633 40.95896911621094 -0.5
vertex -33.925235748291016 37.96802520751953 -0.5
endloop
endfacet
facet normal 0 0 1
outer loop
vertex -33.925235748291016 37.96802520751953 -0.5
vertex -33.674827575683594 41.64463806152344 -0.5
vertex -33.959686279296875 42.01129150390625 -0.5
endloop
endfacet
facet normal 0 0 1
outer loop
vertex -33.999755859375 42.06914520263672 -0.5
vertex -34.39934158325195 42.767555236816406 -0.5
vertex -33.925235748291016 37.96802520751953 -0.5
endloop
endfacet
facet normal 0 0 1
outer loop
vertex -33.999755859375 42.06914520263672 -0.5
vertex -33.925235748291016 37.96802520751953 -0.5
vertex -33.959686279296875 42.01129150390625 -0.5
endloop
endfacet
facet normal 0 0 1
outer loop
vertex -33.284603118896484 41.26951217651367 -0.5
vertex -33.623779296875 41.58659744262695 -0.5
vertex -33.925235748291016 37.96802520751953 -0.5
endloop
endfacet
facet normal 0 0 1
outer loop
vertex -33.925235748291016 37.96802520751953 -0.5
vertex -33.623779296875 41.58659744262695 -0.5
vertex -33.674827575683594 41.64463806152344 -0.5
endloop
endfacet
facet normal 0 0 1
outer loop
vertex -33.925235748291016 37.96802520751953 -0.5
vertex -35.481903076171875 44.0100212097168 -0.5
vertex -36.286399841308594 40.972251892089844 -0.5
endloop
endfacet
facet normal 0 0 1
outer loop
vertex 78.45551300048828 43.492794036865234 -0.5
vertex 79.30998229980469 41.05352020263672 -0.5
vertex 79.6565933227539 41.27239227294922 -0.5
endloop
endfacet
facet normal 0 0 1
outer loop
vertex 79.6565933227539 41.27239227294922 -0.5
vertex 78.81566619873047 43.85599899291992 -0.5
vertex 78.45551300048828 43.492794036865234 -0.5
endloop
endfacet
facet normal 0 0 1
outer loop
vertex 79.6565933227539 41.27239227294922 -0.5
vertex 80.33274841308594 41.822532653808594 -0.5
vertex 78.81566619873047 43.85599899291992 -0.5
endloop
endfacet
facet normal 0 0 1
outer loop
vertex 80.33274841308594 41.822532653808594 -0.5
vertex 79.10084533691406 44.280609130859375 -0.5
vertex 78.81566619873047 43.85599899291992 -0.5
endloop
endfacet
facet normal 0 0 1
outer loop
vertex -33.925235748291016 37.96802520751953 -0.5
vertex -36.286399841308594 40.972251892089844 -0.5
vertex -36.15193557739258 40.4787483215332 -0.5
endloop
endfacet
facet normal 0 0 1
outer loop
vertex -36.15193557739258 40.4787483215332 -0.5
vertex -36.112239837646484 37.968971252441406 -0.5
vertex -33.925235748291016 37.96802520751953 -0.5
endloop
endfacet
facet normal 0 0 1
outer loop
vertex -79.24211120605469 41.19554138183594 -0.5
vertex -80.80329132080078 43.349308013916016 -0.5
vertex -81.25716400146484 42.71297073364258 -0.5
endloop
endfacet
facet normal 0 0 1
outer loop
vertex -79.24211120605469 41.19554138183594 -0.5
vertex -78.97659301757812 41.63271713256836 -0.5
vertex -80.80329132080078 43.349308013916016 -0.5
endloop
endfacet
facet normal 0 0 1
outer loop
vertex -78.97659301757812 41.63271713256836 -0.5
vertex -78.63338470458984 42.01197052001953 -0.5
vertex -80.80329132080078 43.349308013916016 -0.5
endloop
endfacet
facet normal 0 0 1
outer loop
vertex -80.80329132080078 43.349308013916016 -0.5
vertex -78.63338470458984 42.01197052001953 -0.5
vertex -80.19892120361328 43.96173095703125 -0.5
endloop
endfacet
facet normal 0 0 1
outer loop
vertex -78.63338470458984 42.01197052001953 -0.5
vertex -78.22480010986328 42.31968307495117 -0.5
vertex -79.56965637207031 44.42536163330078 -0.5
endloop
endfacet
facet normal 0 0 1
outer loop
vertex -78.22480010986328 42.31968307495117 -0.5
vertex -77.76551818847656 42.5448112487793 -0.5
vertex -78.80480194091797 44.819461822509766 -0.5
endloop
endfacet
facet normal 0 0 1
outer loop
vertex -78.63338470458984 42.01197052001953 -0.5
vertex -79.56965637207031 44.42536163330078 -0.5
vertex -80.19892120361328 43.96173095703125 -0.5
endloop
endfacet
facet normal 0 0 1
outer loop
vertex 80.33274841308594 41.822532653808594 -0.5
vertex 80.85305786132812 42.405757904052734 -0.5
vertex 79.10084533691406 44.280609130859375 -0.5
endloop
endfacet
facet normal 0 0 1
outer loop
vertex 80.85305786132812 42.405757904052734 -0.5
vertex 81.3183822631836 43.129493713378906 -0.5
vertex 79.10084533691406 44.280609130859375 -0.5
endloop
endfacet
facet normal 0 0 1
outer loop
vertex -78.22480010986328 42.31968307495117 -0.5
vertex -78.80480194091797 44.819461822509766 -0.5
vertex -79.56965637207031 44.42536163330078 -0.5
endloop
endfacet
facet normal 0 0 1
outer loop
vertex -77.76551818847656 42.5448112487793 -0.5
vertex -78.06258392333984 45.064388275146484 -0.5
vertex -78.80480194091797 44.819461822509766 -0.5
endloop
endfacet
facet normal 0 0 1
outer loop
vertex -77.76551818847656 42.5448112487793 -0.5
vertex -77.27201080322266 42.67927551269531 -0.5
vertex -77.20194244384766 45.202735900878906 -0.5
endloop
endfacet
facet normal 0 0 1
outer loop
vertex -77.76551818847656 42.5448112487793 -0.5
vertex -77.20194244384766 45.202735900878906 -0.5
vertex -78.06258392333984 45.064388275146484 -0.5
endloop
endfacet
facet normal 0 0 1
outer loop
vertex -77.27201080322266 42.67927551269531 -0.5
vertex -76.79249572753906 45.21896743774414 -0.5
vertex -77.20194244384766 45.202735900878906 -0.5
endloop
endfacet
facet normal 0 0 1
outer loop
vertex 79.30082702636719 44.75138854980469 -0.5
vertex 79.10084533691406 44.280609130859375 -0.5
vertex 81.63151550292969 43.845645904541016 -0.5
endloop
endfacet
facet normal 0 0 1
outer loop
vertex 79.10084533691406 44.280609130859375 -0.5
vertex 81.3183822631836 43.129493713378906 -0.5
vertex 81.63151550292969 43.845645904541016 -0.5
endloop
endfacet
facet normal 0 0 1
outer loop
vertex 79.4084243774414 45.25143814086914 -0.5
vertex 79.30082702636719 44.75138854980469 -0.5
vertex 81.63151550292969 43.845645904541016 -0.5
endloop
endfacet
facet normal 0 0 1
outer loop
vertex 79.4197769165039 45.7628059387207 -0.5
vertex 79.4084243774414 45.25143814086914 -0.5
vertex 81.923583984375 45.45623016357422 -0.5
endloop
endfacet
facet normal 0 0 1
outer loop
vertex 79.4084243774414 45.25143814086914 -0.5
vertex 81.63151550292969 43.845645904541016 -0.5
vertex 81.84869384765625 44.67820358276367 -0.5
endloop
endfacet
facet normal 0 0 1
outer loop
vertex 79.4084243774414 45.25143814086914 -0.5
vertex 81.84869384765625 44.67820358276367 -0.5
vertex 81.923583984375 45.45623016357422 -0.5
endloop
endfacet
facet normal 0 0 1
outer loop
vertex 53.02378845214844 -69.75247192382812 -0.5
vertex 53.13217544555664 -69.91468811035156 -0.5
vertex 56.64749526977539 -64.76632690429688 -0.5
endloop
endfacet
facet normal 0 0 1
outer loop
vertex 59.883689880371094 -68.04367065429688 -0.5
vertex 57.600284576416016 -64.40673828125 -0.5
vertex 60.54364013671875 -69.94306945800781 -0.5
endloop
endfacet
facet normal 0 0 1
outer loop
vertex 53.17023468017578 -70.10602569580078 -0.5
vertex 56.32670211791992 -72.30316162109375 -0.5
vertex 56.64749526977539 -64.76632690429688 -0.5
endloop
endfacet
facet normal 0 0 1
outer loop
vertex 61.22358322143555 -68.39556884765625 -0.5
vertex 61.29353332519531 -68.04373168945312 -0.5
vertex 59.883689880371094 -68.04367065429688 -0.5
endloop
endfacet
facet normal 0 0 1
outer loop
vertex 56.32670211791992 -72.30316162109375 -0.5
vertex 56.821327209472656 -72.2657241821289 -0.5
vertex 56.64749526977539 -64.76632690429688 -0.5
endloop
endfacet
facet normal 0 0 1
outer loop
vertex 61.053653717041016 -68.93510437011719 -0.5
vertex 61.22358322143555 -68.39556884765625 -0.5
vertex 59.883689880371094 -68.04367065429688 -0.5
endloop
endfacet
facet normal 0 0 1
outer loop
vertex -82.00763702392578 -23.151472091674805 -0.5
vertex -80.50763702392578 -23.151639938354492 -0.5
vertex -82.00753021240234 -22.224592208862305 -0.5
endloop
endfacet
facet normal 0 0 1
outer loop
vertex 60.826107025146484 -69.45298767089844 -0.5
vertex 61.053653717041016 -68.93510437011719 -0.5
vertex 59.883689880371094 -68.04367065429688 -0.5
endloop
endfacet
facet normal 0 0 1
outer loop
vertex 60.54364013671875 -69.94306945800781 -0.5
vertex 57.14099884033203 -64.63186645507812 -0.5
vertex 60.209590911865234 -70.39956665039062 -0.5
endloop
endfacet
facet normal 0 0 1
outer loop
vertex -80.50753021240234 -22.224761962890625 -0.5
vertex -82.00753021240234 -22.224592208862305 -0.5
vertex -80.50763702392578 -23.151639938354492 -0.5
endloop
endfacet
facet normal 0 0 1
outer loop
vertex 80.30039978027344 46.75372314453125 -0.5
vertex 79.33447265625 46.26713562011719 -0.5
vertex 79.4197769165039 45.7628059387207 -0.5
endloop
endfacet
facet normal 0 0 1
outer loop
vertex 80.30039978027344 46.75372314453125 -0.5
vertex 79.15558624267578 46.7463264465332 -0.5
vertex 79.33447265625 46.26713562011719 -0.5
endloop
endfacet
facet normal 0 0 1
outer loop
vertex -80.50521850585938 -1.7247612476348877 -0.5
vertex -79.48348999023438 -64.5547103881836 -0.5
vertex -80.50511169433594 -0.7978818416595459 -0.5
endloop
endfacet
facet normal 0 0 1
outer loop
vertex -77.27201080322266 42.67927551269531 -0.5
vertex -38.488704681396484 45.207210540771484 -0.5
vertex -76.79249572753906 45.21896743774414 -0.5
endloop
endfacet
facet normal 0 0 1
outer loop
vertex 60.54364013671875 -69.94306945800781 -0.5
vertex 60.826107025146484 -69.45298767089844 -0.5
vertex 59.883689880371094 -68.04367065429688 -0.5
endloop
endfacet
facet normal 0 0 1
outer loop
vertex -38.488704681396484 45.207210540771484 -0.5
vertex -77.27201080322266 42.67927551269531 -0.5
vertex -38.61951446533203 42.71182632446289 -0.5
endloop
endfacet
facet normal 0 0 1
outer loop
vertex -7.60894250869751 23.54397201538086 -0.5
vertex -11.900038719177246 23.54397201538086 -0.5
vertex -11.900038719177246 16.593971252441406 -0.5
endloop
endfacet
facet normal 0 0 1
outer loop
vertex -3.2500386238098145 19.5598087310791 -0.5
vertex -11.900038719177246 16.593971252441406 -0.5
vertex -3.492300510406494 16.593971252441406 -0.5
endloop
endfacet
facet normal 0 0 1
outer loop
vertex 59.883689880371094 -68.04367065429688 -0.5
vertex 58.00886154174805 -64.0990219116211 -0.5
vertex 57.600284576416016 -64.40673828125 -0.5
endloop
endfacet
facet normal 0 0 1
outer loop
vertex 80.30039978027344 46.75372314453125 -0.5
vertex 79.4197769165039 45.7628059387207 -0.5
vertex 81.923583984375 45.45623016357422 -0.5
endloop
endfacet
facet normal 0 0 1
outer loop
vertex 60.54364013671875 -69.94306945800781 -0.5
vertex 57.600284576416016 -64.40673828125 -0.5
vertex 57.14099884033203 -64.63186645507812 -0.5
endloop
endfacet
facet normal 0 0 1
outer loop
vertex -7.054474353790283 22.75210952758789 -0.5
vertex -7.60894250869751 23.54397201538086 -0.5
vertex -11.900038719177246 16.593971252441406 -0.5
endloop
endfacet
facet normal 0 0 1
outer loop
vertex 81.87106323242188 46.31504440307617 -0.5
vertex 80.30039978027344 46.75372314453125 -0.5
vertex 81.923583984375 45.45623016357422 -0.5
endloop
endfacet
facet normal 0 0 1
outer loop
vertex -7.054474353790283 22.75210952758789 -0.5
vertex -11.900038719177246 16.593971252441406 -0.5
vertex -5.291901588439941 20.98953628540039 -0.5
endloop
endfacet
facet normal 0 0 1
outer loop
vertex -11.900038719177246 16.593971252441406 -0.5
vertex -3.2500386238098145 19.5598087310791 -0.5
vertex -5.291901588439941 20.98953628540039 -0.5
endloop
endfacet
facet normal 0 0 1
outer loop
vertex 81.87106323242188 46.31504440307617 -0.5
vertex 81.70027160644531 47.07777786254883 -0.5
vertex 80.30039978027344 46.75372314453125 -0.5
endloop
endfacet
facet normal 0 0 1
outer loop
vertex 81.70027160644531 47.07777786254883 -0.5
vertex 81.54444885253906 47.470970153808594 -0.5
vertex 80.30039978027344 46.75372314453125 -0.5
endloop
endfacet
facet normal 0 0 1
outer loop
vertex 57.14099884033203 -64.63186645507812 -0.5
vertex 56.64749526977539 -64.76632690429688 -0.5
vertex 59.82792282104492 -70.81706237792969 -0.5
endloop
endfacet
facet normal 0 0 1
outer loop
vertex 57.14099884033203 -64.63186645507812 -0.5
vertex 59.82792282104492 -70.81706237792969 -0.5
vertex 60.209590911865234 -70.39956665039062 -0.5
endloop
endfacet
facet normal 0 0 1
outer loop
vertex 56.64749526977539 -64.76632690429688 -0.5
vertex 59.40314865112305 -71.19062042236328 -0.5
vertex 59.82792282104492 -70.81706237792969 -0.5
endloop
endfacet
facet normal 0 0 1
outer loop
vertex 56.64749526977539 -64.76632690429688 -0.5
vertex 58.940303802490234 -71.51580810546875 -0.5
vertex 59.40314865112305 -71.19062042236328 -0.5
endloop
endfacet
facet normal 0 0 1
outer loop
vertex 56.64749526977539 -64.76632690429688 -0.5
vertex 58.44486618041992 -71.78878021240234 -0.5
vertex 58.940303802490234 -71.51580810546875 -0.5
endloop
endfacet
facet normal 0 0 1
outer loop
vertex 56.64749526977539 -64.76632690429688 -0.5
vertex 57.922698974609375 -72.00630187988281 -0.5
vertex 58.44486618041992 -71.78878021240234 -0.5
endloop
endfacet
facet normal 0 0 1
outer loop
vertex -79.48348999023438 -64.5547103881836 -0.5
vertex -80.50279998779297 19.702117919921875 -0.5
vertex -80.50511169433594 -0.7978818416595459 -0.5
endloop
endfacet
facet normal 0 0 1
outer loop
vertex 56.64749526977539 -64.76632690429688 -0.5
vertex 57.37998962402344 -72.16580963134766 -0.5
vertex 57.922698974609375 -72.00630187988281 -0.5
endloop
endfacet
facet normal 0 0 1
outer loop
vertex 56.64749526977539 -64.76632690429688 -0.5
vertex 56.821327209472656 -72.2657241821289 -0.5
vertex 57.37998962402344 -72.16580963134766 -0.5
endloop
endfacet
facet normal 0 0 1
outer loop
vertex -69.37218475341797 -66.85602569580078 -0.5
vertex -67.03602600097656 -69.07357025146484 -0.5
vertex -65.77218627929688 -68.4842300415039 -0.5
endloop
endfacet
facet normal 0.00004329215163348409 0.9999999990628948 0
outer loop
vertex 59.883689880371094 -68.04367065429688 -0.5
vertex 61.29353332519531 -68.04373168945312 -0.5
vertex 59.883689880371094 -68.04367065429688 -1
endloop
endfacet
facet normal -0.00004323323563653963 -0.9999999990622098 0.000002543131508031743
outer loop
vertex 59.884578704833984 -47.543670654296875 -0.5
vertex 61.884578704833984 -47.543758392333984 -1
vertex 61.384578704833984 -47.54373550415039 -0.5
endloop
endfacet
facet normal -0.00004386901851247474 -0.9999999990377546 0
outer loop
vertex 61.884578704833984 -47.543758392333984 -1
vertex 59.884578704833984 -47.543670654296875 -0.5
vertex 59.884578704833984 -47.543670654296875 -1
endloop
endfacet
facet normal 0.9999999990600725 -0.000043357290831960706 0
outer loop
vertex 59.883689880371094 -68.04367065429688 -0.5
vertex 59.884578704833984 -47.543670654296875 -1
vertex 59.884578704833984 -47.543670654296875 -0.5
endloop
endfacet
facet normal 0 0 1
outer loop
vertex 61.8296012878418 -67.91154479980469 -1
vertex 61.88372039794922 -67.29375457763672 -1
vertex 59.883689880371094 -68.04367065429688 -1
endloop
endfacet
facet normal 0 0 1
outer loop
vertex 61.8296012878418 -67.91154479980469 -1
vertex 59.883689880371094 -68.04367065429688 -1
vertex 61.803314208984375 -68.04375457763672 -1
endloop
endfacet
facet normal 0 0 1
outer loop
vertex 59.884578704833984 -47.543670654296875 -1
vertex 59.883689880371094 -68.04367065429688 -1
vertex 61.884578704833984 -47.543758392333984 -1
endloop
endfacet
facet normal 0.9999999990600725 -0.000043357290831960706 0
outer loop
vertex 59.883689880371094 -68.04367065429688 -0.5
vertex 59.883689880371094 -68.04367065429688 -1
vertex 59.884578704833984 -47.543670654296875 -1
endloop
endfacet
facet normal 0.00004371862687534943 0.9999999990436178 -0.000001202526650600508
outer loop
vertex 61.803314208984375 -68.04375457763672 -1
vertex 59.883689880371094 -68.04367065429688 -1
vertex 61.29353332519531 -68.04373168945312 -0.5
endloop
endfacet
facet normal 0 0 1
outer loop
vertex 59.883689880371094 -68.04367065429688 -1
vertex 61.88372039794922 -67.29375457763672 -1
vertex 61.884578704833984 -47.543758392333984 -1
endloop
endfacet
facet normal 0 0 1
outer loop
vertex 71.92829895019531 65.24291229248047 -1
vertex 70.06116485595703 64.5134506225586 -1
vertex 81.83340454101562 48.09896469116211 -1
endloop
endfacet
facet normal 0.4994751006401431 -0.8663282425504313 0
outer loop
vertex 70.06116485595703 64.5134506225586 -1
vertex 71.7361068725586 65.4791259765625 -1
vertex 70.06116485595703 64.5134506225586 -0.5
endloop
endfacet
facet normal 0.49947495009582393 -0.8663283293453602 -6.719374583563913e-7
outer loop
vertex 70.06116485595703 64.5134506225586 -0.5
vertex 71.7361068725586 65.4791259765625 -1
vertex 71.2973403930664 65.22615814208984 -0.5
endloop
endfacet
facet normal 0 0 1
outer loop
vertex 70.06116485595703 64.5134506225586 -1
vertex 80.30039978027344 46.75372314453125 -1
vertex 81.83340454101562 48.09896469116211 -1
endloop
endfacet
facet normal -0.4994740755153051 0.8663288335724924 -0.000003009330107580072
outer loop
vertex 81.98225402832031 47.72338104248047 -1
vertex 80.30039978027344 46.75372314453125 -1
vertex 81.54444885253906 47.470970153808594 -0.5
endloop
endfacet
facet normal 0.8663283222809183 0.4994749623493947 0
outer loop
vertex 80.30039978027344 46.75372314453125 -0.5
vertex 70.06116485595703 64.5134506225586 -1
vertex 70.06116485595703 64.5134506225586 -0.5
endloop
endfacet
facet normal 0 0 1
outer loop
vertex 71.92829895019531 65.24291229248047 -1
vertex 71.7361068725586 65.4791259765625 -1
vertex 70.06116485595703 64.5134506225586 -1
endloop
endfacet
facet normal 0.8663283222809183 0.4994749623493947 0
outer loop
vertex 80.30039978027344 46.75372314453125 -0.5
vertex 80.30039978027344 46.75372314453125 -1
vertex 70.06116485595703 64.5134506225586 -1
endloop
endfacet
facet normal -0.4994749832700953 0.8663283102192482 0
outer loop
vertex 80.30039978027344 46.75372314453125 -0.5
vertex 81.54444885253906 47.470970153808594 -0.5
vertex 80.30039978027344 46.75372314453125 -1
endloop
endfacet
facet normal 0 0 1
outer loop
vertex 81.83340454101562 48.09896469116211 -1
vertex 80.30039978027344 46.75372314453125 -1
vertex 81.98225402832031 47.72338104248047 -1
endloop
endfacet
facet normal -0.00011299248114478011 -0.9999999936163496 0
outer loop
vertex -80.50038146972656 41.128997802734375 -0.5
vertex -81.88456726074219 41.129154205322266 -0.5
vertex -80.50038146972656 41.128997802734375 -1
endloop
endfacet
facet normal 0 0 1
outer loop
vertex -82.50269317626953 20.629222869873047 -1
vertex -80.50038146972656 41.128997802734375 -1
vertex -82.38996124267578 41.12921142578125 -1
endloop
endfacet
facet normal 0 0 1
outer loop
vertex -80.50038146972656 41.128997802734375 -1
vertex -82.50269317626953 20.629222869873047 -1
vertex -80.50269317626953 20.628997802734375 -1
endloop
endfacet
facet normal 0.00011253356862338595 0.9999999936680979 0
outer loop
vertex -82.50269317626953 20.629222869873047 -1
vertex -80.50269317626953 20.628997802734375 -0.5
vertex -80.50269317626953 20.628997802734375 -1
endloop
endfacet
facet normal -0.00011305320292268869 -0.9999999936094726 -1.6810044652369695e-7
outer loop
vertex -82.38996124267578 41.12921142578125 -1
vertex -80.50038146972656 41.128997802734375 -1
vertex -81.88456726074219 41.129154205322266 -0.5
endloop
endfacet
facet normal 0.00011189778575742897 0.999999993736209 0.0000025431314944870223
outer loop
vertex -80.50269317626953 20.628997802734375 -0.5
vertex -82.50269317626953 20.629222869873047 -1
vertex -82.00269317626953 20.629165649414062 -0.5
endloop
endfacet
facet normal -0.9999999936418952 0.00011276617211076475 0
outer loop
vertex -80.50269317626953 20.628997802734375 -0.5
vertex -80.50038146972656 41.128997802734375 -0.5
vertex -80.50269317626953 20.628997802734375 -1
endloop
endfacet
facet normal -0.9999999936418952 0.00011276617211076475 0
outer loop
vertex -80.50038146972656 41.128997802734375 -1
vertex -80.50269317626953 20.628997802734375 -1
vertex -80.50038146972656 41.128997802734375 -0.5
endloop
endfacet
facet normal 0 0 1
outer loop
vertex -82.5004653930664 40.37922286987305 -1
vertex -82.50269317626953 20.629222869873047 -1
vertex -82.38996124267578 41.12921142578125 -1
endloop
endfacet
facet normal 0 0 1
outer loop
vertex -82.51228332519531 -64.32829284667969 -1
vertex -82.49606323242188 -64.69300842285156 -1
vertex -80.51236724853516 -65.07852172851562 -1
endloop
endfacet
facet normal 0 0 1
outer loop
vertex -82.4332046508789 -65.07830047607422 -1
vertex -80.51236724853516 -65.07852172851562 -1
vertex -82.49606323242188 -64.69300842285156 -1
endloop
endfacet
facet normal 0.00011518540802492242 0.9999999933661609 0
outer loop
vertex -80.51236724853516 -65.07852172851562 -1
vertex -82.4332046508789 -65.07830047607422 -1
vertex -80.51236724853516 -65.07852172851562 -0.5
endloop
endfacet
facet normal -0.00505811274927838 0.9997896969779617 0.01987403613086975
outer loop
vertex -80.51236724853516 -65.07852172851562 -0.5
vertex -82.4332046508789 -65.07830047607422 -1
vertex -81.9253921508789 -65.0856704711914 -0.5
endloop
endfacet
facet normal 0 0 1
outer loop
vertex -80.51236724853516 -65.07852172851562 -1
vertex -82.51005554199219 -44.57829284667969 -1
vertex -82.51228332519531 -64.32829284667969 -1
endloop
endfacet
facet normal -0.9999999936418976 0.00011276615112692462 0
outer loop
vertex -80.51236724853516 -65.07852172851562 -1
vertex -80.51236724853516 -65.07852172851562 -0.5
vertex -80.51005554199219 -44.57851791381836 -0.5
endloop
endfacet
facet normal 0 0 1
outer loop
vertex -82.51005554199219 -44.57829284667969 -1
vertex -80.51236724853516 -65.07852172851562 -1
vertex -80.51005554199219 -44.57851791381836 -1
endloop
endfacet
facet normal -0.00011189778575779084 -0.9999999937394428 0
outer loop
vertex -80.51005554199219 -44.57851791381836 -0.5
vertex -82.01005554199219 -44.57835006713867 -0.5
vertex -80.51005554199219 -44.57851791381836 -1
endloop
endfacet
facet normal -0.9999999936418976 0.00011276615112692462 0
outer loop
vertex -80.51005554199219 -44.57851791381836 -1
vertex -80.51236724853516 -65.07852172851562 -1
vertex -80.51005554199219 -44.57851791381836 -0.5
endloop
endfacet
facet normal -0.00011253356862318126 -0.9999999936662789 -0.0000019073486207318857
outer loop
vertex -82.51005554199219 -44.57829284667969 -1
vertex -80.51005554199219 -44.57851791381836 -1
vertex -82.01005554199219 -44.57835006713867 -0.5
endloop
endfacet
facet normal 0 0 1
outer loop
vertex 61.886905670166016 6.009064674377441 -1
vertex 59.887794494628906 26.509151458740234 -1
vertex 59.886905670166016 6.009151458740234 -1
endloop
endfacet
facet normal 0 0 1
outer loop
vertex 61.82070541381836 26.50906753540039 -1
vertex 59.887794494628906 26.509151458740234 -1
vertex 61.887760162353516 25.759065628051758 -1
endloop
endfacet
facet normal 0.000043233235636679444 0.9999999990654437 0
outer loop
vertex 59.886905670166016 6.009151458740234 -0.5
vertex 61.386905670166016 6.009086608886719 -0.5
vertex 59.886905670166016 6.009151458740234 -1
endloop
endfacet
facet normal 0.9999999990600725 -0.000043357290831960706 0
outer loop
vertex 59.886905670166016 6.009151458740234 -0.5
vertex 59.887794494628906 26.509151458740234 -1
vertex 59.887794494628906 26.509151458740234 -0.5
endloop
endfacet
facet normal 0 0 1
outer loop
vertex 59.887794494628906 26.509151458740234 -1
vertex 61.886905670166016 6.009064674377441 -1
vertex 61.887760162353516 25.759065628051758 -1
endloop
endfacet
facet normal -0.00004398756613863027 -0.9999999990301239 -0.0000022014142711438626
outer loop
vertex 59.887794494628906 26.509151458740234 -0.5
vertex 61.82070541381836 26.50906753540039 -1
vertex 61.31871032714844 26.50908851623535 -0.5
endloop
endfacet
facet normal 0.000043392181355628276 0.9999999990584456 -4.768371577541569e-7
outer loop
vertex 59.886905670166016 6.009151458740234 -1
vertex 61.386905670166016 6.009086608886719 -0.5
vertex 61.886905670166016 6.009064674377441 -1
endloop
endfacet
facet normal -0.000043418110442378336 -0.9999999990574339 0
outer loop
vertex 59.887794494628906 26.509151458740234 -1
vertex 61.82070541381836 26.50906753540039 -1
vertex 59.887794494628906 26.509151458740234 -0.5
endloop
endfacet
facet normal 0.9999999990600725 -0.000043357290831960706 0
outer loop
vertex 59.886905670166016 6.009151458740234 -0.5
vertex 59.886905670166016 6.009151458740234 -1
vertex 59.887794494628906 26.509151458740234 -1
endloop
endfacet
facet normal -0.00004450480138807292 -0.9999999990064276 -0.0000025431315078898813
outer loop
vertex 61.385650634765625 -22.85946273803711 -0.5
vertex 59.885650634765625 -22.85939598083496 -0.5
vertex 61.885650634765625 -22.85948371887207 -1
endloop
endfacet
facet normal 0.00004196166988462702 0.9999999991123332 0.0000038146972622388198
outer loop
vertex 61.384761810302734 -43.35946273803711 -0.5
vertex 61.884761810302734 -43.35948181152344 -1
vertex 59.884761810302734 -43.359397888183594 -1
endloop
endfacet
facet normal 0.000043233235636679444 0.9999999990654437 0
outer loop
vertex 59.884761810302734 -43.359397888183594 -0.5
vertex 61.384761810302734 -43.35946273803711 -0.5
vertex 59.884761810302734 -43.359397888183594 -1
endloop
endfacet
facet normal 0 0 1
outer loop
vertex 59.884761810302734 -43.359397888183594 -1
vertex 61.884761810302734 -43.35948181152344 -1
vertex 59.885650634765625 -22.85939598083496 -1
endloop
endfacet
facet normal 0.9999999990600729 -0.0000433572867979382 0
outer loop
vertex 59.884761810302734 -43.359397888183594 -0.5
vertex 59.884761810302734 -43.359397888183594 -1
vertex 59.885650634765625 -22.85939598083496 -1
endloop
endfacet
facet normal 0 0 1
outer loop
vertex 61.884761810302734 -43.35948181152344 -1
vertex 61.885650634765625 -22.85948371887207 -1
vertex 59.885650634765625 -22.85939598083496 -1
endloop
endfacet
facet normal 0.9999999990600729 -0.0000433572867979382 0
outer loop
vertex 59.884761810302734 -43.359397888183594 -0.5
vertex 59.885650634765625 -22.85939598083496 -1
vertex 59.885650634765625 -22.85939598083496 -0.5
endloop
endfacet
facet normal -0.00004386901851247474 -0.9999999990377546 0
outer loop
vertex 59.885650634765625 -22.85939598083496 -1
vertex 61.885650634765625 -22.85948371887207 -1
vertex 59.885650634765625 -22.85939598083496 -0.5
endloop
endfacet
facet normal 0 0 1
outer loop
vertex 61.885833740234375 -18.675209045410156 -1
vertex 61.886722564697266 1.824790596961975 -1
vertex 59.886722564697266 1.824877381324768 -1
endloop
endfacet
facet normal 0.9999999990600728 -0.0000433572895713286 0
outer loop
vertex 59.885833740234375 -18.67512321472168 -1
vertex 59.886722564697266 1.824877381324768 -1
vertex 59.885833740234375 -18.67512321472168 -0.5
endloop
endfacet
facet normal 0 0 1
outer loop
vertex 59.885833740234375 -18.67512321472168 -1
vertex 61.885833740234375 -18.675209045410156 -1
vertex 59.886722564697266 1.824877381324768 -1
endloop
endfacet
facet normal 0.000043233235636679444 0.9999999990654437 0
outer loop
vertex 59.885833740234375 -18.67512321472168 -0.5
vertex 61.385833740234375 -18.675188064575195 -0.5
vertex 59.885833740234375 -18.67512321472168 -1
endloop
endfacet
facet normal 0.000042915344198742565 0.9999999990786819 9.536743155276126e-7
outer loop
vertex 59.885833740234375 -18.67512321472168 -1
vertex 61.385833740234375 -18.675188064575195 -0.5
vertex 61.885833740234375 -18.675209045410156 -1
endloop
endfacet
facet normal 0.9999999990600728 -0.0000433572895713286 0
outer loop
vertex 59.885833740234375 -18.67512321472168 -0.5
vertex 59.886722564697266 1.824877381324768 -1
vertex 59.886722564697266 1.824877381324768 -0.5
endloop
endfacet
facet normal -0.00004339218135563321 -0.9999999990585593 0
outer loop
vertex 59.886722564697266 1.824877381324768 -1
vertex 61.886722564697266 1.824790596961975 -1
vertex 59.886722564697266 1.824877381324768 -0.5
endloop
endfacet
facet normal -0.00004339218135563321 -0.9999999990585593 0
outer loop
vertex 59.886722564697266 1.824877381324768 -0.5
vertex 61.886722564697266 1.824790596961975 -1
vertex 61.386722564697266 1.8248122930526733 -0.5
endloop
endfacet
facet normal -0.00011253356862318126 -0.9999999936662789 0.0000019073486207318857
outer loop
vertex -82.00279998779297 19.702287673950195 -0.5
vertex -82.50279998779297 19.702342987060547 -1
vertex -80.50279998779297 19.702117919921875 -1
endloop
endfacet
facet normal 0.00011281172362704087 0.9999999936367566 -3.9736429597407845e-8
outer loop
vertex -80.50511169433594 -0.7978818416595459 -0.5
vertex -82.50511169433594 -0.797656238079071 -1
vertex -82.00511169433594 -0.7977126240730286 -0.5
endloop
endfacet
facet normal 0.00011280178951976802 0.9999999936378781 0
outer loop
vertex -80.50511169433594 -0.7978818416595459 -1
vertex -82.50511169433594 -0.797656238079071 -1
vertex -80.50511169433594 -0.7978818416595459 -0.5
endloop
endfacet
facet normal -0.9999999936418951 0.00011276617342225503 0
outer loop
vertex -80.50279998779297 19.702117919921875 -0.5
vertex -80.50279998779297 19.702117919921875 -1
vertex -80.50511169433594 -0.7978818416595459 -1
endloop
endfacet
facet normal -0.00011316935148884462 -0.999999993596349 0
outer loop
vertex -80.50279998779297 19.702117919921875 -0.5
vertex -82.00279998779297 19.702287673950195 -0.5
vertex -80.50279998779297 19.702117919921875 -1
endloop
endfacet
facet normal 0 0 1
outer loop
vertex -82.50511169433594 -0.797656238079071 -1
vertex -80.50511169433594 -0.7978818416595459 -1
vertex -82.50279998779297 19.702342987060547 -1
endloop
endfacet
facet normal 0 0 1
outer loop
vertex -82.50279998779297 19.702342987060547 -1
vertex -80.50511169433594 -0.7978818416595459 -1
vertex -80.50279998779297 19.702117919921875 -1
endloop
endfacet
facet normal -0.9999999936418951 0.00011276617342225503 0
outer loop
vertex -80.50511169433594 -0.7978818416595459 -0.5
vertex -80.50279998779297 19.702117919921875 -0.5
vertex -80.50511169433594 -0.7978818416595459 -1
endloop
endfacet
facet normal -0.0001128514600561324 -0.999999993632274 0
outer loop
vertex -80.50521850585938 -1.7247612476348877 -1
vertex -80.50521850585938 -1.7247612476348877 -0.5
vertex -82.00521850585938 -1.7245919704437256 -0.5
endloop
endfacet
facet normal -0.00011283159184158654 -0.9999999936345141 5.96046443959781e-8
outer loop
vertex -82.50521850585938 -1.724535584449768 -1
vertex -80.50521850585938 -1.7247612476348877 -1
vertex -82.00521850585938 -1.7245919704437256 -0.5
endloop
endfacet
facet normal 0.00011348724292152253 0.9999999935603228 0
outer loop
vertex -82.50753021240234 -22.22453498840332 -1
vertex -80.50753021240234 -22.224761962890625 -0.5
vertex -80.50753021240234 -22.224761962890625 -1
endloop
endfacet
facet normal 0.00011316935148875313 0.9999999935955404 0.000001271565747064642
outer loop
vertex -80.50753021240234 -22.224761962890625 -0.5
vertex -82.50753021240234 -22.22453498840332 -1
vertex -82.00753021240234 -22.224592208862305 -0.5
endloop
endfacet
facet normal 0 0 1
outer loop
vertex -82.50753021240234 -22.22453498840332 -1
vertex -80.50753021240234 -22.224761962890625 -1
vertex -82.50521850585938 -1.724535584449768 -1
endloop
endfacet
facet normal -0.9999999936418956 0.00011276616817629414 0
outer loop
vertex -80.50753021240234 -22.224761962890625 -1
vertex -80.50753021240234 -22.224761962890625 -0.5
vertex -80.50521850585938 -1.7247612476348877 -0.5
endloop
endfacet
facet normal 0 0 1
outer loop
vertex -82.50521850585938 -1.724535584449768 -1
vertex -80.50753021240234 -22.224761962890625 -1
vertex -80.50521850585938 -1.7247612476348877 -1
endloop
endfacet
facet normal -0.9999999936418956 0.00011276616817629414 0
outer loop
vertex -80.50521850585938 -1.7247612476348877 -0.5
vertex -80.50521850585938 -1.7247612476348877 -1
vertex -80.50753021240234 -22.224761962890625 -1
endloop
endfacet
facet normal 0.00011444091721934946 0.9999999934516381 0
outer loop
vertex -82.50994873046875 -43.65141296386719 -1
vertex -80.50994873046875 -43.651641845703125 -0.5
vertex -80.50994873046875 -43.651641845703125 -1
endloop
endfacet
facet normal 0.00011444091721934946 0.9999999934516381 0
outer loop
vertex -80.50994873046875 -43.651641845703125 -0.5
vertex -82.50994873046875 -43.65141296386719 -1
vertex -82.00994873046875 -43.65147018432617 -0.5
endloop
endfacet
facet normal 0 0 1
outer loop
vertex -82.50994873046875 -43.65141296386719 -1
vertex -80.50994873046875 -43.651641845703125 -1
vertex -82.50763702392578 -23.15141487121582 -1
endloop
endfacet
facet normal -0.9999999936418963 0.0001127661616188437 0
outer loop
vertex -80.50994873046875 -43.651641845703125 -1
vertex -80.50994873046875 -43.651641845703125 -0.5
vertex -80.50763702392578 -23.151639938354492 -0.5
endloop
endfacet
facet normal 0 0 1
outer loop
vertex -82.50763702392578 -23.15141487121582 -1
vertex -80.50994873046875 -43.651641845703125 -1
vertex -80.50763702392578 -23.151639938354492 -1
endloop
endfacet
facet normal -0.9999999936418963 0.0001127661616188437 0
outer loop
vertex -80.50763702392578 -23.151639938354492 -0.5
vertex -80.50763702392578 -23.151639938354492 -1
vertex -80.50994873046875 -43.651641845703125 -1
endloop
endfacet
facet normal -0.00011253356862318126 -0.9999999936662789 -0.0000019073486207318857
outer loop
vertex -82.50763702392578 -23.15141487121582 -1
vertex -80.50763702392578 -23.151639938354492 -1
vertex -82.00763702392578 -23.151472091674805 -0.5
endloop
endfacet
facet normal -0.00011189778575779084 -0.9999999937394428 0
outer loop
vertex -80.50763702392578 -23.151639938354492 -0.5
vertex -82.00763702392578 -23.151472091674805 -0.5
vertex -80.50763702392578 -23.151639938354492 -1
endloop
endfacet
endsolid auto-kdk-case
